{
    "halut_layers": "{\"layer4.0.downsample.0\": [64, -1, 16, 0], \"layer4.0.conv2\": [64, -1, 16, 0], \"layer4.0.conv1\": [64, -1, 16, 0], \"layer3.1.conv2\": [64, -1, 16, 0], \"layer3.1.conv1\": [64, -1, 16, 0], \"layer3.0.downsample.0\": [64, -1, 16, 0], \"layer3.0.conv2\": [64, -1, 16, 0], \"layer3.0.conv1\": [64, -1, 16, 0], \"layer2.1.conv2\": [64, -1, 16, 0], \"layer2.1.conv1\": [64, -1, 16, 0], \"layer2.0.downsample.0\": [64, -1, 16, 0], \"layer2.0.conv2\": [64, -1, 16, 0], \"layer2.0.conv1\": [64, -1, 16, 0], \"layer1.1.conv2\": [64, -1, 16, 0], \"layer1.1.conv1\": [64, -1, 16, 0], \"layer1.0.conv2\": [64, -1, 16, 0], \"layer1.0.conv1\": [64, -1, 16, 0]}",
    "layer1.0.conv1.C": 64,
    "layer1.0.conv1.H_size": 11264,
    "layer1.0.conv1.K": 16,
    "layer1.0.conv1.L_size": 262144,
    "layer1.0.conv1.encoding_algorithm": 0,
    "layer1.0.conv1.learned_a_shape": [
        1,
        262052
    ],
    "layer1.0.conv1.learned_b_shape": [
        262052,
        64
    ],
    "layer1.0.conv1.learned_d": 262052,
    "layer1.0.conv1.learned_m": 64,
    "layer1.0.conv1.learned_n": 1,
    "layer1.0.conv1.mae": 0.22500293448766073,
    "layer1.0.conv1.mape": 0.10891570451259613,
    "layer1.0.conv1.mse": 0.11045932421684265,
    "layer1.0.conv1.rows": -1,
    "layer1.0.conv1.scaled_error": 0.011481994369626046,
    "layer1.0.conv1.scaled_shift": 6.25198861079601e-05,
    "layer1.0.conv1.stored_array_size": 32,
    "layer1.0.conv2.C": 64,
    "layer1.0.conv2.H_size": 11264,
    "layer1.0.conv2.K": 16,
    "layer1.0.conv2.L_size": 262144,
    "layer1.0.conv2.encoding_algorithm": 0,
    "layer1.0.conv2.learned_a_shape": [
        1,
        262052
    ],
    "layer1.0.conv2.learned_b_shape": [
        262052,
        64
    ],
    "layer1.0.conv2.learned_d": 262052,
    "layer1.0.conv2.learned_m": 64,
    "layer1.0.conv2.learned_n": 1,
    "layer1.0.conv2.mae": 0.219903986008962,
    "layer1.0.conv2.mape": 0.12008463441928227,
    "layer1.0.conv2.mse": 0.08714607000748316,
    "layer1.0.conv2.rows": -1,
    "layer1.0.conv2.scaled_error": 0.021925366466244062,
    "layer1.0.conv2.scaled_shift": 0.00014671486934530548,
    "layer1.0.conv2.stored_array_size": 32,
    "layer1.1.conv1.C": 64,
    "layer1.1.conv1.H_size": 11264,
    "layer1.1.conv1.K": 16,
    "layer1.1.conv1.L_size": 262144,
    "layer1.1.conv1.encoding_algorithm": 0,
    "layer1.1.conv1.learned_a_shape": [
        1,
        262052
    ],
    "layer1.1.conv1.learned_b_shape": [
        262052,
        64
    ],
    "layer1.1.conv1.learned_d": 262052,
    "layer1.1.conv1.learned_m": 64,
    "layer1.1.conv1.learned_n": 1,
    "layer1.1.conv1.mae": 0.3227580422560374,
    "layer1.1.conv1.mape": 0.1521810049891472,
    "layer1.1.conv1.mse": 0.19285003298123676,
    "layer1.1.conv1.rows": -1,
    "layer1.1.conv1.scaled_error": 0.017476145054896672,
    "layer1.1.conv1.scaled_shift": 0.0003539851463710268,
    "layer1.1.conv1.stored_array_size": 32,
    "layer1.1.conv2.C": 64,
    "layer1.1.conv2.H_size": 11264,
    "layer1.1.conv2.K": 16,
    "layer1.1.conv2.L_size": 262144,
    "layer1.1.conv2.encoding_algorithm": 0,
    "layer1.1.conv2.learned_a_shape": [
        1,
        262052
    ],
    "layer1.1.conv2.learned_b_shape": [
        262052,
        64
    ],
    "layer1.1.conv2.learned_d": 262052,
    "layer1.1.conv2.learned_m": 64,
    "layer1.1.conv2.learned_n": 1,
    "layer1.1.conv2.mae": 0.20060205012957255,
    "layer1.1.conv2.mape": 0.11216208891471227,
    "layer1.1.conv2.mse": 0.06874361206491789,
    "layer1.1.conv2.rows": -1,
    "layer1.1.conv2.scaled_error": 0.01904790553798278,
    "layer1.1.conv2.scaled_shift": 0.00010532888218488854,
    "layer1.1.conv2.stored_array_size": 32,
    "layer2.0.conv1.C": 64,
    "layer2.0.conv1.H_size": 11264,
    "layer2.0.conv1.K": 16,
    "layer2.0.conv1.L_size": 524288,
    "layer2.0.conv1.encoding_algorithm": 0,
    "layer2.0.conv1.learned_a_shape": [
        1,
        262052
    ],
    "layer2.0.conv1.learned_b_shape": [
        262052,
        128
    ],
    "layer2.0.conv1.learned_d": 262052,
    "layer2.0.conv1.learned_m": 128,
    "layer2.0.conv1.learned_n": 1,
    "layer2.0.conv1.mae": 0.3561475921869278,
    "layer2.0.conv1.mape": 0.16018961388667424,
    "layer2.0.conv1.mse": 0.21781791537602743,
    "layer2.0.conv1.rows": -1,
    "layer2.0.conv1.scaled_error": 0.026373938988645873,
    "layer2.0.conv1.scaled_shift": 0.00026489100474476194,
    "layer2.0.conv1.stored_array_size": 32,
    "layer2.0.conv2.C": 64,
    "layer2.0.conv2.H_size": 11264,
    "layer2.0.conv2.K": 16,
    "layer2.0.conv2.L_size": 524288,
    "layer2.0.conv2.encoding_algorithm": 0,
    "layer2.0.conv2.learned_a_shape": [
        1,
        262052
    ],
    "layer2.0.conv2.learned_b_shape": [
        262052,
        128
    ],
    "layer2.0.conv2.learned_d": 262052,
    "layer2.0.conv2.learned_m": 128,
    "layer2.0.conv2.learned_n": 1,
    "layer2.0.conv2.mae": 0.31790178134441377,
    "layer2.0.conv2.mape": 0.17288149681091308,
    "layer2.0.conv2.mse": 0.1679271737098694,
    "layer2.0.conv2.rows": -1,
    "layer2.0.conv2.scaled_error": 0.03568792536556721,
    "layer2.0.conv2.scaled_shift": 4.882155500527005e-05,
    "layer2.0.conv2.stored_array_size": 32,
    "layer2.0.downsample.0.C": 64,
    "layer2.0.downsample.0.H_size": 11264,
    "layer2.0.downsample.0.K": 16,
    "layer2.0.downsample.0.L_size": 524288,
    "layer2.0.downsample.0.encoding_algorithm": 0,
    "layer2.0.downsample.0.learned_a_shape": [
        1,
        262052
    ],
    "layer2.0.downsample.0.learned_b_shape": [
        262052,
        128
    ],
    "layer2.0.downsample.0.learned_d": 262052,
    "layer2.0.downsample.0.learned_m": 128,
    "layer2.0.downsample.0.learned_n": 1,
    "layer2.0.downsample.0.mae": 0.03757671553393205,
    "layer2.0.downsample.0.mape": 0.021479589382807415,
    "layer2.0.downsample.0.mse": 0.0026374292192359763,
    "layer2.0.downsample.0.rows": -1,
    "layer2.0.downsample.0.scaled_error": 0.0046038027281562486,
    "layer2.0.downsample.0.scaled_shift": -3.6671720163819068e-06,
    "layer2.0.downsample.0.stored_array_size": 32,
    "layer2.1.conv1.C": 64,
    "layer2.1.conv1.H_size": 11264,
    "layer2.1.conv1.K": 16,
    "layer2.1.conv1.L_size": 524288,
    "layer2.1.conv1.encoding_algorithm": 0,
    "layer2.1.conv1.learned_a_shape": [
        1,
        262052
    ],
    "layer2.1.conv1.learned_b_shape": [
        262052,
        128
    ],
    "layer2.1.conv1.learned_d": 262052,
    "layer2.1.conv1.learned_m": 128,
    "layer2.1.conv1.learned_n": 1,
    "layer2.1.conv1.mae": 0.5114676674683889,
    "layer2.1.conv1.mape": 0.23248519659042358,
    "layer2.1.conv1.mse": 0.43247240171432494,
    "layer2.1.conv1.rows": -1,
    "layer2.1.conv1.scaled_error": 0.04148074429432551,
    "layer2.1.conv1.scaled_shift": 0.00011105786456125012,
    "layer2.1.conv1.stored_array_size": 32,
    "layer2.1.conv2.C": 64,
    "layer2.1.conv2.H_size": 11264,
    "layer2.1.conv2.K": 16,
    "layer2.1.conv2.L_size": 524288,
    "layer2.1.conv2.encoding_algorithm": 0,
    "layer2.1.conv2.learned_a_shape": [
        1,
        262052
    ],
    "layer2.1.conv2.learned_b_shape": [
        262052,
        128
    ],
    "layer2.1.conv2.learned_d": 262052,
    "layer2.1.conv2.learned_m": 128,
    "layer2.1.conv2.learned_n": 1,
    "layer2.1.conv2.mae": 0.28746428254445394,
    "layer2.1.conv2.mape": 0.1697620136698087,
    "layer2.1.conv2.mse": 0.13297942801713944,
    "layer2.1.conv2.rows": -1,
    "layer2.1.conv2.scaled_error": 0.049615804078181586,
    "layer2.1.conv2.scaled_shift": -0.0003275382597853119,
    "layer2.1.conv2.stored_array_size": 32,
    "layer3.0.conv1.C": 64,
    "layer3.0.conv1.H_size": 11264,
    "layer3.0.conv1.K": 16,
    "layer3.0.conv1.L_size": 1048576,
    "layer3.0.conv1.encoding_algorithm": 0,
    "layer3.0.conv1.learned_a_shape": [
        1,
        262052
    ],
    "layer3.0.conv1.learned_b_shape": [
        262052,
        256
    ],