{
    "halut_layers": "{\"layer2.2.conv1\": 64}",
    "layer2.2.conv1.halut_learning_time": 376.2172946212813,
    "layer2.2.conv1.input_a_shape": [
        602112,
        512
    ],
    "layer2.2.conv1.input_b_shape": [
        512,
        128
    ],
    "top_1_accuracy": 0.8035799860954285,
    "top_5_accuracy": 0.9520799517631531,
    "total_time": 975.1261916430667
}