{
    "halut_layers": "{\"layer1.0.conv3\": 64}",
    "layer1.0.conv3.halut_learning_time": 647.7368710427545,
    "layer1.0.conv3.input_a_shape": [
        2408448,
        64
    ],
    "layer1.0.conv3.input_b_shape": [
        64,
        256
    ],
    "top_1_accuracy": 0.8077600002288818,
    "top_5_accuracy": 0.9538799524307251,
    "total_time": 9891.61063466873
}