{
    "halut_layers": "{\"layer4.2.conv3\": 64}",
    "layer4.2.conv3.halut_learning_time": 47.934033083263785,
    "layer4.2.conv3.input_a_shape": [
        37632,
        512
    ],
    "layer4.2.conv3.input_b_shape": [
        512,
        2048
    ],
    "top_1_accuracy": 0.7946400046348572,
    "top_5_accuracy": 0.946899950504303,
    "total_time": 338.7431088401936
}