{
    "halut_layers": "{\"layer2.2.conv3\": 32}",
    "layer2.2.conv3.halut_learning_time": 201.2696258900687,
    "layer2.2.conv3.input_a_shape": [
        602112,
        128
    ],
    "layer2.2.conv3.input_b_shape": [
        128,
        512
    ],
    "top_1_accuracy": 0.804099977016449,
    "top_5_accuracy": 0.9522799849510193,
    "total_time": 2139.8999237501994
}