{
    "halut_layers": "{\"layer1.1.conv1\": [64, -1, 16, 0], \"layer1.0.conv2\": [64, -1, 16, 0], \"layer1.0.conv1\": [64, -1, 16, 0]}",
    "layer1.0.conv1.C": 64,
    "layer1.0.conv1.H_size": 11264,
    "layer1.0.conv1.K": 16,
    "layer1.0.conv1.L_size": 262144,
    "layer1.0.conv1.encoding_algorithm": 0,
    "layer1.0.conv1.learned_a_shape": [
        1,
        261970
    ],
    "layer1.0.conv1.learned_b_shape": [
        261970,
        64
    ],
    "layer1.0.conv1.learned_d": 261970,
    "layer1.0.conv1.learned_m": 64,
    "layer1.0.conv1.learned_n": 1,
    "layer1.0.conv1.mae": 0.27346399712562564,
    "layer1.0.conv1.mape": 0.1272127474784851,
    "layer1.0.conv1.mse": 0.2047934166431427,
    "layer1.0.conv1.rows": -1,
    "layer1.0.conv1.scaled_error": 0.0161182434797287,
    "layer1.0.conv1.scaled_shift": 0.0009359554702416062,
    "layer1.0.conv1.stored_array_size": 32,
    "layer1.0.conv2.C": 64,
    "layer1.0.conv2.H_size": 11264,
    "layer1.0.conv2.K": 16,
    "layer1.0.conv2.L_size": 262144,
    "layer1.0.conv2.encoding_algorithm": 0,
    "layer1.0.conv2.learned_a_shape": [
        1,
        261970
    ],
    "layer1.0.conv2.learned_b_shape": [
        261970,
        64
    ],
    "layer1.0.conv2.learned_d": 261970,
    "layer1.0.conv2.learned_m": 64,
    "layer1.0.conv2.learned_n": 1,
    "layer1.0.conv2.mae": 0.24269798543453217,
    "layer1.0.conv2.mape": 0.13494003989696501,
    "layer1.0.conv2.mse": 0.12210366671085357,
    "layer1.0.conv2.rows": -1,
    "layer1.0.conv2.scaled_error": 0.02388962374329567,
    "layer1.0.conv2.scaled_shift": -1.7296025386895052e-05,
    "layer1.0.conv2.stored_array_size": 32,
    "layer1.1.conv1.C": 64,
    "layer1.1.conv1.H_size": 11264,
    "layer1.1.conv1.K": 16,
    "layer1.1.conv1.L_size": 262144,
    "layer1.1.conv1.encoding_algorithm": 0,
    "layer1.1.conv1.learned_a_shape": [
        1,
        261970
    ],
    "layer1.1.conv1.learned_b_shape": [
        261970,
        64
    ],
    "layer1.1.conv1.learned_d": 261970,
    "layer1.1.conv1.learned_m": 64,
    "layer1.1.conv1.learned_n": 1,
    "layer1.1.conv1.mae": 0.33015821332931516,
    "layer1.1.conv1.mape": 0.13865556528568268,
    "layer1.1.conv1.mse": 0.23016824774742126,
    "layer1.1.conv1.rows": -1,
    "layer1.1.conv1.scaled_error": 0.023868351513147354,
    "layer1.1.conv1.scaled_shift": 0.001689246614649892,
    "layer1.1.conv1.stored_array_size": 32,
    "top_1_accuracy": 91.08,
    "top_5_accuracy": 99.76
}