{
    "halut_layers": "{\"layer1.1.conv1\": [64, 2, 16]}",
    "layer1.1.conv1.C": 64,
    "layer1.1.conv1.H_size": 11264,
    "layer1.1.conv1.K": 16,
    "layer1.1.conv1.L_size": 262144,
    "layer1.1.conv1.learned_a_shape": [
        6272,
        256
    ],
    "layer1.1.conv1.learned_b_shape": [
        256,
        16
    ],
    "layer1.1.conv1.mae": 0.5073151222229004,
    "layer1.1.conv1.mape": 0.20198778205871581,
    "layer1.1.conv1.mse": 0.5358996140289307,
    "layer1.1.conv1.rows": 2,
    "layer1.1.conv1.scaled_error": 0.020048541004657746,
    "layer1.1.conv1.scaled_shift": -0.000616580904237926,
    "layer1.1.conv1.stored_array_size": 24,
    "top_1_accuracy": 0.8051599860191345,
    "top_5_accuracy": 0.9528200030326843,
    "total_time": 185.87452821061015
}