{
    "halut_layers": "{\"layer2.3.conv2\": [64, 2, 16]}",
    "layer2.3.conv2.C": 64,
    "layer2.3.conv2.H_size": 11264,
    "layer2.3.conv2.K": 16,
    "layer2.3.conv2.L_size": 524288,
    "layer2.3.conv2.learned_a_shape": [
        1568,
        1152
    ],
    "layer2.3.conv2.learned_b_shape": [
        1152,
        128
    ],
    "layer2.3.conv2.learned_d": 1152,
    "layer2.3.conv2.learned_m": 128,
    "layer2.3.conv2.learned_n": 1568,
    "layer2.3.conv2.mae": 1.255307502670288,
    "layer2.3.conv2.mape": 0.5122356685638427,
    "layer2.3.conv2.mse": 2.655928865966797,
    "layer2.3.conv2.rows": 2,
    "layer2.3.conv2.scaled_error": 0.036768639981746676,
    "layer2.3.conv2.scaled_shift": 0.00045604559010447703,
    "layer2.3.conv2.stored_array_size": 24,
    "top_1_accuracy": 0.7965399622917175,
    "top_5_accuracy": 0.948199987411499,
    "total_time": 142.33660807274282
}