{
    "halut_layers": "{\"layer4.0.conv2\": [16, 256, 16]}",
    "layer4.0.conv2.C": 16,
    "layer4.0.conv2.H_size": 2816,
    "layer4.0.conv2.K": 16,
    "layer4.0.conv2.L_size": 524288,
    "layer4.0.conv2.learned_a_shape": [
        12544,
        4608
    ],
    "layer4.0.conv2.learned_b_shape": [
        4608,
        512
    ],
    "layer4.0.conv2.learned_d": 4608,
    "layer4.0.conv2.learned_m": 512,
    "layer4.0.conv2.learned_n": 12544,
    "layer4.0.conv2.mae": 1.141055810546875,
    "layer4.0.conv2.mape": 0.463749008102417,
    "layer4.0.conv2.mse": 2.360379596862793,
    "layer4.0.conv2.rows": 256,
    "layer4.0.conv2.scaled_error": 0.07298911222457886,
    "layer4.0.conv2.scaled_shift": 0.010400817033201457,
    "layer4.0.conv2.stored_array_size": 24,
    "top_1_accuracy": 0.5864399671554565,
    "top_5_accuracy": 0.8352999687194824,
    "total_time": 104.01942836120725
}