{
    "halut_layers": "{\"layer3.4.conv1\": [32, 512, 16]}",
    "layer3.4.conv1.C": 32,
    "layer3.4.conv1.H_size": 5632,
    "layer3.4.conv1.K": 16,
    "layer3.4.conv1.L_size": 524288,
    "layer3.4.conv1.learned_a_shape": [
        100352,
        1024
    ],
    "layer3.4.conv1.learned_b_shape": [
        1024,
        16
    ],
    "layer3.4.conv1.mae": 0.9785628150939941,
    "layer3.4.conv1.mape": 0.38749744400024416,
    "layer3.4.conv1.mse": 1.658623561553955,
    "layer3.4.conv1.rows": 512,
    "layer3.4.conv1.scaled_error": 0.016907378578186034,
    "layer3.4.conv1.scaled_shift": 0.0012140692099160515,
    "layer3.4.conv1.stored_array_size": 24,
    "top_1_accuracy": 0.7918199896812439,
    "top_5_accuracy": 0.9455199837684631,
    "total_time": 119.47199980728328
}