{
    "halut_layers": "{\"layer2.2.conv3\": [16, 256, 16]}",
    "layer2.2.conv3.C": 16,
    "layer2.2.conv3.H_size": 2816,
    "layer2.2.conv3.K": 16,
    "layer2.2.conv3.L_size": 524288,
    "layer2.2.conv3.learned_a_shape": [
        200704,
        128
    ],
    "layer2.2.conv3.learned_b_shape": [
        128,
        16
    ],
    "layer2.2.conv3.mae": 0.2786964853668213,
    "layer2.2.conv3.mape": 0.1652675722694397,
    "layer2.2.conv3.mse": 0.15627203506469728,
    "layer2.2.conv3.rows": 256,
    "layer2.2.conv3.scaled_error": 0.02140687004327774,
    "layer2.2.conv3.scaled_shift": 0.0002895555423195765,
    "layer2.2.conv3.stored_array_size": 24,
    "top_1_accuracy": 0.7972399592399597,
    "top_5_accuracy": 0.9489599466323853,
    "total_time": 218.00753363780677
}