{
    "halut_layers": "{\"layer1.0.conv3\": [64, 16, 16]}",
    "layer1.0.conv3.C": 64,
    "layer1.0.conv3.H_size": 11264,
    "layer1.0.conv3.K": 16,
    "layer1.0.conv3.L_size": 1048576,
    "layer1.0.conv3.learned_a_shape": [
        50176,
        64
    ],
    "layer1.0.conv3.learned_b_shape": [
        64,
        16
    ],
    "layer1.0.conv3.mae": 0.09277923274993896,
    "layer1.0.conv3.mape": 0.02804645880460739,
    "layer1.0.conv3.mse": 0.017064580113887787,
    "layer1.0.conv3.rows": 16,
    "layer1.0.conv3.scaled_error": 0.004803687951564789,
    "layer1.0.conv3.scaled_shift": -0.00015506922743283212,
    "layer1.0.conv3.stored_array_size": 24,
    "top_1_accuracy": 0.8081799745559692,
    "top_5_accuracy": 0.953819990158081,
    "total_time": 387.9388186391443
}