{
    "halut_layers": "{\"layer1.0.conv1\": [64, 256, 16]}",
    "layer1.0.conv1.C": 64,
    "layer1.0.conv1.H_size": 11264,
    "layer1.0.conv1.K": 16,
    "layer1.0.conv1.L_size": 262144,
    "layer1.0.conv1.learned_a_shape": [
        802816,
        64
    ],
    "layer1.0.conv1.learned_b_shape": [
        64,
        16
    ],
    "layer1.0.conv1.mae": 0.3013559581756592,
    "layer1.0.conv1.mape": 0.043796215562820436,
    "layer1.0.conv1.mse": 0.1959517996788025,
    "layer1.0.conv1.rows": 256,
    "layer1.0.conv1.scaled_error": 0.002883115467727184,
    "layer1.0.conv1.scaled_shift": -0.0005689284767955541,
    "layer1.0.conv1.stored_array_size": 24,
    "top_1_accuracy": 0.8075599670410156,
    "top_5_accuracy": 0.9538399577140808,
    "total_time": 206.16503854468465
}