{
    "halut_layers": "{\"layer1.0.conv3\": [32, 16, 16]}",
    "layer1.0.conv3.C": 32,
    "layer1.0.conv3.H_size": 5632,
    "layer1.0.conv3.K": 16,
    "layer1.0.conv3.L_size": 524288,
    "layer1.0.conv3.learned_a_shape": [
        50176,
        64
    ],
    "layer1.0.conv3.learned_b_shape": [
        64,
        16
    ],
    "layer1.0.conv3.mae": 0.19344577823638917,
    "layer1.0.conv3.mape": 0.059881228294372556,
    "layer1.0.conv3.mse": 0.07312988376617431,
    "layer1.0.conv3.rows": 16,
    "layer1.0.conv3.scaled_error": 0.010015716315507888,
    "layer1.0.conv3.scaled_shift": -0.0001961611626239028,
    "layer1.0.conv3.stored_array_size": 24,
    "top_1_accuracy": 0.8045399785041809,
    "top_5_accuracy": 0.9531399607658386,
    "total_time": 352.783993832767
}