{
    "halut_layers": "{\"layer3.0.conv3\": [96, 8, 16]}",
    "layer3.0.conv3.C": 96,
    "layer3.0.conv3.H_size": 16896,
    "layer3.0.conv3.K": 16,
    "layer3.0.conv3.L_size": 6291456,
    "layer3.0.conv3.learned_a_shape": [
        1568,
        256
    ],
    "layer3.0.conv3.learned_b_shape": [
        256,
        1024
    ],
    "layer3.0.conv3.learned_d": 256,
    "layer3.0.conv3.learned_m": 1024,
    "layer3.0.conv3.learned_n": 1568,
    "layer3.0.conv3.mae": 0.4370208026885986,
    "layer3.0.conv3.mape": 0.2312519677734375,
    "layer3.0.conv3.mse": 0.3333141463470459,
    "layer3.0.conv3.rows": 8,
    "layer3.0.conv3.scaled_error": 0.03136622051477432,
    "layer3.0.conv3.scaled_shift": 0.0004801863779355335,
    "layer3.0.conv3.stored_array_size": 24,
    "top_1_accuracy": 0.7976399660110474,
    "top_5_accuracy": 0.948919951915741,
    "total_time": 191.9335235990584
}