{
    "halut_layers": "{\"layer1.2.conv3\": [32, 256, 16]}",
    "layer1.2.conv3.C": 32,
    "layer1.2.conv3.H_size": 5632,
    "layer1.2.conv3.K": 16,
    "layer1.2.conv3.L_size": 524288,
    "layer1.2.conv3.learned_a_shape": [
        802816,
        64
    ],
    "layer1.2.conv3.learned_b_shape": [
        64,
        16
    ],
    "layer1.2.conv3.mae": 0.1338490509223938,
    "layer1.2.conv3.mape": 0.0682646468925476,
    "layer1.2.conv3.mse": 0.04891081483364105,
    "layer1.2.conv3.rows": 256,
    "layer1.2.conv3.scaled_error": 0.006118015332818031,
    "layer1.2.conv3.scaled_shift": 6.36129545415929e-05,
    "layer1.2.conv3.stored_array_size": 24,
    "top_1_accuracy": 0.8067799806594849,
    "top_5_accuracy": 0.9531999826431274,
    "total_time": 339.8526421803981
}