{
    "halut_layers": "{\"layer2.2.conv1\": [64, 16, 16]}",
    "layer2.2.conv1.C": 64,
    "layer2.2.conv1.H_size": 11264,
    "layer2.2.conv1.K": 16,
    "layer2.2.conv1.L_size": 524288,
    "layer2.2.conv1.learned_a_shape": [
        12544,
        512
    ],
    "layer2.2.conv1.learned_b_shape": [
        512,
        16
    ],
    "layer2.2.conv1.mae": 0.862491435546875,
    "layer2.2.conv1.mape": 0.3387497512054443,
    "layer2.2.conv1.mse": 1.266244273071289,
    "layer2.2.conv1.rows": 16,
    "layer2.2.conv1.scaled_error": 0.015107712497711182,
    "layer2.2.conv1.scaled_shift": -1.0194318308549554e-06,
    "layer2.2.conv1.stored_array_size": 24,
    "top_1_accuracy": 0.8052399754524231,
    "top_5_accuracy": 0.9527799487113953,
    "total_time": 149.61565084382892
}