{
    "halut_layers": "{\"layer3.1.conv3\": [96, 64, 16]}",
    "layer3.1.conv3.C": 96,
    "layer3.1.conv3.H_size": 16896,
    "layer3.1.conv3.K": 16,
    "layer3.1.conv3.L_size": 6291456,
    "layer3.1.conv3.learned_a_shape": [
        12544,
        256
    ],
    "layer3.1.conv3.learned_b_shape": [
        256,
        1024
    ],
    "layer3.1.conv3.learned_d": 256,
    "layer3.1.conv3.learned_m": 1024,
    "layer3.1.conv3.learned_n": 12544,
    "layer3.1.conv3.mae": 0.14058341279983522,
    "layer3.1.conv3.mape": 0.09636928793907165,
    "layer3.1.conv3.mse": 0.0395549554181099,
    "layer3.1.conv3.rows": 64,
    "layer3.1.conv3.scaled_error": 0.008161535755991935,
    "layer3.1.conv3.scaled_shift": 0.0007057757631130517,
    "layer3.1.conv3.stored_array_size": 24,
    "top_1_accuracy": 0.8053399920463562,
    "top_5_accuracy": 0.9529999494552612,
    "total_time": 190.48863663338125
}