{
    "halut_layers": "{\"layer3.5.conv3\": [16, 8, 16]}",
    "layer3.5.conv3.C": 16,
    "layer3.5.conv3.H_size": 2816,
    "layer3.5.conv3.K": 16,
    "layer3.5.conv3.L_size": 1048576,
    "layer3.5.conv3.learned_a_shape": [
        1568,
        256
    ],
    "layer3.5.conv3.learned_b_shape": [
        256,
        16
    ],
    "layer3.5.conv3.mae": 0.3310074359512329,
    "layer3.5.conv3.mape": 0.2047675495147705,
    "layer3.5.conv3.mse": 0.2102889968109131,
    "layer3.5.conv3.rows": 8,
    "layer3.5.conv3.scaled_error": 0.03198617424964905,
    "layer3.5.conv3.scaled_shift": 0.006389919139817357,
    "layer3.5.conv3.stored_array_size": 24,
    "top_1_accuracy": 0.7838000059127808,
    "top_5_accuracy": 0.9419800043106079,
    "total_time": 153.97759714350104
}