{
    "halut_layers": "{\"layer4.1.conv1\": [32, 128, 16]}",
    "layer4.1.conv1.C": 32,
    "layer4.1.conv1.H_size": 5632,
    "layer4.1.conv1.K": 16,
    "layer4.1.conv1.L_size": 1048576,
    "layer4.1.conv1.learned_a_shape": [
        6272,
        2048
    ],
    "layer4.1.conv1.learned_b_shape": [
        2048,
        16
    ],
    "layer4.1.conv1.mae": 1.2696753421020508,
    "layer4.1.conv1.mape": 0.4525155890274048,
    "layer4.1.conv1.mse": 3.0433152963256838,
    "layer4.1.conv1.rows": 128,
    "layer4.1.conv1.scaled_error": 0.018435185132026674,
    "layer4.1.conv1.scaled_shift": 0.0033251118548214436,
    "layer4.1.conv1.stored_array_size": 24,
    "top_1_accuracy": 0.6597399711608887,
    "top_5_accuracy": 0.8551999926567078,
    "total_time": 107.35689418949187
}