{
    "halut_layers": "{\"layer4.0.conv3\": [64, 8, 16]}",
    "layer4.0.conv3.C": 64,
    "layer4.0.conv3.H_size": 11264,
    "layer4.0.conv3.K": 16,
    "layer4.0.conv3.L_size": 8388608,
    "layer4.0.conv3.learned_a_shape": [
        392,
        512
    ],
    "layer4.0.conv3.learned_b_shape": [
        512,
        16
    ],
    "layer4.0.conv3.mae": 0.5508325661849975,
    "layer4.0.conv3.mape": 0.3182243780517578,
    "layer4.0.conv3.mse": 0.5190469327545166,
    "layer4.0.conv3.rows": 8,
    "layer4.0.conv3.scaled_error": 0.04903061676025391,
    "layer4.0.conv3.scaled_shift": 0.009338397426605225,
    "layer4.0.conv3.stored_array_size": 24,
    "top_1_accuracy": 0.7024199962615967,
    "top_5_accuracy": 0.9050399661064148,
    "total_time": 128.36594022624195
}