{
    "halut_layers": "{\"layer3.0.conv1\": [16, 8, 16]}",
    "layer3.0.conv1.C": 16,
    "layer3.0.conv1.H_size": 2816,
    "layer3.0.conv1.K": 16,
    "layer3.0.conv1.L_size": 262144,
    "layer3.0.conv1.learned_a_shape": [
        6272,
        512
    ],
    "layer3.0.conv1.learned_b_shape": [
        512,
        16
    ],
    "layer3.0.conv1.mae": 1.4955905430603027,
    "layer3.0.conv1.mape": 0.518398885345459,
    "layer3.0.conv1.mse": 3.8234264935302735,
    "layer3.0.conv1.rows": 8,
    "layer3.0.conv1.scaled_error": 0.032066859850883485,
    "layer3.0.conv1.scaled_shift": 0.001131539503330132,
    "layer3.0.conv1.stored_array_size": 24,
    "top_1_accuracy": 0.5883600115776062,
    "top_5_accuracy": 0.8099199533462524,
    "total_time": 166.1531751397997
}