{
    "halut_layers": "{\"layer3.5.conv3\": [64, 64, 16]}",
    "layer3.5.conv3.C": 64,
    "layer3.5.conv3.H_size": 11264,
    "layer3.5.conv3.K": 16,
    "layer3.5.conv3.L_size": 4194304,
    "layer3.5.conv3.learned_a_shape": [
        12544,
        256
    ],
    "layer3.5.conv3.learned_b_shape": [
        256,
        16
    ],
    "layer3.5.conv3.mae": 0.1990622460746765,
    "layer3.5.conv3.mape": 0.1256408267688751,
    "layer3.5.conv3.mse": 0.08130694344043732,
    "layer3.5.conv3.rows": 64,
    "layer3.5.conv3.scaled_error": 0.019237473647594452,
    "layer3.5.conv3.scaled_shift": 0.0031894091783463956,
    "layer3.5.conv3.stored_array_size": 24,
    "top_1_accuracy": 0.8001599907875061,
    "top_5_accuracy": 0.950219988822937,
    "total_time": 161.4844956919551
}