{
    "halut_layers": "{\"layer3.5.conv1\": [16, 4, 16]}",
    "layer3.5.conv1.C": 16,
    "layer3.5.conv1.H_size": 2816,
    "layer3.5.conv1.K": 16,
    "layer3.5.conv1.L_size": 262144,
    "layer3.5.conv1.learned_a_shape": [
        784,
        1024
    ],
    "layer3.5.conv1.learned_b_shape": [
        1024,
        16
    ],
    "layer3.5.conv1.mae": 1.3708405654907228,
    "layer3.5.conv1.mape": 0.5143507808685303,
    "layer3.5.conv1.mse": 3.158944715576172,
    "layer3.5.conv1.rows": 4,
    "layer3.5.conv1.scaled_error": 0.04833030829429626,
    "layer3.5.conv1.scaled_shift": 0.010019283835291862,
    "layer3.5.conv1.stored_array_size": 24,
    "top_1_accuracy": 0.7803599834442139,
    "top_5_accuracy": 0.9398199915885925,
    "total_time": 114.90929059684277
}