{
    "halut_layers": "{\"layer2.2.conv2\": [16, 2, 16]}",
    "layer2.2.conv2.C": 16,
    "layer2.2.conv2.H_size": 2816,
    "layer2.2.conv2.K": 16,
    "layer2.2.conv2.L_size": 131072,
    "layer2.2.conv2.learned_a_shape": [
        1568,
        1152
    ],
    "layer2.2.conv2.learned_b_shape": [
        1152,
        128
    ],
    "layer2.2.conv2.learned_d": 1152,
    "layer2.2.conv2.learned_m": 128,
    "layer2.2.conv2.learned_n": 1568,
    "layer2.2.conv2.mae": 1.3830389054870607,
    "layer2.2.conv2.mape": 0.5168092774963379,
    "layer2.2.conv2.mse": 3.350552167663574,
    "layer2.2.conv2.rows": 2,
    "layer2.2.conv2.scaled_error": 0.04486598290205002,
    "layer2.2.conv2.scaled_shift": 0.0020804394609993324,
    "layer2.2.conv2.stored_array_size": 24,
    "top_1_accuracy": 0.783519983291626,
    "top_5_accuracy": 0.9432999491691589,
    "total_time": 138.99934002570808
}