{
    "halut_layers": "{\"layer1.2.conv1\": [64, 4, 16]}",
    "layer1.2.conv1.C": 64,
    "layer1.2.conv1.H_size": 11264,
    "layer1.2.conv1.K": 16,
    "layer1.2.conv1.L_size": 262144,
    "layer1.2.conv1.learned_a_shape": [
        12544,
        256
    ],
    "layer1.2.conv1.learned_b_shape": [
        256,
        16
    ],
    "layer1.2.conv1.mae": 0.5875215381622314,
    "layer1.2.conv1.mape": 0.23124136205673218,
    "layer1.2.conv1.mse": 0.6054713503265381,
    "layer1.2.conv1.rows": 4,
    "layer1.2.conv1.scaled_error": 0.028524859428405762,
    "layer1.2.conv1.scaled_shift": -0.001595491787493229,
    "layer1.2.conv1.stored_array_size": 24,
    "top_1_accuracy": 0.8061800003051758,
    "top_5_accuracy": 0.953279972076416,
    "total_time": 185.35771700367332
}