{
    "halut_layers": "{\"layer4.2.conv1\": [32, 4, 16]}",
    "layer4.2.conv1.C": 32,
    "layer4.2.conv1.H_size": 5632,
    "layer4.2.conv1.K": 16,
    "layer4.2.conv1.L_size": 1048576,
    "layer4.2.conv1.learned_a_shape": [
        196,
        2048
    ],
    "layer4.2.conv1.learned_b_shape": [
        2048,
        16
    ],
    "layer4.2.conv1.mae": 1.2442670072937012,
    "layer4.2.conv1.mape": 0.47068848381042483,
    "layer4.2.conv1.mse": 3.3144952548217774,
    "layer4.2.conv1.rows": 4,
    "layer4.2.conv1.scaled_error": 0.01294485802412033,
    "layer4.2.conv1.scaled_shift": 0.004052691247463226,
    "layer4.2.conv1.stored_array_size": 24,
    "top_1_accuracy": 0.7777599692344666,
    "top_5_accuracy": 0.9366199970245361,
    "total_time": 105.29809242673218
}