{
    "halut_layers": "{\"layer2.0.conv1\": [128, 2, 16]}",
    "layer2.0.conv1.C": 128,
    "layer2.0.conv1.H_size": 22528,
    "layer2.0.conv1.K": 16,
    "layer2.0.conv1.L_size": 1048576,
    "layer2.0.conv1.learned_a_shape": [
        6272,
        256
    ],
    "layer2.0.conv1.learned_b_shape": [
        256,
        128
    ],
    "layer2.0.conv1.mae": 0.5826085553741455,
    "layer2.0.conv1.mape": 0.21079212171554565,
    "layer2.0.conv1.mse": 0.6729204845428467,
    "layer2.0.conv1.rows": 2,
    "layer2.0.conv1.scaled_error": 0.014700408189296722,
    "layer2.0.conv1.scaled_shift": 0.0017411540691554545,
    "layer2.0.conv1.stored_array_size": 24,
    "top_1_accuracy": 0.8041200041770935,
    "top_5_accuracy": 0.9526399970054626,
    "total_time": 315.8632740788162
}