{
    "halut_layers": "{\"layer3.0.downsample.0\": [64, 1024, 16]}",
    "layer3.0.downsample.0.C": 64,
    "layer3.0.downsample.0.H_size": 11264,
    "layer3.0.downsample.0.K": 16,
    "layer3.0.downsample.0.L_size": 4194304,
    "layer3.0.downsample.0.learned_a_shape": [
        200704,
        512
    ],
    "layer3.0.downsample.0.learned_b_shape": [
        512,
        1024
    ],
    "layer3.0.downsample.0.learned_d": 512,
    "layer3.0.downsample.0.learned_m": 1024,
    "layer3.0.downsample.0.learned_n": 200704,
    "layer3.0.downsample.0.mae": 0.4347295634841919,
    "layer3.0.downsample.0.mape": 0.2191456784439087,
    "layer3.0.downsample.0.mse": 0.35738548789978025,
    "layer3.0.downsample.0.rows": 1024,
    "layer3.0.downsample.0.scaled_error": 0.008791677295565604,
    "layer3.0.downsample.0.scaled_shift": 0.0002024101245915517,
    "layer3.0.downsample.0.stored_array_size": 24,
    "top_1_accuracy": 0.8015199899673462,
    "top_5_accuracy": 0.950499951839447,
    "total_time": 144.15935990959406
}