{
    "halut_layers": "{\"layer2.0.conv2\": [32, 16, 16]}",
    "layer2.0.conv2.C": 32,
    "layer2.0.conv2.H_size": 5632,
    "layer2.0.conv2.K": 16,
    "layer2.0.conv2.L_size": 262144,
    "layer2.0.conv2.learned_a_shape": [
        12544,
        1152
    ],
    "layer2.0.conv2.learned_b_shape": [
        1152,
        128
    ],
    "layer2.0.conv2.learned_d": 1152,
    "layer2.0.conv2.learned_m": 128,
    "layer2.0.conv2.learned_n": 12544,
    "layer2.0.conv2.mae": 1.8308964222717286,
    "layer2.0.conv2.mape": 0.5718071159362793,
    "layer2.0.conv2.mse": 5.99852919921875,
    "layer2.0.conv2.rows": 16,
    "layer2.0.conv2.scaled_error": 0.041557520849704745,
    "layer2.0.conv2.scaled_shift": -0.0005376195556926541,
    "layer2.0.conv2.stored_array_size": 24,
    "top_1_accuracy": 0.7151199579238892,
    "top_5_accuracy": 0.9020799994468689,
    "total_time": 142.09854636900127
}