{
    "halut_layers": "{\"layer4.0.conv2\": [64, 1, 16]}",
    "layer4.0.conv2.C": 64,
    "layer4.0.conv2.H_size": 11264,
    "layer4.0.conv2.K": 16,
    "layer4.0.conv2.L_size": 2097152,
    "layer4.0.conv2.learned_a_shape": [
        49,
        4608
    ],
    "layer4.0.conv2.learned_b_shape": [
        4608,
        512
    ],
    "layer4.0.conv2.learned_d": 4608,
    "layer4.0.conv2.learned_m": 512,
    "layer4.0.conv2.learned_n": 49,
    "layer4.0.conv2.mae": 1.247304419784546,
    "layer4.0.conv2.mape": 0.4997735219955444,
    "layer4.0.conv2.mse": 2.783189259338379,
    "layer4.0.conv2.rows": 1,
    "layer4.0.conv2.scaled_error": 0.07978442616462708,
    "layer4.0.conv2.scaled_shift": 0.019925963159799574,
    "layer4.0.conv2.stored_array_size": 24,
    "top_1_accuracy": 0.5205199718475342,
    "top_5_accuracy": 0.7867400050163269,
    "total_time": 105.73562416620553
}