{
    "halut_layers": "{\"layer4.1.conv2\": [64, 256, 16]}",
    "layer4.1.conv2.C": 64,
    "layer4.1.conv2.H_size": 11264,
    "layer4.1.conv2.K": 16,
    "layer4.1.conv2.L_size": 2097152,
    "layer4.1.conv2.learned_a_shape": [
        12544,
        4608
    ],
    "layer4.1.conv2.learned_b_shape": [
        4608,
        512
    ],
    "layer4.1.conv2.learned_d": 4608,
    "layer4.1.conv2.learned_m": 512,
    "layer4.1.conv2.learned_n": 12544,
    "layer4.1.conv2.mae": 0.8794292193603516,
    "layer4.1.conv2.mape": 0.37673990924835205,
    "layer4.1.conv2.mse": 1.3799451277160644,
    "layer4.1.conv2.rows": 256,
    "layer4.1.conv2.scaled_error": 0.030733306670188903,
    "layer4.1.conv2.scaled_shift": 0.008199576243758201,
    "layer4.1.conv2.stored_array_size": 24,
    "top_1_accuracy": 0.7705999612808228,
    "top_5_accuracy": 0.939300000667572,
    "total_time": 102.18293202854693
}