{
    "halut_layers": "{\"layer4.1.conv2\": [16, 256, 16]}",
    "layer4.1.conv2.C": 16,
    "layer4.1.conv2.H_size": 2816,
    "layer4.1.conv2.K": 16,
    "layer4.1.conv2.L_size": 524288,
    "layer4.1.conv2.learned_a_shape": [
        12544,
        4608
    ],
    "layer4.1.conv2.learned_b_shape": [
        4608,
        512
    ],
    "layer4.1.conv2.learned_d": 4608,
    "layer4.1.conv2.learned_m": 512,
    "layer4.1.conv2.learned_n": 12544,
    "layer4.1.conv2.mae": 0.9605183035278321,
    "layer4.1.conv2.mape": 0.4111744469833374,
    "layer4.1.conv2.mse": 1.6475132054138184,
    "layer4.1.conv2.rows": 256,
    "layer4.1.conv2.scaled_error": 0.03355074587583542,
    "layer4.1.conv2.scaled_shift": 0.00650099576562643,
    "layer4.1.conv2.stored_array_size": 24,
    "top_1_accuracy": 0.7653599977493286,
    "top_5_accuracy": 0.9362799525260925,
    "total_time": 101.52230177260935
}