{
    "halut_layers": "{\"layer4.0.downsample.0\": [16, 4, 16]}",
    "layer4.0.downsample.0.C": 16,
    "layer4.0.downsample.0.H_size": 2816,
    "layer4.0.downsample.0.K": 16,
    "layer4.0.downsample.0.L_size": 2097152,
    "layer4.0.downsample.0.learned_a_shape": [
        196,
        1024
    ],
    "layer4.0.downsample.0.learned_b_shape": [
        1024,
        2048
    ],
    "layer4.0.downsample.0.learned_d": 1024,
    "layer4.0.downsample.0.learned_m": 2048,
    "layer4.0.downsample.0.learned_n": 196,
    "layer4.0.downsample.0.mae": 0.6960023639678955,
    "layer4.0.downsample.0.mape": 0.38442998077392576,
    "layer4.0.downsample.0.mse": 0.8123326238250732,
    "layer4.0.downsample.0.rows": 4,
    "layer4.0.downsample.0.scaled_error": 0.023115085735321044,
    "layer4.0.downsample.0.scaled_shift": 0.0016426066220714712,
    "layer4.0.downsample.0.stored_array_size": 24,
    "top_1_accuracy": 0.7382799983024597,
    "top_5_accuracy": 0.9161399602890015,
    "total_time": 114.42688497714698
}