{
    "halut_layers": "{\"layer4.1.conv1\": [64, 2, 16]}",
    "layer4.1.conv1.C": 64,
    "layer4.1.conv1.H_size": 11264,
    "layer4.1.conv1.K": 16,
    "layer4.1.conv1.L_size": 2097152,
    "layer4.1.conv1.learned_a_shape": [
        98,
        2048
    ],
    "layer4.1.conv1.learned_b_shape": [
        2048,
        16
    ],
    "layer4.1.conv1.mae": 1.4546104023742676,
    "layer4.1.conv1.mape": 0.5055660887145996,
    "layer4.1.conv1.mse": 3.939448868408203,
    "layer4.1.conv1.rows": 2,
    "layer4.1.conv1.scaled_error": 0.021112818701267244,
    "layer4.1.conv1.scaled_shift": 0.0054861910980939866,
    "layer4.1.conv1.stored_array_size": 24,
    "top_1_accuracy": 0.7157599925994873,
    "top_5_accuracy": 0.9089399576187134,
    "total_time": 106.86426803097129
}