{
    "halut_layers": "{\"layer4.1.conv3\": [32, 4, 16]}",
    "layer4.1.conv3.C": 32,
    "layer4.1.conv3.H_size": 5632,
    "layer4.1.conv3.K": 16,
    "layer4.1.conv3.L_size": 4194304,
    "layer4.1.conv3.learned_a_shape": [
        196,
        512
    ],
    "layer4.1.conv3.learned_b_shape": [
        512,
        16
    ],
    "layer4.1.conv3.mae": 0.3757566888427734,
    "layer4.1.conv3.mape": 0.23626751781463623,
    "layer4.1.conv3.mse": 0.24751222255706787,
    "layer4.1.conv3.rows": 4,
    "layer4.1.conv3.scaled_error": 0.019928739664554596,
    "layer4.1.conv3.scaled_shift": 0.007441433795690537,
    "layer4.1.conv3.stored_array_size": 24,
    "top_1_accuracy": 0.7670199871063232,
    "top_5_accuracy": 0.9380599856376648,
    "total_time": 127.05875891633332
}