{
    "halut_layers": "{\"layer3.5.conv3\": [64, 4096, 16]}",
    "layer3.5.conv3.C": 64,
    "layer3.5.conv3.H_size": 11264,
    "layer3.5.conv3.K": 16,
    "layer3.5.conv3.L_size": 4194304,
    "layer3.5.conv3.learned_a_shape": [
        802816,
        256
    ],
    "layer3.5.conv3.learned_b_shape": [
        256,
        16
    ],
    "layer3.5.conv3.mae": 0.17578073360443114,
    "layer3.5.conv3.mape": 0.11254546221733093,
    "layer3.5.conv3.mse": 0.06125995327949524,
    "layer3.5.conv3.rows": 4096,
    "layer3.5.conv3.scaled_error": 0.01701336856842041,
    "layer3.5.conv3.scaled_shift": 0.0011596426427901315,
    "layer3.5.conv3.stored_array_size": 24,
    "top_1_accuracy": 0.7995399832725525,
    "top_5_accuracy": 0.9497199654579163,
    "total_time": 158.95029425807297
}