{
    "halut_layers": "{\"layer2.0.downsample.0\": [64, 128, 16]}",
    "layer2.0.downsample.0.C": 64,
    "layer2.0.downsample.0.H_size": 11264,
    "layer2.0.downsample.0.K": 16,
    "layer2.0.downsample.0.L_size": 2097152,
    "layer2.0.downsample.0.learned_a_shape": [
        100352,
        256
    ],
    "layer2.0.downsample.0.learned_b_shape": [
        256,
        512
    ],
    "layer2.0.downsample.0.learned_d": 256,
    "layer2.0.downsample.0.learned_m": 512,
    "layer2.0.downsample.0.learned_n": 100352,
    "layer2.0.downsample.0.mae": 0.36563248867034914,
    "layer2.0.downsample.0.mape": 0.1642795181083679,
    "layer2.0.downsample.0.mse": 0.2819299571609497,
    "layer2.0.downsample.0.rows": 128,
    "layer2.0.downsample.0.scaled_error": 0.018587178735733033,
    "layer2.0.downsample.0.scaled_shift": 8.821359863941325e-05,
    "layer2.0.downsample.0.stored_array_size": 24,
    "top_1_accuracy": 0.7988399863243103,
    "top_5_accuracy": 0.9499799609184265,
    "total_time": 203.60705143027008
}