{
    "halut_layers": "{\"layer3.5.conv2\": [16, 128, 16]}",
    "layer3.5.conv2.C": 16,
    "layer3.5.conv2.H_size": 2816,
    "layer3.5.conv2.K": 16,
    "layer3.5.conv2.L_size": 262144,
    "layer3.5.conv2.learned_a_shape": [
        25088,
        2304
    ],
    "layer3.5.conv2.learned_b_shape": [
        2304,
        256
    ],
    "layer3.5.conv2.learned_d": 2304,
    "layer3.5.conv2.learned_m": 256,
    "layer3.5.conv2.learned_n": 25088,
    "layer3.5.conv2.mae": 0.8333008306884766,
    "layer3.5.conv2.mape": 0.37383675327301025,
    "layer3.5.conv2.mse": 1.2433225859069825,
    "layer3.5.conv2.rows": 128,
    "layer3.5.conv2.scaled_error": 0.05894348233222962,
    "layer3.5.conv2.scaled_shift": 0.008522879888787865,
    "layer3.5.conv2.stored_array_size": 24,
    "top_1_accuracy": 0.7816999554634094,
    "top_5_accuracy": 0.9408199787139893,
    "total_time": 112.06014503538609
}