{
    "halut_layers": "{\"layer1.0.conv1\": [64, 8, 16]}",
    "layer1.0.conv1.C": 64,
    "layer1.0.conv1.H_size": 11264,
    "layer1.0.conv1.K": 16,
    "layer1.0.conv1.L_size": 262144,
    "layer1.0.conv1.learned_a_shape": [
        25088,
        64
    ],
    "layer1.0.conv1.learned_b_shape": [
        64,
        16
    ],
    "layer1.0.conv1.mae": 0.3066010476875305,
    "layer1.0.conv1.mape": 0.04543740924835205,
    "layer1.0.conv1.mse": 0.22301105081558228,
    "layer1.0.conv1.rows": 8,
    "layer1.0.conv1.scaled_error": 0.0029329916274547577,
    "layer1.0.conv1.scaled_shift": -0.0004747514808550477,
    "layer1.0.conv1.stored_array_size": 24,
    "top_1_accuracy": 0.8073599934577942,
    "top_5_accuracy": 0.9541199803352356,
    "total_time": 205.16178637742996
}