{
    "halut_layers": "{\"layer2.0.conv3\": [32, 8, 16]}",
    "layer2.0.conv3.C": 32,
    "layer2.0.conv3.H_size": 5632,
    "layer2.0.conv3.K": 16,
    "layer2.0.conv3.L_size": 1048576,
    "layer2.0.conv3.learned_a_shape": [
        6272,
        128
    ],
    "layer2.0.conv3.learned_b_shape": [
        128,
        16
    ],
    "layer2.0.conv3.mae": 0.37726895233154295,
    "layer2.0.conv3.mape": 0.17988592401504516,
    "layer2.0.conv3.mse": 0.2780888712692261,
    "layer2.0.conv3.rows": 8,
    "layer2.0.conv3.scaled_error": 0.016424703758955002,
    "layer2.0.conv3.scaled_shift": 0.0002710185297262069,
    "layer2.0.conv3.stored_array_size": 24,
    "top_1_accuracy": 0.7960999608039856,
    "top_5_accuracy": 0.9475399851799011,
    "total_time": 227.11446281895041
}