{
    "halut_layers": "{\"layer3.0.conv2\": [16, 8, 16]}",
    "layer3.0.conv2.C": 16,
    "layer3.0.conv2.H_size": 2816,
    "layer3.0.conv2.K": 16,
    "layer3.0.conv2.L_size": 262144,
    "layer3.0.conv2.learned_a_shape": [
        1568,
        2304
    ],
    "layer3.0.conv2.learned_b_shape": [
        2304,
        256
    ],
    "layer3.0.conv2.learned_d": 2304,
    "layer3.0.conv2.learned_m": 256,
    "layer3.0.conv2.learned_n": 1568,
    "layer3.0.conv2.mae": 1.871830993347168,
    "layer3.0.conv2.mape": 0.6330704555511475,
    "layer3.0.conv2.mse": 6.357849094238281,
    "layer3.0.conv2.rows": 8,
    "layer3.0.conv2.scaled_error": 0.05595884521961212,
    "layer3.0.conv2.scaled_shift": -0.0010685521552257706,
    "layer3.0.conv2.stored_array_size": 24,
    "top_1_accuracy": 0.4955799877643585,
    "top_5_accuracy": 0.7340399622917175,
    "total_time": 121.07085210829973
}