{
    "halut_layers": "{\"layer3.1.conv2\": [16, 1, 16]}",
    "layer3.1.conv2.C": 16,
    "layer3.1.conv2.H_size": 2816,
    "layer3.1.conv2.K": 16,
    "layer3.1.conv2.L_size": 262144,
    "layer3.1.conv2.learned_a_shape": [
        196,
        2304
    ],
    "layer3.1.conv2.learned_b_shape": [
        2304,
        256
    ],
    "layer3.1.conv2.learned_d": 2304,
    "layer3.1.conv2.learned_m": 256,
    "layer3.1.conv2.learned_n": 196,
    "layer3.1.conv2.mae": 1.3811201196289062,
    "layer3.1.conv2.mape": 0.5793646310424805,
    "layer3.1.conv2.mse": 3.198299595336914,
    "layer3.1.conv2.rows": 1,
    "layer3.1.conv2.scaled_error": 0.0447794989490509,
    "layer3.1.conv2.scaled_shift": 0.005527454006224871,
    "layer3.1.conv2.stored_array_size": 24,
    "top_1_accuracy": 0.7826799750328064,
    "top_5_accuracy": 0.9411999583244324,
    "total_time": 119.51528225466609
}