{
    "halut_layers": "{\"layer2.0.downsample.0\": [16, 2, 16]}",
    "layer2.0.downsample.0.C": 16,
    "layer2.0.downsample.0.H_size": 2816,
    "layer2.0.downsample.0.K": 16,
    "layer2.0.downsample.0.L_size": 524288,
    "layer2.0.downsample.0.learned_a_shape": [
        1568,
        256
    ],
    "layer2.0.downsample.0.learned_b_shape": [
        256,
        512
    ],
    "layer2.0.downsample.0.learned_d": 256,
    "layer2.0.downsample.0.learned_m": 512,
    "layer2.0.downsample.0.learned_n": 1568,
    "layer2.0.downsample.0.mae": 0.8107043489074707,
    "layer2.0.downsample.0.mape": 0.34260958953857423,
    "layer2.0.downsample.0.mse": 1.476684790802002,
    "layer2.0.downsample.0.rows": 2,
    "layer2.0.downsample.0.scaled_error": 0.041209078421592715,
    "layer2.0.downsample.0.scaled_shift": 0.0026623000648617746,
    "layer2.0.downsample.0.stored_array_size": 24,
    "top_1_accuracy": 0.6197999715805054,
    "top_5_accuracy": 0.8436200022697449,
    "total_time": 180.9185706190765
}