{
    "halut_layers": "{\"layer3.3.conv3\": [32, 8, 16]}",
    "layer3.3.conv3.C": 32,
    "layer3.3.conv3.H_size": 5632,
    "layer3.3.conv3.K": 16,
    "layer3.3.conv3.L_size": 2097152,
    "layer3.3.conv3.learned_a_shape": [
        1568,
        256
    ],
    "layer3.3.conv3.learned_b_shape": [
        256,
        16
    ],
    "layer3.3.conv3.mae": 0.2444122896003723,
    "layer3.3.conv3.mape": 0.16786779151916503,
    "layer3.3.conv3.mse": 0.106886162815094,
    "layer3.3.conv3.rows": 8,
    "layer3.3.conv3.scaled_error": 0.012618915019035339,
    "layer3.3.conv3.scaled_shift": 0.001512291072309017,
    "layer3.3.conv3.stored_array_size": 24,
    "top_1_accuracy": 0.7991399765014648,
    "top_5_accuracy": 0.9500599503517151,
    "total_time": 162.06072637438774
}