{
    "halut_layers": "{\"layer3.5.conv3\": [16, 32, 16]}",
    "layer3.5.conv3.C": 16,
    "layer3.5.conv3.H_size": 2816,
    "layer3.5.conv3.K": 16,
    "layer3.5.conv3.L_size": 1048576,
    "layer3.5.conv3.learned_a_shape": [
        6272,
        256
    ],
    "layer3.5.conv3.learned_b_shape": [
        256,
        16
    ],
    "layer3.5.conv3.mae": 0.3152763711166382,
    "layer3.5.conv3.mape": 0.1950629061126709,
    "layer3.5.conv3.mse": 0.19063084341049194,
    "layer3.5.conv3.rows": 32,
    "layer3.5.conv3.scaled_error": 0.030474532527923585,
    "layer3.5.conv3.scaled_shift": 0.005790638087540865,
    "layer3.5.conv3.stored_array_size": 24,
    "top_1_accuracy": 0.7832199931144714,
    "top_5_accuracy": 0.9418799877166748,
    "total_time": 154.00880458205938
}