{
    "halut_layers": "{\"layer4.2.conv3\": [64, 64, 16]}",
    "layer4.2.conv3.C": 64,
    "layer4.2.conv3.H_size": 11264,
    "layer4.2.conv3.K": 16,
    "layer4.2.conv3.L_size": 8388608,
    "layer4.2.conv3.learned_a_shape": [
        3136,
        512
    ],
    "layer4.2.conv3.learned_b_shape": [
        512,
        16
    ],
    "layer4.2.conv3.mae": 0.2518862536430359,
    "layer4.2.conv3.mape": 0.16044666143417358,
    "layer4.2.conv3.mse": 0.1420372501373291,
    "layer4.2.conv3.rows": 64,
    "layer4.2.conv3.scaled_error": 0.05028591244697571,
    "layer4.2.conv3.scaled_shift": 0.03573805191993713,
    "layer4.2.conv3.stored_array_size": 24,
    "top_1_accuracy": 0.7929999828338623,
    "top_5_accuracy": 0.946899950504303,
    "total_time": 130.25098663941026
}