{
    "halut_layers": "{\"layer4.0.downsample.0\": [16, 64, 16]}",
    "layer4.0.downsample.0.C": 16,
    "layer4.0.downsample.0.H_size": 2816,
    "layer4.0.downsample.0.K": 16,
    "layer4.0.downsample.0.L_size": 2097152,
    "layer4.0.downsample.0.learned_a_shape": [
        3136,
        1024
    ],
    "layer4.0.downsample.0.learned_b_shape": [
        1024,
        2048
    ],
    "layer4.0.downsample.0.learned_d": 1024,
    "layer4.0.downsample.0.learned_m": 2048,
    "layer4.0.downsample.0.learned_n": 3136,
    "layer4.0.downsample.0.mae": 0.5866763803100586,
    "layer4.0.downsample.0.mape": 0.31893182043075563,
    "layer4.0.downsample.0.mse": 0.5859414443969727,
    "layer4.0.downsample.0.rows": 64,
    "layer4.0.downsample.0.scaled_error": 0.01948576005935669,
    "layer4.0.downsample.0.scaled_shift": 0.0011537803713046015,
    "layer4.0.downsample.0.stored_array_size": 24,
    "top_1_accuracy": 0.7505799531936646,
    "top_5_accuracy": 0.9243800044059753,
    "total_time": 114.85314019396901
}