{
    "halut_layers": "{\"layer3.1.conv2\": [32, 64, 16]}",
    "layer3.1.conv2.C": 32,
    "layer3.1.conv2.H_size": 5632,
    "layer3.1.conv2.K": 16,
    "layer3.1.conv2.L_size": 524288,
    "layer3.1.conv2.learned_a_shape": [
        12544,
        2304
    ],
    "layer3.1.conv2.learned_b_shape": [
        2304,
        256
    ],
    "layer3.1.conv2.learned_d": 2304,
    "layer3.1.conv2.learned_m": 256,
    "layer3.1.conv2.learned_n": 12544,
    "layer3.1.conv2.mae": 0.9517510862731934,
    "layer3.1.conv2.mape": 0.4029882795715332,
    "layer3.1.conv2.mse": 1.578100337677002,
    "layer3.1.conv2.rows": 64,
    "layer3.1.conv2.scaled_error": 0.030897328054904936,
    "layer3.1.conv2.scaled_shift": 0.002005911715468392,
    "layer3.1.conv2.stored_array_size": 24,
    "top_1_accuracy": 0.7857799530029297,
    "top_5_accuracy": 0.9431799650192261,
    "total_time": 117.07836753316224
}