{
    "halut_layers": "{\"layer4.1.conv3\": [16, 4096, 16]}",
    "layer4.1.conv3.C": 16,
    "layer4.1.conv3.H_size": 2816,
    "layer4.1.conv3.K": 16,
    "layer4.1.conv3.L_size": 2097152,
    "layer4.1.conv3.learned_a_shape": [
        200704,
        512
    ],
    "layer4.1.conv3.learned_b_shape": [
        512,
        16
    ],
    "layer4.1.conv3.mae": 0.29469314558029175,
    "layer4.1.conv3.mape": 0.18799481967926027,
    "layer4.1.conv3.mse": 0.1580940710067749,
    "layer4.1.conv3.rows": 4096,
    "layer4.1.conv3.scaled_error": 0.015641963822841644,
    "layer4.1.conv3.scaled_shift": 0.002293666163454764,
    "layer4.1.conv3.stored_array_size": 24,
    "top_1_accuracy": 0.7729600071907043,
    "top_5_accuracy": 0.9405399560928345,
    "total_time": 117.16917083784938
}