{
    "halut_layers": "{\"layer4.1.conv1\": [32, 1024, 16]}",
    "layer4.1.conv1.C": 32,
    "layer4.1.conv1.H_size": 5632,
    "layer4.1.conv1.K": 16,
    "layer4.1.conv1.L_size": 1048576,
    "layer4.1.conv1.learned_a_shape": [
        50176,
        2048
    ],
    "layer4.1.conv1.learned_b_shape": [
        2048,
        16
    ],
    "layer4.1.conv1.mae": 1.2680209449768067,
    "layer4.1.conv1.mape": 0.44323177539825437,
    "layer4.1.conv1.mse": 3.0861976956176758,
    "layer4.1.conv1.rows": 1024,
    "layer4.1.conv1.scaled_error": 0.018427566492557525,
    "layer4.1.conv1.scaled_shift": 0.004374906749241054,
    "layer4.1.conv1.stored_array_size": 24,
    "top_1_accuracy": 0.6750199794769287,
    "top_5_accuracy": 0.864799976348877,
    "total_time": 106.83454521931708
}