{
    "halut_layers": "{\"layer1.0.conv2\": [32, 2, 16]}",
    "layer1.0.conv2.C": 32,
    "layer1.0.conv2.H_size": 5632,
    "layer1.0.conv2.K": 16,
    "layer1.0.conv2.L_size": 131072,
    "layer1.0.conv2.learned_a_shape": [
        6272,
        576
    ],
    "layer1.0.conv2.learned_b_shape": [
        576,
        64
    ],
    "layer1.0.conv2.learned_d": 576,
    "layer1.0.conv2.learned_m": 64,
    "layer1.0.conv2.learned_n": 6272,
    "layer1.0.conv2.mae": 1.3291817358398437,
    "layer1.0.conv2.mape": 0.3145415507507324,
    "layer1.0.conv2.mse": 3.919276928100586,
    "layer1.0.conv2.rows": 2,
    "layer1.0.conv2.scaled_error": 0.027728453221321107,
    "layer1.0.conv2.scaled_shift": -0.0012849145308509468,
    "layer1.0.conv2.stored_array_size": 24,
    "top_1_accuracy": 0.7890200018882751,
    "top_5_accuracy": 0.944879949092865,
    "total_time": 185.8061021231115
}