{
    "halut_layers": "{\"layer1.2.conv3\": [64, 16, 16]}",
    "layer1.2.conv3.C": 64,
    "layer1.2.conv3.H_size": 11264,
    "layer1.2.conv3.K": 16,
    "layer1.2.conv3.L_size": 1048576,
    "layer1.2.conv3.learned_a_shape": [
        50176,
        64
    ],
    "layer1.2.conv3.learned_b_shape": [
        64,
        16
    ],
    "layer1.2.conv3.mae": 0.04098286211967468,
    "layer1.2.conv3.mape": 0.020782428028583527,
    "layer1.2.conv3.mse": 0.007954872356653214,
    "layer1.2.conv3.rows": 16,
    "layer1.2.conv3.scaled_error": 0.00187234996214509,
    "layer1.2.conv3.scaled_shift": -8.588639709516428e-05,
    "layer1.2.conv3.stored_array_size": 24,
    "top_1_accuracy": 0.8079599738121033,
    "top_5_accuracy": 0.9540999531745911,
    "total_time": 375.97594686597586
}