{
    "halut_layers": "{\"layer2.3.conv3\": [64, 4, 16]}",
    "layer2.3.conv3.C": 64,
    "layer2.3.conv3.H_size": 11264,
    "layer2.3.conv3.K": 16,
    "layer2.3.conv3.L_size": 2097152,
    "layer2.3.conv3.learned_a_shape": [
        3136,
        128
    ],
    "layer2.3.conv3.learned_b_shape": [
        128,
        16
    ],
    "layer2.3.conv3.mae": 0.15768519618988036,
    "layer2.3.conv3.mape": 0.09392910013198852,
    "layer2.3.conv3.mse": 0.05569065327644348,
    "layer2.3.conv3.rows": 4,
    "layer2.3.conv3.scaled_error": 0.009702260370254517,
    "layer2.3.conv3.scaled_shift": 0.00116447688549757,
    "layer2.3.conv3.stored_array_size": 24,
    "top_1_accuracy": 0.8053999543190002,
    "top_5_accuracy": 0.952519953250885,
    "total_time": 222.01579681411386
}