{
    "halut_layers": "{\"layer2.3.conv1\": [16, 1, 16]}",
    "layer2.3.conv1.C": 16,
    "layer2.3.conv1.H_size": 2816,
    "layer2.3.conv1.K": 16,
    "layer2.3.conv1.L_size": 131072,
    "layer2.3.conv1.learned_a_shape": [
        784,
        512
    ],
    "layer2.3.conv1.learned_b_shape": [
        512,
        16
    ],
    "layer2.3.conv1.mae": 1.5267292752075194,
    "layer2.3.conv1.mape": 0.5455208488464356,
    "layer2.3.conv1.mse": 4.005270303649902,
    "layer2.3.conv1.rows": 1,
    "layer2.3.conv1.scaled_error": 0.023746813992261886,
    "layer2.3.conv1.scaled_shift": 0.0019101509696245193,
    "layer2.3.conv1.stored_array_size": 24,
    "top_1_accuracy": 0.7857999801635742,
    "top_5_accuracy": 0.9422799944877625,
    "total_time": 140.28194528073072
}