{
    "halut_layers": "{\"layer2.1.conv1\": [16, 10240, 16]}",
    "layer2.1.conv1.C": 16,
    "layer2.1.conv1.H_size": 2816,
    "layer2.1.conv1.K": 16,
    "layer2.1.conv1.L_size": 131072,
    "layer2.1.conv1.learned_a_shape": [
        8028160,
        512
    ],
    "layer2.1.conv1.learned_b_shape": [
        512,
        16
    ],
    "layer2.1.conv1.mae": 1.2137030628204346,
    "layer2.1.conv1.mape": 0.3818907732772827,
    "layer2.1.conv1.mse": 2.6599221350097655,
    "layer2.1.conv1.rows": 10240,
    "layer2.1.conv1.scaled_error": 0.023816652719974518,
    "layer2.1.conv1.scaled_shift": -4.427720185129146e-05,
    "layer2.1.conv1.stored_array_size": 24,
    "top_1_accuracy": 0.8015599846839905,
    "top_5_accuracy": 0.9518399834632874,
    "total_time": 139.83504331856966
}