{
    "halut_layers": "{\"layer4.2.conv1\": [64, 4, 16]}",
    "layer4.2.conv1.C": 64,
    "layer4.2.conv1.H_size": 11264,
    "layer4.2.conv1.K": 16,
    "layer4.2.conv1.L_size": 2097152,
    "layer4.2.conv1.learned_a_shape": [
        196,
        2048
    ],
    "layer4.2.conv1.learned_b_shape": [
        2048,
        16
    ],
    "layer4.2.conv1.mae": 1.2346885762786866,
    "layer4.2.conv1.mape": 0.4525244617462158,
    "layer4.2.conv1.mse": 3.1006576776123045,
    "layer4.2.conv1.rows": 4,
    "layer4.2.conv1.scaled_error": 0.012850498485565185,
    "layer4.2.conv1.scaled_shift": 0.004836299760341644,
    "layer4.2.conv1.stored_array_size": 24,
    "top_1_accuracy": 0.7729199528694153,
    "top_5_accuracy": 0.9344199895858765,
    "total_time": 105.13434645533562
}