{
    "halut_layers": "{\"layer3.3.conv1\": [64, 4096, 16]}",
    "layer3.3.conv1.C": 64,
    "layer3.3.conv1.H_size": 11264,
    "layer3.3.conv1.K": 16,
    "layer3.3.conv1.L_size": 1048576,
    "layer3.3.conv1.learned_a_shape": [
        802816,
        1024
    ],
    "layer3.3.conv1.learned_b_shape": [
        1024,
        16
    ],
    "layer3.3.conv1.mae": 0.872500754699707,
    "layer3.3.conv1.mape": 0.3489345198059082,
    "layer3.3.conv1.mse": 1.307954676132202,
    "layer3.3.conv1.rows": 4096,
    "layer3.3.conv1.scaled_error": 0.034604318981170654,
    "layer3.3.conv1.scaled_shift": 0.0016608194831665606,
    "layer3.3.conv1.stored_array_size": 24,
    "top_1_accuracy": 0.8007999658584595,
    "top_5_accuracy": 0.9505199790000916,
    "total_time": 121.60309878364205
}