{
    "halut_layers": "{\"layer4.1.conv3\": [64, 8, 16]}",
    "layer4.1.conv3.C": 64,
    "layer4.1.conv3.H_size": 11264,
    "layer4.1.conv3.K": 16,
    "layer4.1.conv3.L_size": 8388608,
    "layer4.1.conv3.learned_a_shape": [
        392,
        512
    ],
    "layer4.1.conv3.learned_b_shape": [
        512,
        16
    ],
    "layer4.1.conv3.mae": 0.3531572648239136,
    "layer4.1.conv3.mape": 0.22187100654602052,
    "layer4.1.conv3.mse": 0.22011659934997557,
    "layer4.1.conv3.rows": 8,
    "layer4.1.conv3.scaled_error": 0.018729839522838593,
    "layer4.1.conv3.scaled_shift": 0.008180018428564072,
    "layer4.1.conv3.stored_array_size": 24,
    "top_1_accuracy": 0.7759199738502502,
    "top_5_accuracy": 0.942639946937561,
    "total_time": 125.58397209271789
}