{
    "halut_layers": "{\"layer2.2.conv1\": [64, 64, 16]}",
    "layer2.2.conv1.C": 64,
    "layer2.2.conv1.H_size": 11264,
    "layer2.2.conv1.K": 16,
    "layer2.2.conv1.L_size": 524288,
    "layer2.2.conv1.learned_a_shape": [
        50176,
        512
    ],
    "layer2.2.conv1.learned_b_shape": [
        512,
        16
    ],
    "layer2.2.conv1.mae": 0.8398604751586914,
    "layer2.2.conv1.mape": 0.32769308296203614,
    "layer2.2.conv1.mse": 1.2084469700622558,
    "layer2.2.conv1.rows": 64,
    "layer2.2.conv1.scaled_error": 0.014716675956249236,
    "layer2.2.conv1.scaled_shift": 0.0003305824555212166,
    "layer2.2.conv1.stored_array_size": 24,
    "top_1_accuracy": 0.8043999671936035,
    "top_5_accuracy": 0.9527999758720398,
    "total_time": 149.9367417152971
}