{
    "halut_layers": "{\"layer3.5.conv2\": [16, 8, 16]}",
    "layer3.5.conv2.C": 16,
    "layer3.5.conv2.H_size": 2816,
    "layer3.5.conv2.K": 16,
    "layer3.5.conv2.L_size": 262144,
    "layer3.5.conv2.learned_a_shape": [
        1568,
        2304
    ],
    "layer3.5.conv2.learned_b_shape": [
        2304,
        256
    ],
    "layer3.5.conv2.learned_d": 2304,
    "layer3.5.conv2.learned_m": 256,
    "layer3.5.conv2.learned_n": 1568,
    "layer3.5.conv2.mae": 0.908618243637085,
    "layer3.5.conv2.mape": 0.41309401878356933,
    "layer3.5.conv2.mse": 1.4537631837463378,
    "layer3.5.conv2.rows": 8,
    "layer3.5.conv2.scaled_error": 0.0642343978881836,
    "layer3.5.conv2.scaled_shift": 0.007750294866412878,
    "layer3.5.conv2.stored_array_size": 24,
    "top_1_accuracy": 0.7784599661827087,
    "top_5_accuracy": 0.9406200051307678,
    "total_time": 112.94977739080787
}