{
    "halut_layers": "{\"layer4.0.conv3\": [16, 256, 16]}",
    "layer4.0.conv3.C": 16,
    "layer4.0.conv3.H_size": 2816,
    "layer4.0.conv3.K": 16,
    "layer4.0.conv3.L_size": 2097152,
    "layer4.0.conv3.learned_a_shape": [
        12544,
        512
    ],
    "layer4.0.conv3.learned_b_shape": [
        512,
        16
    ],
    "layer4.0.conv3.mae": 0.48471854541778564,
    "layer4.0.conv3.mape": 0.2690106204605103,
    "layer4.0.conv3.mse": 0.42347269382476804,
    "layer4.0.conv3.rows": 256,
    "layer4.0.conv3.scaled_error": 0.04313461433887482,
    "layer4.0.conv3.scaled_shift": 0.006118390209972858,
    "layer4.0.conv3.stored_array_size": 24,
    "top_1_accuracy": 0.5671199560165405,
    "top_5_accuracy": 0.8129000067710876,
    "total_time": 125.62633321806788
}