{
    "halut_layers": "{\"layer3.4.conv3\": [16, 128, 16]}",
    "layer3.4.conv3.C": 16,
    "layer3.4.conv3.H_size": 2816,
    "layer3.4.conv3.K": 16,
    "layer3.4.conv3.L_size": 1048576,
    "layer3.4.conv3.learned_a_shape": [
        25088,
        256
    ],
    "layer3.4.conv3.learned_b_shape": [
        256,
        16
    ],
    "layer3.4.conv3.mae": 0.23694562896728516,
    "layer3.4.conv3.mape": 0.1608753670024872,
    "layer3.4.conv3.mse": 0.11102264139175415,
    "layer3.4.conv3.rows": 128,
    "layer3.4.conv3.scaled_error": 0.020611315777301787,
    "layer3.4.conv3.scaled_shift": 0.0016643938960600644,
    "layer3.4.conv3.stored_array_size": 24,
    "top_1_accuracy": 0.7841799855232239,
    "top_5_accuracy": 0.9414399862289429,
    "total_time": 157.13387556374073
}