{
    "halut_layers": "{\"layer4.1.conv1\": [96, 1, 16]}",
    "layer4.1.conv1.C": 96,
    "layer4.1.conv1.H_size": 16896,
    "layer4.1.conv1.K": 16,
    "layer4.1.conv1.L_size": 3145728,
    "layer4.1.conv1.learned_a_shape": [
        49,
        2048
    ],
    "layer4.1.conv1.learned_b_shape": [
        2048,
        512
    ],
    "layer4.1.conv1.learned_d": 2048,
    "layer4.1.conv1.learned_m": 512,
    "layer4.1.conv1.learned_n": 49,
    "layer4.1.conv1.mae": 1.632405486755371,
    "layer4.1.conv1.mape": 0.5105642086029053,
    "layer4.1.conv1.mse": 4.756726893005371,
    "layer4.1.conv1.rows": 1,
    "layer4.1.conv1.scaled_error": 0.02369645262002945,
    "layer4.1.conv1.scaled_shift": 0.012877394901514053,
    "layer4.1.conv1.stored_array_size": 24,
    "top_1_accuracy": 0.7274599671363831,
    "top_5_accuracy": 0.9173199534416199,
    "total_time": 106.9177481867373
}