{
    "halut_layers": "{\"layer4.0.downsample.0\": [32, 2, 16]}",
    "layer4.0.downsample.0.C": 32,
    "layer4.0.downsample.0.H_size": 5632,
    "layer4.0.downsample.0.K": 16,
    "layer4.0.downsample.0.L_size": 4194304,
    "layer4.0.downsample.0.learned_a_shape": [
        98,
        1024
    ],
    "layer4.0.downsample.0.learned_b_shape": [
        1024,
        2048
    ],
    "layer4.0.downsample.0.learned_d": 1024,
    "layer4.0.downsample.0.learned_m": 2048,
    "layer4.0.downsample.0.learned_n": 98,
    "layer4.0.downsample.0.mae": 0.6839939073944091,
    "layer4.0.downsample.0.mape": 0.37310724006652835,
    "layer4.0.downsample.0.mse": 0.7921845933532715,
    "layer4.0.downsample.0.rows": 2,
    "layer4.0.downsample.0.scaled_error": 0.02271476537466049,
    "layer4.0.downsample.0.scaled_shift": 0.003155559497475624,
    "layer4.0.downsample.0.stored_array_size": 24,
    "top_1_accuracy": 0.7465199828147888,
    "top_5_accuracy": 0.9218599796295166,
    "total_time": 116.07559782639146
}