{
    "halut_layers": "{\"layer4.2.conv1\": [64, 10240, 16]}",
    "layer4.2.conv1.C": 64,
    "layer4.2.conv1.H_size": 11264,
    "layer4.2.conv1.K": 16,
    "layer4.2.conv1.L_size": 2097152,
    "layer4.2.conv1.learned_a_shape": [
        501760,
        2048
    ],
    "layer4.2.conv1.learned_b_shape": [
        2048,
        16
    ],
    "layer4.2.conv1.mae": 0.8226071235656738,
    "layer4.2.conv1.mape": 0.31439625759124756,
    "layer4.2.conv1.mse": 2.3567436572265623,
    "layer4.2.conv1.rows": 10240,
    "layer4.2.conv1.scaled_error": 0.008560797119140625,
    "layer4.2.conv1.scaled_shift": 0.0020882615449605508,
    "layer4.2.conv1.stored_array_size": 24,
    "top_1_accuracy": 0.7799599766731262,
    "top_5_accuracy": 0.9385799765586853,
    "total_time": 105.63888969644904
}