{
    "halut_layers": "{\"layer2.2.conv2\": [64, 256, 16]}",
    "layer2.2.conv2.C": 64,
    "layer2.2.conv2.H_size": 11264,
    "layer2.2.conv2.K": 16,
    "layer2.2.conv2.L_size": 524288,
    "layer2.2.conv2.learned_a_shape": [
        200704,
        1152
    ],
    "layer2.2.conv2.learned_b_shape": [
        1152,
        128
    ],
    "layer2.2.conv2.learned_d": 1152,
    "layer2.2.conv2.learned_m": 128,
    "layer2.2.conv2.learned_n": 200704,
    "layer2.2.conv2.mae": 0.8891105438232422,
    "layer2.2.conv2.mape": 0.3449011151123047,
    "layer2.2.conv2.mse": 1.389125788345337,
    "layer2.2.conv2.rows": 256,
    "layer2.2.conv2.scaled_error": 0.028853688839673996,
    "layer2.2.conv2.scaled_shift": 0.0009689824575930834,
    "layer2.2.conv2.stored_array_size": 24,
    "top_1_accuracy": 0.7997399568557739,
    "top_5_accuracy": 0.9508999586105347,
    "total_time": 143.8985558822751
}