{
    "halut_layers": "{\"layer3.4.conv3\": [32, 8, 16]}",
    "layer3.4.conv3.C": 32,
    "layer3.4.conv3.H_size": 5632,
    "layer3.4.conv3.K": 16,
    "layer3.4.conv3.L_size": 2097152,
    "layer3.4.conv3.learned_a_shape": [
        1568,
        256
    ],
    "layer3.4.conv3.learned_b_shape": [
        256,
        16
    ],
    "layer3.4.conv3.mae": 0.2352154179763794,
    "layer3.4.conv3.mape": 0.1618519618320465,
    "layer3.4.conv3.mse": 0.10908848172187806,
    "layer3.4.conv3.rows": 8,
    "layer3.4.conv3.scaled_error": 0.02045770473241806,
    "layer3.4.conv3.scaled_shift": 0.0023132254472374917,
    "layer3.4.conv3.stored_array_size": 24,
    "top_1_accuracy": 0.7917199730873108,
    "top_5_accuracy": 0.9449599981307983,
    "total_time": 160.15878595225513
}