{
    "halut_layers": "{\"layer4.1.conv2\": [16, 1024, 16]}",
    "layer4.1.conv2.C": 16,
    "layer4.1.conv2.H_size": 2816,
    "layer4.1.conv2.K": 16,
    "layer4.1.conv2.L_size": 524288,
    "layer4.1.conv2.learned_a_shape": [
        50176,
        4608
    ],
    "layer4.1.conv2.learned_b_shape": [
        4608,
        512
    ],
    "layer4.1.conv2.learned_d": 4608,
    "layer4.1.conv2.learned_m": 512,
    "layer4.1.conv2.learned_n": 50176,
    "layer4.1.conv2.mae": 0.9463427743530274,
    "layer4.1.conv2.mape": 0.4042438775634766,
    "layer4.1.conv2.mse": 1.5972308197021485,
    "layer4.1.conv2.rows": 1024,
    "layer4.1.conv2.scaled_error": 0.033071557517051695,
    "layer4.1.conv2.scaled_shift": 0.0075298021125793455,
    "layer4.1.conv2.stored_array_size": 24,
    "top_1_accuracy": 0.7682799696922302,
    "top_5_accuracy": 0.9380999803543091,
    "total_time": 99.50080009922385
}