{
    "halut_layers": "{\"layer2.1.conv1\": [16, 2, 16]}",
    "layer2.1.conv1.C": 16,
    "layer2.1.conv1.H_size": 2816,
    "layer2.1.conv1.K": 16,
    "layer2.1.conv1.L_size": 131072,
    "layer2.1.conv1.learned_a_shape": [
        1568,
        512
    ],
    "layer2.1.conv1.learned_b_shape": [
        512,
        16
    ],
    "layer2.1.conv1.mae": 1.6099570642089844,
    "layer2.1.conv1.mape": 0.4949975644683838,
    "layer2.1.conv1.mse": 5.115068059387207,
    "layer2.1.conv1.rows": 2,
    "layer2.1.conv1.scaled_error": 0.031539983797073366,
    "layer2.1.conv1.scaled_shift": -0.0005108658205978645,
    "layer2.1.conv1.stored_array_size": 24,
    "top_1_accuracy": 0.795799970626831,
    "top_5_accuracy": 0.9490199685096741,
    "total_time": 141.52581692487
}