{
    "halut_layers": "{\"layer1.1.conv1\": [64, 2048, 16]}",
    "layer1.1.conv1.C": 64,
    "layer1.1.conv1.H_size": 11264,
    "layer1.1.conv1.K": 16,
    "layer1.1.conv1.L_size": 262144,
    "layer1.1.conv1.learned_a_shape": [
        6422528,
        256
    ],
    "layer1.1.conv1.learned_b_shape": [
        256,
        16
    ],
    "layer1.1.conv1.mae": 0.4102258835983276,
    "layer1.1.conv1.mape": 0.16669014350891112,
    "layer1.1.conv1.mse": 0.34455646921157834,
    "layer1.1.conv1.rows": 2048,
    "layer1.1.conv1.scaled_error": 0.016230017182826996,
    "layer1.1.conv1.scaled_shift": 0.0002809542550367769,
    "layer1.1.conv1.stored_array_size": 24,
    "top_1_accuracy": 0.8061400055885315,
    "top_5_accuracy": 0.953719973564148,
    "total_time": 198.63518585450947
}