{
    "halut_layers": "{\"layer3.5.conv2\": [16, 256, 16]}",
    "layer3.5.conv2.C": 16,
    "layer3.5.conv2.H_size": 2816,
    "layer3.5.conv2.K": 16,
    "layer3.5.conv2.L_size": 262144,
    "layer3.5.conv2.learned_a_shape": [
        50176,
        2304
    ],
    "layer3.5.conv2.learned_b_shape": [
        2304,
        256
    ],
    "layer3.5.conv2.learned_d": 2304,
    "layer3.5.conv2.learned_m": 256,
    "layer3.5.conv2.learned_n": 50176,
    "layer3.5.conv2.mae": 0.8533185507202149,
    "layer3.5.conv2.mape": 0.3756350774383545,
    "layer3.5.conv2.mse": 1.3083284562683106,
    "layer3.5.conv2.rows": 256,
    "layer3.5.conv2.scaled_error": 0.060359064474105835,
    "layer3.5.conv2.scaled_shift": 0.011398372252583503,
    "layer3.5.conv2.stored_array_size": 24,
    "top_1_accuracy": 0.779259979724884,
    "top_5_accuracy": 0.9391599893569946,
    "total_time": 112.29783174581826
}