{
    "halut_layers": "{\"layer1.0.downsample.0\": [32, 128, 16]}",
    "layer1.0.downsample.0.C": 32,
    "layer1.0.downsample.0.H_size": 5632,
    "layer1.0.downsample.0.K": 16,
    "layer1.0.downsample.0.L_size": 524288,
    "layer1.0.downsample.0.learned_a_shape": [
        401408,
        64
    ],
    "layer1.0.downsample.0.learned_b_shape": [
        64,
        256
    ],
    "layer1.0.downsample.0.learned_d": 64,
    "layer1.0.downsample.0.learned_m": 256,
    "layer1.0.downsample.0.learned_n": 401408,
    "layer1.0.downsample.0.mae": 0.6276902261734009,
    "layer1.0.downsample.0.mape": 0.11974915710449219,
    "layer1.0.downsample.0.mse": 0.873390827255249,
    "layer1.0.downsample.0.rows": 128,
    "layer1.0.downsample.0.scaled_error": 0.0054044122129678724,
    "layer1.0.downsample.0.scaled_shift": -0.00016795602209866047,
    "layer1.0.downsample.0.stored_array_size": 24,
    "top_1_accuracy": 0.7938399910926819,
    "top_5_accuracy": 0.9473999738693237,
    "total_time": 276.42692673392594
}