{
    "halut_layers": "{\"layer4.0.conv3\": [96, 512, 16]}",
    "layer4.0.conv3.C": 96,
    "layer4.0.conv3.H_size": 16896,
    "layer4.0.conv3.K": 16,
    "layer4.0.conv3.L_size": 12582912,
    "layer4.0.conv3.learned_a_shape": [
        25088,
        512
    ],
    "layer4.0.conv3.learned_b_shape": [
        512,
        2048
    ],
    "layer4.0.conv3.learned_d": 512,
    "layer4.0.conv3.learned_m": 2048,
    "layer4.0.conv3.learned_n": 25088,
    "layer4.0.conv3.mae": 0.31806004169464114,
    "layer4.0.conv3.mape": 0.18482669897079468,
    "layer4.0.conv3.mse": 0.1827216526222229,
    "layer4.0.conv3.rows": 512,
    "layer4.0.conv3.scaled_error": 0.028299426743984224,
    "layer4.0.conv3.scaled_shift": 0.0011854755820357242,
    "layer4.0.conv3.stored_array_size": 24,
    "top_1_accuracy": 0.7762799859046936,
    "top_5_accuracy": 0.9396999478340149,
    "total_time": 139.46287220716476
}