{
    "halut_layers": "{\"layer3.0.downsample.0\": [64, 8, 16]}",
    "layer3.0.downsample.0.C": 64,
    "layer3.0.downsample.0.H_size": 11264,
    "layer3.0.downsample.0.K": 16,
    "layer3.0.downsample.0.L_size": 4194304,
    "layer3.0.downsample.0.learned_a_shape": [
        1568,
        512
    ],
    "layer3.0.downsample.0.learned_b_shape": [
        512,
        1024
    ],
    "layer3.0.downsample.0.learned_d": 512,
    "layer3.0.downsample.0.learned_m": 1024,
    "layer3.0.downsample.0.learned_n": 1568,
    "layer3.0.downsample.0.mae": 0.6022740816497802,
    "layer3.0.downsample.0.mape": 0.3070530385971069,
    "layer3.0.downsample.0.mse": 0.6648404273986817,
    "layer3.0.downsample.0.rows": 8,
    "layer3.0.downsample.0.scaled_error": 0.012191503053903579,
    "layer3.0.downsample.0.scaled_shift": 6.321493864306831e-05,
    "layer3.0.downsample.0.stored_array_size": 24,
    "top_1_accuracy": 0.7954599857330322,
    "top_5_accuracy": 0.9480199813842773,
    "total_time": 145.89760185405612
}