{
    "halut_layers": "{\"layer3.4.conv1\": [32, 1024, 16]}",
    "layer3.4.conv1.C": 32,
    "layer3.4.conv1.H_size": 5632,
    "layer3.4.conv1.K": 16,
    "layer3.4.conv1.L_size": 524288,
    "layer3.4.conv1.learned_a_shape": [
        200704,
        1024
    ],
    "layer3.4.conv1.learned_b_shape": [
        1024,
        16
    ],
    "layer3.4.conv1.mae": 0.9745132915496826,
    "layer3.4.conv1.mape": 0.3856708183670044,
    "layer3.4.conv1.mse": 1.6366846522521972,
    "layer3.4.conv1.rows": 1024,
    "layer3.4.conv1.scaled_error": 0.016841672534942627,
    "layer3.4.conv1.scaled_shift": 0.0013830001032217115,
    "layer3.4.conv1.stored_array_size": 24,
    "top_1_accuracy": 0.7926999926567078,
    "top_5_accuracy": 0.9456999897956848,
    "total_time": 119.50728728063405
}