{
    "halut_layers": "{\"layer3.3.conv3\": [16, 1, 16]}",
    "layer3.3.conv3.C": 16,
    "layer3.3.conv3.H_size": 2816,
    "layer3.3.conv3.K": 16,
    "layer3.3.conv3.L_size": 1048576,
    "layer3.3.conv3.learned_a_shape": [
        196,
        256
    ],
    "layer3.3.conv3.learned_b_shape": [
        256,
        16
    ],
    "layer3.3.conv3.mae": 0.32320892623901365,
    "layer3.3.conv3.mape": 0.21844426837921144,
    "layer3.3.conv3.mse": 0.18352317026138307,
    "layer3.3.conv3.rows": 1,
    "layer3.3.conv3.scaled_error": 0.01668845292687416,
    "layer3.3.conv3.scaled_shift": 0.0036524236926436422,
    "layer3.3.conv3.stored_array_size": 24,
    "top_1_accuracy": 0.7891599535942078,
    "top_5_accuracy": 0.9450399875640869,
    "total_time": 156.5575610473752
}