{
    "halut_layers": "{\"layer2.2.conv3\": [32, 4, 16]}",
    "layer2.2.conv3.C": 32,
    "layer2.2.conv3.H_size": 5632,
    "layer2.2.conv3.K": 16,
    "layer2.2.conv3.L_size": 1048576,
    "layer2.2.conv3.learned_a_shape": [
        3136,
        128
    ],
    "layer2.2.conv3.learned_b_shape": [
        128,
        16
    ],
    "layer2.2.conv3.mae": 0.23032275421142578,
    "layer2.2.conv3.mape": 0.13957519753456116,
    "layer2.2.conv3.mse": 0.1051291968345642,
    "layer2.2.conv3.rows": 4,
    "layer2.2.conv3.scaled_error": 0.017686223399639128,
    "layer2.2.conv3.scaled_shift": 0.0005145120448619128,
    "layer2.2.conv3.stored_array_size": 24,
    "top_1_accuracy": 0.8034600019454956,
    "top_5_accuracy": 0.9520999789237976,
    "total_time": 223.88161937706172
}