{
    "halut_layers": "{\"layer4.0.conv1\": [128, 64, 16]}",
    "layer4.0.conv1.C": 128,
    "layer4.0.conv1.H_size": 22528,
    "layer4.0.conv1.K": 16,
    "layer4.0.conv1.L_size": 4194304,
    "layer4.0.conv1.learned_a_shape": [
        12544,
        1024
    ],
    "layer4.0.conv1.learned_b_shape": [
        1024,
        512
    ],
    "layer4.0.conv1.learned_d": 1024,
    "layer4.0.conv1.learned_m": 512,
    "layer4.0.conv1.learned_n": 12544,
    "layer4.0.conv1.mae": 0.8305047010803223,
    "layer4.0.conv1.mape": 0.3196062897872925,
    "layer4.0.conv1.mse": 1.1836879740905761,
    "layer4.0.conv1.rows": 64,
    "layer4.0.conv1.scaled_error": 0.039074996700286864,
    "layer4.0.conv1.scaled_shift": 0.003168834110470489,
    "layer4.0.conv1.stored_array_size": 24,
    "top_1_accuracy": 0.7463200092315674,
    "top_5_accuracy": 0.9277199506759644,
    "total_time": 147.44079295173287
}