{
    "halut_layers": "{\"layer3.0.conv3\": [32, 1, 16]}",
    "layer3.0.conv3.C": 32,
    "layer3.0.conv3.H_size": 5632,
    "layer3.0.conv3.K": 16,
    "layer3.0.conv3.L_size": 2097152,
    "layer3.0.conv3.learned_a_shape": [
        196,
        256
    ],
    "layer3.0.conv3.learned_b_shape": [
        256,
        16
    ],
    "layer3.0.conv3.mae": 0.6502318998718262,
    "layer3.0.conv3.mape": 0.3303253881072998,
    "layer3.0.conv3.mse": 0.7487997584533691,
    "layer3.0.conv3.rows": 1,
    "layer3.0.conv3.scaled_error": 0.04665544373273849,
    "layer3.0.conv3.scaled_shift": 0.004830848995745182,
    "layer3.0.conv3.stored_array_size": 24,
    "top_1_accuracy": 0.6831600069999695,
    "top_5_accuracy": 0.8836999535560608,
    "total_time": 165.99628567136824
}