{
    "halut_layers": "{\"layer3.1.conv2\": [32, 1, 16]}",
    "layer3.1.conv2.C": 32,
    "layer3.1.conv2.H_size": 5632,
    "layer3.1.conv2.K": 16,
    "layer3.1.conv2.L_size": 524288,
    "layer3.1.conv2.learned_a_shape": [
        196,
        2304
    ],
    "layer3.1.conv2.learned_b_shape": [
        2304,
        256
    ],
    "layer3.1.conv2.learned_d": 2304,
    "layer3.1.conv2.learned_m": 256,
    "layer3.1.conv2.learned_n": 196,
    "layer3.1.conv2.mae": 1.2733447764587402,
    "layer3.1.conv2.mape": 0.5342277670288086,
    "layer3.1.conv2.mse": 2.7235241497802734,
    "layer3.1.conv2.rows": 1,
    "layer3.1.conv2.scaled_error": 0.04132099511623383,
    "layer3.1.conv2.scaled_shift": 0.00504968660235405,
    "layer3.1.conv2.stored_array_size": 24,
    "top_1_accuracy": 0.787880003452301,
    "top_5_accuracy": 0.943560004234314,
    "total_time": 118.44146065413952
}