{
    "halut_layers": "{\"layer3.1.conv2\": [64, 16, 16]}",
    "layer3.1.conv2.C": 64,
    "layer3.1.conv2.H_size": 11264,
    "layer3.1.conv2.K": 16,
    "layer3.1.conv2.L_size": 1048576,
    "layer3.1.conv2.learned_a_shape": [
        3136,
        2304
    ],
    "layer3.1.conv2.learned_b_shape": [
        2304,
        256
    ],
    "layer3.1.conv2.learned_d": 2304,
    "layer3.1.conv2.learned_m": 256,
    "layer3.1.conv2.learned_n": 3136,
    "layer3.1.conv2.mae": 0.9643648612976075,
    "layer3.1.conv2.mape": 0.4261653921508789,
    "layer3.1.conv2.mse": 1.5830696452331543,
    "layer3.1.conv2.rows": 16,
    "layer3.1.conv2.scaled_error": 0.031271885356903076,
    "layer3.1.conv2.scaled_shift": 0.0013662132392497732,
    "layer3.1.conv2.stored_array_size": 24,
    "top_1_accuracy": 0.7959399819374084,
    "top_5_accuracy": 0.9478799700737,
    "total_time": 122.08458419330418
}