{
    "halut_layers": "{\"layer3.0.downsample.0\": [32, 128, 16]}",
    "layer3.0.downsample.0.C": 32,
    "layer3.0.downsample.0.H_size": 5632,
    "layer3.0.downsample.0.K": 16,
    "layer3.0.downsample.0.L_size": 2097152,
    "layer3.0.downsample.0.learned_a_shape": [
        25088,
        512
    ],
    "layer3.0.downsample.0.learned_b_shape": [
        512,
        1024
    ],
    "layer3.0.downsample.0.learned_d": 512,
    "layer3.0.downsample.0.learned_m": 1024,
    "layer3.0.downsample.0.learned_n": 25088,
    "layer3.0.downsample.0.mae": 0.5575339916992188,
    "layer3.0.downsample.0.mape": 0.2755299384880066,
    "layer3.0.downsample.0.mse": 0.5826465020751953,
    "layer3.0.downsample.0.rows": 128,
    "layer3.0.downsample.0.scaled_error": 0.011288486122488976,
    "layer3.0.downsample.0.scaled_shift": 0.00024780606018030084,
    "layer3.0.downsample.0.stored_array_size": 24,
    "top_1_accuracy": 0.7904799580574036,
    "top_5_accuracy": 0.9465999603271484,
    "total_time": 137.4301877617836
}