{
    "halut_layers": "{\"layer3.4.conv2\": [64, 2, 16]}",
    "layer3.4.conv2.C": 64,
    "layer3.4.conv2.H_size": 11264,
    "layer3.4.conv2.K": 16,
    "layer3.4.conv2.L_size": 1048576,
    "layer3.4.conv2.learned_a_shape": [
        392,
        2304
    ],
    "layer3.4.conv2.learned_b_shape": [
        2304,
        256
    ],
    "layer3.4.conv2.learned_d": 2304,
    "layer3.4.conv2.learned_m": 256,
    "layer3.4.conv2.learned_n": 392,
    "layer3.4.conv2.mae": 0.8786718633270264,
    "layer3.4.conv2.mape": 0.41245422748565674,
    "layer3.4.conv2.mse": 1.325985147857666,
    "layer3.4.conv2.rows": 2,
    "layer3.4.conv2.scaled_error": 0.024891392278671265,
    "layer3.4.conv2.scaled_shift": 0.005821740627288819,
    "layer3.4.conv2.stored_array_size": 24,
    "top_1_accuracy": 0.7793399691581726,
    "top_5_accuracy": 0.9370999932289124,
    "total_time": 116.71182739175856
}