{
    "halut_layers": "{\"layer3.0.conv3\": [32, 512, 16]}",
    "layer3.0.conv3.C": 32,
    "layer3.0.conv3.H_size": 5632,
    "layer3.0.conv3.K": 16,
    "layer3.0.conv3.L_size": 2097152,
    "layer3.0.conv3.learned_a_shape": [
        100352,
        256
    ],
    "layer3.0.conv3.learned_b_shape": [
        256,
        16
    ],
    "layer3.0.conv3.mae": 0.42393679122924804,
    "layer3.0.conv3.mape": 0.21466704021453858,
    "layer3.0.conv3.mse": 0.33615350700378416,
    "layer3.0.conv3.rows": 512,
    "layer3.0.conv3.scaled_error": 0.030398283972740175,
    "layer3.0.conv3.scaled_shift": 0.0006850695599452593,
    "layer3.0.conv3.stored_array_size": 24,
    "top_1_accuracy": 0.770859956741333,
    "top_5_accuracy": 0.935259997844696,
    "total_time": 165.56723780930042
}