{
    "halut_layers": "{\"layer4.1.conv3\": [64, 256, 16]}",
    "layer4.1.conv3.C": 64,
    "layer4.1.conv3.H_size": 11264,
    "layer4.1.conv3.K": 16,
    "layer4.1.conv3.L_size": 8388608,
    "layer4.1.conv3.learned_a_shape": [
        12544,
        512
    ],
    "layer4.1.conv3.learned_b_shape": [
        512,
        16
    ],
    "layer4.1.conv3.mae": 0.26324561838150023,
    "layer4.1.conv3.mape": 0.1676330655860901,
    "layer4.1.conv3.mse": 0.12717350587844847,
    "layer4.1.conv3.rows": 256,
    "layer4.1.conv3.scaled_error": 0.013965656801462174,
    "layer4.1.conv3.scaled_shift": 0.003423881317079067,
    "layer4.1.conv3.stored_array_size": 24,
    "top_1_accuracy": 0.7855599522590637,
    "top_5_accuracy": 0.9455199837684631,
    "total_time": 125.31126223318279
}