{
    "halut_layers": "{\"layer3.2.conv1\": [64, 128, 16]}",
    "layer3.2.conv1.C": 64,
    "layer3.2.conv1.H_size": 11264,
    "layer3.2.conv1.K": 16,
    "layer3.2.conv1.L_size": 1048576,
    "layer3.2.conv1.learned_a_shape": [
        25088,
        1024
    ],
    "layer3.2.conv1.learned_b_shape": [
        1024,
        16
    ],
    "layer3.2.conv1.mae": 0.8498267507171631,
    "layer3.2.conv1.mape": 0.333695251121521,
    "layer3.2.conv1.mse": 1.2387842319488525,
    "layer3.2.conv1.rows": 128,
    "layer3.2.conv1.scaled_error": 0.03639144848823547,
    "layer3.2.conv1.scaled_shift": 0.0017424000518635149,
    "layer3.2.conv1.stored_array_size": 24,
    "top_1_accuracy": 0.8024999499320984,
    "top_5_accuracy": 0.9516399502754211,
    "total_time": 124.2974964119494
}