{
    "halut_layers": "{\"layer4.0.conv1\": [32, 2048, 16]}",
    "layer4.0.conv1.C": 32,
    "layer4.0.conv1.H_size": 5632,
    "layer4.0.conv1.K": 16,
    "layer4.0.conv1.L_size": 1048576,
    "layer4.0.conv1.learned_a_shape": [
        401408,
        1024
    ],
    "layer4.0.conv1.learned_b_shape": [
        1024,
        16
    ],
    "layer4.0.conv1.mae": 1.0664373168945311,
    "layer4.0.conv1.mape": 0.40009205192565916,
    "layer4.0.conv1.mse": 1.9857620385742187,
    "layer4.0.conv1.rows": 2048,
    "layer4.0.conv1.scaled_error": 0.050227132935523985,
    "layer4.0.conv1.scaled_shift": 0.002966228252213914,
    "layer4.0.conv1.stored_array_size": 24,
    "top_1_accuracy": 0.6327999830245972,
    "top_5_accuracy": 0.8622399568557739,
    "total_time": 130.29221764020622
}