{
    "halut_layers": "{\"layer4.0.conv3\": [96, 32, 16]}",
    "layer4.0.conv3.C": 96,
    "layer4.0.conv3.H_size": 16896,
    "layer4.0.conv3.K": 16,
    "layer4.0.conv3.L_size": 12582912,
    "layer4.0.conv3.learned_a_shape": [
        1568,
        512
    ],
    "layer4.0.conv3.learned_b_shape": [
        512,
        2048
    ],
    "layer4.0.conv3.learned_d": 512,
    "layer4.0.conv3.learned_m": 2048,
    "layer4.0.conv3.learned_n": 1568,
    "layer4.0.conv3.mae": 0.47686608200073244,
    "layer4.0.conv3.mape": 0.2804545878219604,
    "layer4.0.conv3.mse": 0.3924137463378906,
    "layer4.0.conv3.rows": 32,
    "layer4.0.conv3.scaled_error": 0.042444558582305905,
    "layer4.0.conv3.scaled_shift": 0.004280600177049637,
    "layer4.0.conv3.stored_array_size": 24,
    "top_1_accuracy": 0.7565799951553345,
    "top_5_accuracy": 0.9302399754524231,
    "total_time": 140.03719697147608
}