{
    "halut_layers": "{\"layer2.3.conv3\": [64, 1024, 16]}",
    "layer2.3.conv3.C": 64,
    "layer2.3.conv3.H_size": 11264,
    "layer2.3.conv3.K": 16,
    "layer2.3.conv3.L_size": 2097152,
    "layer2.3.conv3.learned_a_shape": [
        802816,
        128
    ],
    "layer2.3.conv3.learned_b_shape": [
        128,
        16
    ],
    "layer2.3.conv3.mae": 0.11234615734100342,
    "layer2.3.conv3.mape": 0.06733999125480652,
    "layer2.3.conv3.mse": 0.026857241230010986,
    "layer2.3.conv3.rows": 1024,
    "layer2.3.conv3.scaled_error": 0.006918191758394241,
    "layer2.3.conv3.scaled_shift": 0.00010092749404109782,
    "layer2.3.conv3.stored_array_size": 24,
    "top_1_accuracy": 0.8068999648094177,
    "top_5_accuracy": 0.9532999992370605,
    "total_time": 240.6113358195871
}