{
    "halut_layers": "{\"layer2.2.conv3\": [16, 16, 16]}",
    "layer2.2.conv3.C": 16,
    "layer2.2.conv3.H_size": 2816,
    "layer2.2.conv3.K": 16,
    "layer2.2.conv3.L_size": 524288,
    "layer2.2.conv3.learned_a_shape": [
        12544,
        128
    ],
    "layer2.2.conv3.learned_b_shape": [
        128,
        16
    ],
    "layer2.2.conv3.mae": 0.2848380201339722,
    "layer2.2.conv3.mape": 0.17081805639266967,
    "layer2.2.conv3.mse": 0.15819814287185668,
    "layer2.2.conv3.rows": 16,
    "layer2.2.conv3.scaled_error": 0.021878480453491212,
    "layer2.2.conv3.scaled_shift": -0.0003706296923273476,
    "layer2.2.conv3.stored_array_size": 24,
    "top_1_accuracy": 0.7986800074577332,
    "top_5_accuracy": 0.9495399594306946,
    "total_time": 216.82141625136137
}