{
    "halut_layers": "{\"layer3.1.conv3\": [32, 4096, 16]}",
    "layer3.1.conv3.C": 32,
    "layer3.1.conv3.H_size": 5632,
    "layer3.1.conv3.K": 16,
    "layer3.1.conv3.L_size": 2097152,
    "layer3.1.conv3.learned_a_shape": [
        802816,
        256
    ],
    "layer3.1.conv3.learned_b_shape": [
        256,
        16
    ],
    "layer3.1.conv3.mae": 0.2110432992362976,
    "layer3.1.conv3.mape": 0.1430067294406891,
    "layer3.1.conv3.mse": 0.0835784850692749,
    "layer3.1.conv3.rows": 4096,
    "layer3.1.conv3.scaled_error": 0.012206045287847519,
    "layer3.1.conv3.scaled_shift": 0.0005803100380301475,
    "layer3.1.conv3.stored_array_size": 24,
    "top_1_accuracy": 0.8019999861717224,
    "top_5_accuracy": 0.9515799880027771,
    "total_time": 153.74775172770023
}