{
    "halut_layers": "{\"layer4.2.conv1\": [16, 32, 16]}",
    "layer4.2.conv1.C": 16,
    "layer4.2.conv1.H_size": 2816,
    "layer4.2.conv1.K": 16,
    "layer4.2.conv1.L_size": 524288,
    "layer4.2.conv1.learned_a_shape": [
        1568,
        2048
    ],
    "layer4.2.conv1.learned_b_shape": [
        2048,
        16
    ],
    "layer4.2.conv1.mae": 1.0429615876007081,
    "layer4.2.conv1.mape": 0.38600669731140136,
    "layer4.2.conv1.mse": 2.614177035064697,
    "layer4.2.conv1.rows": 32,
    "layer4.2.conv1.scaled_error": 0.010850171817541122,
    "layer4.2.conv1.scaled_shift": 0.003525477430522442,
    "layer4.2.conv1.stored_array_size": 24,
    "top_1_accuracy": 0.7741599678993225,
    "top_5_accuracy": 0.9346199631690979,
    "total_time": 103.38251116499305
}