{
    "halut_layers": "{\"layer3.3.conv3\": [16, 2048, 16]}",
    "layer3.3.conv3.C": 16,
    "layer3.3.conv3.H_size": 2816,
    "layer3.3.conv3.K": 16,
    "layer3.3.conv3.L_size": 1048576,
    "layer3.3.conv3.learned_a_shape": [
        401408,
        256
    ],
    "layer3.3.conv3.learned_b_shape": [
        256,
        16
    ],
    "layer3.3.conv3.mae": 0.23313824855804444,
    "layer3.3.conv3.mape": 0.15918071210861207,
    "layer3.3.conv3.mse": 0.09759931224822999,
    "layer3.3.conv3.rows": 2048,
    "layer3.3.conv3.scaled_error": 0.012051871112585068,
    "layer3.3.conv3.scaled_shift": 0.0007062635501050681,
    "layer3.3.conv3.stored_array_size": 24,
    "top_1_accuracy": 0.7973200082778931,
    "top_5_accuracy": 0.9485799670219421,
    "total_time": 156.982209648937
}