{
    "halut_layers": "{\"layer4.0.conv3\": [128, 8, 16]}",
    "layer4.0.conv3.C": 128,
    "layer4.0.conv3.H_size": 22528,
    "layer4.0.conv3.K": 16,
    "layer4.0.conv3.L_size": 16777216,
    "layer4.0.conv3.learned_a_shape": [
        392,
        512
    ],
    "layer4.0.conv3.learned_b_shape": [
        512,
        2048
    ],
    "layer4.0.conv3.learned_d": 512,
    "layer4.0.conv3.learned_m": 2048,
    "layer4.0.conv3.learned_n": 392,
    "layer4.0.conv3.mae": 0.4069894030761719,
    "layer4.0.conv3.mape": 0.23489546054840088,
    "layer4.0.conv3.mse": 0.289505899772644,
    "layer4.0.conv3.rows": 8,
    "layer4.0.conv3.scaled_error": 0.03622179266691208,
    "layer4.0.conv3.scaled_shift": 0.00869035995543003,
    "layer4.0.conv3.stored_array_size": 24,
    "top_1_accuracy": 0.7726399898529053,
    "top_5_accuracy": 0.9382199645042419,
    "total_time": 144.87898559123278
}