{
    "halut_layers": "{\"layer3.0.conv3\": [96, 16, 16]}",
    "layer3.0.conv3.C": 96,
    "layer3.0.conv3.H_size": 16896,
    "layer3.0.conv3.K": 16,
    "layer3.0.conv3.L_size": 6291456,
    "layer3.0.conv3.learned_a_shape": [
        3136,
        256
    ],
    "layer3.0.conv3.learned_b_shape": [
        256,
        1024
    ],
    "layer3.0.conv3.learned_d": 256,
    "layer3.0.conv3.learned_m": 1024,
    "layer3.0.conv3.learned_n": 3136,
    "layer3.0.conv3.mae": 0.3243487064361572,
    "layer3.0.conv3.mape": 0.17057412923812867,
    "layer3.0.conv3.mse": 0.1875716473388672,
    "layer3.0.conv3.rows": 16,
    "layer3.0.conv3.scaled_error": 0.02326791158914566,
    "layer3.0.conv3.scaled_shift": 0.0005791811555736058,
    "layer3.0.conv3.stored_array_size": 24,
    "top_1_accuracy": 0.80103999376297,
    "top_5_accuracy": 0.9511199593544006,
    "total_time": 191.9866526927799
}