{
    "halut_layers": "{\"layer3.0.conv2\": [32, 1, 16]}",
    "layer3.0.conv2.C": 32,
    "layer3.0.conv2.H_size": 5632,
    "layer3.0.conv2.K": 16,
    "layer3.0.conv2.L_size": 524288,
    "layer3.0.conv2.learned_a_shape": [
        196,
        2304
    ],
    "layer3.0.conv2.learned_b_shape": [
        2304,
        256
    ],
    "layer3.0.conv2.learned_d": 2304,
    "layer3.0.conv2.learned_m": 256,
    "layer3.0.conv2.learned_n": 196,
    "layer3.0.conv2.mae": 2.123407678833008,
    "layer3.0.conv2.mape": 0.7325504208374023,
    "layer3.0.conv2.mse": 8.029908900756835,
    "layer3.0.conv2.rows": 1,
    "layer3.0.conv2.scaled_error": 0.06349082489967346,
    "layer3.0.conv2.scaled_shift": 0.0019731354297697545,
    "layer3.0.conv2.stored_array_size": 24,
    "top_1_accuracy": 0.4510999917984009,
    "top_5_accuracy": 0.6919400095939636,
    "total_time": 119.21802331134677
}