{
    "halut_layers": "{\"layer1.0.conv2\": [64, 32, 16]}",
    "layer1.0.conv2.C": 64,
    "layer1.0.conv2.H_size": 11264,
    "layer1.0.conv2.K": 16,
    "layer1.0.conv2.L_size": 262144,
    "layer1.0.conv2.learned_a_shape": [
        100352,
        576
    ],
    "layer1.0.conv2.learned_b_shape": [
        576,
        64
    ],
    "layer1.0.conv2.learned_d": 576,
    "layer1.0.conv2.learned_m": 64,
    "layer1.0.conv2.learned_n": 100352,
    "layer1.0.conv2.mae": 0.824482208328247,
    "layer1.0.conv2.mape": 0.19852887561798097,
    "layer1.0.conv2.mse": 1.6472284219360351,
    "layer1.0.conv2.rows": 32,
    "layer1.0.conv2.scaled_error": 0.017217354210615158,
    "layer1.0.conv2.scaled_shift": 0.00030301224156515673,
    "layer1.0.conv2.stored_array_size": 24,
    "top_1_accuracy": 0.7989799976348877,
    "top_5_accuracy": 0.9499799609184265,
    "total_time": 202.35101823695004
}