{
    "halut_layers": "{\"layer3.1.conv1\": [32, 4096, 16]}",
    "layer3.1.conv1.C": 32,
    "layer3.1.conv1.H_size": 5632,
    "layer3.1.conv1.K": 16,
    "layer3.1.conv1.L_size": 524288,
    "layer3.1.conv1.learned_a_shape": [
        802816,
        1024
    ],
    "layer3.1.conv1.learned_b_shape": [
        1024,
        16
    ],
    "layer3.1.conv1.mae": 1.0620272583007813,
    "layer3.1.conv1.mape": 0.3897925944519043,
    "layer3.1.conv1.mse": 2.0069328240966797,
    "layer3.1.conv1.rows": 4096,
    "layer3.1.conv1.scaled_error": 0.01447425544500351,
    "layer3.1.conv1.scaled_shift": 0.0003545412618125556,
    "layer3.1.conv1.stored_array_size": 24,
    "top_1_accuracy": 0.7981199622154236,
    "top_5_accuracy": 0.9503399729728699,
    "total_time": 121.57844554819167
}