{
    "halut_layers": "{\"layer3.5.conv1\": [64, 4, 16]}",
    "layer3.5.conv1.C": 64,
    "layer3.5.conv1.H_size": 11264,
    "layer3.5.conv1.K": 16,
    "layer3.5.conv1.L_size": 1048576,
    "layer3.5.conv1.learned_a_shape": [
        784,
        1024
    ],
    "layer3.5.conv1.learned_b_shape": [
        1024,
        16
    ],
    "layer3.5.conv1.mae": 1.2812711162567139,
    "layer3.5.conv1.mape": 0.5120126287078858,
    "layer3.5.conv1.mse": 2.74956528503418,
    "layer3.5.conv1.rows": 4,
    "layer3.5.conv1.scaled_error": 0.045164809336662295,
    "layer3.5.conv1.scaled_shift": 0.004594564448366873,
    "layer3.5.conv1.stored_array_size": 24,
    "top_1_accuracy": 0.7856999635696411,
    "top_5_accuracy": 0.9430399537086487,
    "total_time": 118.26866727694869
}