{
    "halut_layers": "{\"layer4.2.conv1\": [64, 128, 16]}",
    "layer4.2.conv1.C": 64,
    "layer4.2.conv1.H_size": 11264,
    "layer4.2.conv1.K": 16,
    "layer4.2.conv1.L_size": 2097152,
    "layer4.2.conv1.learned_a_shape": [
        6272,
        2048
    ],
    "layer4.2.conv1.learned_b_shape": [
        2048,
        16
    ],
    "layer4.2.conv1.mae": 0.9199487009429932,
    "layer4.2.conv1.mape": 0.33662920173645017,
    "layer4.2.conv1.mse": 2.679408866271973,
    "layer4.2.conv1.rows": 128,
    "layer4.2.conv1.scaled_error": 0.009570171953439713,
    "layer4.2.conv1.scaled_shift": 0.003623690355569124,
    "layer4.2.conv1.stored_array_size": 24,
    "top_1_accuracy": 0.7792199850082397,
    "top_5_accuracy": 0.9377599954605103,
    "total_time": 102.69148302823305
}