{
    "halut_layers": "{\"layer1.1.conv1\": 32}",
    "layer1.1.conv1.halut_learning_time": 866.747343653813,
    "layer1.1.conv1.input_a_shape": [
        2408448,
        256
    ],
    "layer1.1.conv1.input_b_shape": [
        256,
        64
    ],
    "top_1_accuracy": 0.8016200065612793,
    "top_5_accuracy": 0.9512199759483337,
    "total_time": 7256.6144591989
}