{
    "halut_layers": "{\"layer3.1.conv2\": [256, -1, 16], \"layer3.1.conv1\": [256, -1, 16], \"layer3.0.downsample.0\": [64, -1, 16], \"layer3.0.conv2\": [256, -1, 16], \"layer3.0.conv1\": [256, -1, 16], \"layer2.1.conv2\": [128, -1, 16], \"layer2.1.conv1\": [128, -1, 16], \"layer2.0.downsample.0\": [64, -1, 16], \"layer2.0.conv2\": [128, -1, 16], \"layer2.0.conv1\": [128, -1, 16], \"layer1.1.conv2\": [64, -1, 16], \"layer1.1.conv1\": [64, -1, 16], \"layer1.0.conv2\": [64, -1, 16], \"layer1.0.conv1\": [64, -1, 16]}",
    "layer1.0.conv1.C": 64,
    "layer1.0.conv1.H_size": 11264,
    "layer1.0.conv1.K": 16,
    "layer1.0.conv1.L_size": 262144,
    "layer1.0.conv1.learned_a_shape": [
        1,
        576
    ],
    "layer1.0.conv1.learned_b_shape": [
        576,
        64
    ],
    "layer1.0.conv1.learned_d": 576,
    "layer1.0.conv1.learned_m": 64,
    "layer1.0.conv1.learned_n": 1,
    "layer1.0.conv1.mae": 0.4071270833333333,
    "layer1.0.conv1.mape": 0.16282864583333334,
    "layer1.0.conv1.mse": 0.37406002604166666,
    "layer1.0.conv1.rows": -1,
    "layer1.0.conv1.scaled_error": 0.019400398763020833,
    "layer1.0.conv1.scaled_shift": 0.0015322107950846355,
    "layer1.0.conv1.stored_array_size": 48,
    "layer1.0.conv2.C": 64,
    "layer1.0.conv2.H_size": 11264,
    "layer1.0.conv2.K": 16,
    "layer1.0.conv2.L_size": 262144,
    "layer1.0.conv2.learned_a_shape": [
        1,
        576
    ],
    "layer1.0.conv2.learned_b_shape": [
        576,
        64
    ],
    "layer1.0.conv2.learned_d": 576,
    "layer1.0.conv2.learned_m": 64,
    "layer1.0.conv2.learned_n": 1,
    "layer1.0.conv2.mae": 0.2116693359375,
    "layer1.0.conv2.mape": 0.11641025390625,
    "layer1.0.conv2.mse": 0.08935065104166667,
    "layer1.0.conv2.rows": -1,
    "layer1.0.conv2.scaled_error": 0.01456329345703125,
    "layer1.0.conv2.scaled_shift": 0.0005019657135009766,
    "layer1.0.conv2.stored_array_size": 48,
    "layer1.1.conv1.C": 64,
    "layer1.1.conv1.H_size": 11264,
    "layer1.1.conv1.K": 16,
    "layer1.1.conv1.L_size": 262144,
    "layer1.1.conv1.learned_a_shape": [
        1,
        576
    ],
    "layer1.1.conv1.learned_b_shape": [
        576,
        64
    ],
    "layer1.1.conv1.learned_d": 576,
    "layer1.1.conv1.learned_m": 64,
    "layer1.1.conv1.learned_n": 1,
    "layer1.1.conv1.mae": 0.42641471354166666,
    "layer1.1.conv1.mape": 0.15705445963541667,
    "layer1.1.conv1.mse": 0.391554296875,
    "layer1.1.conv1.rows": -1,
    "layer1.1.conv1.scaled_error": 0.018441695149739583,
    "layer1.1.conv1.scaled_shift": 0.0021730153401692707,
    "layer1.1.conv1.stored_array_size": 48,
    "layer1.1.conv2.C": 64,
    "layer1.1.conv2.H_size": 11264,
    "layer1.1.conv2.K": 16,
    "layer1.1.conv2.L_size": 262144,
    "layer1.1.conv2.learned_a_shape": [
        1,
        576
    ],
    "layer1.1.conv2.learned_b_shape": [
        576,
        64
    ],
    "layer1.1.conv2.learned_d": 576,
    "layer1.1.conv2.learned_m": 64,
    "layer1.1.conv2.learned_n": 1,
    "layer1.1.conv2.mae": 0.14780738932291668,
    "layer1.1.conv2.mape": 0.09796502278645833,
    "layer1.1.conv2.mse": 0.0393784423828125,
    "layer1.1.conv2.rows": -1,
    "layer1.1.conv2.scaled_error": 0.025212809244791665,
    "layer1.1.conv2.scaled_shift": 0.001181299336751302,
    "layer1.1.conv2.stored_array_size": 48,
    "layer2.0.conv1.C": 128,
    "layer2.0.conv1.H_size": 22528,
    "layer2.0.conv1.K": 16,
    "layer2.0.conv1.L_size": 1048576,
    "layer2.0.conv1.learned_a_shape": [
        1,
        576
    ],
    "layer2.0.conv1.learned_b_shape": [
        576,
        128
    ],
    "layer2.0.conv1.learned_d": 576,
    "layer2.0.conv1.learned_m": 128,
    "layer2.0.conv1.learned_n": 1,
    "layer2.0.conv1.mae": 0.280766015625,
    "layer2.0.conv1.mape": 0.11734166666666666,
    "layer2.0.conv1.mse": 0.15058157552083334,
    "layer2.0.conv1.rows": -1,
    "layer2.0.conv1.scaled_error": 0.016241316731770834,
    "layer2.0.conv1.scaled_shift": 0.003621923828125,
    "layer2.0.conv1.stored_array_size": 48,
    "layer2.0.conv2.C": 128,
    "layer2.0.conv2.H_size": 22528,
    "layer2.0.conv2.K": 16,
    "layer2.0.conv2.L_size": 1048576,
    "layer2.0.conv2.learned_a_shape": [
        1,
        1152
    ],
    "layer2.0.conv2.learned_b_shape": [
        1152,
        128
    ],
    "layer2.0.conv2.learned_d": 1152,
    "layer2.0.conv2.learned_m": 128,
    "layer2.0.conv2.learned_n": 1,
    "layer2.0.conv2.mae": 0.19185569661458332,
    "layer2.0.conv2.mape": 0.11622366536458334,
    "layer2.0.conv2.mse": 0.064861181640625,
    "layer2.0.conv2.rows": -1,
    "layer2.0.conv2.scaled_error": 0.029119694010416666,
    "layer2.0.conv2.scaled_shift": 0.004049594116210938,
    "layer2.0.conv2.stored_array_size": 48,
    "layer2.0.downsample.0.C": 64,
    "layer2.0.downsample.0.H_size": 11264,
    "layer2.0.downsample.0.K": 16,
    "layer2.0.downsample.0.L_size": 524288,
    "layer2.0.downsample.0.learned_a_shape": [
        1,
        64
    ],
    "layer2.0.downsample.0.learned_b_shape": [
        64,
        128
    ],
    "layer2.0.downsample.0.learned_d": 64,
    "layer2.0.downsample.0.learned_m": 128,
    "layer2.0.downsample.0.learned_n": 1,
    "layer2.0.downsample.0.mae": 0.04668388671875,
    "layer2.0.downsample.0.mape": 0.02713511962890625,
    "layer2.0.downsample.0.mse": 0.004488133748372396,
    "layer2.0.downsample.0.rows": -1,
    "layer2.0.downsample.0.scaled_error": 0.007057102457682291,
    "layer2.0.downsample.0.scaled_shift": 0.0009435811360677083,
    "layer2.0.downsample.0.stored_array_size": 48,
    "layer2.1.conv1.C": 128,
    "layer2.1.conv1.H_size": 22528,
    "layer2.1.conv1.K": 16,
    "layer2.1.conv1.L_size": 1048576,
    "layer2.1.conv1.learned_a_shape": [
        1,
        1152
    ],
    "layer2.1.conv1.learned_b_shape": [
        1152,
        128
    ],
    "layer2.1.conv1.learned_d": 1152,
    "layer2.1.conv1.learned_m": 128,
    "layer2.1.conv1.learned_n": 1,
    "layer2.1.conv1.mae": 0.30404140625,
    "layer2.1.conv1.mape": 0.15322825520833333,
    "layer2.1.conv1.mse": 0.15943590494791668,
    "layer2.1.conv1.rows": -1,
    "layer2.1.conv1.scaled_error": 0.0351705322265625,
    "layer2.1.conv1.scaled_shift": 0.00567135009765625,
    "layer2.1.conv1.stored_array_size": 48,
    "layer2.1.conv2.C": 128,
    "layer2.1.conv2.H_size": 22528,
    "layer2.1.conv2.K": 16,
    "layer2.1.conv2.L_size": 1048576,
    "layer2.1.conv2.learned_a_shape": [
        1,
        1152
    ],
    "layer2.1.conv2.learned_b_shape": [
        1152,
        128
    ],
    "layer2.1.conv2.learned_d": 1152,
    "layer2.1.conv2.learned_m": 128,
    "layer2.1.conv2.learned_n": 1,
    "layer2.1.conv2.mae": 0.14138089192708334,
    "layer2.1.conv2.mape": 0.09896744791666667,
    "layer2.1.conv2.mse": 0.033343351236979166,
    "layer2.1.conv2.rows": -1,
    "layer2.1.conv2.scaled_error": 0.03848817545572917,
    "layer2.1.conv2.scaled_shift": 0.000608114496866862,
    "layer2.1.conv2.stored_array_size": 48,
    "layer3.0.conv1.C": 256,
    "layer3.0.conv1.H_size": 45056,
    "layer3.0.conv1.K": 16,
    "layer3.0.conv1.L_size": 4194304,
    "layer3.0.conv1.learned_a_shape": [
        1,
        1152
    ],
    "layer3.0.conv1.learned_b_shape": [
        1152,
        256
    ],
    "layer3.0.conv1.learned_d": 1152,
    "layer3.0.conv1.learned_m": 256,
    "layer3.0.conv1.learned_n": 1,
    "layer3.0.conv1.mae": 0.23952005208333332,
    "layer3.0.conv1.mape": 0.11746305338541667,
    "layer3.0.conv1.mse": 0.10047086588541666,
    "layer3.0.conv1.rows": -1,
    "layer3.0.conv1.scaled_error": 0.029924690755208334,
    "layer3.0.conv1.scaled_shift": 0.009002370198567708,
    "layer3.0.conv1.stored_array_size": 48,
    "layer3.0.conv2.C": 256,
    "layer3.0.conv2.H_size": 45056,
    "layer3.0.conv2.K": 16,
    "layer3.0.conv2.L_size": 4194304,
    "layer3.0.conv2.learned_a_shape": [
        1,
        2304
    ],
    "layer3.0.conv2.learned_b_shape": [
        2304,
        256
    ],