{
    "halut_layers": "{\"layer4.0.downsample.0\": [32, -1, 16], \"layer4.0.conv2\": [256, -1, 16], \"layer4.0.conv1\": [256, -1, 16], \"layer3.1.conv2\": [128, -1, 16], \"layer3.1.conv1\": [128, -1, 16], \"layer3.0.downsample.0\": [32, -1, 16], \"layer3.0.conv2\": [128, -1, 16], \"layer3.0.conv1\": [128, -1, 16], \"layer2.1.conv2\": [64, -1, 16], \"layer2.1.conv1\": [64, -1, 16], \"layer2.0.downsample.0\": [32, -1, 16], \"layer2.0.conv2\": [64, -1, 16], \"layer2.0.conv1\": [64, -1, 16], \"layer1.1.conv2\": [32, -1, 16], \"layer1.1.conv1\": [32, -1, 16], \"layer1.0.conv2\": [32, -1, 16], \"layer1.0.conv1\": [32, -1, 16]}",
    "layer1.0.conv1.C": 32,
    "layer1.0.conv1.H_size": 5632,
    "layer1.0.conv1.K": 16,
    "layer1.0.conv1.L_size": 131072,
    "layer1.0.conv1.learned_a_shape": [
        1,
        261970
    ],
    "layer1.0.conv1.learned_b_shape": [
        261970,
        64
    ],
    "layer1.0.conv1.learned_d": 261970,
    "layer1.0.conv1.learned_m": 64,
    "layer1.0.conv1.learned_n": 1,
    "layer1.0.conv1.mae": 0.4554472005208333,
    "layer1.0.conv1.mape": 0.16002112630208334,
    "layer1.0.conv1.mse": 0.5574715494791667,
    "layer1.0.conv1.rows": -1,
    "layer1.0.conv1.scaled_error": 0.008092600504557292,
    "layer1.0.conv1.scaled_shift": 0.0005452919642130534,
    "layer1.0.conv1.stored_array_size": 48,
    "layer1.0.conv2.C": 32,
    "layer1.0.conv2.H_size": 5632,
    "layer1.0.conv2.K": 16,
    "layer1.0.conv2.L_size": 131072,
    "layer1.0.conv2.learned_a_shape": [
        1,
        261970
    ],
    "layer1.0.conv2.learned_b_shape": [
        261970,
        64
    ],
    "layer1.0.conv2.learned_d": 261970,
    "layer1.0.conv2.learned_m": 64,
    "layer1.0.conv2.learned_n": 1,
    "layer1.0.conv2.mae": 0.2705447265625,
    "layer1.0.conv2.mape": 0.14303902994791667,
    "layer1.0.conv2.mse": 0.15431129557291667,
    "layer1.0.conv2.rows": -1,
    "layer1.0.conv2.scaled_error": 0.01780318603515625,
    "layer1.0.conv2.scaled_shift": 8.012897173563639e-05,
    "layer1.0.conv2.stored_array_size": 48,
    "layer1.1.conv1.C": 32,
    "layer1.1.conv1.H_size": 5632,
    "layer1.1.conv1.K": 16,
    "layer1.1.conv1.L_size": 131072,
    "layer1.1.conv1.learned_a_shape": [
        1,
        261970
    ],
    "layer1.1.conv1.learned_b_shape": [
        261970,
        64
    ],
    "layer1.1.conv1.learned_d": 261970,
    "layer1.1.conv1.learned_m": 64,
    "layer1.1.conv1.learned_n": 1,
    "layer1.1.conv1.mae": 0.4124764973958333,
    "layer1.1.conv1.mape": 0.15724010416666667,
    "layer1.1.conv1.mse": 0.33356321614583334,
    "layer1.1.conv1.rows": -1,
    "layer1.1.conv1.scaled_error": 0.023032682291666665,
    "layer1.1.conv1.scaled_shift": 0.0012520060221354167,
    "layer1.1.conv1.stored_array_size": 48,
    "layer1.1.conv2.C": 32,
    "layer1.1.conv2.H_size": 5632,
    "layer1.1.conv2.K": 16,
    "layer1.1.conv2.L_size": 131072,
    "layer1.1.conv2.learned_a_shape": [
        1,
        261970
    ],
    "layer1.1.conv2.learned_b_shape": [
        261970,
        64
    ],
    "layer1.1.conv2.learned_d": 261970,
    "layer1.1.conv2.learned_m": 64,
    "layer1.1.conv2.learned_n": 1,
    "layer1.1.conv2.mae": 0.21742093098958334,
    "layer1.1.conv2.mape": 0.12475782877604166,
    "layer1.1.conv2.mse": 0.08990398763020833,
    "layer1.1.conv2.rows": -1,
    "layer1.1.conv2.scaled_error": 0.023274678548177084,
    "layer1.1.conv2.scaled_shift": 0.0005708464940388997,
    "layer1.1.conv2.stored_array_size": 48,
    "layer2.0.conv1.C": 64,
    "layer2.0.conv1.H_size": 11264,
    "layer2.0.conv1.K": 16,
    "layer2.0.conv1.L_size": 524288,
    "layer2.0.conv1.learned_a_shape": [
        1,
        261970
    ],
    "layer2.0.conv1.learned_b_shape": [
        261970,
        128
    ],
    "layer2.0.conv1.learned_d": 261970,
    "layer2.0.conv1.learned_m": 128,
    "layer2.0.conv1.learned_n": 1,
    "layer2.0.conv1.mae": 0.32090924479166666,
    "layer2.0.conv1.mape": 0.14477639973958334,
    "layer2.0.conv1.mse": 0.199258984375,
    "layer2.0.conv1.rows": -1,
    "layer2.0.conv1.scaled_error": 0.01757550048828125,
    "layer2.0.conv1.scaled_shift": 6.574923197428385e-05,
    "layer2.0.conv1.stored_array_size": 48,
    "layer2.0.conv2.C": 64,
    "layer2.0.conv2.H_size": 11264,
    "layer2.0.conv2.K": 16,
    "layer2.0.conv2.L_size": 524288,
    "layer2.0.conv2.learned_a_shape": [
        1,
        261970
    ],
    "layer2.0.conv2.learned_b_shape": [
        261970,
        128
    ],
    "layer2.0.conv2.learned_d": 261970,
    "layer2.0.conv2.learned_m": 128,
    "layer2.0.conv2.learned_n": 1,
    "layer2.0.conv2.mae": 0.24500328776041666,
    "layer2.0.conv2.mape": 0.14565201822916668,
    "layer2.0.conv2.mse": 0.10524444986979167,
    "layer2.0.conv2.rows": -1,
    "layer2.0.conv2.scaled_error": 0.034554654947916666,
    "layer2.0.conv2.scaled_shift": 0.00221361083984375,
    "layer2.0.conv2.stored_array_size": 48,
    "layer2.0.downsample.0.C": 32,
    "layer2.0.downsample.0.H_size": 5632,
    "layer2.0.downsample.0.K": 16,
    "layer2.0.downsample.0.L_size": 262144,
    "layer2.0.downsample.0.learned_a_shape": [
        1,
        261970
    ],
    "layer2.0.downsample.0.learned_b_shape": [
        261970,
        128
    ],
    "layer2.0.downsample.0.learned_d": 261970,
    "layer2.0.downsample.0.learned_m": 128,
    "layer2.0.downsample.0.learned_n": 1,
    "layer2.0.downsample.0.mae": 0.08596585286458333,
    "layer2.0.downsample.0.mape": 0.051934195963541666,
    "layer2.0.downsample.0.mse": 0.014527437337239584,
    "layer2.0.downsample.0.rows": -1,
    "layer2.0.downsample.0.scaled_error": 0.00936625773111979,
    "layer2.0.downsample.0.scaled_shift": 0.00022833441098531087,
    "layer2.0.downsample.0.stored_array_size": 48,
    "layer2.1.conv1.C": 64,
    "layer2.1.conv1.H_size": 11264,
    "layer2.1.conv1.K": 16,
    "layer2.1.conv1.L_size": 524288,
    "layer2.1.conv1.learned_a_shape": [
        1,
        261970
    ],
    "layer2.1.conv1.learned_b_shape": [
        261970,
        128
    ],
    "layer2.1.conv1.learned_d": 261970,
    "layer2.1.conv1.learned_m": 128,
    "layer2.1.conv1.learned_n": 1,
    "layer2.1.conv1.mae": 0.4103068359375,
    "layer2.1.conv1.mape": 0.19471171875,
    "layer2.1.conv1.mse": 0.3015509765625,
    "layer2.1.conv1.rows": -1,
    "layer2.1.conv1.scaled_error": 0.0307726318359375,
    "layer2.1.conv1.scaled_shift": 0.0036762786865234373,
    "layer2.1.conv1.stored_array_size": 48,
    "layer2.1.conv2.C": 64,
    "layer2.1.conv2.H_size": 11264,
    "layer2.1.conv2.K": 16,
    "layer2.1.conv2.L_size": 524288,
    "layer2.1.conv2.learned_a_shape": [
        1,
        261970
    ],
    "layer2.1.conv2.learned_b_shape": [
        261970,
        128
    ],
    "layer2.1.conv2.learned_d": 261970,
    "layer2.1.conv2.learned_m": 128,
    "layer2.1.conv2.learned_n": 1,
    "layer2.1.conv2.mae": 0.19740699869791667,
    "layer2.1.conv2.mape": 0.13111787109375,
    "layer2.1.conv2.mse": 0.064678515625,
    "layer2.1.conv2.rows": -1,
    "layer2.1.conv2.scaled_error": 0.044935555013020836,
    "layer2.1.conv2.scaled_shift": 0.00047924906412760417,
    "layer2.1.conv2.stored_array_size": 48,
    "layer3.0.conv1.C": 128,
    "layer3.0.conv1.H_size": 22528,
    "layer3.0.conv1.K": 16,
    "layer3.0.conv1.L_size": 2097152,
    "layer3.0.conv1.learned_a_shape": [
        1,
        261970
    ],
    "layer3.0.conv1.learned_b_shape": [
        261970,
        256
    ],
    "layer3.0.conv1.learned_d": 261970,
    "layer3.0.conv1.learned_m": 256,
    "layer3.0.conv1.learned_n": 1,
    "layer3.0.conv1.mae": 0.2865,
    "layer3.0.conv1.mape": 0.14991663411458334,
    "layer3.0.conv1.mse": 0.13875296223958333,
    "layer3.0.conv1.rows": -1,
    "layer3.0.conv1.scaled_error": 0.030704427083333333,
    "layer3.0.conv1.scaled_shift": 0.0029030868530273437,
    "layer3.0.conv1.stored_array_size": 48,
    "layer3.0.conv2.C": 128,
    "layer3.0.conv2.H_size": 22528,
    "layer3.0.conv2.K": 16,