{
    "halut_layers": "{\"layer2.0.downsample.0\": [32, -1, 16], \"layer2.0.conv2\": [64, -1, 16], \"layer2.0.conv1\": [64, -1, 16], \"layer1.1.conv2\": [32, -1, 16], \"layer1.1.conv1\": [32, -1, 16], \"layer1.0.conv2\": [32, -1, 16], \"layer1.0.conv1\": [32, -1, 16]}",
    "layer1.0.conv1.C": 32,
    "layer1.0.conv1.H_size": 5632,
    "layer1.0.conv1.K": 16,
    "layer1.0.conv1.L_size": 131072,
    "layer1.0.conv1.learned_a_shape": [
        1,
        261970
    ],
    "layer1.0.conv1.learned_b_shape": [
        261970,
        64
    ],
    "layer1.0.conv1.learned_d": 261970,
    "layer1.0.conv1.learned_m": 64,
    "layer1.0.conv1.learned_n": 1,
    "layer1.0.conv1.mae": 0.607565625,
    "layer1.0.conv1.mape": 0.1863056640625,
    "layer1.0.conv1.mse": 1.1390359375,
    "layer1.0.conv1.rows": -1,
    "layer1.0.conv1.scaled_error": 0.009982763671875,
    "layer1.0.conv1.scaled_shift": 0.001023944091796875,
    "layer1.0.conv1.stored_array_size": 48,
    "layer1.0.conv2.C": 32,
    "layer1.0.conv2.H_size": 5632,
    "layer1.0.conv2.K": 16,
    "layer1.0.conv2.L_size": 131072,
    "layer1.0.conv2.learned_a_shape": [
        1,
        261970
    ],
    "layer1.0.conv2.learned_b_shape": [
        261970,
        64
    ],
    "layer1.0.conv2.learned_d": 261970,
    "layer1.0.conv2.learned_m": 64,
    "layer1.0.conv2.learned_n": 1,
    "layer1.0.conv2.mae": 0.30941015625,
    "layer1.0.conv2.mape": 0.15448046875,
    "layer1.0.conv2.mse": 0.2067484375,
    "layer1.0.conv2.rows": -1,
    "layer1.0.conv2.scaled_error": 0.0190920166015625,
    "layer1.0.conv2.scaled_shift": 0.00014580917358398437,
    "layer1.0.conv2.stored_array_size": 48,
    "layer1.1.conv1.C": 32,
    "layer1.1.conv1.H_size": 5632,
    "layer1.1.conv1.K": 16,
    "layer1.1.conv1.L_size": 131072,
    "layer1.1.conv1.learned_a_shape": [
        1,
        261970
    ],
    "layer1.1.conv1.learned_b_shape": [
        261970,
        64
    ],
    "layer1.1.conv1.learned_d": 261970,
    "layer1.1.conv1.learned_m": 64,
    "layer1.1.conv1.learned_n": 1,
    "layer1.1.conv1.mae": 0.5176859375,
    "layer1.1.conv1.mape": 0.1749546875,
    "layer1.1.conv1.mse": 0.57650859375,
    "layer1.1.conv1.rows": -1,
    "layer1.1.conv1.scaled_error": 0.025737744140625,
    "layer1.1.conv1.scaled_shift": 0.004328082275390625,
    "layer1.1.conv1.stored_array_size": 48,
    "layer1.1.conv2.C": 32,
    "layer1.1.conv2.H_size": 5632,
    "layer1.1.conv2.K": 16,
    "layer1.1.conv2.L_size": 131072,
    "layer1.1.conv2.learned_a_shape": [
        1,
        261970
    ],
    "layer1.1.conv2.learned_b_shape": [
        261970,
        64
    ],
    "layer1.1.conv2.learned_d": 261970,
    "layer1.1.conv2.learned_m": 64,
    "layer1.1.conv2.learned_n": 1,
    "layer1.1.conv2.mae": 0.247916015625,
    "layer1.1.conv2.mape": 0.13525078125,
    "layer1.1.conv2.mse": 0.11941640625,
    "layer1.1.conv2.rows": -1,
    "layer1.1.conv2.scaled_error": 0.025363427734375,
    "layer1.1.conv2.scaled_shift": 0.0011037124633789062,
    "layer1.1.conv2.stored_array_size": 48,
    "layer2.0.conv1.C": 64,
    "layer2.0.conv1.H_size": 11264,
    "layer2.0.conv1.K": 16,
    "layer2.0.conv1.L_size": 524288,
    "layer2.0.conv1.learned_a_shape": [
        1,
        261970
    ],
    "layer2.0.conv1.learned_b_shape": [
        261970,
        128
    ],
    "layer2.0.conv1.learned_d": 261970,
    "layer2.0.conv1.learned_m": 128,
    "layer2.0.conv1.learned_n": 1,
    "layer2.0.conv1.mae": 0.4173671875,
    "layer2.0.conv1.mape": 0.16336171875,
    "layer2.0.conv1.mse": 0.373313671875,
    "layer2.0.conv1.rows": -1,
    "layer2.0.conv1.scaled_error": 0.02117099609375,
    "layer2.0.conv1.scaled_shift": 0.0029096954345703124,
    "layer2.0.conv1.stored_array_size": 48,
    "layer2.0.conv2.C": 64,
    "layer2.0.conv2.H_size": 11264,
    "layer2.0.conv2.K": 16,
    "layer2.0.conv2.L_size": 524288,
    "layer2.0.conv2.learned_a_shape": [
        1,
        261970
    ],
    "layer2.0.conv2.learned_b_shape": [
        261970,
        128
    ],
    "layer2.0.conv2.learned_d": 261970,
    "layer2.0.conv2.learned_m": 128,
    "layer2.0.conv2.learned_n": 1,
    "layer2.0.conv2.mae": 0.26700234375,
    "layer2.0.conv2.mape": 0.1548642578125,
    "layer2.0.conv2.mse": 0.12575703125,
    "layer2.0.conv2.rows": -1,
    "layer2.0.conv2.scaled_error": 0.0367681640625,
    "layer2.0.conv2.scaled_shift": 0.0025083221435546876,
    "layer2.0.conv2.stored_array_size": 48,
    "layer2.0.downsample.0.C": 32,
    "layer2.0.downsample.0.H_size": 5632,
    "layer2.0.downsample.0.K": 16,
    "layer2.0.downsample.0.L_size": 262144,
    "layer2.0.downsample.0.learned_a_shape": [
        1,
        261970
    ],
    "layer2.0.downsample.0.learned_b_shape": [
        261970,
        128
    ],
    "layer2.0.downsample.0.learned_d": 261970,
    "layer2.0.downsample.0.learned_m": 128,
    "layer2.0.downsample.0.learned_n": 1,
    "layer2.0.downsample.0.mae": 0.096788671875,
    "layer2.0.downsample.0.mape": 0.05500048828125,
    "layer2.0.downsample.0.mse": 0.02097158203125,
    "layer2.0.downsample.0.rows": -1,
    "layer2.0.downsample.0.scaled_error": 0.00891392822265625,
    "layer2.0.downsample.0.scaled_shift": 7.067766189575195e-05,
    "layer2.0.downsample.0.stored_array_size": 48,
    "top_1_accuracy": 90.48,
    "top_5_accuracy": 99.64
}