{
    "halut_layers": "{\"layer3.1.conv2\": [128, -1, 16], \"layer3.1.conv1\": [128, -1, 16], \"layer3.0.downsample.0\": [32, -1, 16], \"layer3.0.conv2\": [128, -1, 16], \"layer3.0.conv1\": [128, -1, 16], \"layer2.1.conv2\": [64, -1, 16], \"layer2.1.conv1\": [64, -1, 16], \"layer2.0.downsample.0\": [32, -1, 16], \"layer2.0.conv2\": [64, -1, 16], \"layer2.0.conv1\": [64, -1, 16], \"layer1.1.conv2\": [32, -1, 16], \"layer1.1.conv1\": [32, -1, 16], \"layer1.0.conv2\": [32, -1, 16], \"layer1.0.conv1\": [32, -1, 16]}",
    "layer1.0.conv1.C": 32,
    "layer1.0.conv1.H_size": 5632,
    "layer1.0.conv1.K": 16,
    "layer1.0.conv1.L_size": 131072,
    "layer1.0.conv1.learned_a_shape": [
        1,
        261970
    ],
    "layer1.0.conv1.learned_b_shape": [
        261970,
        64
    ],
    "layer1.0.conv1.learned_d": 261970,
    "layer1.0.conv1.learned_m": 64,
    "layer1.0.conv1.learned_n": 1,
    "layer1.0.conv1.mae": 0.4650337239583333,
    "layer1.0.conv1.mape": 0.1647970703125,
    "layer1.0.conv1.mse": 0.5817684895833334,
    "layer1.0.conv1.rows": -1,
    "layer1.0.conv1.scaled_error": 0.008664261881510416,
    "layer1.0.conv1.scaled_shift": 0.0004693374633789063,
    "layer1.0.conv1.stored_array_size": 48,
    "layer1.0.conv2.C": 32,
    "layer1.0.conv2.H_size": 5632,
    "layer1.0.conv2.K": 16,
    "layer1.0.conv2.L_size": 131072,
    "layer1.0.conv2.learned_a_shape": [
        1,
        261970
    ],
    "layer1.0.conv2.learned_b_shape": [
        261970,
        64
    ],
    "layer1.0.conv2.learned_d": 261970,
    "layer1.0.conv2.learned_m": 64,
    "layer1.0.conv2.learned_n": 1,
    "layer1.0.conv2.mae": 0.2725626302083333,
    "layer1.0.conv2.mape": 0.14523170572916666,
    "layer1.0.conv2.mse": 0.15631695963541667,
    "layer1.0.conv2.rows": -1,
    "layer1.0.conv2.scaled_error": 0.018302608235677083,
    "layer1.0.conv2.scaled_shift": -7.64207363128662e-05,
    "layer1.0.conv2.stored_array_size": 48,
    "layer1.1.conv1.C": 32,
    "layer1.1.conv1.H_size": 5632,
    "layer1.1.conv1.K": 16,
    "layer1.1.conv1.L_size": 131072,
    "layer1.1.conv1.learned_a_shape": [
        1,
        261970
    ],
    "layer1.1.conv1.learned_b_shape": [
        261970,
        64
    ],
    "layer1.1.conv1.learned_d": 261970,
    "layer1.1.conv1.learned_m": 64,
    "layer1.1.conv1.learned_n": 1,
    "layer1.1.conv1.mae": 0.4259042317708333,
    "layer1.1.conv1.mape": 0.16208629557291668,
    "layer1.1.conv1.mse": 0.3538280598958333,
    "layer1.1.conv1.rows": -1,
    "layer1.1.conv1.scaled_error": 0.02370228271484375,
    "layer1.1.conv1.scaled_shift": 0.001401846186319987,
    "layer1.1.conv1.stored_array_size": 48,
    "layer1.1.conv2.C": 32,
    "layer1.1.conv2.H_size": 5632,
    "layer1.1.conv2.K": 16,
    "layer1.1.conv2.L_size": 131072,
    "layer1.1.conv2.learned_a_shape": [
        1,
        261970
    ],
    "layer1.1.conv2.learned_b_shape": [
        261970,
        64
    ],
    "layer1.1.conv2.learned_d": 261970,
    "layer1.1.conv2.learned_m": 64,
    "layer1.1.conv2.learned_n": 1,
    "layer1.1.conv2.mae": 0.21850520833333334,
    "layer1.1.conv2.mape": 0.12549322916666666,
    "layer1.1.conv2.mse": 0.09072708333333333,
    "layer1.1.conv2.rows": -1,
    "layer1.1.conv2.scaled_error": 0.02345054931640625,
    "layer1.1.conv2.scaled_shift": 0.00041730899810791015,
    "layer1.1.conv2.stored_array_size": 48,
    "layer2.0.conv1.C": 64,
    "layer2.0.conv1.H_size": 11264,
    "layer2.0.conv1.K": 16,
    "layer2.0.conv1.L_size": 524288,
    "layer2.0.conv1.learned_a_shape": [
        1,
        261970
    ],
    "layer2.0.conv1.learned_b_shape": [
        261970,
        128
    ],
    "layer2.0.conv1.learned_d": 261970,
    "layer2.0.conv1.learned_m": 128,
    "layer2.0.conv1.learned_n": 1,
    "layer2.0.conv1.mae": 0.3274474609375,
    "layer2.0.conv1.mape": 0.14703821614583334,
    "layer2.0.conv1.mse": 0.20571458333333334,
    "layer2.0.conv1.rows": -1,
    "layer2.0.conv1.scaled_error": 0.01758536376953125,
    "layer2.0.conv1.scaled_shift": 7.873956362406413e-05,
    "layer2.0.conv1.stored_array_size": 48,
    "layer2.0.conv2.C": 64,
    "layer2.0.conv2.H_size": 11264,
    "layer2.0.conv2.K": 16,
    "layer2.0.conv2.L_size": 524288,
    "layer2.0.conv2.learned_a_shape": [
        1,
        261970
    ],
    "layer2.0.conv2.learned_b_shape": [
        261970,
        128
    ],
    "layer2.0.conv2.learned_d": 261970,
    "layer2.0.conv2.learned_m": 128,
    "layer2.0.conv2.learned_n": 1,
    "layer2.0.conv2.mae": 0.24641171875,
    "layer2.0.conv2.mape": 0.146348828125,
    "layer2.0.conv2.mse": 0.10670519205729166,
    "layer2.0.conv2.rows": -1,
    "layer2.0.conv2.scaled_error": 0.034410636393229166,
    "layer2.0.conv2.scaled_shift": 0.002169274393717448,
    "layer2.0.conv2.stored_array_size": 48,
    "layer2.0.downsample.0.C": 32,
    "layer2.0.downsample.0.H_size": 5632,
    "layer2.0.downsample.0.K": 16,
    "layer2.0.downsample.0.L_size": 262144,
    "layer2.0.downsample.0.learned_a_shape": [
        1,
        261970
    ],
    "layer2.0.downsample.0.learned_b_shape": [
        261970,
        128
    ],
    "layer2.0.downsample.0.learned_d": 261970,
    "layer2.0.downsample.0.learned_m": 128,
    "layer2.0.downsample.0.learned_n": 1,
    "layer2.0.downsample.0.mae": 0.0878701171875,
    "layer2.0.downsample.0.mape": 0.0530315673828125,
    "layer2.0.downsample.0.mse": 0.015125565592447916,
    "layer2.0.downsample.0.rows": -1,
    "layer2.0.downsample.0.scaled_error": 0.009595310465494791,
    "layer2.0.downsample.0.scaled_shift": 0.00027754106521606445,
    "layer2.0.downsample.0.stored_array_size": 48,
    "layer2.1.conv1.C": 64,
    "layer2.1.conv1.H_size": 11264,
    "layer2.1.conv1.K": 16,
    "layer2.1.conv1.L_size": 524288,
    "layer2.1.conv1.learned_a_shape": [
        1,
        261970
    ],
    "layer2.1.conv1.learned_b_shape": [
        261970,
        128
    ],
    "layer2.1.conv1.learned_d": 261970,
    "layer2.1.conv1.learned_m": 128,
    "layer2.1.conv1.learned_n": 1,
    "layer2.1.conv1.mae": 0.4100814453125,
    "layer2.1.conv1.mape": 0.19475768229166668,
    "layer2.1.conv1.mse": 0.30118873697916665,
    "layer2.1.conv1.rows": -1,
    "layer2.1.conv1.scaled_error": 0.031435587565104166,
    "layer2.1.conv1.scaled_shift": 0.003914296468098958,
    "layer2.1.conv1.stored_array_size": 48,
    "layer2.1.conv2.C": 64,
    "layer2.1.conv2.H_size": 11264,
    "layer2.1.conv2.K": 16,
    "layer2.1.conv2.L_size": 524288,
    "layer2.1.conv2.learned_a_shape": [
        1,
        261970
    ],
    "layer2.1.conv2.learned_b_shape": [
        261970,
        128
    ],
    "layer2.1.conv2.learned_d": 261970,
    "layer2.1.conv2.learned_m": 128,
    "layer2.1.conv2.learned_n": 1,
    "layer2.1.conv2.mae": 0.19757906901041666,
    "layer2.1.conv2.mape": 0.13119104817708332,
    "layer2.1.conv2.mse": 0.06479306640625,
    "layer2.1.conv2.rows": -1,
    "layer2.1.conv2.scaled_error": 0.044520743815104166,
    "layer2.1.conv2.scaled_shift": 0.00047875086466471354,
    "layer2.1.conv2.stored_array_size": 48,
    "layer3.0.conv1.C": 128,
    "layer3.0.conv1.H_size": 22528,
    "layer3.0.conv1.K": 16,
    "layer3.0.conv1.L_size": 2097152,
    "layer3.0.conv1.learned_a_shape": [
        1,
        261970
    ],
    "layer3.0.conv1.learned_b_shape": [
        261970,
        256
    ],
    "layer3.0.conv1.learned_d": 261970,
    "layer3.0.conv1.learned_m": 256,
    "layer3.0.conv1.learned_n": 1,
    "layer3.0.conv1.mae": 0.2862993489583333,
    "layer3.0.conv1.mape": 0.14994039713541665,
    "layer3.0.conv1.mse": 0.13851236979166667,
    "layer3.0.conv1.rows": -1,
    "layer3.0.conv1.scaled_error": 0.030697127278645833,
    "layer3.0.conv1.scaled_shift": 0.002934368896484375,
    "layer3.0.conv1.stored_array_size": 48,
    "layer3.0.conv2.C": 128,
    "layer3.0.conv2.H_size": 22528,
    "layer3.0.conv2.K": 16,
    "layer3.0.conv2.L_size": 2097152,
    "layer3.0.conv2.learned_a_shape": [
        1,
        261970
    ],