{
    "halut_layers": "{\"layer2.1.conv2\": [64, -1, 16], \"layer2.1.conv1\": [64, -1, 16], \"layer2.0.downsample.0\": [32, -1, 16], \"layer2.0.conv2\": [64, -1, 16], \"layer2.0.conv1\": [64, -1, 16], \"layer1.1.conv2\": [32, -1, 16], \"layer1.1.conv1\": [32, -1, 16], \"layer1.0.conv2\": [32, -1, 16], \"layer1.0.conv1\": [32, -1, 16]}",
    "layer1.0.conv1.C": 32,
    "layer1.0.conv1.H_size": 5632,
    "layer1.0.conv1.K": 16,
    "layer1.0.conv1.L_size": 131072,
    "layer1.0.conv1.learned_a_shape": [
        1,
        261970
    ],
    "layer1.0.conv1.learned_b_shape": [
        261970,
        64
    ],
    "layer1.0.conv1.learned_d": 261970,
    "layer1.0.conv1.learned_m": 64,
    "layer1.0.conv1.learned_n": 1,
    "layer1.0.conv1.mae": 0.4690819661458333,
    "layer1.0.conv1.mape": 0.1569091796875,
    "layer1.0.conv1.mse": 0.7180451822916667,
    "layer1.0.conv1.rows": -1,
    "layer1.0.conv1.scaled_error": 0.007734470621744791,
    "layer1.0.conv1.scaled_shift": 0.00021741946538289387,
    "layer1.0.conv1.stored_array_size": 48,
    "layer1.0.conv2.C": 32,
    "layer1.0.conv2.H_size": 5632,
    "layer1.0.conv2.K": 16,
    "layer1.0.conv2.L_size": 131072,
    "layer1.0.conv2.learned_a_shape": [
        1,
        261970
    ],
    "layer1.0.conv2.learned_b_shape": [
        261970,
        64
    ],
    "layer1.0.conv2.learned_d": 261970,
    "layer1.0.conv2.learned_m": 64,
    "layer1.0.conv2.learned_n": 1,
    "layer1.0.conv2.mae": 0.26900833333333335,
    "layer1.0.conv2.mape": 0.14178811848958334,
    "layer1.0.conv2.mse": 0.1528736328125,
    "layer1.0.conv2.rows": -1,
    "layer1.0.conv2.scaled_error": 0.01746300048828125,
    "layer1.0.conv2.scaled_shift": 2.317632039388021e-05,
    "layer1.0.conv2.stored_array_size": 48,
    "layer1.1.conv1.C": 32,
    "layer1.1.conv1.H_size": 5632,
    "layer1.1.conv1.K": 16,
    "layer1.1.conv1.L_size": 131072,
    "layer1.1.conv1.learned_a_shape": [
        1,
        261970
    ],
    "layer1.1.conv1.learned_b_shape": [
        261970,
        64
    ],
    "layer1.1.conv1.learned_d": 261970,
    "layer1.1.conv1.learned_m": 64,
    "layer1.1.conv1.learned_n": 1,
    "layer1.1.conv1.mae": 0.4100589192708333,
    "layer1.1.conv1.mape": 0.154455078125,
    "layer1.1.conv1.mse": 0.3383599609375,
    "layer1.1.conv1.rows": -1,
    "layer1.1.conv1.scaled_error": 0.022304121907552082,
    "layer1.1.conv1.scaled_shift": 0.001906652323404948,
    "layer1.1.conv1.stored_array_size": 48,
    "layer1.1.conv2.C": 32,
    "layer1.1.conv2.H_size": 5632,
    "layer1.1.conv2.K": 16,
    "layer1.1.conv2.L_size": 131072,
    "layer1.1.conv2.learned_a_shape": [
        1,
        261970
    ],
    "layer1.1.conv2.learned_b_shape": [
        261970,
        64
    ],
    "layer1.1.conv2.learned_d": 261970,
    "layer1.1.conv2.learned_m": 64,
    "layer1.1.conv2.learned_n": 1,
    "layer1.1.conv2.mae": 0.21471949869791668,
    "layer1.1.conv2.mape": 0.12313321940104166,
    "layer1.1.conv2.mse": 0.087937060546875,
    "layer1.1.conv2.rows": -1,
    "layer1.1.conv2.scaled_error": 0.022712093098958334,
    "layer1.1.conv2.scaled_shift": 0.000430125363667806,
    "layer1.1.conv2.stored_array_size": 48,
    "layer2.0.conv1.C": 64,
    "layer2.0.conv1.H_size": 11264,
    "layer2.0.conv1.K": 16,
    "layer2.0.conv1.L_size": 524288,
    "layer2.0.conv1.learned_a_shape": [
        1,
        261970
    ],
    "layer2.0.conv1.learned_b_shape": [
        261970,
        128
    ],
    "layer2.0.conv1.learned_d": 261970,
    "layer2.0.conv1.learned_m": 128,
    "layer2.0.conv1.learned_n": 1,
    "layer2.0.conv1.mae": 0.32244114583333333,
    "layer2.0.conv1.mape": 0.14267317708333332,
    "layer2.0.conv1.mse": 0.20611077473958334,
    "layer2.0.conv1.rows": -1,
    "layer2.0.conv1.scaled_error": 0.017153470865885416,
    "layer2.0.conv1.scaled_shift": 0.0006688931783040364,
    "layer2.0.conv1.stored_array_size": 48,
    "layer2.0.conv2.C": 64,
    "layer2.0.conv2.H_size": 11264,
    "layer2.0.conv2.K": 16,
    "layer2.0.conv2.L_size": 524288,
    "layer2.0.conv2.learned_a_shape": [
        1,
        261970
    ],
    "layer2.0.conv2.learned_b_shape": [
        261970,
        128
    ],
    "layer2.0.conv2.learned_d": 261970,
    "layer2.0.conv2.learned_m": 128,
    "layer2.0.conv2.learned_n": 1,
    "layer2.0.conv2.mae": 0.24539235026041667,
    "layer2.0.conv2.mape": 0.14501637369791667,
    "layer2.0.conv2.mse": 0.105767578125,
    "layer2.0.conv2.rows": -1,
    "layer2.0.conv2.scaled_error": 0.0341067626953125,
    "layer2.0.conv2.scaled_shift": 0.0022386250813802083,
    "layer2.0.conv2.stored_array_size": 48,
    "layer2.0.downsample.0.C": 32,
    "layer2.0.downsample.0.H_size": 5632,
    "layer2.0.downsample.0.K": 16,
    "layer2.0.downsample.0.L_size": 262144,
    "layer2.0.downsample.0.learned_a_shape": [
        1,
        261970
    ],
    "layer2.0.downsample.0.learned_b_shape": [
        261970,
        128
    ],
    "layer2.0.downsample.0.learned_d": 261970,
    "layer2.0.downsample.0.learned_m": 128,
    "layer2.0.downsample.0.learned_n": 1,
    "layer2.0.downsample.0.mae": 0.08560611979166667,
    "layer2.0.downsample.0.mape": 0.05138775227864583,
    "layer2.0.downsample.0.mse": 0.014612933349609374,
    "layer2.0.downsample.0.rows": -1,
    "layer2.0.downsample.0.scaled_error": 0.009116548665364583,
    "layer2.0.downsample.0.scaled_shift": 0.00022312250137329102,
    "layer2.0.downsample.0.stored_array_size": 48,
    "layer2.1.conv1.C": 64,
    "layer2.1.conv1.H_size": 11264,
    "layer2.1.conv1.K": 16,
    "layer2.1.conv1.L_size": 524288,
    "layer2.1.conv1.learned_a_shape": [
        1,
        261970
    ],
    "layer2.1.conv1.learned_b_shape": [
        261970,
        128
    ],
    "layer2.1.conv1.learned_d": 261970,
    "layer2.1.conv1.learned_m": 128,
    "layer2.1.conv1.learned_n": 1,
    "layer2.1.conv1.mae": 0.39049329427083335,
    "layer2.1.conv1.mape": 0.19081031901041667,
    "layer2.1.conv1.mse": 0.27508704427083336,
    "layer2.1.conv1.rows": -1,
    "layer2.1.conv1.scaled_error": 0.029571012369791667,
    "layer2.1.conv1.scaled_shift": 0.00239925537109375,
    "layer2.1.conv1.stored_array_size": 48,
    "layer2.1.conv2.C": 64,
    "layer2.1.conv2.H_size": 11264,
    "layer2.1.conv2.K": 16,
    "layer2.1.conv2.L_size": 524288,
    "layer2.1.conv2.learned_a_shape": [
        1,
        261970
    ],
    "layer2.1.conv2.learned_b_shape": [
        261970,
        128
    ],
    "layer2.1.conv2.learned_d": 261970,
    "layer2.1.conv2.learned_m": 128,
    "layer2.1.conv2.learned_n": 1,
    "layer2.1.conv2.mae": 0.19811015625,
    "layer2.1.conv2.mape": 0.1329642578125,
    "layer2.1.conv2.mse": 0.06518701171875,
    "layer2.1.conv2.rows": -1,
    "layer2.1.conv2.scaled_error": 0.04321689453125,
    "layer2.1.conv2.scaled_shift": -0.0009633926391601562,
    "layer2.1.conv2.stored_array_size": 48,
    "top_1_accuracy": 88.05,
    "top_5_accuracy": 99.48
}