{
    "blocks.14.m.qkv.C": 16,
    "blocks.14.m.qkv.H_size": 4,
    "blocks.14.m.qkv.K": 32,
    "blocks.14.m.qkv.L_size": 1048576,
    "blocks.14.m.qkv.encoding_algorithm": 2,
    "blocks.14.m.qkv.learned_a_shape": [
        18432,
        384
    ],
    "blocks.14.m.qkv.learned_b_shape": [
        384,
        512
    ],
    "blocks.14.m.qkv.learned_d": 384,
    "blocks.14.m.qkv.learned_m": 512,
    "blocks.14.m.qkv.learned_n": 18432,
    "blocks.14.m.qkv.mae": 0.7774986373901367,
    "blocks.14.m.qkv.mape": 0.3437790446472168,
    "blocks.14.m.qkv.mse": 1.137397717895508,
    "blocks.14.m.qkv.rows": 1024,
    "blocks.14.m.qkv.scaled_error": 0.04572387922286987,
    "blocks.14.m.qkv.scaled_shift": -0.00032625607788562777,
    "blocks.14.m.qkv.stored_array_size": 32,
    "halut_layers": "{\"blocks.14.m.qkv\": [16, 1024, 32, 2]}",
    "top_1_accuracy": 74.55800061035156,
    "top_5_accuracy": 91.9440008203125
}