{
    "blocks.12.kv.C": 16,
    "blocks.12.kv.H_size": 4,
    "blocks.12.kv.K": 16,
    "blocks.12.kv.L_size": 1310720,
    "blocks.12.kv.encoding_algorithm": 2,
    "blocks.12.kv.learned_a_shape": [
        56448,
        256
    ],
    "blocks.12.kv.learned_b_shape": [
        256,
        1280
    ],
    "blocks.12.kv.learned_d": 256,
    "blocks.12.kv.learned_m": 1280,
    "blocks.12.kv.learned_n": 56448,
    "blocks.12.kv.mae": 0.8543768655395508,
    "blocks.12.kv.mape": 0.37240042251586913,
    "blocks.12.kv.mse": 1.4006568594360351,
    "blocks.12.kv.rows": 1024,
    "blocks.12.kv.scaled_error": 0.03699684467315674,
    "blocks.12.kv.scaled_shift": -0.0005090205045137554,
    "blocks.12.kv.stored_array_size": 32,
    "halut_layers": "{\"blocks.12.kv\": [16, 1024, 16, 2]}",
    "top_1_accuracy": 19.174000071525573,
    "top_5_accuracy": 38.06400035140991
}