{
    "blocks.7.m.2.C": 16,
    "blocks.7.m.2.H_size": 4,
    "blocks.7.m.2.K": 32,
    "blocks.7.m.2.L_size": 524288,
    "blocks.7.m.2.encoding_algorithm": 2,
    "blocks.7.m.2.learned_a_shape": [
        56448,
        512
    ],
    "blocks.7.m.2.learned_b_shape": [
        512,
        256
    ],
    "blocks.7.m.2.learned_d": 512,
    "blocks.7.m.2.learned_m": 256,
    "blocks.7.m.2.learned_n": 56448,
    "blocks.7.m.2.mae": 0.6146110260009766,
    "blocks.7.m.2.mape": 0.33296047492980957,
    "blocks.7.m.2.mse": 0.6267045188903808,
    "blocks.7.m.2.rows": 1024,
    "blocks.7.m.2.scaled_error": 0.04720888011932373,
    "blocks.7.m.2.scaled_shift": -3.72409922699444e-05,
    "blocks.7.m.2.stored_array_size": 32,
    "halut_layers": "{\"blocks.7.m.2\": [16, 1024, 32, 2]}",
    "top_1_accuracy": 75.77800088378906,
    "top_5_accuracy": 92.41400065917969
}