{
    "blocks.0.m.proj.1.C": 16,
    "blocks.0.m.proj.1.H_size": 2816,
    "blocks.0.m.proj.1.K": 16,
    "blocks.0.m.proj.1.L_size": 131072,
    "blocks.0.m.proj.1.encoding_algorithm": 0,
    "blocks.0.m.proj.1.learned_a_shape": [
        225792,
        128
    ],
    "blocks.0.m.proj.1.learned_b_shape": [
        128,
        128
    ],
    "blocks.0.m.proj.1.learned_d": 128,
    "blocks.0.m.proj.1.learned_m": 128,
    "blocks.0.m.proj.1.learned_n": 225792,
    "blocks.0.m.proj.1.mae": 1.2485226376342773,
    "blocks.0.m.proj.1.mape": 0.5933942538452148,
    "blocks.0.m.proj.1.mse": 5.390723627929687,
    "blocks.0.m.proj.1.rows": 1024,
    "blocks.0.m.proj.1.scaled_error": 0.04622607856750488,
    "blocks.0.m.proj.1.scaled_shift": 0.0007417143037170172,
    "blocks.0.m.proj.1.stored_array_size": 32,
    "halut_layers": "{\"blocks.0.m.proj.1\": [16, 1024, 16, 0]}",
    "top_1_accuracy": 0.3960000089263916,
    "top_5_accuracy": 1.370000006828308
}