{
    "blocks.11.m.0.C": 16,
    "blocks.11.m.0.H_size": 6144,
    "blocks.11.m.0.K": 32,
    "blocks.11.m.0.L_size": 1048576,
    "blocks.11.m.0.encoding_algorithm": 1,
    "blocks.11.m.0.learned_a_shape": [
        56448,
        256
    ],
    "blocks.11.m.0.learned_b_shape": [
        256,
        512
    ],
    "blocks.11.m.0.learned_d": 256,
    "blocks.11.m.0.learned_m": 512,
    "blocks.11.m.0.learned_n": 56448,
    "blocks.11.m.0.mae": 0.7604644784545899,
    "blocks.11.m.0.mape": 0.32288729469299315,
    "blocks.11.m.0.mse": 1.0471219735717774,
    "blocks.11.m.0.rows": 1024,
    "blocks.11.m.0.scaled_error": 0.04217704544067383,
    "blocks.11.m.0.scaled_shift": -0.0005252625353401527,
    "blocks.11.m.0.stored_array_size": 32,
    "halut_layers": "{\"blocks.11.m.0\": [16, 1024, 32, 1]}",
    "top_1_accuracy": 69.76200078613282,
    "top_5_accuracy": 89.14600098388672
}