{
    "blocks.0.m.qkv.C": 64,
    "blocks.0.m.qkv.H_size": 4,
    "blocks.0.m.qkv.K": 16,
    "blocks.0.m.qkv.L_size": 1048576,
    "blocks.0.m.qkv.encoding_algorithm": 2,
    "blocks.0.m.qkv.learned_a_shape": [
        225792,
        128
    ],
    "blocks.0.m.qkv.learned_b_shape": [
        128,
        256
    ],
    "blocks.0.m.qkv.learned_d": 128,
    "blocks.0.m.qkv.learned_m": 256,
    "blocks.0.m.qkv.learned_n": 225792,
    "blocks.0.m.qkv.mae": 0.27214962188720704,
    "blocks.0.m.qkv.mape": 0.13178631107330321,
    "blocks.0.m.qkv.mse": 0.18685778793334962,
    "blocks.0.m.qkv.rows": 1024,
    "blocks.0.m.qkv.scaled_error": 0.007189339841604233,
    "blocks.0.m.qkv.scaled_shift": -0.00023710820734500885,
    "blocks.0.m.qkv.stored_array_size": 32,
    "halut_layers": "{\"blocks.0.m.qkv\": [64, 1024, 16, 2]}",
    "top_1_accuracy": 69.16400081665039,
    "top_5_accuracy": 88.47600114746093
}