{
    "blocks.10.m.qkv.C": 16,
    "blocks.10.m.qkv.H_size": 4,
    "blocks.10.m.qkv.K": 16,
    "blocks.10.m.qkv.L_size": 393216,
    "blocks.10.m.qkv.encoding_algorithm": 2,
    "blocks.10.m.qkv.learned_a_shape": [
        56448,
        256
    ],
    "blocks.10.m.qkv.learned_b_shape": [
        256,
        384
    ],
    "blocks.10.m.qkv.learned_d": 256,
    "blocks.10.m.qkv.learned_m": 384,
    "blocks.10.m.qkv.learned_n": 56448,
    "blocks.10.m.qkv.mae": 0.5889801910400391,
    "blocks.10.m.qkv.mape": 0.2659789366912842,
    "blocks.10.m.qkv.mse": 0.7701567068481445,
    "blocks.10.m.qkv.rows": 1024,
    "blocks.10.m.qkv.scaled_error": 0.025214163599014284,
    "blocks.10.m.qkv.scaled_shift": -0.00039301683879457416,
    "blocks.10.m.qkv.stored_array_size": 32,
    "halut_layers": "{\"blocks.10.m.qkv\": [16, 1024, 16, 2]}",
    "top_1_accuracy": 75.18600056030273,
    "top_5_accuracy": 92.05200093017578
}