{
    "blocks.10.m.qkv.C": 32,
    "blocks.10.m.qkv.H_size": 6144,
    "blocks.10.m.qkv.K": 16,
    "blocks.10.m.qkv.L_size": 786432,
    "blocks.10.m.qkv.encoding_algorithm": 1,
    "blocks.10.m.qkv.learned_a_shape": [
        56448,
        256
    ],
    "blocks.10.m.qkv.learned_b_shape": [
        256,
        384
    ],
    "blocks.10.m.qkv.learned_d": 256,
    "blocks.10.m.qkv.learned_m": 384,
    "blocks.10.m.qkv.learned_n": 56448,
    "blocks.10.m.qkv.mae": 1.044615124206543,
    "blocks.10.m.qkv.mape": 0.45901772827148435,
    "blocks.10.m.qkv.mse": 2.2331252087402342,
    "blocks.10.m.qkv.rows": 1024,
    "blocks.10.m.qkv.scaled_error": 0.044862074460983274,
    "blocks.10.m.qkv.scaled_shift": 0.00027489608960808257,
    "blocks.10.m.qkv.stored_array_size": 32,
    "halut_layers": "{\"blocks.10.m.qkv\": [32, 1024, 16, 1]}",
    "top_1_accuracy": 71.18600072387696,
    "top_5_accuracy": 89.60600073730468
}