{
    "blocks.18.m.proj.1.C": 32,
    "blocks.18.m.proj.1.H_size": 4,
    "blocks.18.m.proj.1.K": 32,
    "blocks.18.m.proj.1.L_size": 1572864,
    "blocks.18.m.proj.1.encoding_algorithm": 2,
    "blocks.18.m.proj.1.learned_a_shape": [
        18432,
        256
    ],
    "blocks.18.m.proj.1.learned_b_shape": [
        256,
        384
    ],
    "blocks.18.m.proj.1.learned_d": 256,
    "blocks.18.m.proj.1.learned_m": 384,
    "blocks.18.m.proj.1.learned_n": 18432,
    "blocks.18.m.proj.1.mae": 0.6708851232910156,
    "blocks.18.m.proj.1.mape": 0.32918554595947264,
    "blocks.18.m.proj.1.mse": 1.0469506497192382,
    "blocks.18.m.proj.1.rows": 1024,
    "blocks.18.m.proj.1.scaled_error": 0.008854620764255524,
    "blocks.18.m.proj.1.scaled_shift": 0.00010572136283619329,
    "blocks.18.m.proj.1.stored_array_size": 32,
    "halut_layers": "{\"blocks.18.m.proj.1\": [32, 1024, 32, 2]}",
    "top_1_accuracy": 75.74400072387695,
    "top_5_accuracy": 92.70600084960938
}