{
    "blocks.8.m.proj.1.C": 32,
    "blocks.8.m.proj.1.H_size": 6144,
    "blocks.8.m.proj.1.K": 16,
    "blocks.8.m.proj.1.L_size": 524288,
    "blocks.8.m.proj.1.encoding_algorithm": 1,
    "blocks.8.m.proj.1.learned_a_shape": [
        56448,
        192
    ],
    "blocks.8.m.proj.1.learned_b_shape": [
        192,
        256
    ],
    "blocks.8.m.proj.1.learned_d": 192,
    "blocks.8.m.proj.1.learned_m": 256,
    "blocks.8.m.proj.1.learned_n": 56448,
    "blocks.8.m.proj.1.mae": 1.1944973544311523,
    "blocks.8.m.proj.1.mape": 0.5768205264282227,
    "blocks.8.m.proj.1.mse": 3.124366754760742,
    "blocks.8.m.proj.1.rows": 1024,
    "blocks.8.m.proj.1.scaled_error": 0.04026911628723145,
    "blocks.8.m.proj.1.scaled_shift": -0.00025152785945800133,
    "blocks.8.m.proj.1.stored_array_size": 32,
    "halut_layers": "{\"blocks.8.m.proj.1\": [32, 1024, 16, 1]}",
    "top_1_accuracy": 72.21400054321289,
    "top_5_accuracy": 90.2220009375
}