{
    "blocks.5.m.0.C": 32,
    "blocks.5.m.0.H_size": 12288,
    "blocks.5.m.0.K": 32,
    "blocks.5.m.0.L_size": 2097152,
    "blocks.5.m.0.encoding_algorithm": 1,
    "blocks.5.m.0.learned_a_shape": [
        56448,
        256
    ],
    "blocks.5.m.0.learned_b_shape": [
        256,
        512
    ],
    "blocks.5.m.0.learned_d": 256,
    "blocks.5.m.0.learned_m": 512,
    "blocks.5.m.0.learned_n": 56448,
    "blocks.5.m.0.mae": 0.8950062973022461,
    "blocks.5.m.0.mape": 0.37842168312072755,
    "blocks.5.m.0.mse": 1.3947763720703126,
    "blocks.5.m.0.rows": 1024,
    "blocks.5.m.0.scaled_error": 0.05109359137535095,
    "blocks.5.m.0.scaled_shift": 0.0019024820472300053,
    "blocks.5.m.0.stored_array_size": 32,
    "halut_layers": "{\"blocks.5.m.0\": [32, 1024, 32, 1]}",
    "top_1_accuracy": 73.76600085327148,
    "top_5_accuracy": 91.32400068359375
}