{
    "blocks.1.m.0.C": 16,
    "blocks.1.m.0.H_size": 4,
    "blocks.1.m.0.K": 32,
    "blocks.1.m.0.L_size": 524288,
    "blocks.1.m.0.encoding_algorithm": 2,
    "blocks.1.m.0.learned_a_shape": [
        225792,
        128
    ],
    "blocks.1.m.0.learned_b_shape": [
        128,
        256
    ],
    "blocks.1.m.0.learned_d": 128,
    "blocks.1.m.0.learned_m": 256,
    "blocks.1.m.0.learned_n": 225792,
    "blocks.1.m.0.mae": 0.9412027304077148,
    "blocks.1.m.0.mape": 0.3477696899414062,
    "blocks.1.m.0.mse": 1.8624589233398436,
    "blocks.1.m.0.rows": 1024,
    "blocks.1.m.0.scaled_error": 0.01734912835597992,
    "blocks.1.m.0.scaled_shift": -0.000787657782882452,
    "blocks.1.m.0.stored_array_size": 32,
    "halut_layers": "{\"blocks.1.m.0\": [16, 1024, 32, 2]}",
    "top_1_accuracy": 69.81800084594727,
    "top_5_accuracy": 88.59600090576171
}