{
    "blocks.5.m.2.C": 32,
    "blocks.5.m.2.H_size": 6144,
    "blocks.5.m.2.K": 16,
    "blocks.5.m.2.L_size": 524288,
    "blocks.5.m.2.encoding_algorithm": 1,
    "blocks.5.m.2.learned_a_shape": [
        56448,
        512
    ],
    "blocks.5.m.2.learned_b_shape": [
        512,
        256
    ],
    "blocks.5.m.2.learned_d": 512,
    "blocks.5.m.2.learned_m": 256,
    "blocks.5.m.2.learned_n": 56448,
    "blocks.5.m.2.mae": 1.078495239868164,
    "blocks.5.m.2.mape": 0.6342027447509766,
    "blocks.5.m.2.mse": 1.9486602734375,
    "blocks.5.m.2.rows": 1024,
    "blocks.5.m.2.scaled_error": 0.09494072778701783,
    "blocks.5.m.2.scaled_shift": -0.003489603227376938,
    "blocks.5.m.2.stored_array_size": 32,
    "halut_layers": "{\"blocks.5.m.2\": [32, 1024, 16, 1]}",
    "top_1_accuracy": 66.04400091918946,
    "top_5_accuracy": 85.84000083740234
}