{
    "blocks.8.m.qkv.C": 32,
    "blocks.8.m.qkv.H_size": 12288,
    "blocks.8.m.qkv.K": 32,
    "blocks.8.m.qkv.L_size": 1572864,
    "blocks.8.m.qkv.encoding_algorithm": 1,
    "blocks.8.m.qkv.learned_a_shape": [
        56448,
        256
    ],
    "blocks.8.m.qkv.learned_b_shape": [
        256,
        384
    ],
    "blocks.8.m.qkv.learned_d": 256,
    "blocks.8.m.qkv.learned_m": 384,
    "blocks.8.m.qkv.learned_n": 56448,
    "blocks.8.m.qkv.mae": 1.1153660223388673,
    "blocks.8.m.qkv.mape": 0.4671518467712402,
    "blocks.8.m.qkv.mse": 2.9136619384765625,
    "blocks.8.m.qkv.rows": 1024,
    "blocks.8.m.qkv.scaled_error": 0.03164760445594787,
    "blocks.8.m.qkv.scaled_shift": 0.001946911974698305,
    "blocks.8.m.qkv.stored_array_size": 32,
    "halut_layers": "{\"blocks.8.m.qkv\": [32, 1024, 32, 1]}",
    "top_1_accuracy": 73.19000093994141,
    "top_5_accuracy": 90.81000098388672
}