{
    "blocks.11.m.0.C": 32,
    "blocks.11.m.0.H_size": 5632,
    "blocks.11.m.0.K": 16,
    "blocks.11.m.0.L_size": 1048576,
    "blocks.11.m.0.encoding_algorithm": 0,
    "blocks.11.m.0.learned_a_shape": [
        56448,
        256
    ],
    "blocks.11.m.0.learned_b_shape": [
        256,
        512
    ],
    "blocks.11.m.0.learned_d": 256,
    "blocks.11.m.0.learned_m": 512,
    "blocks.11.m.0.learned_n": 56448,
    "blocks.11.m.0.mae": 0.7503413482666016,
    "blocks.11.m.0.mape": 0.31103815605163576,
    "blocks.11.m.0.mse": 1.018264386291504,
    "blocks.11.m.0.rows": 1024,
    "blocks.11.m.0.scaled_error": 0.04162230521202087,
    "blocks.11.m.0.scaled_shift": 0.004715841999053955,
    "blocks.11.m.0.stored_array_size": 32,
    "halut_layers": "{\"blocks.11.m.0\": [32, 1024, 16, 0]}",
    "top_1_accuracy": 66.76800064453126,
    "top_5_accuracy": 87.24600045654297
}