{
    "blocks.19.m.2.C": 16,
    "blocks.19.m.2.H_size": 6144,
    "blocks.19.m.2.K": 32,
    "blocks.19.m.2.L_size": 786432,
    "blocks.19.m.2.encoding_algorithm": 1,
    "blocks.19.m.2.learned_a_shape": [
        18432,
        768
    ],
    "blocks.19.m.2.learned_b_shape": [
        768,
        384
    ],
    "blocks.19.m.2.learned_d": 768,
    "blocks.19.m.2.learned_m": 384,
    "blocks.19.m.2.learned_n": 18432,
    "blocks.19.m.2.mae": 3.4834843981933594,
    "blocks.19.m.2.mape": 1.1691783856201172,
    "blocks.19.m.2.mse": 21.755168798828127,
    "blocks.19.m.2.rows": 1024,
    "blocks.19.m.2.scaled_error": 0.055661792459487915,
    "blocks.19.m.2.scaled_shift": 0.002361875737905502,
    "blocks.19.m.2.stored_array_size": 32,
    "halut_layers": "{\"blocks.19.m.2\": [16, 1024, 32, 1]}",
    "top_1_accuracy": 64.41200081787109,
    "top_5_accuracy": 86.69200089599609
}