{
    "blocks.20.m.proj.1.C": 16,
    "blocks.20.m.proj.1.H_size": 6144,
    "blocks.20.m.proj.1.K": 32,
    "blocks.20.m.proj.1.L_size": 786432,
    "blocks.20.m.proj.1.encoding_algorithm": 1,
    "blocks.20.m.proj.1.learned_a_shape": [
        18432,
        256
    ],
    "blocks.20.m.proj.1.learned_b_shape": [
        256,
        384
    ],
    "blocks.20.m.proj.1.learned_d": 256,
    "blocks.20.m.proj.1.learned_m": 384,
    "blocks.20.m.proj.1.learned_n": 18432,
    "blocks.20.m.proj.1.mae": 1.2095017221069335,
    "blocks.20.m.proj.1.mape": 0.563479672088623,
    "blocks.20.m.proj.1.mse": 6.056212397460937,
    "blocks.20.m.proj.1.rows": 1024,
    "blocks.20.m.proj.1.scaled_error": 0.012723842506408692,
    "blocks.20.m.proj.1.scaled_shift": -9.78556158556603e-05,
    "blocks.20.m.proj.1.stored_array_size": 32,
    "halut_layers": "{\"blocks.20.m.proj.1\": [16, 1024, 32, 1]}",
    "top_1_accuracy": 75.85200083496093,
    "top_5_accuracy": 92.67400119140625
}