{
    "blocks.4.kv.C": 32,
    "blocks.4.kv.H_size": 4,
    "blocks.4.kv.K": 16,
    "blocks.4.kv.L_size": 1310720,
    "blocks.4.kv.encoding_algorithm": 2,
    "blocks.4.kv.learned_a_shape": [
        225792,
        128
    ],
    "blocks.4.kv.learned_b_shape": [
        128,
        640
    ],
    "blocks.4.kv.learned_d": 128,
    "blocks.4.kv.learned_m": 640,
    "blocks.4.kv.learned_n": 225792,
    "blocks.4.kv.mae": 0.49169694915771484,
    "blocks.4.kv.mape": 0.21554295783996583,
    "blocks.4.kv.mse": 0.48314008590698243,
    "blocks.4.kv.rows": 1024,
    "blocks.4.kv.scaled_error": 0.015464613857269287,
    "blocks.4.kv.scaled_shift": -0.00042160241175442936,
    "blocks.4.kv.stored_array_size": 32,
    "halut_layers": "{\"blocks.4.kv\": [32, 1024, 16, 2]}",
    "top_1_accuracy": 69.92600088989258,
    "top_5_accuracy": 88.81000057373046
}