{
    "blocks.0.m.proj.1.C": 32,
    "blocks.0.m.proj.1.H_size": 4,
    "blocks.0.m.proj.1.K": 32,
    "blocks.0.m.proj.1.L_size": 524288,
    "blocks.0.m.proj.1.encoding_algorithm": 2,
    "blocks.0.m.proj.1.learned_a_shape": [
        225792,
        128
    ],
    "blocks.0.m.proj.1.learned_b_shape": [
        128,
        128
    ],
    "blocks.0.m.proj.1.learned_d": 128,
    "blocks.0.m.proj.1.learned_m": 128,
    "blocks.0.m.proj.1.learned_n": 225792,
    "blocks.0.m.proj.1.mae": 0.28746365547180175,
    "blocks.0.m.proj.1.mape": 0.14779290119171143,
    "blocks.0.m.proj.1.mse": 0.24781287078857422,
    "blocks.0.m.proj.1.rows": 1024,
    "blocks.0.m.proj.1.scaled_error": 0.010646239285469055,
    "blocks.0.m.proj.1.scaled_shift": -9.680954133989872e-05,
    "blocks.0.m.proj.1.stored_array_size": 32,
    "halut_layers": "{\"blocks.0.m.proj.1\": [32, 1024, 32, 2]}",
    "top_1_accuracy": 71.24000088989258,
    "top_5_accuracy": 89.74000065429688
}