{
    "blocks.8.m.qkv.C": 32,
    "blocks.8.m.qkv.H_size": 4,
    "blocks.8.m.qkv.K": 32,
    "blocks.8.m.qkv.L_size": 1572864,
    "blocks.8.m.qkv.encoding_algorithm": 2,
    "blocks.8.m.qkv.learned_a_shape": [
        56448,
        256
    ],
    "blocks.8.m.qkv.learned_b_shape": [
        256,
        384
    ],
    "blocks.8.m.qkv.learned_d": 256,
    "blocks.8.m.qkv.learned_m": 384,
    "blocks.8.m.qkv.learned_n": 56448,
    "blocks.8.m.qkv.mae": 0.5294658152770996,
    "blocks.8.m.qkv.mape": 0.23423141326904298,
    "blocks.8.m.qkv.mse": 0.7095905595397949,
    "blocks.8.m.qkv.rows": 1024,
    "blocks.8.m.qkv.scaled_error": 0.01502383858203888,
    "blocks.8.m.qkv.scaled_shift": -0.00025631661312654615,
    "blocks.8.m.qkv.stored_array_size": 32,
    "halut_layers": "{\"blocks.8.m.qkv\": [32, 1024, 32, 2]}",
    "top_1_accuracy": 75.93800107543946,
    "top_5_accuracy": 92.59400081542968
}