{
    "blocks.17.m.0.C": 32,
    "blocks.17.m.0.H_size": 6144,
    "blocks.17.m.0.K": 16,
    "blocks.17.m.0.L_size": 1572864,
    "blocks.17.m.0.encoding_algorithm": 1,
    "blocks.17.m.0.learned_a_shape": [
        18432,
        384
    ],
    "blocks.17.m.0.learned_b_shape": [
        384,
        768
    ],
    "blocks.17.m.0.learned_d": 384,
    "blocks.17.m.0.learned_m": 768,
    "blocks.17.m.0.learned_n": 18432,
    "blocks.17.m.0.mae": 1.0162666445922852,
    "blocks.17.m.0.mape": 0.3682062689971924,
    "blocks.17.m.0.mse": 1.9698355889892578,
    "blocks.17.m.0.rows": 1024,
    "blocks.17.m.0.scaled_error": 0.06103036714553833,
    "blocks.17.m.0.scaled_shift": 0.005684266541600228,
    "blocks.17.m.0.stored_array_size": 32,
    "halut_layers": "{\"blocks.17.m.0\": [32, 1024, 16, 1]}",
    "top_1_accuracy": 68.76400089233398,
    "top_5_accuracy": 89.07400088378907
}