{
    "blocks.4.kv.C": 16,
    "blocks.4.kv.H_size": 6144,
    "blocks.4.kv.K": 32,
    "blocks.4.kv.L_size": 1310720,
    "blocks.4.kv.encoding_algorithm": 1,
    "blocks.4.kv.learned_a_shape": [
        225792,
        128
    ],
    "blocks.4.kv.learned_b_shape": [
        128,
        640
    ],
    "blocks.4.kv.learned_d": 128,
    "blocks.4.kv.learned_m": 640,
    "blocks.4.kv.learned_n": 225792,
    "blocks.4.kv.mae": 1.2045281268310546,
    "blocks.4.kv.mape": 0.5153590945434571,
    "blocks.4.kv.mse": 2.7686858911132814,
    "blocks.4.kv.rows": 1024,
    "blocks.4.kv.scaled_error": 0.037893466444015506,
    "blocks.4.kv.scaled_shift": -6.827835034579038e-05,
    "blocks.4.kv.stored_array_size": 32,
    "halut_layers": "{\"blocks.4.kv\": [16, 1024, 32, 1]}",
    "top_1_accuracy": 0.09799999935150147,
    "top_5_accuracy": 0.5920000064849853
}