{
    "blocks.2.m.proj.1.C": 16,
    "blocks.2.m.proj.1.H_size": 4,
    "blocks.2.m.proj.1.K": 32,
    "blocks.2.m.proj.1.L_size": 262144,
    "blocks.2.m.proj.1.encoding_algorithm": 2,
    "blocks.2.m.proj.1.learned_a_shape": [
        225792,
        128
    ],
    "blocks.2.m.proj.1.learned_b_shape": [
        128,
        128
    ],
    "blocks.2.m.proj.1.learned_d": 128,
    "blocks.2.m.proj.1.learned_m": 128,
    "blocks.2.m.proj.1.learned_n": 225792,
    "blocks.2.m.proj.1.mae": 0.4470948731994629,
    "blocks.2.m.proj.1.mape": 0.2456387100982666,
    "blocks.2.m.proj.1.mse": 0.4220428515625,
    "blocks.2.m.proj.1.rows": 1024,
    "blocks.2.m.proj.1.scaled_error": 0.028955461769104004,
    "blocks.2.m.proj.1.scaled_shift": -0.0001366590887948405,
    "blocks.2.m.proj.1.stored_array_size": 32,
    "halut_layers": "{\"blocks.2.m.proj.1\": [16, 1024, 32, 2]}",
    "top_1_accuracy": 74.8160009350586,
    "top_5_accuracy": 91.90800098388672
}