{
    "blocks.20.m.proj.1.C": 32,
    "blocks.20.m.proj.1.H_size": 12288,
    "blocks.20.m.proj.1.K": 32,
    "blocks.20.m.proj.1.L_size": 1572864,
    "blocks.20.m.proj.1.encoding_algorithm": 1,
    "blocks.20.m.proj.1.learned_a_shape": [
        18432,
        256
    ],
    "blocks.20.m.proj.1.learned_b_shape": [
        256,
        384
    ],
    "blocks.20.m.proj.1.learned_d": 256,
    "blocks.20.m.proj.1.learned_m": 384,
    "blocks.20.m.proj.1.learned_n": 18432,
    "blocks.20.m.proj.1.mae": 1.491409880065918,
    "blocks.20.m.proj.1.mape": 0.7252125556945801,
    "blocks.20.m.proj.1.mse": 15.817361606445312,
    "blocks.20.m.proj.1.rows": 1024,
    "blocks.20.m.proj.1.scaled_error": 0.01571841917514801,
    "blocks.20.m.proj.1.scaled_shift": -0.0013347025242447853,
    "blocks.20.m.proj.1.stored_array_size": 32,
    "halut_layers": "{\"blocks.20.m.proj.1\": [32, 1024, 32, 1]}",
    "top_1_accuracy": 74.37400084228516,
    "top_5_accuracy": 91.27400077392578
}