{
    "blocks.12.proj.1.C": 16,
    "blocks.12.proj.1.H_size": 2816,
    "blocks.12.proj.1.K": 16,
    "blocks.12.proj.1.L_size": 393216,
    "blocks.12.proj.1.encoding_algorithm": 0,
    "blocks.12.proj.1.learned_a_shape": [
        18432,
        1024
    ],
    "blocks.12.proj.1.learned_b_shape": [
        1024,
        384
    ],
    "blocks.12.proj.1.learned_d": 1024,
    "blocks.12.proj.1.learned_m": 384,
    "blocks.12.proj.1.learned_n": 18432,
    "blocks.12.proj.1.mae": 2.633911908569336,
    "blocks.12.proj.1.mape": 0.8421723419189453,
    "blocks.12.proj.1.mse": 12.3839148046875,
    "blocks.12.proj.1.rows": 1024,
    "blocks.12.proj.1.scaled_error": 0.09539102272033692,
    "blocks.12.proj.1.scaled_shift": 0.0029946669555362313,
    "blocks.12.proj.1.stored_array_size": 32,
    "halut_layers": "{\"blocks.12.proj.1\": [16, 1024, 16, 0]}",
    "top_1_accuracy": 0.08799999973297119,
    "top_5_accuracy": 0.43400000078201295
}