{
    "blocks.16.m.proj.1.C": 32,
    "blocks.16.m.proj.1.H_size": 4,
    "blocks.16.m.proj.1.K": 16,
    "blocks.16.m.proj.1.L_size": 786432,
    "blocks.16.m.proj.1.encoding_algorithm": 2,
    "blocks.16.m.proj.1.learned_a_shape": [
        18432,
        256
    ],
    "blocks.16.m.proj.1.learned_b_shape": [
        256,
        384
    ],
    "blocks.16.m.proj.1.learned_d": 256,
    "blocks.16.m.proj.1.learned_m": 384,
    "blocks.16.m.proj.1.learned_n": 18432,
    "blocks.16.m.proj.1.mae": 0.5332122276306153,
    "blocks.16.m.proj.1.mape": 0.28991702949523923,
    "blocks.16.m.proj.1.mse": 0.5789358951568604,
    "blocks.16.m.proj.1.rows": 1024,
    "blocks.16.m.proj.1.scaled_error": 0.014023510193824768,
    "blocks.16.m.proj.1.scaled_shift": 0.00011255245393083896,
    "blocks.16.m.proj.1.stored_array_size": 32,
    "halut_layers": "{\"blocks.16.m.proj.1\": [32, 1024, 16, 2]}",
    "top_1_accuracy": 75.8900008959961,
    "top_5_accuracy": 92.68600086669922
}