{
    "halut_layers": "{\"layer1.0.conv1\": [32, -1, 16]}",
    "layer1.0.conv1.C": 32,
    "layer1.0.conv1.H_size": 5632,
    "layer1.0.conv1.K": 16,
    "layer1.0.conv1.L_size": 131072,
    "layer1.0.conv1.learned_a_shape": [
        1,
        261970
    ],
    "layer1.0.conv1.learned_b_shape": [
        261970,
        64
    ],
    "layer1.0.conv1.learned_d": 261970,
    "layer1.0.conv1.learned_m": 64,
    "layer1.0.conv1.learned_n": 1,
    "layer1.0.conv1.mae": 0.387014787197113,
    "layer1.0.conv1.mape": 0.15816682426929474,
    "layer1.0.conv1.mse": 0.3459334248542786,
    "layer1.0.conv1.rows": -1,
    "layer1.0.conv1.scaled_error": 0.022155689179897308,
    "layer1.0.conv1.scaled_shift": 0.0022000342797487975,
    "layer1.0.conv1.stored_array_size": 48,
    "top_1_accuracy": 91.24,
    "top_5_accuracy": 99.65
}