{
    "halut_layers": "{\"layer4.1.conv1\": [256, -1, 16], \"layer4.0.downsample.0\": [32, -1, 16], \"layer4.0.conv2\": [256, -1, 16], \"layer4.0.conv1\": [256, -1, 16], \"layer3.1.conv2\": [128, -1, 16], \"layer3.1.conv1\": [128, -1, 16], \"layer3.0.downsample.0\": [32, -1, 16], \"layer3.0.conv2\": [128, -1, 16], \"layer3.0.conv1\": [128, -1, 16], \"layer2.1.conv2\": [64, -1, 16], \"layer2.1.conv1\": [64, -1, 16], \"layer2.0.downsample.0\": [32, -1, 16], \"layer2.0.conv2\": [64, -1, 16], \"layer2.0.conv1\": [64, -1, 16], \"layer1.1.conv2\": [32, -1, 16], \"layer1.1.conv1\": [32, -1, 16], \"layer1.0.conv2\": [32, -1, 16], \"layer1.0.conv1\": [32, -1, 16]}",
    "layer1.0.conv1.C": 32,
    "layer1.0.conv1.H_size": 5632,
    "layer1.0.conv1.K": 16,
    "layer1.0.conv1.L_size": 131072,
    "layer1.0.conv1.learned_a_shape": [
        1,
        261970
    ],
    "layer1.0.conv1.learned_b_shape": [
        261970,
        64
    ],
    "layer1.0.conv1.learned_d": 261970,
    "layer1.0.conv1.learned_m": 64,
    "layer1.0.conv1.learned_n": 1,
    "layer1.0.conv1.mae": 0.4047339551448822,
    "layer1.0.conv1.mape": 0.20841945118904115,
    "layer1.0.conv1.mse": 0.3085113579750061,
    "layer1.0.conv1.rows": -1,
    "layer1.0.conv1.scaled_error": 0.028473053723573685,
    "layer1.0.conv1.scaled_shift": -0.004603301435709,
    "layer1.0.conv1.stored_array_size": 48,
    "layer1.0.conv2.C": 32,
    "layer1.0.conv2.H_size": 5632,
    "layer1.0.conv2.K": 16,
    "layer1.0.conv2.L_size": 131072,
    "layer1.0.conv2.learned_a_shape": [
        1,
        261970
    ],
    "layer1.0.conv2.learned_b_shape": [
        261970,
        64
    ],
    "layer1.0.conv2.learned_d": 261970,
    "layer1.0.conv2.learned_m": 64,
    "layer1.0.conv2.learned_n": 1,
    "layer1.0.conv2.mae": 0.2396652907848358,
    "layer1.0.conv2.mape": 0.16947701630592346,
    "layer1.0.conv2.mse": 0.09689467666149139,
    "layer1.0.conv2.rows": -1,
    "layer1.0.conv2.scaled_error": 0.041080337488651274,
    "layer1.0.conv2.scaled_shift": -0.00842977910041809,
    "layer1.0.conv2.stored_array_size": 48,
    "layer1.1.conv1.C": 32,
    "layer1.1.conv1.H_size": 5632,
    "layer1.1.conv1.K": 16,
    "layer1.1.conv1.L_size": 131072,
    "layer1.1.conv1.learned_a_shape": [
        1,
        261970
    ],
    "layer1.1.conv1.learned_b_shape": [
        261970,
        64
    ],
    "layer1.1.conv1.learned_d": 261970,
    "layer1.1.conv1.learned_m": 64,
    "layer1.1.conv1.learned_n": 1,
    "layer1.1.conv1.mae": 0.36734267625808714,
    "layer1.1.conv1.mape": 0.20949724366664887,
    "layer1.1.conv1.mse": 0.2391720097541809,
    "layer1.1.conv1.rows": -1,
    "layer1.1.conv1.scaled_error": 0.038517558580636976,
    "layer1.1.conv1.scaled_shift": -0.007607462817430496,
    "layer1.1.conv1.stored_array_size": 48,
    "layer1.1.conv2.C": 32,
    "layer1.1.conv2.H_size": 5632,
    "layer1.1.conv2.K": 16,
    "layer1.1.conv2.L_size": 131072,
    "layer1.1.conv2.learned_a_shape": [
        1,
        261970
    ],
    "layer1.1.conv2.learned_b_shape": [
        261970,
        64
    ],
    "layer1.1.conv2.learned_d": 261970,
    "layer1.1.conv2.learned_m": 64,
    "layer1.1.conv2.learned_n": 1,
    "layer1.1.conv2.mae": 0.1451947121143341,
    "layer1.1.conv2.mape": 0.11321869523525238,
    "layer1.1.conv2.mse": 0.035341168522834775,
    "layer1.1.conv2.rows": -1,
    "layer1.1.conv2.scaled_error": 0.044173335433006285,
    "layer1.1.conv2.scaled_shift": -0.0051028196439147,
    "layer1.1.conv2.stored_array_size": 48,
    "layer2.0.conv1.C": 64,
    "layer2.0.conv1.H_size": 11264,
    "layer2.0.conv1.K": 16,
    "layer2.0.conv1.L_size": 524288,
    "layer2.0.conv1.learned_a_shape": [
        1,
        261970
    ],
    "layer2.0.conv1.learned_b_shape": [
        261970,
        128
    ],
    "layer2.0.conv1.learned_d": 261970,
    "layer2.0.conv1.learned_m": 128,
    "layer2.0.conv1.learned_n": 1,
    "layer2.0.conv1.mae": 0.32983449883460997,
    "layer2.0.conv1.mape": 0.19093235833644867,
    "layer2.0.conv1.mse": 0.18391253995895385,
    "layer2.0.conv1.rows": -1,
    "layer2.0.conv1.scaled_error": 0.03023792657852173,
    "layer2.0.conv1.scaled_shift": -0.006397982515394688,
    "layer2.0.conv1.stored_array_size": 48,
    "layer2.0.conv2.C": 64,
    "layer2.0.conv2.H_size": 11264,
    "layer2.0.conv2.K": 16,
    "layer2.0.conv2.L_size": 524288,
    "layer2.0.conv2.learned_a_shape": [
        1,
        261970
    ],
    "layer2.0.conv2.learned_b_shape": [
        261970,
        128
    ],
    "layer2.0.conv2.learned_d": 261970,
    "layer2.0.conv2.learned_m": 128,
    "layer2.0.conv2.learned_n": 1,
    "layer2.0.conv2.mae": 0.1765746855735779,
    "layer2.0.conv2.mape": 0.1283817987203598,
    "layer2.0.conv2.mse": 0.05200431781411171,
    "layer2.0.conv2.rows": -1,
    "layer2.0.conv2.scaled_error": 0.050147600728273393,
    "layer2.0.conv2.scaled_shift": -0.01068552968353033,
    "layer2.0.conv2.stored_array_size": 48,
    "layer2.0.downsample.0.C": 32,
    "layer2.0.downsample.0.H_size": 5632,
    "layer2.0.downsample.0.K": 16,
    "layer2.0.downsample.0.L_size": 262144,
    "layer2.0.downsample.0.learned_a_shape": [
        1,
        261970
    ],
    "layer2.0.downsample.0.learned_b_shape": [
        261970,
        128
    ],
    "layer2.0.downsample.0.learned_d": 261970,
    "layer2.0.downsample.0.learned_m": 128,
    "layer2.0.downsample.0.learned_n": 1,
    "layer2.0.downsample.0.mae": 0.061821964174509046,
    "layer2.0.downsample.0.mape": 0.04621799963712692,
    "layer2.0.downsample.0.mse": 0.006388190445303917,
    "layer2.0.downsample.0.rows": -1,
    "layer2.0.downsample.0.scaled_error": 0.015507380440831185,
    "layer2.0.downsample.0.scaled_shift": -0.0007158263944089413,
    "layer2.0.downsample.0.stored_array_size": 48,
    "layer2.1.conv1.C": 64,
    "layer2.1.conv1.H_size": 11264,
    "layer2.1.conv1.K": 16,
    "layer2.1.conv1.L_size": 524288,
    "layer2.1.conv1.learned_a_shape": [
        1,
        261970
    ],
    "layer2.1.conv1.learned_b_shape": [
        261970,
        128
    ],
    "layer2.1.conv1.learned_d": 261970,
    "layer2.1.conv1.learned_m": 128,
    "layer2.1.conv1.learned_n": 1,
    "layer2.1.conv1.mae": 0.3065159980773926,
    "layer2.1.conv1.mape": 0.18802080111503602,
    "layer2.1.conv1.mse": 0.160993957901001,
    "layer2.1.conv1.rows": -1,
    "layer2.1.conv1.scaled_error": 0.041821070855855944,
    "layer2.1.conv1.scaled_shift": -0.004159604524821043,
    "layer2.1.conv1.stored_array_size": 48,
    "layer2.1.conv2.C": 64,
    "layer2.1.conv2.H_size": 11264,
    "layer2.1.conv2.K": 16,
    "layer2.1.conv2.L_size": 524288,
    "layer2.1.conv2.learned_a_shape": [
        1,
        261970
    ],
    "layer2.1.conv2.learned_b_shape": [
        261970,
        128
    ],
    "layer2.1.conv2.learned_d": 261970,
    "layer2.1.conv2.learned_m": 128,
    "layer2.1.conv2.learned_n": 1,
    "layer2.1.conv2.mae": 0.1173124517917633,
    "layer2.1.conv2.mape": 0.09448453247547149,
    "layer2.1.conv2.mse": 0.022163313776254655,
    "layer2.1.conv2.rows": -1,
    "layer2.1.conv2.scaled_error": 0.06316004903316498,
    "layer2.1.conv2.scaled_shift": -0.016048163324594498,
    "layer2.1.conv2.stored_array_size": 48,
    "layer3.0.conv1.C": 128,
    "layer3.0.conv1.H_size": 22528,
    "layer3.0.conv1.K": 16,
    "layer3.0.conv1.L_size": 2097152,
    "layer3.0.conv1.learned_a_shape": [
        1,
        261970
    ],
    "layer3.0.conv1.learned_b_shape": [
        261970,
        256
    ],
    "layer3.0.conv1.learned_d": 261970,
    "layer3.0.conv1.learned_m": 256,
    "layer3.0.conv1.learned_n": 1,
    "layer3.0.conv1.mae": 0.20881427829265595,
    "layer3.0.conv1.mape": 0.1319493767261505,
    "layer3.0.conv1.mse": 0.07143527654409408,
    "layer3.0.conv1.rows": -1,
    "layer3.0.conv1.scaled_error": 0.04433682459592819,
    "layer3.0.conv1.scaled_shift": -0.00720245663896203,
    "layer3.0.conv1.stored_array_size": 48,
    "layer3.0.conv2.C": 128,