{
    "halut_layers": "{\"layer1.1.conv1\": [32, -1, 16], \"layer1.0.conv2\": [32, -1, 16], \"layer1.0.conv1\": [32, -1, 16]}",
    "layer1.0.conv1.C": 32,
    "layer1.0.conv1.H_size": 5632,
    "layer1.0.conv1.K": 16,
    "layer1.0.conv1.L_size": 131072,
    "layer1.0.conv1.learned_a_shape": [
        1,
        261970
    ],
    "layer1.0.conv1.learned_b_shape": [
        261970,
        64
    ],
    "layer1.0.conv1.learned_d": 261970,
    "layer1.0.conv1.learned_m": 64,
    "layer1.0.conv1.learned_n": 1,
    "layer1.0.conv1.mae": 0.611177641582489,
    "layer1.0.conv1.mape": 0.21120083839893342,
    "layer1.0.conv1.mse": 0.87380055809021,
    "layer1.0.conv1.rows": -1,
    "layer1.0.conv1.scaled_error": 0.02609415480196476,
    "layer1.0.conv1.scaled_shift": 0.0052642884731292725,
    "layer1.0.conv1.stored_array_size": 48,
    "layer1.0.conv2.C": 32,
    "layer1.0.conv2.H_size": 5632,
    "layer1.0.conv2.K": 16,
    "layer1.0.conv2.L_size": 131072,
    "layer1.0.conv2.learned_a_shape": [
        1,
        261970
    ],
    "layer1.0.conv2.learned_b_shape": [
        261970,
        64
    ],
    "layer1.0.conv2.learned_d": 261970,
    "layer1.0.conv2.learned_m": 64,
    "layer1.0.conv2.learned_n": 1,
    "layer1.0.conv2.mae": 0.27283114938735964,
    "layer1.0.conv2.mape": 0.1559504629135132,
    "layer1.0.conv2.mse": 0.14213085312843324,
    "layer1.0.conv2.rows": -1,
    "layer1.0.conv2.scaled_error": 0.03096001672744751,
    "layer1.0.conv2.scaled_shift": 0.0006038768873549997,
    "layer1.0.conv2.stored_array_size": 48,
    "layer1.1.conv1.C": 32,
    "layer1.1.conv1.H_size": 5632,
    "layer1.1.conv1.K": 16,
    "layer1.1.conv1.L_size": 131072,
    "layer1.1.conv1.learned_a_shape": [
        1,
        261970
    ],
    "layer1.1.conv1.learned_b_shape": [
        261970,
        64
    ],
    "layer1.1.conv1.learned_d": 261970,
    "layer1.1.conv1.learned_m": 64,
    "layer1.1.conv1.learned_n": 1,
    "layer1.1.conv1.mae": 0.4954478754043579,
    "layer1.1.conv1.mape": 0.201707040143013,
    "layer1.1.conv1.mse": 0.5198617035865783,
    "layer1.1.conv1.rows": -1,
    "layer1.1.conv1.scaled_error": 0.03171175355315208,
    "layer1.1.conv1.scaled_shift": 0.005466857367753983,
    "layer1.1.conv1.stored_array_size": 48,
    "top_1_accuracy": 92.0,
    "top_5_accuracy": 99.75
}