{
    "halut_layers": "{\"layer4.1.conv2\": [256, -1, 16], \"layer4.1.conv1\": [256, -1, 16], \"layer4.0.downsample.0\": [32, -1, 16], \"layer4.0.conv2\": [256, -1, 16], \"layer4.0.conv1\": [256, -1, 16], \"layer3.1.conv2\": [128, -1, 16], \"layer3.1.conv1\": [128, -1, 16], \"layer3.0.downsample.0\": [32, -1, 16], \"layer3.0.conv2\": [128, -1, 16], \"layer3.0.conv1\": [128, -1, 16], \"layer2.1.conv2\": [64, -1, 16], \"layer2.1.conv1\": [64, -1, 16], \"layer2.0.downsample.0\": [32, -1, 16], \"layer2.0.conv2\": [64, -1, 16], \"layer2.0.conv1\": [64, -1, 16], \"layer1.1.conv2\": [32, -1, 16], \"layer1.1.conv1\": [32, -1, 16], \"layer1.0.conv2\": [32, -1, 16], \"layer1.0.conv1\": [32, -1, 16]}",
    "layer1.0.conv1.C": 32,
    "layer1.0.conv1.H_size": 5632,
    "layer1.0.conv1.K": 16,
    "layer1.0.conv1.L_size": 131072,
    "layer1.0.conv1.learned_a_shape": [
        1,
        261970
    ],
    "layer1.0.conv1.learned_b_shape": [
        261970,
        64
    ],
    "layer1.0.conv1.learned_d": 261970,
    "layer1.0.conv1.learned_m": 64,
    "layer1.0.conv1.learned_n": 1,
    "layer1.0.conv1.mae": 0.39825829267501833,
    "layer1.0.conv1.mape": 0.21017197146415711,
    "layer1.0.conv1.mse": 0.2919150909423828,
    "layer1.0.conv1.rows": -1,
    "layer1.0.conv1.scaled_error": 0.029521519833803175,
    "layer1.0.conv1.scaled_shift": -0.0053638755291700365,
    "layer1.0.conv1.stored_array_size": 48,
    "layer1.0.conv2.C": 32,
    "layer1.0.conv2.H_size": 5632,
    "layer1.0.conv2.K": 16,
    "layer1.0.conv2.L_size": 131072,
    "layer1.0.conv2.learned_a_shape": [
        1,
        261970
    ],
    "layer1.0.conv2.learned_b_shape": [
        261970,
        64
    ],
    "layer1.0.conv2.learned_d": 261970,
    "layer1.0.conv2.learned_m": 64,
    "layer1.0.conv2.learned_n": 1,
    "layer1.0.conv2.mae": 0.239605614733696,
    "layer1.0.conv2.mape": 0.17164820957183838,
    "layer1.0.conv2.mse": 0.09610560125112534,
    "layer1.0.conv2.rows": -1,
    "layer1.0.conv2.scaled_error": 0.04231115248799324,
    "layer1.0.conv2.scaled_shift": -0.009383861674368381,
    "layer1.0.conv2.stored_array_size": 48,
    "layer1.1.conv1.C": 32,
    "layer1.1.conv1.H_size": 5632,
    "layer1.1.conv1.K": 16,
    "layer1.1.conv1.L_size": 131072,
    "layer1.1.conv1.learned_a_shape": [
        1,
        261970
    ],
    "layer1.1.conv1.learned_b_shape": [
        261970,
        64
    ],
    "layer1.1.conv1.learned_d": 261970,
    "layer1.1.conv1.learned_m": 64,
    "layer1.1.conv1.learned_n": 1,
    "layer1.1.conv1.mae": 0.3647844509124756,
    "layer1.1.conv1.mape": 0.21256038606166838,
    "layer1.1.conv1.mse": 0.23373731536865233,
    "layer1.1.conv1.rows": -1,
    "layer1.1.conv1.scaled_error": 0.04040505383014679,
    "layer1.1.conv1.scaled_shift": -0.008830712677538394,
    "layer1.1.conv1.stored_array_size": 48,
    "layer1.1.conv2.C": 32,
    "layer1.1.conv2.H_size": 5632,
    "layer1.1.conv2.K": 16,
    "layer1.1.conv2.L_size": 131072,
    "layer1.1.conv2.learned_a_shape": [
        1,
        261970
    ],
    "layer1.1.conv2.learned_b_shape": [
        261970,
        64
    ],
    "layer1.1.conv2.learned_d": 261970,
    "layer1.1.conv2.learned_m": 64,
    "layer1.1.conv2.learned_n": 1,
    "layer1.1.conv2.mae": 0.14285272800922394,
    "layer1.1.conv2.mape": 0.11253608497381211,
    "layer1.1.conv2.mse": 0.034151711422204974,
    "layer1.1.conv2.rows": -1,
    "layer1.1.conv2.scaled_error": 0.04511347616314888,
    "layer1.1.conv2.scaled_shift": -0.005777267841994762,
    "layer1.1.conv2.stored_array_size": 48,
    "layer2.0.conv1.C": 64,
    "layer2.0.conv1.H_size": 11264,
    "layer2.0.conv1.K": 16,
    "layer2.0.conv1.L_size": 524288,
    "layer2.0.conv1.learned_a_shape": [
        1,
        261970
    ],
    "layer2.0.conv1.learned_b_shape": [
        261970,
        128
    ],
    "layer2.0.conv1.learned_d": 261970,
    "layer2.0.conv1.learned_m": 128,
    "layer2.0.conv1.learned_n": 1,
    "layer2.0.conv1.mae": 0.32847699937820435,
    "layer2.0.conv1.mape": 0.19391502022743226,
    "layer2.0.conv1.mse": 0.18058670163154603,
    "layer2.0.conv1.rows": -1,
    "layer2.0.conv1.scaled_error": 0.03145268141329288,
    "layer2.0.conv1.scaled_shift": -0.007035579431802034,
    "layer2.0.conv1.stored_array_size": 48,
    "layer2.0.conv2.C": 64,
    "layer2.0.conv2.H_size": 11264,
    "layer2.0.conv2.K": 16,
    "layer2.0.conv2.L_size": 524288,
    "layer2.0.conv2.learned_a_shape": [
        1,
        261970
    ],
    "layer2.0.conv2.learned_b_shape": [
        261970,
        128
    ],
    "layer2.0.conv2.learned_d": 261970,
    "layer2.0.conv2.learned_m": 128,
    "layer2.0.conv2.learned_n": 1,
    "layer2.0.conv2.mae": 0.17306342213153839,
    "layer2.0.conv2.mape": 0.12741332550048828,
    "layer2.0.conv2.mse": 0.04982697843909264,
    "layer2.0.conv2.rows": -1,
    "layer2.0.conv2.scaled_error": 0.0506140789270401,
    "layer2.0.conv2.scaled_shift": -0.012212996710836888,
    "layer2.0.conv2.stored_array_size": 48,
    "layer2.0.downsample.0.C": 32,
    "layer2.0.downsample.0.H_size": 5632,
    "layer2.0.downsample.0.K": 16,
    "layer2.0.downsample.0.L_size": 262144,
    "layer2.0.downsample.0.learned_a_shape": [
        1,
        261970
    ],
    "layer2.0.downsample.0.learned_b_shape": [
        261970,
        128
    ],
    "layer2.0.downsample.0.learned_d": 261970,
    "layer2.0.downsample.0.learned_m": 128,
    "layer2.0.downsample.0.learned_n": 1,
    "layer2.0.downsample.0.mae": 0.06155011259317398,
    "layer2.0.downsample.0.mape": 0.046613662660121916,
    "layer2.0.downsample.0.mse": 0.006296178301423788,
    "layer2.0.downsample.0.rows": -1,
    "layer2.0.downsample.0.scaled_error": 0.016290833538770675,
    "layer2.0.downsample.0.scaled_shift": -0.0008594194039702415,
    "layer2.0.downsample.0.stored_array_size": 48,
    "layer2.1.conv1.C": 64,
    "layer2.1.conv1.H_size": 11264,
    "layer2.1.conv1.K": 16,
    "layer2.1.conv1.L_size": 524288,
    "layer2.1.conv1.learned_a_shape": [
        1,
        261970
    ],
    "layer2.1.conv1.learned_b_shape": [
        261970,
        128
    ],
    "layer2.1.conv1.learned_d": 261970,
    "layer2.1.conv1.learned_m": 128,
    "layer2.1.conv1.learned_n": 1,
    "layer2.1.conv1.mae": 0.29808208088874816,
    "layer2.1.conv1.mape": 0.18669355411529542,
    "layer2.1.conv1.mse": 0.15135257725715637,
    "layer2.1.conv1.rows": -1,
    "layer2.1.conv1.scaled_error": 0.04307934651374817,
    "layer2.1.conv1.scaled_shift": -0.005733474653214216,
    "layer2.1.conv1.stored_array_size": 48,
    "layer2.1.conv2.C": 64,
    "layer2.1.conv2.H_size": 11264,
    "layer2.1.conv2.K": 16,
    "layer2.1.conv2.L_size": 524288,
    "layer2.1.conv2.learned_a_shape": [
        1,
        261970
    ],
    "layer2.1.conv2.learned_b_shape": [
        261970,
        128
    ],
    "layer2.1.conv2.learned_d": 261970,
    "layer2.1.conv2.learned_m": 128,
    "layer2.1.conv2.learned_n": 1,
    "layer2.1.conv2.mae": 0.11558239095211029,
    "layer2.1.conv2.mape": 0.09390887954235076,
    "layer2.1.conv2.mse": 0.021477146434783937,
    "layer2.1.conv2.rows": -1,
    "layer2.1.conv2.scaled_error": 0.06429340171813964,
    "layer2.1.conv2.scaled_shift": -0.018047180384397506,
    "layer2.1.conv2.stored_array_size": 48,
    "layer3.0.conv1.C": 128,
    "layer3.0.conv1.H_size": 22528,
    "layer3.0.conv1.K": 16,
    "layer3.0.conv1.L_size": 2097152,
    "layer3.0.conv1.learned_a_shape": [
        1,
        261970
    ],
    "layer3.0.conv1.learned_b_shape": [
        261970,
        256
    ],
    "layer3.0.conv1.learned_d": 261970,
    "layer3.0.conv1.learned_m": 256,
    "layer3.0.conv1.learned_n": 1,
    "layer3.0.conv1.mae": 0.20411759507656096,
    "layer3.0.conv1.mape": 0.13150243136882783,
    "layer3.0.conv1.mse": 0.0679795916557312,
    "layer3.0.conv1.rows": -1,
    "layer3.0.conv1.scaled_error": 0.045216819006204605,
    "layer3.0.conv1.scaled_shift": -0.009528629150986671,