{
    "halut_layers": "{\"layer1.0.conv1\": [64, -1, 16, 0]}",
    "layer1.0.conv1.C": 64,
    "layer1.0.conv1.H_size": 11264,
    "layer1.0.conv1.K": 16,
    "layer1.0.conv1.L_size": 262144,
    "layer1.0.conv1.encoding_algorithm": 0,
    "layer1.0.conv1.learned_a_shape": [
        1,
        262052
    ],
    "layer1.0.conv1.learned_b_shape": [
        262052,
        64
    ],
    "layer1.0.conv1.learned_d": 262052,
    "layer1.0.conv1.learned_m": 64,
    "layer1.0.conv1.learned_n": 1,
    "layer1.0.conv1.mae": 0.43205016145706177,
    "layer1.0.conv1.mape": 0.12023954709768295,
    "layer1.0.conv1.mse": 0.5422505449295044,
    "layer1.0.conv1.rows": -1,
    "layer1.0.conv1.scaled_error": 0.0062228968933224675,
    "layer1.0.conv1.scaled_shift": 0.0006817280311137438,
    "layer1.0.conv1.stored_array_size": 32,
    "top_1_accuracy": 87.18,
    "top_5_accuracy": 99.58
}