{
    "halut_layers": "{\"layer1.0.conv2\": [64, -1, 16, 0], \"layer1.0.conv1\": [64, -1, 16, 0]}",
    "layer1.0.conv1.C": 64,
    "layer1.0.conv1.H_size": 11264,
    "layer1.0.conv1.K": 16,
    "layer1.0.conv1.L_size": 262144,
    "layer1.0.conv1.encoding_algorithm": 0,
    "layer1.0.conv1.learned_a_shape": [
        1,
        262052
    ],
    "layer1.0.conv1.learned_b_shape": [
        262052,
        64
    ],
    "layer1.0.conv1.learned_d": 262052,
    "layer1.0.conv1.learned_m": 64,
    "layer1.0.conv1.learned_n": 1,
    "layer1.0.conv1.mae": 0.3448552749156952,
    "layer1.0.conv1.mape": 0.10429048294027646,
    "layer1.0.conv1.mse": 0.32967013483047486,
    "layer1.0.conv1.rows": -1,
    "layer1.0.conv1.scaled_error": 0.005360080310950676,
    "layer1.0.conv1.scaled_shift": 0.00011627982796926517,
    "layer1.0.conv1.stored_array_size": 32,
    "layer1.0.conv2.C": 64,
    "layer1.0.conv2.H_size": 11264,
    "layer1.0.conv2.K": 16,
    "layer1.0.conv2.L_size": 262144,
    "layer1.0.conv2.encoding_algorithm": 0,
    "layer1.0.conv2.learned_a_shape": [
        1,
        262052
    ],
    "layer1.0.conv2.learned_b_shape": [
        262052,
        64
    ],
    "layer1.0.conv2.learned_d": 262052,
    "layer1.0.conv2.learned_m": 64,
    "layer1.0.conv2.learned_n": 1,
    "layer1.0.conv2.mae": 0.27884961652755735,
    "layer1.0.conv2.mape": 0.10187573547363281,
    "layer1.0.conv2.mse": 0.18244999182224272,
    "layer1.0.conv2.rows": -1,
    "layer1.0.conv2.scaled_error": 0.003021494673192501,
    "layer1.0.conv2.scaled_shift": 5.556350708939135e-05,
    "layer1.0.conv2.stored_array_size": 32,
    "top_1_accuracy": 86.91,
    "top_5_accuracy": 99.52
}