{
    "halut_layers": "{\"layer4.1.conv2\": [64, -1, 16, 0], \"layer4.1.conv1\": [64, -1, 16, 0], \"layer4.0.downsample.0\": [64, -1, 16, 0], \"layer4.0.conv2\": [64, -1, 16, 0], \"layer4.0.conv1\": [64, -1, 16, 0], \"layer3.1.conv2\": [64, -1, 16, 0], \"layer3.1.conv1\": [64, -1, 16, 0], \"layer3.0.downsample.0\": [64, -1, 16, 0], \"layer3.0.conv2\": [64, -1, 16, 0], \"layer3.0.conv1\": [64, -1, 16, 0], \"layer2.1.conv2\": [64, -1, 16, 0], \"layer2.1.conv1\": [64, -1, 16, 0], \"layer2.0.downsample.0\": [64, -1, 16, 0], \"layer2.0.conv2\": [64, -1, 16, 0], \"layer2.0.conv1\": [64, -1, 16, 0], \"layer1.1.conv2\": [64, -1, 16, 0], \"layer1.1.conv1\": [64, -1, 16, 0], \"layer1.0.conv2\": [64, -1, 16, 0], \"layer1.0.conv1\": [64, -1, 16, 0]}",
    "layer1.0.conv1.C": 64,
    "layer1.0.conv1.H_size": 11264,
    "layer1.0.conv1.K": 16,
    "layer1.0.conv1.L_size": 262144,
    "layer1.0.conv1.encoding_algorithm": 0,
    "layer1.0.conv1.learned_a_shape": [
        1,
        262052
    ],
    "layer1.0.conv1.learned_b_shape": [
        262052,
        64
    ],
    "layer1.0.conv1.learned_d": 262052,
    "layer1.0.conv1.learned_m": 64,
    "layer1.0.conv1.learned_n": 1,
    "layer1.0.conv1.mae": 0.4343474452495575,
    "layer1.0.conv1.mape": 0.12051820968389511,
    "layer1.0.conv1.mse": 0.5460391461372376,
    "layer1.0.conv1.rows": -1,
    "layer1.0.conv1.scaled_error": 0.006262494350969792,
    "layer1.0.conv1.scaled_shift": 0.0006749361626803875,
    "layer1.0.conv1.stored_array_size": 32,
    "layer1.0.conv2.C": 64,
    "layer1.0.conv2.H_size": 11264,
    "layer1.0.conv2.K": 16,
    "layer1.0.conv2.L_size": 262144,
    "layer1.0.conv2.encoding_algorithm": 0,
    "layer1.0.conv2.learned_a_shape": [
        1,
        262052
    ],
    "layer1.0.conv2.learned_b_shape": [
        262052,
        64
    ],
    "layer1.0.conv2.learned_d": 262052,
    "layer1.0.conv2.learned_m": 64,
    "layer1.0.conv2.learned_n": 1,
    "layer1.0.conv2.mae": 0.27981432518959043,
    "layer1.0.conv2.mape": 0.10182832998037339,
    "layer1.0.conv2.mse": 0.18376310813426971,
    "layer1.0.conv2.rows": -1,
    "layer1.0.conv2.scaled_error": 0.00303810498341918,
    "layer1.0.conv2.scaled_shift": 5.019326953915879e-05,
    "layer1.0.conv2.stored_array_size": 32,
    "layer1.1.conv1.C": 64,
    "layer1.1.conv1.H_size": 11264,
    "layer1.1.conv1.K": 16,
    "layer1.1.conv1.L_size": 262144,
    "layer1.1.conv1.encoding_algorithm": 0,
    "layer1.1.conv1.learned_a_shape": [
        1,
        262052
    ],
    "layer1.1.conv1.learned_b_shape": [
        262052,
        64
    ],
    "layer1.1.conv1.learned_d": 262052,
    "layer1.1.conv1.learned_m": 64,
    "layer1.1.conv1.learned_n": 1,
    "layer1.1.conv1.mae": 0.4212113618850708,
    "layer1.1.conv1.mape": 0.10515144095420838,
    "layer1.1.conv1.mse": 0.45733465366363524,
    "layer1.1.conv1.rows": -1,
    "layer1.1.conv1.scaled_error": 0.003084449052810669,
    "layer1.1.conv1.scaled_shift": 8.148320491891355e-05,
    "layer1.1.conv1.stored_array_size": 32,
    "layer1.1.conv2.C": 64,
    "layer1.1.conv2.H_size": 11264,
    "layer1.1.conv2.K": 16,
    "layer1.1.conv2.L_size": 262144,
    "layer1.1.conv2.encoding_algorithm": 0,
    "layer1.1.conv2.learned_a_shape": [
        1,
        262052
    ],
    "layer1.1.conv2.learned_b_shape": [
        262052,
        64
    ],
    "layer1.1.conv2.learned_d": 262052,
    "layer1.1.conv2.learned_m": 64,
    "layer1.1.conv2.learned_n": 1,
    "layer1.1.conv2.mae": 0.21117444431781768,
    "layer1.1.conv2.mape": 0.0828608256816864,
    "layer1.1.conv2.mse": 0.11236823939085007,
    "layer1.1.conv2.rows": -1,
    "layer1.1.conv2.scaled_error": 0.0023447950668632985,
    "layer1.1.conv2.scaled_shift": 2.3165655002230778e-05,
    "layer1.1.conv2.stored_array_size": 32,
    "layer2.0.conv1.C": 64,
    "layer2.0.conv1.H_size": 11264,
    "layer2.0.conv1.K": 16,
    "layer2.0.conv1.L_size": 524288,
    "layer2.0.conv1.encoding_algorithm": 0,
    "layer2.0.conv1.learned_a_shape": [
        1,
        262052
    ],
    "layer2.0.conv1.learned_b_shape": [
        262052,
        128
    ],
    "layer2.0.conv1.learned_d": 262052,
    "layer2.0.conv1.learned_m": 128,
    "layer2.0.conv1.learned_n": 1,
    "layer2.0.conv1.mae": 0.3006823046684265,
    "layer2.0.conv1.mape": 0.11250900145769119,
    "layer2.0.conv1.mse": 0.20706192336082457,
    "layer2.0.conv1.rows": -1,
    "layer2.0.conv1.scaled_error": 0.0023548097904771566,
    "layer2.0.conv1.scaled_shift": 5.1709441421553494e-05,
    "layer2.0.conv1.stored_array_size": 32,
    "layer2.0.conv2.C": 64,
    "layer2.0.conv2.H_size": 11264,
    "layer2.0.conv2.K": 16,
    "layer2.0.conv2.L_size": 524288,
    "layer2.0.conv2.encoding_algorithm": 0,
    "layer2.0.conv2.learned_a_shape": [
        1,
        262052
    ],
    "layer2.0.conv2.learned_b_shape": [
        262052,
        128
    ],
    "layer2.0.conv2.learned_d": 262052,
    "layer2.0.conv2.learned_m": 128,
    "layer2.0.conv2.learned_n": 1,
    "layer2.0.conv2.mae": 0.28086874566078185,
    "layer2.0.conv2.mape": 0.13975445148944854,
    "layer2.0.conv2.mse": 0.188712788271904,
    "layer2.0.conv2.rows": -1,
    "layer2.0.conv2.scaled_error": 0.001652336109802127,
    "layer2.0.conv2.scaled_shift": 2.1516632742714136e-05,
    "layer2.0.conv2.stored_array_size": 32,
    "layer2.0.downsample.0.C": 64,
    "layer2.0.downsample.0.H_size": 11264,
    "layer2.0.downsample.0.K": 16,
    "layer2.0.downsample.0.L_size": 524288,
    "layer2.0.downsample.0.encoding_algorithm": 0,
    "layer2.0.downsample.0.learned_a_shape": [
        1,
        262052
    ],
    "layer2.0.downsample.0.learned_b_shape": [
        262052,
        128
    ],
    "layer2.0.downsample.0.learned_d": 262052,
    "layer2.0.downsample.0.learned_m": 128,
    "layer2.0.downsample.0.learned_n": 1,
    "layer2.0.downsample.0.mae": 0.03675503534078598,
    "layer2.0.downsample.0.mape": 0.021898146757483482,
    "layer2.0.downsample.0.mse": 0.003482259305566549,
    "layer2.0.downsample.0.rows": -1,
    "layer2.0.downsample.0.scaled_error": 0.0022958514485508204,
    "layer2.0.downsample.0.scaled_shift": 2.8996020679187497e-06,
    "layer2.0.downsample.0.stored_array_size": 32,
    "layer2.1.conv1.C": 64,
    "layer2.1.conv1.H_size": 11264,
    "layer2.1.conv1.K": 16,
    "layer2.1.conv1.L_size": 524288,
    "layer2.1.conv1.encoding_algorithm": 0,
    "layer2.1.conv1.learned_a_shape": [
        1,
        262052
    ],
    "layer2.1.conv1.learned_b_shape": [
        262052,
        128
    ],
    "layer2.1.conv1.learned_d": 262052,
    "layer2.1.conv1.learned_m": 128,
    "layer2.1.conv1.learned_n": 1,
    "layer2.1.conv1.mae": 0.34217145099639895,
    "layer2.1.conv1.mape": 0.15840514988899232,
    "layer2.1.conv1.mse": 0.23908934144973754,
    "layer2.1.conv1.rows": -1,
    "layer2.1.conv1.scaled_error": 0.003713900151848793,
    "layer2.1.conv1.scaled_shift": 0.000145283386670053,
    "layer2.1.conv1.stored_array_size": 32,
    "layer2.1.conv2.C": 64,
    "layer2.1.conv2.H_size": 11264,
    "layer2.1.conv2.K": 16,
    "layer2.1.conv2.L_size": 524288,
    "layer2.1.conv2.encoding_algorithm": 0,
    "layer2.1.conv2.learned_a_shape": [
        1,
        262052
    ],
    "layer2.1.conv2.learned_b_shape": [
        262052,
        128
    ],
    "layer2.1.conv2.learned_d": 262052,
    "layer2.1.conv2.learned_m": 128,
    "layer2.1.conv2.learned_n": 1,
    "layer2.1.conv2.mae": 0.20069620113372802,
    "layer2.1.conv2.mape": 0.12074018666744232,
    "layer2.1.conv2.mse": 0.08425260717868804,
    "layer2.1.conv2.rows": -1,
    "layer2.1.conv2.scaled_error": 0.001192702204734087,
    "layer2.1.conv2.scaled_shift": 5.191698615817586e-06,
    "layer2.1.conv2.stored_array_size": 32,
    "layer3.0.conv1.C": 64,
    "layer3.0.conv1.H_size": 11264,
    "layer3.0.conv1.K": 16,
    "layer3.0.conv1.L_size": 1048576,
    "layer3.0.conv1.encoding_algorithm": 0,
    "layer3.0.conv1.learned_a_shape": [
        1,
        262052
    ],