{
    "halut_layers": "{\"layer3.1.conv2\": [256, -1, 16], \"layer3.1.conv1\": [256, -1, 16], \"layer3.0.downsample.0\": [64, -1, 16], \"layer3.0.conv2\": [256, -1, 16], \"layer3.0.conv1\": [256, -1, 16], \"layer2.1.conv2\": [128, -1, 16], \"layer2.1.conv1\": [128, -1, 16], \"layer2.0.downsample.0\": [64, -1, 16], \"layer2.0.conv2\": [128, -1, 16], \"layer2.0.conv1\": [128, -1, 16], \"layer1.1.conv2\": [64, -1, 16], \"layer1.1.conv1\": [64, -1, 16], \"layer1.0.conv2\": [64, -1, 16], \"layer1.0.conv1\": [64, -1, 16]}",
    "layer1.0.conv1.C": 64,
    "layer1.0.conv1.H_size": 11264,
    "layer1.0.conv1.K": 16,
    "layer1.0.conv1.L_size": 262144,
    "layer1.0.conv1.learned_a_shape": [
        1,
        261970
    ],
    "layer1.0.conv1.learned_b_shape": [
        261970,
        64
    ],
    "layer1.0.conv1.learned_d": 261970,
    "layer1.0.conv1.learned_m": 64,
    "layer1.0.conv1.learned_n": 1,
    "layer1.0.conv1.mae": 0.6431046875,
    "layer1.0.conv1.mape": 0.18705234375,
    "layer1.0.conv1.mse": 1.6908484375,
    "layer1.0.conv1.rows": -1,
    "layer1.0.conv1.scaled_error": 0.0094158203125,
    "layer1.0.conv1.scaled_shift": 0.0011889511108398438,
    "layer1.0.conv1.stored_array_size": 48,
    "layer1.0.conv2.C": 64,
    "layer1.0.conv2.H_size": 11264,
    "layer1.0.conv2.K": 16,
    "layer1.0.conv2.L_size": 262144,
    "layer1.0.conv2.learned_a_shape": [
        1,
        261970
    ],
    "layer1.0.conv2.learned_b_shape": [
        261970,
        64
    ],
    "layer1.0.conv2.learned_d": 261970,
    "layer1.0.conv2.learned_m": 64,
    "layer1.0.conv2.learned_n": 1,
    "layer1.0.conv2.mae": 0.258973046875,
    "layer1.0.conv2.mape": 0.12488984375,
    "layer1.0.conv2.mse": 0.1506486328125,
    "layer1.0.conv2.rows": -1,
    "layer1.0.conv2.scaled_error": 0.01529296875,
    "layer1.0.conv2.scaled_shift": 0.0011683303833007813,
    "layer1.0.conv2.stored_array_size": 48,
    "layer1.1.conv1.C": 64,
    "layer1.1.conv1.H_size": 11264,
    "layer1.1.conv1.K": 16,
    "layer1.1.conv1.L_size": 262144,
    "layer1.1.conv1.learned_a_shape": [
        1,
        261970
    ],
    "layer1.1.conv1.learned_b_shape": [
        261970,
        64
    ],
    "layer1.1.conv1.learned_d": 261970,
    "layer1.1.conv1.learned_m": 64,
    "layer1.1.conv1.learned_n": 1,
    "layer1.1.conv1.mae": 0.46505078125,
    "layer1.1.conv1.mape": 0.1510435546875,
    "layer1.1.conv1.mse": 0.46162734375,
    "layer1.1.conv1.rows": -1,
    "layer1.1.conv1.scaled_error": 0.0233662841796875,
    "layer1.1.conv1.scaled_shift": 0.005971246337890625,
    "layer1.1.conv1.stored_array_size": 48,
    "layer1.1.conv2.C": 64,
    "layer1.1.conv2.H_size": 11264,
    "layer1.1.conv2.K": 16,
    "layer1.1.conv2.L_size": 262144,
    "layer1.1.conv2.learned_a_shape": [
        1,
        261970
    ],
    "layer1.1.conv2.learned_b_shape": [
        261970,
        64
    ],
    "layer1.1.conv2.learned_d": 261970,
    "layer1.1.conv2.learned_m": 64,
    "layer1.1.conv2.learned_n": 1,
    "layer1.1.conv2.mae": 0.2125841796875,
    "layer1.1.conv2.mape": 0.1100791015625,
    "layer1.1.conv2.mse": 0.08973740234375,
    "layer1.1.conv2.rows": -1,
    "layer1.1.conv2.scaled_error": 0.0189046142578125,
    "layer1.1.conv2.scaled_shift": 0.0019145263671875,
    "layer1.1.conv2.stored_array_size": 48,
    "layer2.0.conv1.C": 128,
    "layer2.0.conv1.H_size": 22528,
    "layer2.0.conv1.K": 16,
    "layer2.0.conv1.L_size": 1048576,
    "layer2.0.conv1.learned_a_shape": [
        1,
        261970
    ],
    "layer2.0.conv1.learned_b_shape": [
        261970,
        128
    ],
    "layer2.0.conv1.learned_d": 261970,
    "layer2.0.conv1.learned_m": 128,
    "layer2.0.conv1.learned_n": 1,
    "layer2.0.conv1.mae": 0.347421484375,
    "layer2.0.conv1.mape": 0.128990625,
    "layer2.0.conv1.mse": 0.243701953125,
    "layer2.0.conv1.rows": -1,
    "layer2.0.conv1.scaled_error": 0.0173779052734375,
    "layer2.0.conv1.scaled_shift": 0.001881756591796875,
    "layer2.0.conv1.stored_array_size": 48,
    "layer2.0.conv2.C": 128,
    "layer2.0.conv2.H_size": 22528,
    "layer2.0.conv2.K": 16,
    "layer2.0.conv2.L_size": 1048576,
    "layer2.0.conv2.learned_a_shape": [
        1,
        261970
    ],
    "layer2.0.conv2.learned_b_shape": [
        261970,
        128
    ],
    "layer2.0.conv2.learned_d": 261970,
    "layer2.0.conv2.learned_m": 128,
    "layer2.0.conv2.learned_n": 1,
    "layer2.0.conv2.mae": 0.2240642578125,
    "layer2.0.conv2.mape": 0.124374609375,
    "layer2.0.conv2.mse": 0.0903564453125,
    "layer2.0.conv2.rows": -1,
    "layer2.0.conv2.scaled_error": 0.02931513671875,
    "layer2.0.conv2.scaled_shift": 0.005609576416015625,
    "layer2.0.conv2.stored_array_size": 48,
    "layer2.0.downsample.0.C": 64,
    "layer2.0.downsample.0.H_size": 11264,
    "layer2.0.downsample.0.K": 16,
    "layer2.0.downsample.0.L_size": 524288,
    "layer2.0.downsample.0.learned_a_shape": [
        1,
        261970
    ],
    "layer2.0.downsample.0.learned_b_shape": [
        261970,
        128
    ],
    "layer2.0.downsample.0.learned_d": 261970,
    "layer2.0.downsample.0.learned_m": 128,
    "layer2.0.downsample.0.learned_n": 1,
    "layer2.0.downsample.0.mae": 0.0558966796875,
    "layer2.0.downsample.0.mape": 0.0297189697265625,
    "layer2.0.downsample.0.mse": 0.00695599365234375,
    "layer2.0.downsample.0.rows": -1,
    "layer2.0.downsample.0.scaled_error": 0.0053100341796875,
    "layer2.0.downsample.0.scaled_shift": 0.0003614299774169922,
    "layer2.0.downsample.0.stored_array_size": 48,
    "layer2.1.conv1.C": 128,
    "layer2.1.conv1.H_size": 22528,
    "layer2.1.conv1.K": 16,
    "layer2.1.conv1.L_size": 1048576,
    "layer2.1.conv1.learned_a_shape": [
        1,
        261970
    ],
    "layer2.1.conv1.learned_b_shape": [
        261970,
        128
    ],
    "layer2.1.conv1.learned_d": 261970,
    "layer2.1.conv1.learned_m": 128,
    "layer2.1.conv1.learned_n": 1,
    "layer2.1.conv1.mae": 0.357084375,
    "layer2.1.conv1.mape": 0.159763671875,
    "layer2.1.conv1.mse": 0.2306853515625,
    "layer2.1.conv1.rows": -1,
    "layer2.1.conv1.scaled_error": 0.024922265625,
    "layer2.1.conv1.scaled_shift": 0.005139154052734375,
    "layer2.1.conv1.stored_array_size": 48,
    "layer2.1.conv2.C": 128,
    "layer2.1.conv2.H_size": 22528,
    "layer2.1.conv2.K": 16,
    "layer2.1.conv2.L_size": 1048576,
    "layer2.1.conv2.learned_a_shape": [
        1,
        261970
    ],
    "layer2.1.conv2.learned_b_shape": [
        261970,
        128
    ],
    "layer2.1.conv2.learned_d": 261970,
    "layer2.1.conv2.learned_m": 128,
    "layer2.1.conv2.learned_n": 1,
    "layer2.1.conv2.mae": 0.163241015625,
    "layer2.1.conv2.mape": 0.107303515625,
    "layer2.1.conv2.mse": 0.044756982421875,
    "layer2.1.conv2.rows": -1,
    "layer2.1.conv2.scaled_error": 0.03286103515625,
    "layer2.1.conv2.scaled_shift": 0.00065985107421875,
    "layer2.1.conv2.stored_array_size": 48,
    "layer3.0.conv1.C": 256,
    "layer3.0.conv1.H_size": 45056,
    "layer3.0.conv1.K": 16,
    "layer3.0.conv1.L_size": 4194304,
    "layer3.0.conv1.learned_a_shape": [
        1,
        261970
    ],
    "layer3.0.conv1.learned_b_shape": [
        261970,
        256
    ],
    "layer3.0.conv1.learned_d": 261970,
    "layer3.0.conv1.learned_m": 256,
    "layer3.0.conv1.learned_n": 1,
    "layer3.0.conv1.mae": 0.270703515625,
    "layer3.0.conv1.mape": 0.128072265625,
    "layer3.0.conv1.mse": 0.132139453125,
    "layer3.0.conv1.rows": -1,
    "layer3.0.conv1.scaled_error": 0.024216259765625,
    "layer3.0.conv1.scaled_shift": 0.005037786865234375,
    "layer3.0.conv1.stored_array_size": 48,
    "layer3.0.conv2.C": 256,
    "layer3.0.conv2.H_size": 45056,
    "layer3.0.conv2.K": 16,
    "layer3.0.conv2.L_size": 4194304,
    "layer3.0.conv2.learned_a_shape": [
        1,
        261970
    ],
    "layer3.0.conv2.learned_b_shape": [
        261970,
        256
    ],
    "layer3.0.conv2.learned_d": 261970,