{
    "halut_layers": "{\"layer2.1.conv2\": [128, -1, 16], \"layer2.1.conv1\": [128, -1, 16], \"layer2.0.downsample.0\": [64, -1, 16], \"layer2.0.conv2\": [128, -1, 16], \"layer2.0.conv1\": [128, -1, 16], \"layer1.1.conv2\": [64, -1, 16], \"layer1.1.conv1\": [64, -1, 16], \"layer1.0.conv2\": [64, -1, 16], \"layer1.0.conv1\": [64, -1, 16]}",
    "layer1.0.conv1.C": 64,
    "layer1.0.conv1.H_size": 11264,
    "layer1.0.conv1.K": 16,
    "layer1.0.conv1.L_size": 262144,
    "layer1.0.conv1.learned_a_shape": [
        1,
        261970
    ],
    "layer1.0.conv1.learned_b_shape": [
        261970,
        64
    ],
    "layer1.0.conv1.learned_d": 261970,
    "layer1.0.conv1.learned_m": 64,
    "layer1.0.conv1.learned_n": 1,
    "layer1.0.conv1.mae": 0.43930078125,
    "layer1.0.conv1.mape": 0.14384222005208333,
    "layer1.0.conv1.mse": 0.6157028645833333,
    "layer1.0.conv1.rows": -1,
    "layer1.0.conv1.scaled_error": 0.006830495198567708,
    "layer1.0.conv1.scaled_shift": 0.0005625496546427409,
    "layer1.0.conv1.stored_array_size": 48,
    "layer1.0.conv2.C": 64,
    "layer1.0.conv2.H_size": 11264,
    "layer1.0.conv2.K": 16,
    "layer1.0.conv2.L_size": 262144,
    "layer1.0.conv2.learned_a_shape": [
        1,
        261970
    ],
    "layer1.0.conv2.learned_b_shape": [
        261970,
        64
    ],
    "layer1.0.conv2.learned_d": 261970,
    "layer1.0.conv2.learned_m": 64,
    "layer1.0.conv2.learned_n": 1,
    "layer1.0.conv2.mae": 0.23136656901041666,
    "layer1.0.conv2.mape": 0.115027392578125,
    "layer1.0.conv2.mse": 0.12202135416666667,
    "layer1.0.conv2.rows": -1,
    "layer1.0.conv2.scaled_error": 0.013943717447916667,
    "layer1.0.conv2.scaled_shift": 0.0008985768636067708,
    "layer1.0.conv2.stored_array_size": 48,
    "layer1.1.conv1.C": 64,
    "layer1.1.conv1.H_size": 11264,
    "layer1.1.conv1.K": 16,
    "layer1.1.conv1.L_size": 262144,
    "layer1.1.conv1.learned_a_shape": [
        1,
        261970
    ],
    "layer1.1.conv1.learned_b_shape": [
        261970,
        64
    ],
    "layer1.1.conv1.learned_d": 261970,
    "layer1.1.conv1.learned_m": 64,
    "layer1.1.conv1.learned_n": 1,
    "layer1.1.conv1.mae": 0.38378522135416665,
    "layer1.1.conv1.mape": 0.13274557291666667,
    "layer1.1.conv1.mse": 0.2955156901041667,
    "layer1.1.conv1.rows": -1,
    "layer1.1.conv1.scaled_error": 0.020032572428385416,
    "layer1.1.conv1.scaled_shift": 0.0044412801106770835,
    "layer1.1.conv1.stored_array_size": 48,
    "layer1.1.conv2.C": 64,
    "layer1.1.conv2.H_size": 11264,
    "layer1.1.conv2.K": 16,
    "layer1.1.conv2.L_size": 262144,
    "layer1.1.conv2.learned_a_shape": [
        1,
        261970
    ],
    "layer1.1.conv2.learned_b_shape": [
        261970,
        64
    ],
    "layer1.1.conv2.learned_d": 261970,
    "layer1.1.conv2.learned_m": 64,
    "layer1.1.conv2.learned_n": 1,
    "layer1.1.conv2.mae": 0.18675029296875,
    "layer1.1.conv2.mape": 0.100694140625,
    "layer1.1.conv2.mse": 0.06972578125,
    "layer1.1.conv2.rows": -1,
    "layer1.1.conv2.scaled_error": 0.017043058268229168,
    "layer1.1.conv2.scaled_shift": 0.001295141347249349,
    "layer1.1.conv2.stored_array_size": 48,
    "layer2.0.conv1.C": 128,
    "layer2.0.conv1.H_size": 22528,
    "layer2.0.conv1.K": 16,
    "layer2.0.conv1.L_size": 1048576,
    "layer2.0.conv1.learned_a_shape": [
        1,
        261970
    ],
    "layer2.0.conv1.learned_b_shape": [
        261970,
        128
    ],
    "layer2.0.conv1.learned_d": 261970,
    "layer2.0.conv1.learned_m": 128,
    "layer2.0.conv1.learned_n": 1,
    "layer2.0.conv1.mae": 0.305950390625,
    "layer2.0.conv1.mape": 0.120435205078125,
    "layer2.0.conv1.mse": 0.17844091796875,
    "layer2.0.conv1.rows": -1,
    "layer2.0.conv1.scaled_error": 0.014461151123046875,
    "layer2.0.conv1.scaled_shift": 0.0008690775553385416,
    "layer2.0.conv1.stored_array_size": 48,
    "layer2.0.conv2.C": 128,
    "layer2.0.conv2.H_size": 22528,
    "layer2.0.conv2.K": 16,
    "layer2.0.conv2.L_size": 1048576,
    "layer2.0.conv2.learned_a_shape": [
        1,
        261970
    ],
    "layer2.0.conv2.learned_b_shape": [
        261970,
        128
    ],
    "layer2.0.conv2.learned_d": 261970,
    "layer2.0.conv2.learned_m": 128,
    "layer2.0.conv2.learned_n": 1,
    "layer2.0.conv2.mae": 0.19440328776041665,
    "layer2.0.conv2.mape": 0.111845068359375,
    "layer2.0.conv2.mse": 0.06761165364583334,
    "layer2.0.conv2.rows": -1,
    "layer2.0.conv2.scaled_error": 0.026556148274739583,
    "layer2.0.conv2.scaled_shift": 0.004754503377278646,
    "layer2.0.conv2.stored_array_size": 48,
    "layer2.0.downsample.0.C": 64,
    "layer2.0.downsample.0.H_size": 11264,
    "layer2.0.downsample.0.K": 16,
    "layer2.0.downsample.0.L_size": 524288,
    "layer2.0.downsample.0.learned_a_shape": [
        1,
        261970
    ],
    "layer2.0.downsample.0.learned_b_shape": [
        261970,
        128
    ],
    "layer2.0.downsample.0.learned_d": 261970,
    "layer2.0.downsample.0.learned_m": 128,
    "layer2.0.downsample.0.learned_n": 1,
    "layer2.0.downsample.0.mae": 0.05405933430989583,
    "layer2.0.downsample.0.mape": 0.02931785888671875,
    "layer2.0.downsample.0.mse": 0.0061685811360677086,
    "layer2.0.downsample.0.rows": -1,
    "layer2.0.downsample.0.scaled_error": 0.005504033406575521,
    "layer2.0.downsample.0.scaled_shift": 0.00041147340138753257,
    "layer2.0.downsample.0.stored_array_size": 48,
    "layer2.1.conv1.C": 128,
    "layer2.1.conv1.H_size": 22528,
    "layer2.1.conv1.K": 16,
    "layer2.1.conv1.L_size": 1048576,
    "layer2.1.conv1.learned_a_shape": [
        1,
        261970
    ],
    "layer2.1.conv1.learned_b_shape": [
        261970,
        128
    ],
    "layer2.1.conv1.learned_d": 261970,
    "layer2.1.conv1.learned_m": 128,
    "layer2.1.conv1.learned_n": 1,
    "layer2.1.conv1.mae": 0.30758743489583334,
    "layer2.1.conv1.mape": 0.14675852864583333,
    "layer2.1.conv1.mse": 0.17071009114583333,
    "layer2.1.conv1.rows": -1,
    "layer2.1.conv1.scaled_error": 0.022727657063802083,
    "layer2.1.conv1.scaled_shift": 0.004496112060546875,
    "layer2.1.conv1.stored_array_size": 48,
    "layer2.1.conv2.C": 128,
    "layer2.1.conv2.H_size": 22528,
    "layer2.1.conv2.K": 16,
    "layer2.1.conv2.L_size": 1048576,
    "layer2.1.conv2.learned_a_shape": [
        1,
        261970
    ],
    "layer2.1.conv2.learned_b_shape": [
        261970,
        128
    ],
    "layer2.1.conv2.learned_d": 261970,
    "layer2.1.conv2.learned_m": 128,
    "layer2.1.conv2.learned_n": 1,
    "layer2.1.conv2.mae": 0.1619734375,
    "layer2.1.conv2.mape": 0.10667880859375,
    "layer2.1.conv2.mse": 0.044094580078125,
    "layer2.1.conv2.rows": -1,
    "layer2.1.conv2.scaled_error": 0.0303417724609375,
    "layer2.1.conv2.scaled_shift": 0.0005422080993652343,
    "layer2.1.conv2.stored_array_size": 48,
    "top_1_accuracy": 89.72,
    "top_5_accuracy": 99.61
}