{
    "halut_layers": "{\"layer2.1.conv1\": [64, -1, 16, 0], \"layer2.0.downsample.0\": [64, -1, 16, 0], \"layer2.0.conv2\": [64, -1, 16, 0], \"layer2.0.conv1\": [64, -1, 16, 0], \"layer1.1.conv2\": [32, -1, 16, 0], \"layer1.1.conv1\": [32, -1, 16, 0], \"layer1.0.conv2\": [32, -1, 16, 0], \"layer1.0.conv1\": [32, -1, 16, 0]}",
    "layer1.0.conv1.C": 32,
    "layer1.0.conv1.H_size": 5632,
    "layer1.0.conv1.K": 16,
    "layer1.0.conv1.L_size": 131072,
    "layer1.0.conv1.encoding_algorithm": 0,
    "layer1.0.conv1.learned_a_shape": [
        1,
        261970
    ],
    "layer1.0.conv1.learned_b_shape": [
        261970,
        64
    ],
    "layer1.0.conv1.learned_d": 261970,
    "layer1.0.conv1.learned_m": 64,
    "layer1.0.conv1.learned_n": 1,
    "layer1.0.conv1.mae": 0.3949300098021825,
    "layer1.0.conv1.mape": 0.16887427714665731,
    "layer1.0.conv1.mse": 0.33994426746368406,
    "layer1.0.conv1.rows": -1,
    "layer1.0.conv1.scaled_error": 0.019215580157438916,
    "layer1.0.conv1.scaled_shift": -0.0011296259404509328,
    "layer1.0.conv1.stored_array_size": 48,
    "layer1.0.conv2.C": 32,
    "layer1.0.conv2.H_size": 5632,
    "layer1.0.conv2.K": 16,
    "layer1.0.conv2.L_size": 131072,
    "layer1.0.conv2.encoding_algorithm": 0,
    "layer1.0.conv2.learned_a_shape": [
        1,
        261970
    ],
    "layer1.0.conv2.learned_b_shape": [
        261970,
        64
    ],
    "layer1.0.conv2.learned_d": 261970,
    "layer1.0.conv2.learned_m": 64,
    "layer1.0.conv2.learned_n": 1,
    "layer1.0.conv2.mae": 0.18681646514336267,
    "layer1.0.conv2.mape": 0.11967015140851339,
    "layer1.0.conv2.mse": 0.06432082230846087,
    "layer1.0.conv2.rows": -1,
    "layer1.0.conv2.scaled_error": 0.017593451461692652,
    "layer1.0.conv2.scaled_shift": 0.0007418339806453635,
    "layer1.0.conv2.stored_array_size": 48,
    "layer1.1.conv1.C": 32,
    "layer1.1.conv1.H_size": 5632,
    "layer1.1.conv1.K": 16,
    "layer1.1.conv1.L_size": 131072,
    "layer1.1.conv1.encoding_algorithm": 0,
    "layer1.1.conv1.learned_a_shape": [
        1,
        261970
    ],
    "layer1.1.conv1.learned_b_shape": [
        261970,
        64
    ],
    "layer1.1.conv1.learned_d": 261970,
    "layer1.1.conv1.learned_m": 64,
    "layer1.1.conv1.learned_n": 1,
    "layer1.1.conv1.mae": 0.33587312422593435,
    "layer1.1.conv1.mape": 0.15101881850560506,
    "layer1.1.conv1.mse": 0.22689109596808751,
    "layer1.1.conv1.rows": -1,
    "layer1.1.conv1.scaled_error": 0.02008666849186023,
    "layer1.1.conv1.scaled_shift": 0.003032430819918712,
    "layer1.1.conv1.stored_array_size": 48,
    "layer1.1.conv2.C": 32,
    "layer1.1.conv2.H_size": 5632,
    "layer1.1.conv2.K": 16,
    "layer1.1.conv2.L_size": 131072,
    "layer1.1.conv2.encoding_algorithm": 0,
    "layer1.1.conv2.learned_a_shape": [
        1,
        261970
    ],
    "layer1.1.conv2.learned_b_shape": [
        261970,
        64
    ],
    "layer1.1.conv2.learned_d": 261970,
    "layer1.1.conv2.learned_m": 64,
    "layer1.1.conv2.learned_n": 1,
    "layer1.1.conv2.mae": 0.13993046836058298,
    "layer1.1.conv2.mape": 0.09235654848416647,
    "layer1.1.conv2.mse": 0.03839912342429161,
    "layer1.1.conv2.rows": -1,
    "layer1.1.conv2.scaled_error": 0.010027037014563879,
    "layer1.1.conv2.scaled_shift": 0.0003040406257690241,
    "layer1.1.conv2.stored_array_size": 48,
    "layer2.0.conv1.C": 64,
    "layer2.0.conv1.H_size": 11264,
    "layer2.0.conv1.K": 16,
    "layer2.0.conv1.L_size": 524288,
    "layer2.0.conv1.encoding_algorithm": 0,
    "layer2.0.conv1.learned_a_shape": [
        1,
        261970
    ],
    "layer2.0.conv1.learned_b_shape": [
        261970,
        128
    ],
    "layer2.0.conv1.learned_d": 261970,
    "layer2.0.conv1.learned_m": 128,
    "layer2.0.conv1.learned_n": 1,
    "layer2.0.conv1.mae": 0.24084894268115362,
    "layer2.0.conv1.mape": 0.1262268207192421,
    "layer2.0.conv1.mse": 0.12562945714394252,
    "layer2.0.conv1.rows": -1,
    "layer2.0.conv1.scaled_error": 0.018301346223056316,
    "layer2.0.conv1.scaled_shift": 0.0015580720250805218,
    "layer2.0.conv1.stored_array_size": 48,
    "layer2.0.conv2.C": 64,
    "layer2.0.conv2.H_size": 11264,
    "layer2.0.conv2.K": 16,
    "layer2.0.conv2.L_size": 524288,
    "layer2.0.conv2.encoding_algorithm": 0,
    "layer2.0.conv2.learned_a_shape": [
        1,
        261970
    ],
    "layer2.0.conv2.learned_b_shape": [
        261970,
        128
    ],
    "layer2.0.conv2.learned_d": 261970,
    "layer2.0.conv2.learned_m": 128,
    "layer2.0.conv2.learned_n": 1,
    "layer2.0.conv2.mae": 0.1549864744901657,
    "layer2.0.conv2.mape": 0.10109750429193179,
    "layer2.0.conv2.mse": 0.04756657744248708,
    "layer2.0.conv2.rows": -1,
    "layer2.0.conv2.scaled_error": 0.02125485597004493,
    "layer2.0.conv2.scaled_shift": 0.0008944699308524529,
    "layer2.0.conv2.stored_array_size": 48,
    "layer2.0.downsample.0.C": 64,
    "layer2.0.downsample.0.H_size": 11264,
    "layer2.0.downsample.0.K": 16,
    "layer2.0.downsample.0.L_size": 524288,
    "layer2.0.downsample.0.encoding_algorithm": 0,
    "layer2.0.downsample.0.learned_a_shape": [
        1,
        261970
    ],
    "layer2.0.downsample.0.learned_b_shape": [
        261970,
        128
    ],
    "layer2.0.downsample.0.learned_d": 261970,
    "layer2.0.downsample.0.learned_m": 128,
    "layer2.0.downsample.0.learned_n": 1,
    "layer2.0.downsample.0.mae": 0.03687713149090608,
    "layer2.0.downsample.0.mape": 0.023502528832356134,
    "layer2.0.downsample.0.mse": 0.00295920949857682,
    "layer2.0.downsample.0.rows": -1,
    "layer2.0.downsample.0.scaled_error": 0.004596460794657468,
    "layer2.0.downsample.0.scaled_shift": 0.00027135365286376327,
    "layer2.0.downsample.0.stored_array_size": 48,
    "layer2.1.conv1.C": 64,
    "layer2.1.conv1.H_size": 11264,
    "layer2.1.conv1.K": 16,
    "layer2.1.conv1.L_size": 524288,
    "layer2.1.conv1.encoding_algorithm": 0,
    "layer2.1.conv1.learned_a_shape": [
        1,
        261970
    ],
    "layer2.1.conv1.learned_b_shape": [
        261970,
        128
    ],
    "layer2.1.conv1.learned_d": 261970,
    "layer2.1.conv1.learned_m": 128,
    "layer2.1.conv1.learned_n": 1,
    "layer2.1.conv1.mae": 0.32892565126419065,
    "layer2.1.conv1.mape": 0.17104498982429506,
    "layer2.1.conv1.mse": 0.21942719368934632,
    "layer2.1.conv1.rows": -1,
    "layer2.1.conv1.scaled_error": 0.028454324567317963,
    "layer2.1.conv1.scaled_shift": 0.002423187126964331,
    "layer2.1.conv1.stored_array_size": 48,
    "top_1_accuracy": 87.64,
    "top_5_accuracy": 99.56
}