{
    "halut_layers": "{\"layer3.1.conv1\": [128, -1, 16, 0], \"layer3.0.downsample.0\": [128, -1, 16, 0], \"layer3.0.conv2\": [128, -1, 16, 0], \"layer3.0.conv1\": [128, -1, 16, 0], \"layer2.1.conv2\": [64, -1, 16, 0], \"layer2.1.conv1\": [64, -1, 16, 0], \"layer2.0.downsample.0\": [64, -1, 16, 0], \"layer2.0.conv2\": [64, -1, 16, 0], \"layer2.0.conv1\": [64, -1, 16, 0], \"layer1.1.conv2\": [32, -1, 16, 0], \"layer1.1.conv1\": [32, -1, 16, 0], \"layer1.0.conv2\": [32, -1, 16, 0], \"layer1.0.conv1\": [32, -1, 16, 0]}",
    "layer1.0.conv1.C": 32,
    "layer1.0.conv1.H_size": 5632,
    "layer1.0.conv1.K": 16,
    "layer1.0.conv1.L_size": 131072,
    "layer1.0.conv1.encoding_algorithm": 0,
    "layer1.0.conv1.learned_a_shape": [
        1,
        261970
    ],
    "layer1.0.conv1.learned_b_shape": [
        261970,
        64
    ],
    "layer1.0.conv1.learned_d": 261970,
    "layer1.0.conv1.learned_m": 64,
    "layer1.0.conv1.learned_n": 1,
    "layer1.0.conv1.mae": 0.41738882846832276,
    "layer1.0.conv1.mape": 0.19468463199138641,
    "layer1.0.conv1.mse": 0.35318332996368407,
    "layer1.0.conv1.rows": -1,
    "layer1.0.conv1.scaled_error": 0.02122090207338333,
    "layer1.0.conv1.scaled_shift": -0.004164915224164724,
    "layer1.0.conv1.stored_array_size": 48,
    "layer1.0.conv2.C": 32,
    "layer1.0.conv2.H_size": 5632,
    "layer1.0.conv2.K": 16,
    "layer1.0.conv2.L_size": 131072,
    "layer1.0.conv2.encoding_algorithm": 0,
    "layer1.0.conv2.learned_a_shape": [
        1,
        261970
    ],
    "layer1.0.conv2.learned_b_shape": [
        261970,
        64
    ],
    "layer1.0.conv2.learned_d": 261970,
    "layer1.0.conv2.learned_m": 64,
    "layer1.0.conv2.learned_n": 1,
    "layer1.0.conv2.mae": 0.19773890261650084,
    "layer1.0.conv2.mape": 0.1336545218706131,
    "layer1.0.conv2.mse": 0.06936395099163055,
    "layer1.0.conv2.rows": -1,
    "layer1.0.conv2.scaled_error": 0.024368640613555908,
    "layer1.0.conv2.scaled_shift": 0.0017023527558892965,
    "layer1.0.conv2.stored_array_size": 48,
    "layer1.1.conv1.C": 32,
    "layer1.1.conv1.H_size": 5632,
    "layer1.1.conv1.K": 16,
    "layer1.1.conv1.L_size": 131072,
    "layer1.1.conv1.encoding_algorithm": 0,
    "layer1.1.conv1.learned_a_shape": [
        1,
        261970
    ],
    "layer1.1.conv1.learned_b_shape": [
        261970,
        64
    ],
    "layer1.1.conv1.learned_d": 261970,
    "layer1.1.conv1.learned_m": 64,
    "layer1.1.conv1.learned_n": 1,
    "layer1.1.conv1.mae": 0.3781630437850952,
    "layer1.1.conv1.mape": 0.18376133823394775,
    "layer1.1.conv1.mse": 0.2649019535064697,
    "layer1.1.conv1.rows": -1,
    "layer1.1.conv1.scaled_error": 0.026887701427936554,
    "layer1.1.conv1.scaled_shift": 0.00033978779750177635,
    "layer1.1.conv1.stored_array_size": 48,
    "layer1.1.conv2.C": 32,
    "layer1.1.conv2.H_size": 5632,
    "layer1.1.conv2.K": 16,
    "layer1.1.conv2.L_size": 131072,
    "layer1.1.conv2.encoding_algorithm": 0,
    "layer1.1.conv2.learned_a_shape": [
        1,
        261970
    ],
    "layer1.1.conv2.learned_b_shape": [
        261970,
        64
    ],
    "layer1.1.conv2.learned_d": 261970,
    "layer1.1.conv2.learned_m": 64,
    "layer1.1.conv2.learned_n": 1,
    "layer1.1.conv2.mae": 0.14800589141845702,
    "layer1.1.conv2.mape": 0.10177408454418183,
    "layer1.1.conv2.mse": 0.0407933075428009,
    "layer1.1.conv2.rows": -1,
    "layer1.1.conv2.scaled_error": 0.013565618225932122,
    "layer1.1.conv2.scaled_shift": 0.0006062943447381258,
    "layer1.1.conv2.stored_array_size": 48,
    "layer2.0.conv1.C": 64,
    "layer2.0.conv1.H_size": 11264,
    "layer2.0.conv1.K": 16,
    "layer2.0.conv1.L_size": 524288,
    "layer2.0.conv1.encoding_algorithm": 0,
    "layer2.0.conv1.learned_a_shape": [
        1,
        261970
    ],
    "layer2.0.conv1.learned_b_shape": [
        261970,
        128
    ],
    "layer2.0.conv1.learned_d": 261970,
    "layer2.0.conv1.learned_m": 128,
    "layer2.0.conv1.learned_n": 1,
    "layer2.0.conv1.mae": 0.28206729617118836,
    "layer2.0.conv1.mape": 0.156675723195076,
    "layer2.0.conv1.mse": 0.1541027636051178,
    "layer2.0.conv1.rows": -1,
    "layer2.0.conv1.scaled_error": 0.022867868828773497,
    "layer2.0.conv1.scaled_shift": -0.0034698169320821763,
    "layer2.0.conv1.stored_array_size": 48,
    "layer2.0.conv2.C": 64,
    "layer2.0.conv2.H_size": 11264,
    "layer2.0.conv2.K": 16,
    "layer2.0.conv2.L_size": 524288,
    "layer2.0.conv2.encoding_algorithm": 0,
    "layer2.0.conv2.learned_a_shape": [
        1,
        261970
    ],
    "layer2.0.conv2.learned_b_shape": [
        261970,
        128
    ],
    "layer2.0.conv2.learned_d": 261970,
    "layer2.0.conv2.learned_m": 128,
    "layer2.0.conv2.learned_n": 1,
    "layer2.0.conv2.mae": 0.16081654229164125,
    "layer2.0.conv2.mape": 0.10790775412321091,
    "layer2.0.conv2.mse": 0.05001673387289047,
    "layer2.0.conv2.rows": -1,
    "layer2.0.conv2.scaled_error": 0.024337802007794382,
    "layer2.0.conv2.scaled_shift": -0.0018965109702199698,
    "layer2.0.conv2.stored_array_size": 48,
    "layer2.0.downsample.0.C": 64,
    "layer2.0.downsample.0.H_size": 11264,
    "layer2.0.downsample.0.K": 16,
    "layer2.0.downsample.0.L_size": 524288,
    "layer2.0.downsample.0.encoding_algorithm": 0,
    "layer2.0.downsample.0.learned_a_shape": [
        1,
        261970
    ],
    "layer2.0.downsample.0.learned_b_shape": [
        261970,
        128
    ],
    "layer2.0.downsample.0.learned_d": 261970,
    "layer2.0.downsample.0.learned_m": 128,
    "layer2.0.downsample.0.learned_n": 1,
    "layer2.0.downsample.0.mae": 0.03313090306520462,
    "layer2.0.downsample.0.mape": 0.02219915826022625,
    "layer2.0.downsample.0.mse": 0.002203123215213418,
    "layer2.0.downsample.0.rows": -1,
    "layer2.0.downsample.0.scaled_error": 0.004554522842168808,
    "layer2.0.downsample.0.scaled_shift": 0.00015558449679519982,
    "layer2.0.downsample.0.stored_array_size": 48,
    "layer2.1.conv1.C": 64,
    "layer2.1.conv1.H_size": 11264,
    "layer2.1.conv1.K": 16,
    "layer2.1.conv1.L_size": 524288,
    "layer2.1.conv1.encoding_algorithm": 0,
    "layer2.1.conv1.learned_a_shape": [
        1,
        261970
    ],
    "layer2.1.conv1.learned_b_shape": [
        261970,
        128
    ],
    "layer2.1.conv1.learned_d": 261970,
    "layer2.1.conv1.learned_m": 128,
    "layer2.1.conv1.learned_n": 1,
    "layer2.1.conv1.mae": 0.31178132643699646,
    "layer2.1.conv1.mape": 0.16906292736530304,
    "layer2.1.conv1.mse": 0.19550633280277252,
    "layer2.1.conv1.rows": -1,
    "layer2.1.conv1.scaled_error": 0.027515230429172515,
    "layer2.1.conv1.scaled_shift": 0.00026904440864163916,
    "layer2.1.conv1.stored_array_size": 48,
    "layer2.1.conv2.C": 64,
    "layer2.1.conv2.H_size": 11264,
    "layer2.1.conv2.K": 16,
    "layer2.1.conv2.L_size": 524288,
    "layer2.1.conv2.encoding_algorithm": 0,
    "layer2.1.conv2.learned_a_shape": [
        1,
        261970
    ],
    "layer2.1.conv2.learned_b_shape": [
        261970,
        128
    ],
    "layer2.1.conv2.learned_d": 261970,
    "layer2.1.conv2.learned_m": 128,
    "layer2.1.conv2.learned_n": 1,
    "layer2.1.conv2.mae": 0.12844971203804015,
    "layer2.1.conv2.mape": 0.09606062784194946,
    "layer2.1.conv2.mse": 0.02813232138156891,
    "layer2.1.conv2.rows": -1,
    "layer2.1.conv2.scaled_error": 0.04317722659111023,
    "layer2.1.conv2.scaled_shift": -0.003656751247122884,
    "layer2.1.conv2.stored_array_size": 48,
    "layer3.0.conv1.C": 128,
    "layer3.0.conv1.H_size": 22528,
    "layer3.0.conv1.K": 16,
    "layer3.0.conv1.L_size": 2097152,
    "layer3.0.conv1.encoding_algorithm": 0,
    "layer3.0.conv1.learned_a_shape": [
        1,
        261970
    ],
    "layer3.0.conv1.learned_b_shape": [
        261970,
        256
    ],
    "layer3.0.conv1.learned_d": 261970,
    "layer3.0.conv1.learned_m": 256,
    "layer3.0.conv1.learned_n": 1,
    "layer3.0.conv1.mae": 0.22941093244552613,