{
    "halut_layers": "{\"layer4.0.downsample.0\": [256, -1, 16, 0], \"layer4.0.conv2\": [256, -1, 16, 0], \"layer4.0.conv1\": [256, -1, 16, 0], \"layer3.1.conv2\": [128, -1, 16, 0], \"layer3.1.conv1\": [128, -1, 16, 0], \"layer3.0.downsample.0\": [128, -1, 16, 0], \"layer3.0.conv2\": [128, -1, 16, 0], \"layer3.0.conv1\": [128, -1, 16, 0], \"layer2.1.conv2\": [64, -1, 16, 0], \"layer2.1.conv1\": [64, -1, 16, 0], \"layer2.0.downsample.0\": [64, -1, 16, 0], \"layer2.0.conv2\": [64, -1, 16, 0], \"layer2.0.conv1\": [64, -1, 16, 0], \"layer1.1.conv2\": [32, -1, 16, 0], \"layer1.1.conv1\": [32, -1, 16, 0], \"layer1.0.conv2\": [32, -1, 16, 0], \"layer1.0.conv1\": [32, -1, 16, 0]}",
    "layer1.0.conv1.C": 32,
    "layer1.0.conv1.H_size": 5632,
    "layer1.0.conv1.K": 16,
    "layer1.0.conv1.L_size": 131072,
    "layer1.0.conv1.encoding_algorithm": 0,
    "layer1.0.conv1.learned_a_shape": [
        1,
        261970
    ],
    "layer1.0.conv1.learned_b_shape": [
        261970,
        64
    ],
    "layer1.0.conv1.learned_d": 261970,
    "layer1.0.conv1.learned_m": 64,
    "layer1.0.conv1.learned_n": 1,
    "layer1.0.conv1.mae": 0.4094570610523224,
    "layer1.0.conv1.mape": 0.20826040806770324,
    "layer1.0.conv1.mse": 0.31513184056282045,
    "layer1.0.conv1.rows": -1,
    "layer1.0.conv1.scaled_error": 0.024466937148571014,
    "layer1.0.conv1.scaled_shift": -0.007226892657577992,
    "layer1.0.conv1.stored_array_size": 48,
    "layer1.0.conv2.C": 32,
    "layer1.0.conv2.H_size": 5632,
    "layer1.0.conv2.K": 16,
    "layer1.0.conv2.L_size": 131072,
    "layer1.0.conv2.encoding_algorithm": 0,
    "layer1.0.conv2.learned_a_shape": [
        1,
        261970
    ],
    "layer1.0.conv2.learned_b_shape": [
        261970,
        64
    ],
    "layer1.0.conv2.learned_d": 261970,
    "layer1.0.conv2.learned_m": 64,
    "layer1.0.conv2.learned_n": 1,
    "layer1.0.conv2.mae": 0.2037616084575653,
    "layer1.0.conv2.mape": 0.14362553334236144,
    "layer1.0.conv2.mse": 0.07180786393880845,
    "layer1.0.conv2.rows": -1,
    "layer1.0.conv2.scaled_error": 0.02829083427786827,
    "layer1.0.conv2.scaled_shift": 0.0022640551045536995,
    "layer1.0.conv2.stored_array_size": 48,
    "layer1.1.conv1.C": 32,
    "layer1.1.conv1.H_size": 5632,
    "layer1.1.conv1.K": 16,
    "layer1.1.conv1.L_size": 131072,
    "layer1.1.conv1.encoding_algorithm": 0,
    "layer1.1.conv1.learned_a_shape": [
        1,
        261970
    ],
    "layer1.1.conv1.learned_b_shape": [
        261970,
        64
    ],
    "layer1.1.conv1.learned_d": 261970,
    "layer1.1.conv1.learned_m": 64,
    "layer1.1.conv1.learned_n": 1,
    "layer1.1.conv1.mae": 0.38138725595474243,
    "layer1.1.conv1.mape": 0.19761110804080964,
    "layer1.1.conv1.mse": 0.25584488339424133,
    "layer1.1.conv1.rows": -1,
    "layer1.1.conv1.scaled_error": 0.03171834985613823,
    "layer1.1.conv1.scaled_shift": -0.0012962018068879842,
    "layer1.1.conv1.stored_array_size": 48,
    "layer1.1.conv2.C": 32,
    "layer1.1.conv2.H_size": 5632,
    "layer1.1.conv2.K": 16,
    "layer1.1.conv2.L_size": 131072,
    "layer1.1.conv2.encoding_algorithm": 0,
    "layer1.1.conv2.learned_a_shape": [
        1,
        261970
    ],
    "layer1.1.conv2.learned_b_shape": [
        261970,
        64
    ],
    "layer1.1.conv2.learned_d": 261970,
    "layer1.1.conv2.learned_m": 64,
    "layer1.1.conv2.learned_n": 1,
    "layer1.1.conv2.mae": 0.14639486441612243,
    "layer1.1.conv2.mape": 0.10513268880844116,
    "layer1.1.conv2.mse": 0.0388300235927105,
    "layer1.1.conv2.rows": -1,
    "layer1.1.conv2.scaled_error": 0.015639703285694122,
    "layer1.1.conv2.scaled_shift": 0.0006467926749028265,
    "layer1.1.conv2.stored_array_size": 48,
    "layer2.0.conv1.C": 64,
    "layer2.0.conv1.H_size": 11264,
    "layer2.0.conv1.K": 16,
    "layer2.0.conv1.L_size": 524288,
    "layer2.0.conv1.encoding_algorithm": 0,
    "layer2.0.conv1.learned_a_shape": [
        1,
        261970
    ],
    "layer2.0.conv1.learned_b_shape": [
        261970,
        128
    ],
    "layer2.0.conv1.learned_d": 261970,
    "layer2.0.conv1.learned_m": 128,
    "layer2.0.conv1.learned_n": 1,
    "layer2.0.conv1.mae": 0.2843630424499512,
    "layer2.0.conv1.mape": 0.1692394498348236,
    "layer2.0.conv1.mse": 0.14319196047782898,
    "layer2.0.conv1.rows": -1,
    "layer2.0.conv1.scaled_error": 0.027240143623948096,
    "layer2.0.conv1.scaled_shift": -0.005834908775240183,
    "layer2.0.conv1.stored_array_size": 48,
    "layer2.0.conv2.C": 64,
    "layer2.0.conv2.H_size": 11264,
    "layer2.0.conv2.K": 16,
    "layer2.0.conv2.L_size": 524288,
    "layer2.0.conv2.encoding_algorithm": 0,
    "layer2.0.conv2.learned_a_shape": [
        1,
        261970
    ],
    "layer2.0.conv2.learned_b_shape": [
        261970,
        128
    ],
    "layer2.0.conv2.learned_d": 261970,
    "layer2.0.conv2.learned_m": 128,
    "layer2.0.conv2.learned_n": 1,
    "layer2.0.conv2.mae": 0.1507040982246399,
    "layer2.0.conv2.mape": 0.10614875180721282,
    "layer2.0.conv2.mse": 0.04271984256505966,
    "layer2.0.conv2.rows": -1,
    "layer2.0.conv2.scaled_error": 0.025035451602935792,
    "layer2.0.conv2.scaled_shift": -0.004251910380274057,
    "layer2.0.conv2.stored_array_size": 48,
    "layer2.0.downsample.0.C": 64,
    "layer2.0.downsample.0.H_size": 11264,
    "layer2.0.downsample.0.K": 16,
    "layer2.0.downsample.0.L_size": 524288,
    "layer2.0.downsample.0.encoding_algorithm": 0,
    "layer2.0.downsample.0.learned_a_shape": [
        1,
        261970
    ],
    "layer2.0.downsample.0.learned_b_shape": [
        261970,
        128
    ],
    "layer2.0.downsample.0.learned_d": 261970,
    "layer2.0.downsample.0.learned_m": 128,
    "layer2.0.downsample.0.learned_n": 1,
    "layer2.0.downsample.0.mae": 0.030132286420464515,
    "layer2.0.downsample.0.mape": 0.02133756238222122,
    "layer2.0.downsample.0.mse": 0.0016927898298949003,
    "layer2.0.downsample.0.rows": -1,
    "layer2.0.downsample.0.scaled_error": 0.00487245804965496,
    "layer2.0.downsample.0.scaled_shift": 4.2793038199306465e-05,
    "layer2.0.downsample.0.stored_array_size": 48,
    "layer2.1.conv1.C": 64,
    "layer2.1.conv1.H_size": 11264,
    "layer2.1.conv1.K": 16,
    "layer2.1.conv1.L_size": 524288,
    "layer2.1.conv1.encoding_algorithm": 0,
    "layer2.1.conv1.learned_a_shape": [
        1,
        261970
    ],
    "layer2.1.conv1.learned_b_shape": [
        261970,
        128
    ],
    "layer2.1.conv1.learned_d": 261970,
    "layer2.1.conv1.learned_m": 128,
    "layer2.1.conv1.learned_n": 1,
    "layer2.1.conv1.mae": 0.27403453569412234,
    "layer2.1.conv1.mape": 0.16312403697967529,
    "layer2.1.conv1.mse": 0.14663058145046234,
    "layer2.1.conv1.rows": -1,
    "layer2.1.conv1.scaled_error": 0.028979181295633316,
    "layer2.1.conv1.scaled_shift": -0.003233948853984475,
    "layer2.1.conv1.stored_array_size": 48,
    "layer2.1.conv2.C": 64,
    "layer2.1.conv2.H_size": 11264,
    "layer2.1.conv2.K": 16,
    "layer2.1.conv2.L_size": 524288,
    "layer2.1.conv2.encoding_algorithm": 0,
    "layer2.1.conv2.learned_a_shape": [
        1,
        261970
    ],
    "layer2.1.conv2.learned_b_shape": [
        261970,
        128
    ],
    "layer2.1.conv2.learned_d": 261970,
    "layer2.1.conv2.learned_m": 128,
    "layer2.1.conv2.learned_n": 1,
    "layer2.1.conv2.mae": 0.12026316565275193,
    "layer2.1.conv2.mape": 0.09354164937734603,
    "layer2.1.conv2.mse": 0.024352516865730287,
    "layer2.1.conv2.rows": -1,
    "layer2.1.conv2.scaled_error": 0.04532870293855667,
    "layer2.1.conv2.scaled_shift": -0.009409925302863121,
    "layer2.1.conv2.stored_array_size": 48,
    "layer3.0.conv1.C": 128,
    "layer3.0.conv1.H_size": 22528,
    "layer3.0.conv1.K": 16,
    "layer3.0.conv1.L_size": 2097152,
    "layer3.0.conv1.encoding_algorithm": 0,
    "layer3.0.conv1.learned_a_shape": [
        1,
        261970
    ],
    "layer3.0.conv1.learned_b_shape": [
        261970,
        256
    ],