{
    "conv3.C": 32,
    "conv3.H_size": 12288,
    "conv3.K": 32,
    "conv3.L_size": 262144,
    "conv3.encoding_algorithm": 1,
    "conv3.learned_a_shape": [
        555625,
        64
    ],
    "conv3.learned_b_shape": [
        64,
        64
    ],
    "conv3.learned_d": 64,
    "conv3.learned_m": 64,
    "conv3.learned_n": 555625,
    "conv3.mae": 0.10693581820338864,
    "conv3.mape": 0.076237544434143,
    "conv3.mse": 0.018984966471171084,
    "conv3.rows": 1,
    "conv3.scaled_error": 0.018624350995127072,
    "conv3.scaled_shift": -8.043184084451105e-07,
    "conv3.stored_array_size": 32,
    "halut_layers": "{\"conv3\": [32, 1, 32, 1]}",
    "top_1_accuracy": 85.57930755615234,
    "top_5_accuracy": 98.42520141601562
}