{
    "conv3.C": 32,
    "conv3.H_size": 6144,
    "conv3.K": 16,
    "conv3.L_size": 131072,
    "conv3.encoding_algorithm": 1,
    "conv3.learned_a_shape": [
        555625,
        64
    ],
    "conv3.learned_b_shape": [
        64,
        64
    ],
    "conv3.learned_d": 64,
    "conv3.learned_m": 64,
    "conv3.learned_n": 555625,
    "conv3.mae": 0.11288798174520177,
    "conv3.mape": 0.08037471191955498,
    "conv3.mse": 0.02131536631804081,
    "conv3.rows": 1,
    "conv3.scaled_error": 0.019661006348205497,
    "conv3.scaled_shift": 2.623152268549723e-06,
    "conv3.stored_array_size": 32,
    "halut_layers": "{\"conv3\": [32, 1, 16, 1]}",
    "top_1_accuracy": 84.65692138671875,
    "top_5_accuracy": 98.4701919555664
}