{
    "conv8.C": 16,
    "conv8.H_size": 3456,
    "conv8.K": 32,
    "conv8.L_size": 73728,
    "conv8.encoding_algorithm": 1,
    "conv8.learned_a_shape": [
        35560000,
        9
    ],
    "conv8.learned_b_shape": [
        9,
        64
    ],
    "conv8.learned_d": 9,
    "conv8.learned_m": 64,
    "conv8.learned_n": 35560000,
    "conv8.mae": 0.4663917498593926,
    "conv8.mape": 0.29274229515255906,
    "conv8.mse": 0.4275972552991423,
    "conv8.rows": 1,
    "conv8.scaled_error": 0.07047682806128726,
    "conv8.scaled_shift": 0.02230982914550232,
    "conv8.stored_array_size": 32,
    "halut_layers": "{\"conv8\": [16, 1, 32, 1]}",
    "top_1_accuracy": 7.829021453857422,
    "top_5_accuracy": 40.69741439819336
}