{
    "halut_layers": "{\"layer2.0.downsample.0\": [64, -1, 16], \"layer2.0.conv2\": [128, -1, 16], \"layer2.0.conv1\": [128, -1, 16], \"layer1.1.conv2\": [64, -1, 16], \"layer1.1.conv1\": [64, -1, 16], \"layer1.0.conv2\": [64, -1, 16], \"layer1.0.conv1\": [64, -1, 16]}",
    "layer1.0.conv1.C": 64,
    "layer1.0.conv1.H_size": 11264,
    "layer1.0.conv1.K": 16,
    "layer1.0.conv1.L_size": 262144,
    "layer1.0.conv1.learned_a_shape": [
        1,
        261970
    ],
    "layer1.0.conv1.learned_b_shape": [
        261970,
        64
    ],
    "layer1.0.conv1.learned_d": 261970,
    "layer1.0.conv1.learned_m": 64,
    "layer1.0.conv1.learned_n": 1,
    "layer1.0.conv1.mae": 0.3199201310078303,
    "layer1.0.conv1.mape": 0.14061787135601045,
    "layer1.0.conv1.mse": 0.2315888598481814,
    "layer1.0.conv1.rows": -1,
    "layer1.0.conv1.scaled_error": 0.01968160731891791,
    "layer1.0.conv1.scaled_shift": 0.0008711494881349306,
    "layer1.0.conv1.stored_array_size": 48,
    "layer1.0.conv2.C": 64,
    "layer1.0.conv2.H_size": 11264,
    "layer1.0.conv2.K": 16,
    "layer1.0.conv2.L_size": 262144,
    "layer1.0.conv2.learned_a_shape": [
        1,
        261970
    ],
    "layer1.0.conv2.learned_b_shape": [
        261970,
        64
    ],
    "layer1.0.conv2.learned_d": 261970,
    "layer1.0.conv2.learned_m": 64,
    "layer1.0.conv2.learned_n": 1,
    "layer1.0.conv2.mae": 0.17721569140354793,
    "layer1.0.conv2.mape": 0.11064194826483727,
    "layer1.0.conv2.mse": 0.05983842307428519,
    "layer1.0.conv2.rows": -1,
    "layer1.0.conv2.scaled_error": 0.021755118025839328,
    "layer1.0.conv2.scaled_shift": -0.0005303134525796243,
    "layer1.0.conv2.stored_array_size": 48,
    "layer1.1.conv1.C": 64,
    "layer1.1.conv1.H_size": 11264,
    "layer1.1.conv1.K": 16,
    "layer1.1.conv1.L_size": 262144,
    "layer1.1.conv1.learned_a_shape": [
        1,
        261970
    ],
    "layer1.1.conv1.learned_b_shape": [
        261970,
        64
    ],
    "layer1.1.conv1.learned_d": 261970,
    "layer1.1.conv1.learned_m": 64,
    "layer1.1.conv1.learned_n": 1,
    "layer1.1.conv1.mae": 0.28674277312755586,
    "layer1.1.conv1.mape": 0.14040052861769994,
    "layer1.1.conv1.mse": 0.15978839389880498,
    "layer1.1.conv1.rows": -1,
    "layer1.1.conv1.scaled_error": 0.024101283234357833,
    "layer1.1.conv1.scaled_shift": 5.258771710408231e-05,
    "layer1.1.conv1.stored_array_size": 48,
    "layer1.1.conv2.C": 64,
    "layer1.1.conv2.H_size": 11264,
    "layer1.1.conv2.K": 16,
    "layer1.1.conv2.L_size": 262144,
    "layer1.1.conv2.learned_a_shape": [
        1,
        261970
    ],
    "layer1.1.conv2.learned_b_shape": [
        261970,
        64
    ],
    "layer1.1.conv2.learned_d": 261970,
    "layer1.1.conv2.learned_m": 64,
    "layer1.1.conv2.learned_n": 1,
    "layer1.1.conv2.mae": 0.11440427117745082,
    "layer1.1.conv2.mape": 0.08289149213631948,
    "layer1.1.conv2.mse": 0.0229433253839612,
    "layer1.1.conv2.rows": -1,
    "layer1.1.conv2.scaled_error": 0.026848685677846273,
    "layer1.1.conv2.scaled_shift": 0.00046126396071534447,
    "layer1.1.conv2.stored_array_size": 48,
    "layer2.0.conv1.C": 128,
    "layer2.0.conv1.H_size": 22528,
    "layer2.0.conv1.K": 16,
    "layer2.0.conv1.L_size": 1048576,
    "layer2.0.conv1.learned_a_shape": [
        1,
        261970
    ],
    "layer2.0.conv1.learned_b_shape": [
        261970,
        128
    ],
    "layer2.0.conv1.learned_d": 261970,
    "layer2.0.conv1.learned_m": 128,
    "layer2.0.conv1.learned_n": 1,
    "layer2.0.conv1.mae": 0.24327891902923585,
    "layer2.0.conv1.mape": 0.11001939329306284,
    "layer2.0.conv1.mse": 0.11250137210687002,
    "layer2.0.conv1.rows": -1,
    "layer2.0.conv1.scaled_error": 0.01860443502664566,
    "layer2.0.conv1.scaled_shift": 0.002643754865601659,
    "layer2.0.conv1.stored_array_size": 48,
    "layer2.0.conv2.C": 128,
    "layer2.0.conv2.H_size": 22528,
    "layer2.0.conv2.K": 16,
    "layer2.0.conv2.L_size": 1048576,
    "layer2.0.conv2.learned_a_shape": [
        1,
        261970
    ],
    "layer2.0.conv2.learned_b_shape": [
        261970,
        128
    ],
    "layer2.0.conv2.learned_d": 261970,
    "layer2.0.conv2.learned_m": 128,
    "layer2.0.conv2.learned_n": 1,
    "layer2.0.conv2.mae": 0.14187027172644934,
    "layer2.0.conv2.mape": 0.095516100837787,
    "layer2.0.conv2.mse": 0.03449779813587665,
    "layer2.0.conv2.rows": -1,
    "layer2.0.conv2.scaled_error": 0.03747768566211065,
    "layer2.0.conv2.scaled_shift": 0.005371774778515101,
    "layer2.0.conv2.stored_array_size": 48,
    "layer2.0.downsample.0.C": 64,
    "layer2.0.downsample.0.H_size": 11264,
    "layer2.0.downsample.0.K": 16,
    "layer2.0.downsample.0.L_size": 524288,
    "layer2.0.downsample.0.learned_a_shape": [
        1,
        261970
    ],
    "layer2.0.downsample.0.learned_b_shape": [
        261970,
        128
    ],
    "layer2.0.downsample.0.learned_d": 261970,
    "layer2.0.downsample.0.learned_m": 128,
    "layer2.0.downsample.0.learned_n": 1,
    "layer2.0.downsample.0.mae": 0.04431666902899742,
    "layer2.0.downsample.0.mape": 0.026366394066810607,
    "layer2.0.downsample.0.mse": 0.004515851367264986,
    "layer2.0.downsample.0.rows": -1,
    "layer2.0.downsample.0.scaled_error": 0.008001050178706646,
    "layer2.0.downsample.0.scaled_shift": 0.0007037508406676352,
    "layer2.0.downsample.0.stored_array_size": 48,
    "top_1_accuracy": 91.25,
    "top_5_accuracy": 99.73
}