{
    "halut_layers": "{\"layer1.1.conv1\": [64, -1, 16], \"layer1.0.conv2\": [64, -1, 16], \"layer1.0.conv1\": [64, -1, 16]}",
    "layer1.0.conv1.C": 64,
    "layer1.0.conv1.H_size": 11264,
    "layer1.0.conv1.K": 16,
    "layer1.0.conv1.L_size": 262144,
    "layer1.0.conv1.learned_a_shape": [
        1,
        261970
    ],
    "layer1.0.conv1.learned_b_shape": [
        261970,
        64
    ],
    "layer1.0.conv1.learned_d": 261970,
    "layer1.0.conv1.learned_m": 64,
    "layer1.0.conv1.learned_n": 1,
    "layer1.0.conv1.mae": 0.4796645182609558,
    "layer1.0.conv1.mape": 0.17356744573116303,
    "layer1.0.conv1.mse": 0.554642434501648,
    "layer1.0.conv1.rows": -1,
    "layer1.0.conv1.scaled_error": 0.02216546319127083,
    "layer1.0.conv1.scaled_shift": 0.0034500933051109313,
    "layer1.0.conv1.stored_array_size": 48,
    "layer1.0.conv2.C": 64,
    "layer1.0.conv2.H_size": 11264,
    "layer1.0.conv2.K": 16,
    "layer1.0.conv2.L_size": 262144,
    "layer1.0.conv2.learned_a_shape": [
        1,
        261970
    ],
    "layer1.0.conv2.learned_b_shape": [
        261970,
        64
    ],
    "layer1.0.conv2.learned_d": 261970,
    "layer1.0.conv2.learned_m": 64,
    "layer1.0.conv2.learned_n": 1,
    "layer1.0.conv2.mae": 0.21884786949157714,
    "layer1.0.conv2.mape": 0.12388796272277831,
    "layer1.0.conv2.mse": 0.0950084489941597,
    "layer1.0.conv2.rows": -1,
    "layer1.0.conv2.scaled_error": 0.023746197429299353,
    "layer1.0.conv2.scaled_shift": 0.0008084069059230387,
    "layer1.0.conv2.stored_array_size": 48,
    "layer1.1.conv1.C": 64,
    "layer1.1.conv1.H_size": 11264,
    "layer1.1.conv1.K": 16,
    "layer1.1.conv1.L_size": 262144,
    "layer1.1.conv1.learned_a_shape": [
        1,
        261970
    ],
    "layer1.1.conv1.learned_b_shape": [
        261970,
        64
    ],
    "layer1.1.conv1.learned_d": 261970,
    "layer1.1.conv1.learned_m": 64,
    "layer1.1.conv1.learned_n": 1,
    "layer1.1.conv1.mae": 0.4046349165916443,
    "layer1.1.conv1.mape": 0.16749384751319885,
    "layer1.1.conv1.mse": 0.3436566197872162,
    "layer1.1.conv1.rows": -1,
    "layer1.1.conv1.scaled_error": 0.027478683865070342,
    "layer1.1.conv1.scaled_shift": 0.0037652986645698547,
    "layer1.1.conv1.stored_array_size": 48,
    "top_1_accuracy": 91.32,
    "top_5_accuracy": 99.8
}