{
    "halut_layers": "{\"layer4.1.conv2\": [256, -1, 16], \"layer4.1.conv1\": [256, -1, 16], \"layer4.0.downsample.0\": [32, -1, 16], \"layer4.0.conv2\": [256, -1, 16], \"layer4.0.conv1\": [256, -1, 16], \"layer3.1.conv2\": [128, -1, 16], \"layer3.1.conv1\": [128, -1, 16], \"layer3.0.downsample.0\": [32, -1, 16], \"layer3.0.conv2\": [128, -1, 16], \"layer3.0.conv1\": [128, -1, 16], \"layer2.1.conv2\": [64, -1, 16], \"layer2.1.conv1\": [64, -1, 16], \"layer2.0.downsample.0\": [32, -1, 16], \"layer2.0.conv2\": [64, -1, 16], \"layer2.0.conv1\": [64, -1, 16], \"layer1.1.conv2\": [32, -1, 16], \"layer1.1.conv1\": [32, -1, 16], \"layer1.0.conv2\": [32, -1, 16], \"layer1.0.conv1\": [32, -1, 16]}",
    "layer1.0.conv1.C": 32,
    "layer1.0.conv1.H_size": 5632,
    "layer1.0.conv1.K": 16,
    "layer1.0.conv1.L_size": 131072,
    "layer1.0.conv1.learned_a_shape": [
        1,
        261970
    ],
    "layer1.0.conv1.learned_b_shape": [
        261970,
        64
    ],
    "layer1.0.conv1.learned_d": 261970,
    "layer1.0.conv1.learned_m": 64,
    "layer1.0.conv1.learned_n": 1,
    "layer1.0.conv1.mae": 0.3554730902036031,
    "layer1.0.conv1.mape": 0.19593261053562164,
    "layer1.0.conv1.mse": 0.2266932274977366,
    "layer1.0.conv1.rows": -1,
    "layer1.0.conv1.scaled_error": 0.03081304802795251,
    "layer1.0.conv1.scaled_shift": -0.006825591491659482,
    "layer1.0.conv1.stored_array_size": 48,
    "layer1.0.conv2.C": 32,
    "layer1.0.conv2.H_size": 5632,
    "layer1.0.conv2.K": 16,
    "layer1.0.conv2.L_size": 131072,
    "layer1.0.conv2.learned_a_shape": [
        1,
        261970
    ],
    "layer1.0.conv2.learned_b_shape": [
        261970,
        64
    ],
    "layer1.0.conv2.learned_d": 261970,
    "layer1.0.conv2.learned_m": 64,
    "layer1.0.conv2.learned_n": 1,
    "layer1.0.conv2.mae": 0.2276295337041219,
    "layer1.0.conv2.mape": 0.16571318101485571,
    "layer1.0.conv2.mse": 0.08671742253899574,
    "layer1.0.conv2.rows": -1,
    "layer1.0.conv2.scaled_error": 0.04157486370205879,
    "layer1.0.conv2.scaled_shift": -0.009658211052914461,
    "layer1.0.conv2.stored_array_size": 48,
    "layer1.1.conv1.C": 32,
    "layer1.1.conv1.H_size": 5632,
    "layer1.1.conv1.K": 16,
    "layer1.1.conv1.L_size": 131072,
    "layer1.1.conv1.learned_a_shape": [
        1,
        261970
    ],
    "layer1.1.conv1.learned_b_shape": [
        261970,
        64
    ],
    "layer1.1.conv1.learned_d": 261970,
    "layer1.1.conv1.learned_m": 64,
    "layer1.1.conv1.learned_n": 1,
    "layer1.1.conv1.mae": 0.3318972622315089,
    "layer1.1.conv1.mape": 0.2003611724774043,
    "layer1.1.conv1.mse": 0.19250378913879396,
    "layer1.1.conv1.rows": -1,
    "layer1.1.conv1.scaled_error": 0.040068746438622474,
    "layer1.1.conv1.scaled_shift": -0.010173989005635183,
    "layer1.1.conv1.stored_array_size": 48,
    "layer1.1.conv2.C": 32,
    "layer1.1.conv2.H_size": 5632,
    "layer1.1.conv2.K": 16,
    "layer1.1.conv2.L_size": 131072,
    "layer1.1.conv2.learned_a_shape": [
        1,
        261970
    ],
    "layer1.1.conv2.learned_b_shape": [
        261970,
        64
    ],
    "layer1.1.conv2.learned_d": 261970,
    "layer1.1.conv2.learned_m": 64,
    "layer1.1.conv2.learned_n": 1,
    "layer1.1.conv2.mae": 0.1335235344727834,
    "layer1.1.conv2.mape": 0.10772446358005205,
    "layer1.1.conv2.mse": 0.029758952719469864,
    "layer1.1.conv2.rows": -1,
    "layer1.1.conv2.scaled_error": 0.04245311189790567,
    "layer1.1.conv2.scaled_shift": -0.0063859861309329665,
    "layer1.1.conv2.stored_array_size": 48,
    "layer2.0.conv1.C": 64,
    "layer2.0.conv1.H_size": 11264,
    "layer2.0.conv1.K": 16,
    "layer2.0.conv1.L_size": 524288,
    "layer2.0.conv1.learned_a_shape": [
        1,
        261970
    ],
    "layer2.0.conv1.learned_b_shape": [
        261970,
        128
    ],
    "layer2.0.conv1.learned_d": 261970,
    "layer2.0.conv1.learned_m": 128,
    "layer2.0.conv1.learned_n": 1,
    "layer2.0.conv1.mae": 0.30487841521898906,
    "layer2.0.conv1.mape": 0.18957963621218998,
    "layer2.0.conv1.mse": 0.15347326300144196,
    "layer2.0.conv1.rows": -1,
    "layer2.0.conv1.scaled_error": 0.035469985504945116,
    "layer2.0.conv1.scaled_shift": -0.008927777682989836,
    "layer2.0.conv1.stored_array_size": 48,
    "layer2.0.conv2.C": 64,
    "layer2.0.conv2.H_size": 11264,
    "layer2.0.conv2.K": 16,
    "layer2.0.conv2.L_size": 524288,
    "layer2.0.conv2.learned_a_shape": [
        1,
        261970
    ],
    "layer2.0.conv2.learned_b_shape": [
        261970,
        128
    ],
    "layer2.0.conv2.learned_d": 261970,
    "layer2.0.conv2.learned_m": 128,
    "layer2.0.conv2.learned_n": 1,
    "layer2.0.conv2.mae": 0.15734094256560008,
    "layer2.0.conv2.mape": 0.11986630370815594,
    "layer2.0.conv2.mse": 0.04101493925849597,
    "layer2.0.conv2.rows": -1,
    "layer2.0.conv2.scaled_error": 0.049372868260741234,
    "layer2.0.conv2.scaled_shift": -0.01472142053321004,
    "layer2.0.conv2.stored_array_size": 48,
    "layer2.0.downsample.0.C": 32,
    "layer2.0.downsample.0.H_size": 5632,
    "layer2.0.downsample.0.K": 16,
    "layer2.0.downsample.0.L_size": 262144,
    "layer2.0.downsample.0.learned_a_shape": [
        1,
        261970
    ],
    "layer2.0.downsample.0.learned_b_shape": [
        261970,
        128
    ],
    "layer2.0.downsample.0.learned_d": 261970,
    "layer2.0.downsample.0.learned_m": 128,
    "layer2.0.downsample.0.learned_n": 1,
    "layer2.0.downsample.0.mae": 0.05925514000058174,
    "layer2.0.downsample.0.mape": 0.04569458217819532,
    "layer2.0.downsample.0.mse": 0.005830844800174237,
    "layer2.0.downsample.0.rows": -1,
    "layer2.0.downsample.0.scaled_error": 0.01596794337928295,
    "layer2.0.downsample.0.scaled_shift": -0.0009170428928919137,
    "layer2.0.downsample.0.stored_array_size": 48,
    "layer2.1.conv1.C": 64,
    "layer2.1.conv1.H_size": 11264,
    "layer2.1.conv1.K": 16,
    "layer2.1.conv1.L_size": 524288,
    "layer2.1.conv1.learned_a_shape": [
        1,
        261970
    ],
    "layer2.1.conv1.learned_b_shape": [
        261970,
        128
    ],
    "layer2.1.conv1.learned_d": 261970,
    "layer2.1.conv1.learned_m": 128,
    "layer2.1.conv1.learned_n": 1,
    "layer2.1.conv1.mae": 0.27760600825945536,
    "layer2.1.conv1.mape": 0.17609358058770497,
    "layer2.1.conv1.mse": 0.1318331915060679,
    "layer2.1.conv1.rows": -1,
    "layer2.1.conv1.scaled_error": 0.04051229234337807,
    "layer2.1.conv1.scaled_shift": -0.004802366775398453,
    "layer2.1.conv1.stored_array_size": 48,
    "layer2.1.conv2.C": 64,
    "layer2.1.conv2.H_size": 11264,
    "layer2.1.conv2.K": 16,
    "layer2.1.conv2.L_size": 524288,
    "layer2.1.conv2.learned_a_shape": [
        1,
        261970
    ],
    "layer2.1.conv2.learned_b_shape": [
        261970,
        128
    ],
    "layer2.1.conv2.learned_d": 261970,
    "layer2.1.conv2.learned_m": 128,
    "layer2.1.conv2.learned_n": 1,
    "layer2.1.conv2.mae": 0.11382753859758377,
    "layer2.1.conv2.mape": 0.09175578449169795,
    "layer2.1.conv2.mse": 0.02091688142567873,
    "layer2.1.conv2.rows": -1,
    "layer2.1.conv2.scaled_error": 0.060786294426520664,
    "layer2.1.conv2.scaled_shift": -0.014320677788555622,
    "layer2.1.conv2.stored_array_size": 48,
    "layer3.0.conv1.C": 128,
    "layer3.0.conv1.H_size": 22528,
    "layer3.0.conv1.K": 16,
    "layer3.0.conv1.L_size": 2097152,
    "layer3.0.conv1.learned_a_shape": [
        1,
        261970
    ],
    "layer3.0.conv1.learned_b_shape": [
        261970,
        256
    ],
    "layer3.0.conv1.learned_d": 261970,
    "layer3.0.conv1.learned_m": 256,
    "layer3.0.conv1.learned_n": 1,
    "layer3.0.conv1.mae": 0.1934239388902982,
    "layer3.0.conv1.mape": 0.12501588968435923,
    "layer3.0.conv1.mse": 0.06092250934441884,
    "layer3.0.conv1.rows": -1,
    "layer3.0.conv1.scaled_error": 0.042437986146410304,
    "layer3.0.conv1.scaled_shift": -0.008234921730185548,