{
    "halut_layers": "{\"layer4.0.conv2\": [256, -1, 16], \"layer4.0.conv1\": [256, -1, 16], \"layer3.1.conv2\": [128, -1, 16], \"layer3.1.conv1\": [128, -1, 16], \"layer3.0.downsample.0\": [32, -1, 16], \"layer3.0.conv2\": [128, -1, 16], \"layer3.0.conv1\": [128, -1, 16], \"layer2.1.conv2\": [64, -1, 16], \"layer2.1.conv1\": [64, -1, 16], \"layer2.0.downsample.0\": [32, -1, 16], \"layer2.0.conv2\": [64, -1, 16], \"layer2.0.conv1\": [64, -1, 16], \"layer1.1.conv2\": [32, -1, 16], \"layer1.1.conv1\": [32, -1, 16], \"layer1.0.conv2\": [32, -1, 16], \"layer1.0.conv1\": [32, -1, 16]}",
    "layer1.0.conv1.C": 32,
    "layer1.0.conv1.H_size": 5632,
    "layer1.0.conv1.K": 16,
    "layer1.0.conv1.L_size": 131072,
    "layer1.0.conv1.learned_a_shape": [
        1,
        261970
    ],
    "layer1.0.conv1.learned_b_shape": [
        261970,
        64
    ],
    "layer1.0.conv1.learned_d": 261970,
    "layer1.0.conv1.learned_m": 64,
    "layer1.0.conv1.learned_n": 1,
    "layer1.0.conv1.mae": 0.41707228536605834,
    "layer1.0.conv1.mape": 0.2048423429965973,
    "layer1.0.conv1.mse": 0.3408393801689148,
    "layer1.0.conv1.rows": -1,
    "layer1.0.conv1.scaled_error": 0.026917243087291716,
    "layer1.0.conv1.scaled_shift": -0.003205426798760891,
    "layer1.0.conv1.stored_array_size": 48,
    "layer1.0.conv2.C": 32,
    "layer1.0.conv2.H_size": 5632,
    "layer1.0.conv2.K": 16,
    "layer1.0.conv2.L_size": 131072,
    "layer1.0.conv2.learned_a_shape": [
        1,
        261970
    ],
    "layer1.0.conv2.learned_b_shape": [
        261970,
        64
    ],
    "layer1.0.conv2.learned_d": 261970,
    "layer1.0.conv2.learned_m": 64,
    "layer1.0.conv2.learned_n": 1,
    "layer1.0.conv2.mae": 0.23848688373565674,
    "layer1.0.conv2.mape": 0.16490971069335938,
    "layer1.0.conv2.mse": 0.09737101293802261,
    "layer1.0.conv2.rows": -1,
    "layer1.0.conv2.scaled_error": 0.03902868087291717,
    "layer1.0.conv2.scaled_shift": -0.00696016618013382,
    "layer1.0.conv2.stored_array_size": 48,
    "layer1.1.conv1.C": 32,
    "layer1.1.conv1.H_size": 5632,
    "layer1.1.conv1.K": 16,
    "layer1.1.conv1.L_size": 131072,
    "layer1.1.conv1.learned_a_shape": [
        1,
        261970
    ],
    "layer1.1.conv1.learned_b_shape": [
        261970,
        64
    ],
    "layer1.1.conv1.learned_d": 261970,
    "layer1.1.conv1.learned_m": 64,
    "layer1.1.conv1.learned_n": 1,
    "layer1.1.conv1.mae": 0.3749992741107941,
    "layer1.1.conv1.mape": 0.2054759993314743,
    "layer1.1.conv1.mse": 0.2534817428588867,
    "layer1.1.conv1.rows": -1,
    "layer1.1.conv1.scaled_error": 0.03637181667685509,
    "layer1.1.conv1.scaled_shift": -0.005707712075859309,
    "layer1.1.conv1.stored_array_size": 48,
    "layer1.1.conv2.C": 32,
    "layer1.1.conv2.H_size": 5632,
    "layer1.1.conv2.K": 16,
    "layer1.1.conv2.L_size": 131072,
    "layer1.1.conv2.learned_a_shape": [
        1,
        261970
    ],
    "layer1.1.conv2.learned_b_shape": [
        261970,
        64
    ],
    "layer1.1.conv2.learned_d": 261970,
    "layer1.1.conv2.learned_m": 64,
    "layer1.1.conv2.learned_n": 1,
    "layer1.1.conv2.mae": 0.1480427122116089,
    "layer1.1.conv2.mape": 0.11360434670448304,
    "layer1.1.conv2.mse": 0.03689545880556107,
    "layer1.1.conv2.rows": -1,
    "layer1.1.conv2.scaled_error": 0.043720518159866335,
    "layer1.1.conv2.scaled_shift": -0.004191436271369457,
    "layer1.1.conv2.stored_array_size": 48,
    "layer2.0.conv1.C": 64,
    "layer2.0.conv1.H_size": 11264,
    "layer2.0.conv1.K": 16,
    "layer2.0.conv1.L_size": 524288,
    "layer2.0.conv1.learned_a_shape": [
        1,
        261970
    ],
    "layer2.0.conv1.learned_b_shape": [
        261970,
        128
    ],
    "layer2.0.conv1.learned_d": 261970,
    "layer2.0.conv1.learned_m": 128,
    "layer2.0.conv1.learned_n": 1,
    "layer2.0.conv1.mae": 0.3323188437461853,
    "layer2.0.conv1.mape": 0.18550995960235594,
    "layer2.0.conv1.mse": 0.19067061054706574,
    "layer2.0.conv1.rows": -1,
    "layer2.0.conv1.scaled_error": 0.02810837563276291,
    "layer2.0.conv1.scaled_shift": -0.005162965966016054,
    "layer2.0.conv1.stored_array_size": 48,
    "layer2.0.conv2.C": 64,
    "layer2.0.conv2.H_size": 11264,
    "layer2.0.conv2.K": 16,
    "layer2.0.conv2.L_size": 524288,
    "layer2.0.conv2.learned_a_shape": [
        1,
        261970
    ],
    "layer2.0.conv2.learned_b_shape": [
        261970,
        128
    ],
    "layer2.0.conv2.learned_d": 261970,
    "layer2.0.conv2.learned_m": 128,
    "layer2.0.conv2.learned_n": 1,
    "layer2.0.conv2.mae": 0.1817694290161133,
    "layer2.0.conv2.mape": 0.12939136228561401,
    "layer2.0.conv2.mse": 0.055334908401966094,
    "layer2.0.conv2.rows": -1,
    "layer2.0.conv2.scaled_error": 0.0495664141535759,
    "layer2.0.conv2.scaled_shift": -0.00814053436666727,
    "layer2.0.conv2.stored_array_size": 48,
    "layer2.0.downsample.0.C": 32,
    "layer2.0.downsample.0.H_size": 5632,
    "layer2.0.downsample.0.K": 16,
    "layer2.0.downsample.0.L_size": 262144,
    "layer2.0.downsample.0.learned_a_shape": [
        1,
        261970
    ],
    "layer2.0.downsample.0.learned_b_shape": [
        261970,
        128
    ],
    "layer2.0.downsample.0.learned_d": 261970,
    "layer2.0.downsample.0.learned_m": 128,
    "layer2.0.downsample.0.learned_n": 1,
    "layer2.0.downsample.0.mae": 0.06264655272960663,
    "layer2.0.downsample.0.mape": 0.04583318464756012,
    "layer2.0.downsample.0.mse": 0.0066392172463238235,
    "layer2.0.downsample.0.rows": -1,
    "layer2.0.downsample.0.scaled_error": 0.014601530653238297,
    "layer2.0.downsample.0.scaled_shift": -0.0005488776413723826,
    "layer2.0.downsample.0.stored_array_size": 48,
    "layer2.1.conv1.C": 64,
    "layer2.1.conv1.H_size": 11264,
    "layer2.1.conv1.K": 16,
    "layer2.1.conv1.L_size": 524288,
    "layer2.1.conv1.learned_a_shape": [
        1,
        261970
    ],
    "layer2.1.conv1.learned_b_shape": [
        261970,
        128
    ],
    "layer2.1.conv1.learned_d": 261970,
    "layer2.1.conv1.learned_m": 128,
    "layer2.1.conv1.learned_n": 1,
    "layer2.1.conv1.mae": 0.3200416717529297,
    "layer2.1.conv1.mape": 0.18952151598930359,
    "layer2.1.conv1.mse": 0.17690259084701537,
    "layer2.1.conv1.rows": -1,
    "layer2.1.conv1.scaled_error": 0.0407010424375534,
    "layer2.1.conv1.scaled_shift": -0.0015860261686146259,
    "layer2.1.conv1.stored_array_size": 48,
    "layer2.1.conv2.C": 64,
    "layer2.1.conv2.H_size": 11264,
    "layer2.1.conv2.K": 16,
    "layer2.1.conv2.L_size": 524288,
    "layer2.1.conv2.learned_a_shape": [
        1,
        261970
    ],
    "layer2.1.conv2.learned_b_shape": [
        261970,
        128
    ],
    "layer2.1.conv2.learned_d": 261970,
    "layer2.1.conv2.learned_m": 128,
    "layer2.1.conv2.learned_n": 1,
    "layer2.1.conv2.mae": 0.1205470046043396,
    "layer2.1.conv2.mape": 0.09555481706857681,
    "layer2.1.conv2.mse": 0.023472116708755493,
    "layer2.1.conv2.rows": -1,
    "layer2.1.conv2.scaled_error": 0.06094894514083862,
    "layer2.1.conv2.scaled_shift": -0.012283237808942795,
    "layer2.1.conv2.stored_array_size": 48,
    "layer3.0.conv1.C": 128,
    "layer3.0.conv1.H_size": 22528,
    "layer3.0.conv1.K": 16,
    "layer3.0.conv1.L_size": 2097152,
    "layer3.0.conv1.learned_a_shape": [
        1,
        261970
    ],
    "layer3.0.conv1.learned_b_shape": [
        261970,
        256
    ],
    "layer3.0.conv1.learned_d": 261970,
    "layer3.0.conv1.learned_m": 256,
    "layer3.0.conv1.learned_n": 1,
    "layer3.0.conv1.mae": 0.21807755222320557,
    "layer3.0.conv1.mape": 0.13295635075569154,
    "layer3.0.conv1.mse": 0.07840237891674041,
    "layer3.0.conv1.rows": -1,
    "layer3.0.conv1.scaled_error": 0.04343249698877335,
    "layer3.0.conv1.scaled_shift": -0.00301387315839529,
    "layer3.0.conv1.stored_array_size": 48,
    "layer3.0.conv2.C": 128,
    "layer3.0.conv2.H_size": 22528,
    "layer3.0.conv2.K": 16,