{
    "halut_layers": "{\"layer3.1.conv1\": [128, -1, 16], \"layer3.0.downsample.0\": [32, -1, 16], \"layer3.0.conv2\": [128, -1, 16], \"layer3.0.conv1\": [128, -1, 16], \"layer2.1.conv2\": [64, -1, 16], \"layer2.1.conv1\": [64, -1, 16], \"layer2.0.downsample.0\": [32, -1, 16], \"layer2.0.conv2\": [64, -1, 16], \"layer2.0.conv1\": [64, -1, 16], \"layer1.1.conv2\": [32, -1, 16], \"layer1.1.conv1\": [32, -1, 16], \"layer1.0.conv2\": [32, -1, 16], \"layer1.0.conv1\": [32, -1, 16]}",
    "layer1.0.conv1.C": 32,
    "layer1.0.conv1.H_size": 5632,
    "layer1.0.conv1.K": 16,
    "layer1.0.conv1.L_size": 131072,
    "layer1.0.conv1.learned_a_shape": [
        1,
        261970
    ],
    "layer1.0.conv1.learned_b_shape": [
        261970,
        64
    ],
    "layer1.0.conv1.learned_d": 261970,
    "layer1.0.conv1.learned_m": 64,
    "layer1.0.conv1.learned_n": 1,
    "layer1.0.conv1.mae": 0.4425888328075409,
    "layer1.0.conv1.mape": 0.20121486523151397,
    "layer1.0.conv1.mse": 0.4093459282398224,
    "layer1.0.conv1.rows": -1,
    "layer1.0.conv1.scaled_error": 0.025396352773904802,
    "layer1.0.conv1.scaled_shift": -0.0011087186323478818,
    "layer1.0.conv1.stored_array_size": 48,
    "layer1.0.conv2.C": 32,
    "layer1.0.conv2.H_size": 5632,
    "layer1.0.conv2.K": 16,
    "layer1.0.conv2.L_size": 131072,
    "layer1.0.conv2.learned_a_shape": [
        1,
        261970
    ],
    "layer1.0.conv2.learned_b_shape": [
        261970,
        64
    ],
    "layer1.0.conv2.learned_d": 261970,
    "layer1.0.conv2.learned_m": 64,
    "layer1.0.conv2.learned_n": 1,
    "layer1.0.conv2.mae": 0.23777235045433046,
    "layer1.0.conv2.mape": 0.15865195226669312,
    "layer1.0.conv2.mse": 0.09931543335914612,
    "layer1.0.conv2.rows": -1,
    "layer1.0.conv2.scaled_error": 0.03615399782657623,
    "layer1.0.conv2.scaled_shift": -0.004863379541039467,
    "layer1.0.conv2.stored_array_size": 48,
    "layer1.1.conv1.C": 32,
    "layer1.1.conv1.H_size": 5632,
    "layer1.1.conv1.K": 16,
    "layer1.1.conv1.L_size": 131072,
    "layer1.1.conv1.learned_a_shape": [
        1,
        261970
    ],
    "layer1.1.conv1.learned_b_shape": [
        261970,
        64
    ],
    "layer1.1.conv1.learned_d": 261970,
    "layer1.1.conv1.learned_m": 64,
    "layer1.1.conv1.learned_n": 1,
    "layer1.1.conv1.mae": 0.3913807680130005,
    "layer1.1.conv1.mape": 0.20068185155391693,
    "layer1.1.conv1.mse": 0.28628874516487124,
    "layer1.1.conv1.rows": -1,
    "layer1.1.conv1.scaled_error": 0.03383035005331039,
    "layer1.1.conv1.scaled_shift": -0.0026935947749763727,
    "layer1.1.conv1.stored_array_size": 48,
    "layer1.1.conv2.C": 32,
    "layer1.1.conv2.H_size": 5632,
    "layer1.1.conv2.K": 16,
    "layer1.1.conv2.L_size": 131072,
    "layer1.1.conv2.learned_a_shape": [
        1,
        261970
    ],
    "layer1.1.conv2.learned_b_shape": [
        261970,
        64
    ],
    "layer1.1.conv2.learned_d": 261970,
    "layer1.1.conv2.learned_m": 64,
    "layer1.1.conv2.learned_n": 1,
    "layer1.1.conv2.mae": 0.15354154057502747,
    "layer1.1.conv2.mape": 0.11458224766254425,
    "layer1.1.conv2.mse": 0.039991412788629534,
    "layer1.1.conv2.rows": -1,
    "layer1.1.conv2.scaled_error": 0.04299794008731842,
    "layer1.1.conv2.scaled_shift": -0.002699962053820491,
    "layer1.1.conv2.stored_array_size": 48,
    "layer2.0.conv1.C": 64,
    "layer2.0.conv1.H_size": 11264,
    "layer2.0.conv1.K": 16,
    "layer2.0.conv1.L_size": 524288,
    "layer2.0.conv1.learned_a_shape": [
        1,
        261970
    ],
    "layer2.0.conv1.learned_b_shape": [
        261970,
        128
    ],
    "layer2.0.conv1.learned_d": 261970,
    "layer2.0.conv1.learned_m": 128,
    "layer2.0.conv1.learned_n": 1,
    "layer2.0.conv1.mae": 0.34007217831611636,
    "layer2.0.conv1.mape": 0.17870983762741088,
    "layer2.0.conv1.mse": 0.20824442648887634,
    "layer2.0.conv1.rows": -1,
    "layer2.0.conv1.scaled_error": 0.02567426234781742,
    "layer2.0.conv1.scaled_shift": -0.0031854261476546527,
    "layer2.0.conv1.stored_array_size": 48,
    "layer2.0.conv2.C": 64,
    "layer2.0.conv2.H_size": 11264,
    "layer2.0.conv2.K": 16,
    "layer2.0.conv2.L_size": 524288,
    "layer2.0.conv2.learned_a_shape": [
        1,
        261970
    ],
    "layer2.0.conv2.learned_b_shape": [
        261970,
        128
    ],
    "layer2.0.conv2.learned_d": 261970,
    "layer2.0.conv2.learned_m": 128,
    "layer2.0.conv2.learned_n": 1,
    "layer2.0.conv2.mae": 0.1923496301651001,
    "layer2.0.conv2.mape": 0.1319464361667633,
    "layer2.0.conv2.mse": 0.06241146301031113,
    "layer2.0.conv2.rows": -1,
    "layer2.0.conv2.scaled_error": 0.04910793185830116,
    "layer2.0.conv2.scaled_shift": -0.0036060503266751765,
    "layer2.0.conv2.stored_array_size": 48,
    "layer2.0.downsample.0.C": 32,
    "layer2.0.downsample.0.H_size": 5632,
    "layer2.0.downsample.0.K": 16,
    "layer2.0.downsample.0.L_size": 262144,
    "layer2.0.downsample.0.learned_a_shape": [
        1,
        261970
    ],
    "layer2.0.downsample.0.learned_b_shape": [
        261970,
        128
    ],
    "layer2.0.downsample.0.learned_d": 261970,
    "layer2.0.downsample.0.learned_m": 128,
    "layer2.0.downsample.0.learned_n": 1,
    "layer2.0.downsample.0.mae": 0.06488326185941697,
    "layer2.0.downsample.0.mape": 0.04583750645518303,
    "layer2.0.downsample.0.mse": 0.007343829438090324,
    "layer2.0.downsample.0.rows": -1,
    "layer2.0.downsample.0.scaled_error": 0.013764545726776123,
    "layer2.0.downsample.0.scaled_shift": -0.0003220262063667178,
    "layer2.0.downsample.0.stored_array_size": 48,
    "layer2.1.conv1.C": 64,
    "layer2.1.conv1.H_size": 11264,
    "layer2.1.conv1.K": 16,
    "layer2.1.conv1.L_size": 524288,
    "layer2.1.conv1.learned_a_shape": [
        1,
        261970
    ],
    "layer2.1.conv1.learned_b_shape": [
        261970,
        128
    ],
    "layer2.1.conv1.learned_d": 261970,
    "layer2.1.conv1.learned_m": 128,
    "layer2.1.conv1.learned_n": 1,
    "layer2.1.conv1.mae": 0.3445881519794464,
    "layer2.1.conv1.mape": 0.19382181000709534,
    "layer2.1.conv1.mse": 0.20614068608283997,
    "layer2.1.conv1.rows": -1,
    "layer2.1.conv1.scaled_error": 0.04096684377193451,
    "layer2.1.conv1.scaled_shift": 0.0018560861453413963,
    "layer2.1.conv1.stored_array_size": 48,
    "layer2.1.conv2.C": 64,
    "layer2.1.conv2.H_size": 11264,
    "layer2.1.conv2.K": 16,
    "layer2.1.conv2.L_size": 524288,
    "layer2.1.conv2.learned_a_shape": [
        1,
        261970
    ],
    "layer2.1.conv2.learned_b_shape": [
        261970,
        128
    ],
    "layer2.1.conv2.learned_d": 261970,
    "layer2.1.conv2.learned_m": 128,
    "layer2.1.conv2.learned_n": 1,
    "layer2.1.conv2.mae": 0.12808805480003357,
    "layer2.1.conv2.mape": 0.09858302261829376,
    "layer2.1.conv2.mse": 0.02665121038556099,
    "layer2.1.conv2.rows": -1,
    "layer2.1.conv2.scaled_error": 0.05786016203165054,
    "layer2.1.conv2.scaled_shift": -0.006241583602875471,
    "layer2.1.conv2.stored_array_size": 48,
    "layer3.0.conv1.C": 128,
    "layer3.0.conv1.H_size": 22528,
    "layer3.0.conv1.K": 16,
    "layer3.0.conv1.L_size": 2097152,
    "layer3.0.conv1.learned_a_shape": [
        1,
        261970
    ],
    "layer3.0.conv1.learned_b_shape": [
        261970,
        256
    ],
    "layer3.0.conv1.learned_d": 261970,
    "layer3.0.conv1.learned_m": 256,
    "layer3.0.conv1.learned_n": 1,
    "layer3.0.conv1.mae": 0.2366829581975937,
    "layer3.0.conv1.mape": 0.1368159993171692,
    "layer3.0.conv1.mse": 0.09296166586875916,
    "layer3.0.conv1.rows": -1,
    "layer3.0.conv1.scaled_error": 0.04367100696563721,
    "layer3.0.conv1.scaled_shift": 0.0027454172015190124,
    "layer3.0.conv1.stored_array_size": 48,
    "layer3.0.conv2.C": 128,
    "layer3.0.conv2.H_size": 22528,
    "layer3.0.conv2.K": 16,
    "layer3.0.conv2.L_size": 2097152,
    "layer3.0.conv2.learned_a_shape": [
        1,
        261970
    ],