{
    "halut_layers": "{\"layer2.0.downsample.0\": [64, -1, 16], \"layer2.0.conv2\": [128, -1, 16], \"layer2.0.conv1\": [128, -1, 16], \"layer1.1.conv2\": [64, -1, 16], \"layer1.1.conv1\": [64, -1, 16], \"layer1.0.conv2\": [64, -1, 16], \"layer1.0.conv1\": [64, -1, 16]}",
    "layer1.0.conv1.C": 64,
    "layer1.0.conv1.H_size": 11264,
    "layer1.0.conv1.K": 16,
    "layer1.0.conv1.L_size": 262144,
    "layer1.0.conv1.learned_a_shape": [
        1,
        576
    ],
    "layer1.0.conv1.learned_b_shape": [
        576,
        64
    ],
    "layer1.0.conv1.learned_d": 576,
    "layer1.0.conv1.learned_m": 64,
    "layer1.0.conv1.learned_n": 1,
    "layer1.0.conv1.mae": 0.28255102057225306,
    "layer1.0.conv1.mape": 0.11515211054314707,
    "layer1.0.conv1.mse": 0.2528699596425846,
    "layer1.0.conv1.rows": -1,
    "layer1.0.conv1.scaled_error": 0.01911293179625665,
    "layer1.0.conv1.scaled_shift": 0.006245466077461555,
    "layer1.0.conv1.stored_array_size": 48,
    "layer1.0.conv2.C": 64,
    "layer1.0.conv2.H_size": 11264,
    "layer1.0.conv2.K": 16,
    "layer1.0.conv2.L_size": 262144,
    "layer1.0.conv2.learned_a_shape": [
        1,
        576
    ],
    "layer1.0.conv2.learned_b_shape": [
        576,
        64
    ],
    "layer1.0.conv2.learned_d": 576,
    "layer1.0.conv2.learned_m": 64,
    "layer1.0.conv2.learned_n": 1,
    "layer1.0.conv2.mae": 0.08664498562657943,
    "layer1.0.conv2.mape": 0.06482815396892053,
    "layer1.0.conv2.mse": 0.013453870998122045,
    "layer1.0.conv2.rows": -1,
    "layer1.0.conv2.scaled_error": 0.03311332670174332,
    "layer1.0.conv2.scaled_shift": 0.00033758786691003424,
    "layer1.0.conv2.stored_array_size": 48,
    "layer1.1.conv1.C": 64,
    "layer1.1.conv1.H_size": 11264,
    "layer1.1.conv1.K": 16,
    "layer1.1.conv1.L_size": 262144,
    "layer1.1.conv1.learned_a_shape": [
        1,
        576
    ],
    "layer1.1.conv1.learned_b_shape": [
        576,
        64
    ],
    "layer1.1.conv1.learned_d": 576,
    "layer1.1.conv1.learned_m": 64,
    "layer1.1.conv1.learned_n": 1,
    "layer1.1.conv1.mae": 0.24405125623230878,
    "layer1.1.conv1.mape": 0.12749992071107855,
    "layer1.1.conv1.mse": 0.12503069071085504,
    "layer1.1.conv1.rows": -1,
    "layer1.1.conv1.scaled_error": 0.023236807620497565,
    "layer1.1.conv1.scaled_shift": 0.0032110357058730567,
    "layer1.1.conv1.stored_array_size": 48,
    "layer1.1.conv2.C": 64,
    "layer1.1.conv2.H_size": 11264,
    "layer1.1.conv2.K": 16,
    "layer1.1.conv2.L_size": 262144,
    "layer1.1.conv2.learned_a_shape": [
        1,
        576
    ],
    "layer1.1.conv2.learned_b_shape": [
        576,
        64
    ],
    "layer1.1.conv2.learned_d": 576,
    "layer1.1.conv2.learned_m": 64,
    "layer1.1.conv2.learned_n": 1,
    "layer1.1.conv2.mae": 0.08833596419765387,
    "layer1.1.conv2.mape": 0.06982041789968471,
    "layer1.1.conv2.mse": 0.013351582934063825,
    "layer1.1.conv2.rows": -1,
    "layer1.1.conv2.scaled_error": 0.03636434524746313,
    "layer1.1.conv2.scaled_shift": 0.0006119651792599561,
    "layer1.1.conv2.stored_array_size": 48,
    "layer2.0.conv1.C": 128,
    "layer2.0.conv1.H_size": 22528,
    "layer2.0.conv1.K": 16,
    "layer2.0.conv1.L_size": 1048576,
    "layer2.0.conv1.learned_a_shape": [
        1,
        576
    ],
    "layer2.0.conv1.learned_b_shape": [
        576,
        128
    ],
    "layer2.0.conv1.learned_d": 576,
    "layer2.0.conv1.learned_m": 128,
    "layer2.0.conv1.learned_n": 1,
    "layer2.0.conv1.mae": 0.22221434337880341,
    "layer2.0.conv1.mape": 0.1316980255427001,
    "layer2.0.conv1.mse": 0.0851300757058369,
    "layer2.0.conv1.rows": -1,
    "layer2.0.conv1.scaled_error": 0.02972332824121608,
    "layer2.0.conv1.scaled_shift": 0.00507220576802665,
    "layer2.0.conv1.stored_array_size": 48,
    "layer2.0.conv2.C": 128,
    "layer2.0.conv2.H_size": 22528,
    "layer2.0.conv2.K": 16,
    "layer2.0.conv2.L_size": 1048576,
    "layer2.0.conv2.learned_a_shape": [
        1,
        1152
    ],
    "layer2.0.conv2.learned_b_shape": [
        1152,
        128
    ],
    "layer2.0.conv2.learned_d": 1152,
    "layer2.0.conv2.learned_m": 128,
    "layer2.0.conv2.learned_n": 1,
    "layer2.0.conv2.mae": 0.09918807630897265,
    "layer2.0.conv2.mape": 0.07536077530338958,
    "layer2.0.conv2.mse": 0.016715596812817767,
    "layer2.0.conv2.rows": -1,
    "layer2.0.conv2.scaled_error": 0.03851312673872212,
    "layer2.0.conv2.scaled_shift": 0.002919429064788521,
    "layer2.0.conv2.stored_array_size": 48,
    "layer2.0.downsample.0.C": 64,
    "layer2.0.downsample.0.H_size": 11264,
    "layer2.0.downsample.0.K": 16,
    "layer2.0.downsample.0.L_size": 524288,
    "layer2.0.downsample.0.learned_a_shape": [
        1,
        64
    ],
    "layer2.0.downsample.0.learned_b_shape": [
        64,
        128
    ],
    "layer2.0.downsample.0.learned_d": 64,
    "layer2.0.downsample.0.learned_m": 128,
    "layer2.0.downsample.0.learned_n": 1,
    "layer2.0.downsample.0.mae": 0.029911181640625,
    "layer2.0.downsample.0.mape": 0.0207361083984375,
    "layer2.0.downsample.0.mse": 0.00204031494140625,
    "layer2.0.downsample.0.rows": -1,
    "layer2.0.downsample.0.scaled_error": 0.0070195947265625,
    "layer2.0.downsample.0.scaled_shift": 0.0017879348754882812,
    "layer2.0.downsample.0.stored_array_size": 48,
    "top_1_accuracy": 64.36,
    "top_5_accuracy": 85.816
}