{
    "halut_layers": "{\"layer1.0.conv2\": [64, -1, 16], \"layer1.0.conv1\": [64, -1, 16]}",
    "layer1.0.conv1.C": 64,
    "layer1.0.conv1.H_size": 11264,
    "layer1.0.conv1.K": 16,
    "layer1.0.conv1.L_size": 262144,
    "layer1.0.conv1.learned_a_shape": [
        1,
        576
    ],
    "layer1.0.conv1.learned_b_shape": [
        576,
        64
    ],
    "layer1.0.conv1.learned_d": 576,
    "layer1.0.conv1.learned_m": 64,
    "layer1.0.conv1.learned_n": 1,
    "layer1.0.conv1.mae": 0.23517443157766338,
    "layer1.0.conv1.mape": 0.09999948925844634,
    "layer1.0.conv1.mse": 0.17012970030125799,
    "layer1.0.conv1.rows": -1,
    "layer1.0.conv1.scaled_error": 0.017608465135417025,
    "layer1.0.conv1.scaled_shift": 0.005810790865601088,
    "layer1.0.conv1.stored_array_size": 48,
    "layer1.0.conv2.C": 64,
    "layer1.0.conv2.H_size": 11264,
    "layer1.0.conv2.K": 16,
    "layer1.0.conv2.L_size": 262144,
    "layer1.0.conv2.learned_a_shape": [
        1,
        576
    ],
    "layer1.0.conv2.learned_b_shape": [
        576,
        64
    ],
    "layer1.0.conv2.learned_d": 576,
    "layer1.0.conv2.learned_m": 64,
    "layer1.0.conv2.learned_n": 1,
    "layer1.0.conv2.mae": 0.08946201171875,
    "layer1.0.conv2.mape": 0.06624212890625,
    "layer1.0.conv2.mse": 0.01447394775390625,
    "layer1.0.conv2.rows": -1,
    "layer1.0.conv2.scaled_error": 0.03288263671875,
    "layer1.0.conv2.scaled_shift": 0.0004459973907470703,
    "layer1.0.conv2.stored_array_size": 48,
    "top_1_accuracy": 66.512,
    "top_5_accuracy": 87.0
}