{
    "halut_layers": "{\"layer1.0.conv2\": [64, -1, 16], \"layer1.0.conv1\": [64, -1, 16]}",
    "layer1.0.conv1.C": 64,
    "layer1.0.conv1.H_size": 11264,
    "layer1.0.conv1.K": 16,
    "layer1.0.conv1.L_size": 262144,
    "layer1.0.conv1.learned_a_shape": [
        1,
        523940
    ],
    "layer1.0.conv1.learned_b_shape": [
        523940,
        64
    ],
    "layer1.0.conv1.learned_d": 523940,
    "layer1.0.conv1.learned_m": 64,
    "layer1.0.conv1.learned_n": 1,
    "layer1.0.conv1.mae": 0.4917828125,
    "layer1.0.conv1.mape": 0.1631626953125,
    "layer1.0.conv1.mse": 0.56552421875,
    "layer1.0.conv1.rows": -1,
    "layer1.0.conv1.scaled_error": 0.0207647705078125,
    "layer1.0.conv1.scaled_shift": 0.006105780029296875,
    "layer1.0.conv1.stored_array_size": 48,
    "layer1.0.conv2.C": 64,
    "layer1.0.conv2.H_size": 11264,
    "layer1.0.conv2.K": 16,
    "layer1.0.conv2.L_size": 262144,
    "layer1.0.conv2.learned_a_shape": [
        1,
        523940
    ],
    "layer1.0.conv2.learned_b_shape": [
        523940,
        64
    ],
    "layer1.0.conv2.learned_d": 523940,
    "layer1.0.conv2.learned_m": 64,
    "layer1.0.conv2.learned_n": 1,
    "layer1.0.conv2.mae": 0.246632421875,
    "layer1.0.conv2.mape": 0.11775576171875,
    "layer1.0.conv2.mse": 0.128619921875,
    "layer1.0.conv2.rows": -1,
    "layer1.0.conv2.scaled_error": 0.0156746337890625,
    "layer1.0.conv2.scaled_shift": 0.0011371841430664062,
    "layer1.0.conv2.stored_array_size": 48,
    "top_1_accuracy": 90.37,
    "top_5_accuracy": 99.62
}