{
    "halut_layers": "{\"layer4.1.conv2\": [64, -1, 16, 0], \"layer4.1.conv1\": [64, -1, 16, 0], \"layer4.0.downsample.0\": [64, -1, 16, 0], \"layer4.0.conv2\": [64, -1, 16, 0], \"layer4.0.conv1\": [64, -1, 16, 0], \"layer3.1.conv2\": [64, -1, 16, 0], \"layer3.1.conv1\": [64, -1, 16, 0], \"layer3.0.downsample.0\": [64, -1, 16, 0], \"layer3.0.conv2\": [64, -1, 16, 0], \"layer3.0.conv1\": [64, -1, 16, 0], \"layer2.1.conv2\": [64, -1, 16, 0], \"layer2.1.conv1\": [64, -1, 16, 0], \"layer2.0.downsample.0\": [64, -1, 16, 0], \"layer2.0.conv2\": [64, -1, 16, 0], \"layer2.0.conv1\": [64, -1, 16, 0], \"layer1.1.conv2\": [64, -1, 16, 0], \"layer1.1.conv1\": [64, -1, 16, 0], \"layer1.0.conv2\": [64, -1, 16, 0], \"layer1.0.conv1\": [64, -1, 16, 0]}",
    "layer1.0.conv1.C": 64,
    "layer1.0.conv1.H_size": 11264,
    "layer1.0.conv1.K": 16,
    "layer1.0.conv1.L_size": 262144,
    "layer1.0.conv1.encoding_algorithm": 0,
    "layer1.0.conv1.learned_a_shape": [
        1,
        261970
    ],
    "layer1.0.conv1.learned_b_shape": [
        261970,
        64
    ],
    "layer1.0.conv1.learned_d": 261970,
    "layer1.0.conv1.learned_m": 64,
    "layer1.0.conv1.learned_n": 1,
    "layer1.0.conv1.mae": 0.295545646182696,
    "layer1.0.conv1.mape": 0.14428864945173264,
    "layer1.0.conv1.mse": 0.177099380950133,
    "layer1.0.conv1.rows": -1,
    "layer1.0.conv1.scaled_error": 0.018758957543472447,
    "layer1.0.conv1.scaled_shift": -0.004508990634853641,
    "layer1.0.conv1.stored_array_size": 48,
    "layer1.0.conv2.C": 64,
    "layer1.0.conv2.H_size": 11264,
    "layer1.0.conv2.K": 16,
    "layer1.0.conv2.L_size": 262144,
    "layer1.0.conv2.encoding_algorithm": 0,
    "layer1.0.conv2.learned_a_shape": [
        1,
        261970
    ],
    "layer1.0.conv2.learned_b_shape": [
        261970,
        64
    ],
    "layer1.0.conv2.learned_d": 261970,
    "layer1.0.conv2.learned_m": 64,
    "layer1.0.conv2.learned_n": 1,
    "layer1.0.conv2.mae": 0.13888874792257944,
    "layer1.0.conv2.mape": 0.09183505251804988,
    "layer1.0.conv2.mse": 0.03592962107857069,
    "layer1.0.conv2.rows": -1,
    "layer1.0.conv2.scaled_error": 0.01408121343255043,
    "layer1.0.conv2.scaled_shift": 0.0017317924176653227,
    "layer1.0.conv2.stored_array_size": 48,
    "layer1.1.conv1.C": 64,
    "layer1.1.conv1.H_size": 11264,
    "layer1.1.conv1.K": 16,
    "layer1.1.conv1.L_size": 262144,
    "layer1.1.conv1.encoding_algorithm": 0,
    "layer1.1.conv1.learned_a_shape": [
        1,
        261970
    ],
    "layer1.1.conv1.learned_b_shape": [
        261970,
        64
    ],
    "layer1.1.conv1.learned_d": 261970,
    "layer1.1.conv1.learned_m": 64,
    "layer1.1.conv1.learned_n": 1,
    "layer1.1.conv1.mae": 0.2571748549660047,
    "layer1.1.conv1.mape": 0.12816005163788796,
    "layer1.1.conv1.mse": 0.11898504809339841,
    "layer1.1.conv1.rows": -1,
    "layer1.1.conv1.scaled_error": 0.017283898725112278,
    "layer1.1.conv1.scaled_shift": 0.0001711414081742987,
    "layer1.1.conv1.stored_array_size": 48,
    "layer1.1.conv2.C": 64,
    "layer1.1.conv2.H_size": 11264,
    "layer1.1.conv2.K": 16,
    "layer1.1.conv2.L_size": 262144,
    "layer1.1.conv2.encoding_algorithm": 0,
    "layer1.1.conv2.learned_a_shape": [
        1,
        261970
    ],
    "layer1.1.conv2.learned_b_shape": [
        261970,
        64
    ],
    "layer1.1.conv2.learned_d": 261970,
    "layer1.1.conv2.learned_m": 64,
    "layer1.1.conv2.learned_n": 1,
    "layer1.1.conv2.mae": 0.09799272266427676,
    "layer1.1.conv2.mape": 0.06770133434136709,
    "layer1.1.conv2.mse": 0.01876533706585566,
    "layer1.1.conv2.rows": -1,
    "layer1.1.conv2.scaled_error": 0.006336443142096202,
    "layer1.1.conv2.scaled_shift": 0.0002303940786436821,
    "layer1.1.conv2.stored_array_size": 48,
    "layer2.0.conv1.C": 64,
    "layer2.0.conv1.H_size": 11264,
    "layer2.0.conv1.K": 16,
    "layer2.0.conv1.L_size": 524288,
    "layer2.0.conv1.encoding_algorithm": 0,
    "layer2.0.conv1.learned_a_shape": [
        1,
        261970
    ],
    "layer2.0.conv1.learned_b_shape": [
        261970,
        128
    ],
    "layer2.0.conv1.learned_d": 261970,
    "layer2.0.conv1.learned_m": 128,
    "layer2.0.conv1.learned_n": 1,
    "layer2.0.conv1.mae": 0.22998119713068008,
    "layer2.0.conv1.mape": 0.13106449460585912,
    "layer2.0.conv1.mse": 0.09559580274820327,
    "layer2.0.conv1.rows": -1,
    "layer2.0.conv1.scaled_error": 0.0221338017642498,
    "layer2.0.conv1.scaled_shift": -0.003649307530745864,
    "layer2.0.conv1.stored_array_size": 48,
    "layer2.0.conv2.C": 64,
    "layer2.0.conv2.H_size": 11264,
    "layer2.0.conv2.K": 16,
    "layer2.0.conv2.L_size": 524288,
    "layer2.0.conv2.encoding_algorithm": 0,
    "layer2.0.conv2.learned_a_shape": [
        1,
        261970
    ],
    "layer2.0.conv2.learned_b_shape": [
        261970,
        128
    ],
    "layer2.0.conv2.learned_d": 261970,
    "layer2.0.conv2.learned_m": 128,
    "layer2.0.conv2.learned_n": 1,
    "layer2.0.conv2.mae": 0.14780516821146011,
    "layer2.0.conv2.mape": 0.10190407125751177,
    "layer2.0.conv2.mse": 0.041561036229133604,
    "layer2.0.conv2.rows": -1,
    "layer2.0.conv2.scaled_error": 0.021234826931357385,
    "layer2.0.conv2.scaled_shift": -0.0015495772869947057,
    "layer2.0.conv2.stored_array_size": 48,
    "layer2.0.downsample.0.C": 64,
    "layer2.0.downsample.0.H_size": 11264,
    "layer2.0.downsample.0.K": 16,
    "layer2.0.downsample.0.L_size": 524288,
    "layer2.0.downsample.0.encoding_algorithm": 0,
    "layer2.0.downsample.0.learned_a_shape": [
        1,
        261970
    ],
    "layer2.0.downsample.0.learned_b_shape": [
        261970,
        128
    ],
    "layer2.0.downsample.0.learned_d": 261970,
    "layer2.0.downsample.0.learned_m": 128,
    "layer2.0.downsample.0.learned_n": 1,
    "layer2.0.downsample.0.mae": 0.02947197689314683,
    "layer2.0.downsample.0.mape": 0.02026105451732874,
    "layer2.0.downsample.0.mse": 0.001726046176161617,
    "layer2.0.downsample.0.rows": -1,
    "layer2.0.downsample.0.scaled_error": 0.004725887034709255,
    "layer2.0.downsample.0.scaled_shift": 0.00031985651303548365,
    "layer2.0.downsample.0.stored_array_size": 48,
    "layer2.1.conv1.C": 64,
    "layer2.1.conv1.H_size": 11264,
    "layer2.1.conv1.K": 16,
    "layer2.1.conv1.L_size": 524288,
    "layer2.1.conv1.encoding_algorithm": 0,
    "layer2.1.conv1.learned_a_shape": [
        1,
        261970
    ],
    "layer2.1.conv1.learned_b_shape": [
        261970,
        128
    ],
    "layer2.1.conv1.learned_d": 261970,
    "layer2.1.conv1.learned_m": 128,
    "layer2.1.conv1.learned_n": 1,
    "layer2.1.conv1.mae": 0.26077303622166315,
    "layer2.1.conv1.mape": 0.15264369457960128,
    "layer2.1.conv1.mse": 0.13455448967615763,
    "layer2.1.conv1.rows": -1,
    "layer2.1.conv1.scaled_error": 0.02472850029418866,
    "layer2.1.conv1.scaled_shift": -0.0013991007009521127,
    "layer2.1.conv1.stored_array_size": 48,
    "layer2.1.conv2.C": 64,
    "layer2.1.conv2.H_size": 11264,
    "layer2.1.conv2.K": 16,
    "layer2.1.conv2.L_size": 524288,
    "layer2.1.conv2.encoding_algorithm": 0,
    "layer2.1.conv2.learned_a_shape": [
        1,
        261970
    ],
    "layer2.1.conv2.learned_b_shape": [
        261970,
        128
    ],
    "layer2.1.conv2.learned_d": 261970,
    "layer2.1.conv2.learned_m": 128,
    "layer2.1.conv2.learned_n": 1,
    "layer2.1.conv2.mae": 0.12763660682439804,
    "layer2.1.conv2.mape": 0.09437412418524424,
    "layer2.1.conv2.mse": 0.02785199266920487,
    "layer2.1.conv2.rows": -1,
    "layer2.1.conv2.scaled_error": 0.036014933157960574,
    "layer2.1.conv2.scaled_shift": -0.0037875622414052486,
    "layer2.1.conv2.stored_array_size": 48,
    "layer3.0.conv1.C": 64,
    "layer3.0.conv1.H_size": 11264,
    "layer3.0.conv1.K": 16,
    "layer3.0.conv1.L_size": 1048576,
    "layer3.0.conv1.encoding_algorithm": 0,
    "layer3.0.conv1.learned_a_shape": [
        1,
        261970
    ],