{
    "halut_layers": "{\"layer3.2.conv1\": 64}",
    "layer3.2.conv1.halut_learning_time": 123.02844297513366,
    "layer3.2.conv1.input_a_shape": [
        150528,
        1024
    ],
    "layer3.2.conv1.input_b_shape": [
        1024,
        256
    ],
    "top_1_accuracy": 0.8031599521636963,
    "top_5_accuracy": 0.9517199993133545,
    "total_time": 104.90036769770086
}