{
    "halut_layers": "{\"layer1.1.conv3\": 64}",
    "layer1.1.conv3.halut_learning_time": 206.90728608891368,
    "layer1.1.conv3.input_a_shape": [
        2408448,
        64
    ],
    "layer1.1.conv3.input_b_shape": [
        64,
        256
    ],
    "top_1_accuracy": 0.8080799579620361,
    "top_5_accuracy": 0.9541599750518799,
    "total_time": 171.64521048776805
}