{
    "halut_layers": "{\"layer2.1.conv3\": 32}",
    "layer2.1.conv3.halut_learning_time": 81.92202428169549,
    "layer2.1.conv3.input_a_shape": [
        602112,
        128
    ],
    "layer2.1.conv3.input_b_shape": [
        128,
        512
    ],
    "top_1_accuracy": 0.8059999942779541,
    "top_5_accuracy": 0.9530199766159058,
    "total_time": 120.80682033766061
}