{
    "halut_layers": "{\"layer2.0.downsample.0\": [64, -1, 16, 0], \"layer2.0.conv2\": [64, -1, 16, 0], \"layer2.0.conv1\": [64, -1, 16, 0], \"layer1.1.conv2\": [64, -1, 16, 0], \"layer1.1.conv1\": [64, -1, 16, 0], \"layer1.0.conv2\": [64, -1, 16, 0], \"layer1.0.conv1\": [64, -1, 16, 0]}",
    "layer1.0.conv1.C": 64,
    "layer1.0.conv1.H_size": 11264,
    "layer1.0.conv1.K": 16,
    "layer1.0.conv1.L_size": 262144,
    "layer1.0.conv1.encoding_algorithm": 0,
    "layer1.0.conv1.learned_a_shape": [
        1,
        261970
    ],
    "layer1.0.conv1.learned_b_shape": [
        261970,
        64
    ],
    "layer1.0.conv1.learned_d": 261970,
    "layer1.0.conv1.learned_m": 64,
    "layer1.0.conv1.learned_n": 1,
    "layer1.0.conv1.mae": 0.2778972682952881,
    "layer1.0.conv1.mape": 0.12176401815414428,
    "layer1.0.conv1.mse": 0.18492747004032134,
    "layer1.0.conv1.rows": -1,
    "layer1.0.conv1.scaled_error": 0.020367514741420747,
    "layer1.0.conv1.scaled_shift": 0.0012174076920375228,
    "layer1.0.conv1.stored_array_size": 48,
    "layer1.0.conv2.C": 64,
    "layer1.0.conv2.H_size": 11264,
    "layer1.0.conv2.K": 16,
    "layer1.0.conv2.L_size": 262144,
    "layer1.0.conv2.encoding_algorithm": 0,
    "layer1.0.conv2.learned_a_shape": [
        1,
        261970
    ],
    "layer1.0.conv2.learned_b_shape": [
        261970,
        64
    ],
    "layer1.0.conv2.learned_d": 261970,
    "layer1.0.conv2.learned_m": 64,
    "layer1.0.conv2.learned_n": 1,
    "layer1.0.conv2.mae": 0.06672134770154953,
    "layer1.0.conv2.mape": 0.04800165800452232,
    "layer1.0.conv2.mse": 0.009291236183047294,
    "layer1.0.conv2.rows": -1,
    "layer1.0.conv2.scaled_error": 0.012366571432352065,
    "layer1.0.conv2.scaled_shift": 8.102731661638245e-05,
    "layer1.0.conv2.stored_array_size": 48,
    "layer1.1.conv1.C": 64,
    "layer1.1.conv1.H_size": 11264,
    "layer1.1.conv1.K": 16,
    "layer1.1.conv1.L_size": 262144,
    "layer1.1.conv1.encoding_algorithm": 0,
    "layer1.1.conv1.learned_a_shape": [
        1,
        261970
    ],
    "layer1.1.conv1.learned_b_shape": [
        261970,
        64
    ],
    "layer1.1.conv1.learned_d": 261970,
    "layer1.1.conv1.learned_m": 64,
    "layer1.1.conv1.learned_n": 1,
    "layer1.1.conv1.mae": 0.323856193447113,
    "layer1.1.conv1.mape": 0.12919474654197693,
    "layer1.1.conv1.mse": 0.3430969474315643,
    "layer1.1.conv1.rows": -1,
    "layer1.1.conv1.scaled_error": 0.013247328166663647,
    "layer1.1.conv1.scaled_shift": 0.0021445593275129797,
    "layer1.1.conv1.stored_array_size": 48,
    "layer1.1.conv2.C": 64,
    "layer1.1.conv2.H_size": 11264,
    "layer1.1.conv2.K": 16,
    "layer1.1.conv2.L_size": 262144,
    "layer1.1.conv2.encoding_algorithm": 0,
    "layer1.1.conv2.learned_a_shape": [
        1,
        261970
    ],
    "layer1.1.conv2.learned_b_shape": [
        261970,
        64
    ],
    "layer1.1.conv2.learned_d": 261970,
    "layer1.1.conv2.learned_m": 64,
    "layer1.1.conv2.learned_n": 1,
    "layer1.1.conv2.mae": 0.08925876550674439,
    "layer1.1.conv2.mape": 0.06208248351812363,
    "layer1.1.conv2.mse": 0.022733844804763793,
    "layer1.1.conv2.rows": -1,
    "layer1.1.conv2.scaled_error": 0.01544432845711708,
    "layer1.1.conv2.scaled_shift": 0.00027223927062004804,
    "layer1.1.conv2.stored_array_size": 48,
    "layer2.0.conv1.C": 64,
    "layer2.0.conv1.H_size": 11264,
    "layer2.0.conv1.K": 16,
    "layer2.0.conv1.L_size": 524288,
    "layer2.0.conv1.encoding_algorithm": 0,
    "layer2.0.conv1.learned_a_shape": [
        1,
        261970
    ],
    "layer2.0.conv1.learned_b_shape": [
        261970,
        128
    ],
    "layer2.0.conv1.learned_d": 261970,
    "layer2.0.conv1.learned_m": 128,
    "layer2.0.conv1.learned_n": 1,
    "layer2.0.conv1.mae": 0.3063730984687805,
    "layer2.0.conv1.mape": 0.13621860074996947,
    "layer2.0.conv1.mse": 0.2528523651599884,
    "layer2.0.conv1.rows": -1,
    "layer2.0.conv1.scaled_error": 0.014503297603130341,
    "layer2.0.conv1.scaled_shift": 0.0013448153428733348,
    "layer2.0.conv1.stored_array_size": 48,
    "layer2.0.conv2.C": 64,
    "layer2.0.conv2.H_size": 11264,
    "layer2.0.conv2.K": 16,
    "layer2.0.conv2.L_size": 524288,
    "layer2.0.conv2.encoding_algorithm": 0,
    "layer2.0.conv2.learned_a_shape": [
        1,
        261970
    ],
    "layer2.0.conv2.learned_b_shape": [
        261970,
        128
    ],
    "layer2.0.conv2.learned_d": 261970,
    "layer2.0.conv2.learned_m": 128,
    "layer2.0.conv2.learned_n": 1,
    "layer2.0.conv2.mae": 0.1342021369457245,
    "layer2.0.conv2.mape": 0.08923918759822845,
    "layer2.0.conv2.mse": 0.03987430543899536,
    "layer2.0.conv2.rows": -1,
    "layer2.0.conv2.scaled_error": 0.02149068033993244,
    "layer2.0.conv2.scaled_shift": 0.0018810870371758937,
    "layer2.0.conv2.stored_array_size": 48,
    "layer2.0.downsample.0.C": 64,
    "layer2.0.downsample.0.H_size": 11264,
    "layer2.0.downsample.0.K": 16,
    "layer2.0.downsample.0.L_size": 524288,
    "layer2.0.downsample.0.encoding_algorithm": 0,
    "layer2.0.downsample.0.learned_a_shape": [
        1,
        261970
    ],
    "layer2.0.downsample.0.learned_b_shape": [
        261970,
        128
    ],
    "layer2.0.downsample.0.learned_d": 261970,
    "layer2.0.downsample.0.learned_m": 128,
    "layer2.0.downsample.0.learned_n": 1,
    "layer2.0.downsample.0.mae": 0.03452941126823425,
    "layer2.0.downsample.0.mape": 0.020369467639923096,
    "layer2.0.downsample.0.mse": 0.003070252551138401,
    "layer2.0.downsample.0.rows": -1,
    "layer2.0.downsample.0.scaled_error": 0.0043584119893610475,
    "layer2.0.downsample.0.scaled_shift": -7.574987481493735e-05,
    "layer2.0.downsample.0.stored_array_size": 48,
    "top_1_accuracy": 90.17,
    "top_5_accuracy": 99.63
}