{
    "halut_layers": "{\"layer3.1.conv1\": [64, -1, 16, 0], \"layer3.0.downsample.0\": [64, -1, 16, 0], \"layer3.0.conv2\": [64, -1, 16, 0], \"layer3.0.conv1\": [64, -1, 16, 0], \"layer2.1.conv2\": [64, -1, 16, 0], \"layer2.1.conv1\": [64, -1, 16, 0], \"layer2.0.downsample.0\": [64, -1, 16, 0], \"layer2.0.conv2\": [64, -1, 16, 0], \"layer2.0.conv1\": [64, -1, 16, 0], \"layer1.1.conv2\": [64, -1, 16, 0], \"layer1.1.conv1\": [64, -1, 16, 0], \"layer1.0.conv2\": [64, -1, 16, 0], \"layer1.0.conv1\": [64, -1, 16, 0]}",
    "layer1.0.conv1.C": 64,
    "layer1.0.conv1.H_size": 11264,
    "layer1.0.conv1.K": 16,
    "layer1.0.conv1.L_size": 262144,
    "layer1.0.conv1.encoding_algorithm": 0,
    "layer1.0.conv1.learned_a_shape": [
        1,
        261970
    ],
    "layer1.0.conv1.learned_b_shape": [
        261970,
        64
    ],
    "layer1.0.conv1.learned_d": 261970,
    "layer1.0.conv1.learned_m": 64,
    "layer1.0.conv1.learned_n": 1,
    "layer1.0.conv1.mae": 0.25539773836135865,
    "layer1.0.conv1.mape": 0.12403290929794311,
    "layer1.0.conv1.mse": 0.1411146850824356,
    "layer1.0.conv1.rows": -1,
    "layer1.0.conv1.scaled_error": 0.02130448271334171,
    "layer1.0.conv1.scaled_shift": -0.0023670480858534577,
    "layer1.0.conv1.stored_array_size": 48,
    "layer1.0.conv2.C": 64,
    "layer1.0.conv2.H_size": 11264,
    "layer1.0.conv2.K": 16,
    "layer1.0.conv2.L_size": 262144,
    "layer1.0.conv2.encoding_algorithm": 0,
    "layer1.0.conv2.learned_a_shape": [
        1,
        261970
    ],
    "layer1.0.conv2.learned_b_shape": [
        261970,
        64
    ],
    "layer1.0.conv2.learned_d": 261970,
    "layer1.0.conv2.learned_m": 64,
    "layer1.0.conv2.learned_n": 1,
    "layer1.0.conv2.mae": 0.06245524572134018,
    "layer1.0.conv2.mape": 0.04694126330018043,
    "layer1.0.conv2.mse": 0.007771043638885021,
    "layer1.0.conv2.rows": -1,
    "layer1.0.conv2.scaled_error": 0.012874979066848756,
    "layer1.0.conv2.scaled_shift": -0.0006130572916939854,
    "layer1.0.conv2.stored_array_size": 48,
    "layer1.1.conv1.C": 64,
    "layer1.1.conv1.H_size": 11264,
    "layer1.1.conv1.K": 16,
    "layer1.1.conv1.L_size": 262144,
    "layer1.1.conv1.encoding_algorithm": 0,
    "layer1.1.conv1.learned_a_shape": [
        1,
        261970
    ],
    "layer1.1.conv1.learned_b_shape": [
        261970,
        64
    ],
    "layer1.1.conv1.learned_d": 261970,
    "layer1.1.conv1.learned_m": 64,
    "layer1.1.conv1.learned_n": 1,
    "layer1.1.conv1.mae": 0.299463720035553,
    "layer1.1.conv1.mape": 0.13492952320575713,
    "layer1.1.conv1.mse": 0.2478994520664215,
    "layer1.1.conv1.rows": -1,
    "layer1.1.conv1.scaled_error": 0.014195316106081008,
    "layer1.1.conv1.scaled_shift": 0.00011302457458223216,
    "layer1.1.conv1.stored_array_size": 48,
    "layer1.1.conv2.C": 64,
    "layer1.1.conv2.H_size": 11264,
    "layer1.1.conv2.K": 16,
    "layer1.1.conv2.L_size": 262144,
    "layer1.1.conv2.encoding_algorithm": 0,
    "layer1.1.conv2.learned_a_shape": [
        1,
        261970
    ],
    "layer1.1.conv2.learned_b_shape": [
        261970,
        64
    ],
    "layer1.1.conv2.learned_d": 261970,
    "layer1.1.conv2.learned_m": 64,
    "layer1.1.conv2.learned_n": 1,
    "layer1.1.conv2.mae": 0.08512120562791824,
    "layer1.1.conv2.mape": 0.062124673116207126,
    "layer1.1.conv2.mse": 0.01922006588578224,
    "layer1.1.conv2.rows": -1,
    "layer1.1.conv2.scaled_error": 0.015910682758688927,
    "layer1.1.conv2.scaled_shift": -0.0005400957357604057,
    "layer1.1.conv2.stored_array_size": 48,
    "layer2.0.conv1.C": 64,
    "layer2.0.conv1.H_size": 11264,
    "layer2.0.conv1.K": 16,
    "layer2.0.conv1.L_size": 524288,
    "layer2.0.conv1.encoding_algorithm": 0,
    "layer2.0.conv1.learned_a_shape": [
        1,
        261970
    ],
    "layer2.0.conv1.learned_b_shape": [
        261970,
        128
    ],
    "layer2.0.conv1.learned_d": 261970,
    "layer2.0.conv1.learned_m": 128,
    "layer2.0.conv1.learned_n": 1,
    "layer2.0.conv1.mae": 0.2804365640640259,
    "layer2.0.conv1.mape": 0.14139831008911133,
    "layer2.0.conv1.mse": 0.18489217553138734,
    "layer2.0.conv1.rows": -1,
    "layer2.0.conv1.scaled_error": 0.01544984145462513,
    "layer2.0.conv1.scaled_shift": -0.0030950432762503624,
    "layer2.0.conv1.stored_array_size": 48,
    "layer2.0.conv2.C": 64,
    "layer2.0.conv2.H_size": 11264,
    "layer2.0.conv2.K": 16,
    "layer2.0.conv2.L_size": 524288,
    "layer2.0.conv2.encoding_algorithm": 0,
    "layer2.0.conv2.learned_a_shape": [
        1,
        261970
    ],
    "layer2.0.conv2.learned_b_shape": [
        261970,
        128
    ],
    "layer2.0.conv2.learned_d": 261970,
    "layer2.0.conv2.learned_m": 128,
    "layer2.0.conv2.learned_n": 1,
    "layer2.0.conv2.mae": 0.13203963437080382,
    "layer2.0.conv2.mape": 0.08956052286624909,
    "layer2.0.conv2.mse": 0.03873562216758728,
    "layer2.0.conv2.rows": -1,
    "layer2.0.conv2.scaled_error": 0.021403303089737893,
    "layer2.0.conv2.scaled_shift": 0.000490670280624181,
    "layer2.0.conv2.stored_array_size": 48,
    "layer2.0.downsample.0.C": 64,
    "layer2.0.downsample.0.H_size": 11264,
    "layer2.0.downsample.0.K": 16,
    "layer2.0.downsample.0.L_size": 524288,
    "layer2.0.downsample.0.encoding_algorithm": 0,
    "layer2.0.downsample.0.learned_a_shape": [
        1,
        261970
    ],
    "layer2.0.downsample.0.learned_b_shape": [
        261970,
        128
    ],
    "layer2.0.downsample.0.learned_d": 261970,
    "layer2.0.downsample.0.learned_m": 128,
    "layer2.0.downsample.0.learned_n": 1,
    "layer2.0.downsample.0.mae": 0.03045388952791691,
    "layer2.0.downsample.0.mape": 0.019129271200299263,
    "layer2.0.downsample.0.mse": 0.002031123062223196,
    "layer2.0.downsample.0.rows": -1,
    "layer2.0.downsample.0.scaled_error": 0.0044434346184134485,
    "layer2.0.downsample.0.scaled_shift": -0.00012958836650941522,
    "layer2.0.downsample.0.stored_array_size": 48,
    "layer2.1.conv1.C": 64,
    "layer2.1.conv1.H_size": 11264,
    "layer2.1.conv1.K": 16,
    "layer2.1.conv1.L_size": 524288,
    "layer2.1.conv1.encoding_algorithm": 0,
    "layer2.1.conv1.learned_a_shape": [
        1,
        261970
    ],
    "layer2.1.conv1.learned_b_shape": [
        261970,
        128
    ],
    "layer2.1.conv1.learned_d": 261970,
    "layer2.1.conv1.learned_m": 128,
    "layer2.1.conv1.learned_n": 1,
    "layer2.1.conv1.mae": 0.2793205096244812,
    "layer2.1.conv1.mape": 0.15043481922149657,
    "layer2.1.conv1.mse": 0.1699386424064636,
    "layer2.1.conv1.rows": -1,
    "layer2.1.conv1.scaled_error": 0.02181856755912304,
    "layer2.1.conv1.scaled_shift": 0.002312871875613928,
    "layer2.1.conv1.stored_array_size": 48,
    "layer2.1.conv2.C": 64,
    "layer2.1.conv2.H_size": 11264,
    "layer2.1.conv2.K": 16,
    "layer2.1.conv2.L_size": 524288,
    "layer2.1.conv2.encoding_algorithm": 0,
    "layer2.1.conv2.learned_a_shape": [
        1,
        261970
    ],
    "layer2.1.conv2.learned_b_shape": [
        261970,
        128
    ],
    "layer2.1.conv2.learned_d": 261970,
    "layer2.1.conv2.learned_m": 128,
    "layer2.1.conv2.learned_n": 1,
    "layer2.1.conv2.mae": 0.1010071504354477,
    "layer2.1.conv2.mape": 0.07672832181453705,
    "layer2.1.conv2.mse": 0.018196334797143936,
    "layer2.1.conv2.rows": -1,
    "layer2.1.conv2.scaled_error": 0.0368448927462101,
    "layer2.1.conv2.scaled_shift": -0.0005339034550823271,
    "layer2.1.conv2.stored_array_size": 48,
    "layer3.0.conv1.C": 64,
    "layer3.0.conv1.H_size": 11264,
    "layer3.0.conv1.K": 16,
    "layer3.0.conv1.L_size": 1048576,
    "layer3.0.conv1.encoding_algorithm": 0,
    "layer3.0.conv1.learned_a_shape": [
        1,
        261970
    ],
    "layer3.0.conv1.learned_b_shape": [
        261970,
        256
    ],
    "layer3.0.conv1.learned_d": 261970,
    "layer3.0.conv1.learned_m": 256,
    "layer3.0.conv1.learned_n": 1,
    "layer3.0.conv1.mae": 0.2776654327392578,