{
    "halut_layers": "{\"layer3.0.conv3\": [64, 16, 8, 2]}",
    "layer3.0.conv3.C": 64,
    "layer3.0.conv3.H_size": 4,
    "layer3.0.conv3.K": 8,
    "layer3.0.conv3.L_size": 2097152,
    "layer3.0.conv3.encoding_algorithm": 2,
    "layer3.0.conv3.learned_a_shape": [
        3136,
        256
    ],
    "layer3.0.conv3.learned_b_shape": [
        256,
        1024
    ],
    "layer3.0.conv3.learned_d": 256,
    "layer3.0.conv3.learned_m": 1024,
    "layer3.0.conv3.learned_n": 3136,
    "layer3.0.conv3.mae": 0.3861332759094238,
    "layer3.0.conv3.mape": 0.20134708824157715,
    "layer3.0.conv3.mse": 0.2671392136001587,
    "layer3.0.conv3.rows": 16,
    "layer3.0.conv3.scaled_error": 0.027065431082248688,
    "layer3.0.conv3.scaled_shift": 0.00012007339371674788,
    "layer3.0.conv3.stored_array_size": 32,
    "top_1_accuracy": 0.7934799790382385,
    "top_5_accuracy": 0.9465199708938599,
    "total_time": 167.84328340925276
}