{
    "halut_layers": "{\"layer3.0.conv2\": [32, 8, 16, 1]}",
    "layer3.0.conv2.C": 32,
    "layer3.0.conv2.H_size": 6144,
    "layer3.0.conv2.K": 16,
    "layer3.0.conv2.L_size": 524288,
    "layer3.0.conv2.encoding_algorithm": 1,
    "layer3.0.conv2.learned_a_shape": [
        1568,
        2304
    ],
    "layer3.0.conv2.learned_b_shape": [
        2304,
        256
    ],
    "layer3.0.conv2.learned_d": 2304,
    "layer3.0.conv2.learned_m": 256,
    "layer3.0.conv2.learned_n": 1568,
    "layer3.0.conv2.mae": 1.7697924703979493,
    "layer3.0.conv2.mape": 0.6139041501617432,
    "layer3.0.conv2.mse": 5.6635596362304685,
    "layer3.0.conv2.rows": 8,
    "layer3.0.conv2.scaled_error": 0.05227521699905396,
    "layer3.0.conv2.scaled_shift": -0.0008239286317706137,
    "layer3.0.conv2.stored_array_size": 32,
    "top_1_accuracy": 0.6175000071525574,
    "top_5_accuracy": 0.8366999626159668,
    "total_time": 115.68733790516853
}