{
    "halut_layers": "{\"layer3.0.conv2\": [16, 16, 24, 1]}",
    "layer3.0.conv2.C": 16,
    "layer3.0.conv2.H_size": 6144,
    "layer3.0.conv2.K": 24,
    "layer3.0.conv2.L_size": 393216,
    "layer3.0.conv2.encoding_algorithm": 1,
    "layer3.0.conv2.learned_a_shape": [
        3136,
        2304
    ],
    "layer3.0.conv2.learned_b_shape": [
        2304,
        256
    ],
    "layer3.0.conv2.learned_d": 2304,
    "layer3.0.conv2.learned_m": 256,
    "layer3.0.conv2.learned_n": 3136,
    "layer3.0.conv2.mae": 1.7785076150512695,
    "layer3.0.conv2.mape": 0.5961792226409912,
    "layer3.0.conv2.mse": 5.7742023358154295,
    "layer3.0.conv2.rows": 16,
    "layer3.0.conv2.scaled_error": 0.05252319605827332,
    "layer3.0.conv2.scaled_shift": -0.0006886800970142212,
    "layer3.0.conv2.stored_array_size": 32,
    "top_1_accuracy": 0.5708799958229065,
    "top_5_accuracy": 0.7998799681663513,
    "total_time": 115.06940288469195
}