{
    "halut_layers": "{\"layer2.3.conv3\": [64, 2, 32, 2]}",
    "layer2.3.conv3.C": 64,
    "layer2.3.conv3.H_size": 4,
    "layer2.3.conv3.K": 32,
    "layer2.3.conv3.L_size": 4194304,
    "layer2.3.conv3.encoding_algorithm": 2,
    "layer2.3.conv3.learned_a_shape": [
        1568,
        128
    ],
    "layer2.3.conv3.learned_b_shape": [
        128,
        512
    ],
    "layer2.3.conv3.learned_d": 128,
    "layer2.3.conv3.learned_m": 512,
    "layer2.3.conv3.learned_n": 1568,
    "layer2.3.conv3.mae": 0.129418770236969,
    "layer2.3.conv3.mape": 0.078525448513031,
    "layer2.3.conv3.mse": 0.03281572005748749,
    "layer2.3.conv3.rows": 2,
    "layer2.3.conv3.scaled_error": 0.007757211257219314,
    "layer2.3.conv3.scaled_shift": -4.5133405125307036e-05,
    "layer2.3.conv3.stored_array_size": 32,
    "top_1_accuracy": 0.807159960269928,
    "top_5_accuracy": 0.9538799524307251,
    "total_time": 240.86441271565855
}