{
    "halut_layers": "{\"layer3.0.conv2\": [16, 1, 4, 2]}",
    "layer3.0.conv2.C": 16,
    "layer3.0.conv2.H_size": 4,
    "layer3.0.conv2.K": 4,
    "layer3.0.conv2.L_size": 65536,
    "layer3.0.conv2.encoding_algorithm": 2,
    "layer3.0.conv2.learned_a_shape": [
        196,
        2304
    ],
    "layer3.0.conv2.learned_b_shape": [
        2304,
        256
    ],
    "layer3.0.conv2.learned_d": 2304,
    "layer3.0.conv2.learned_m": 256,
    "layer3.0.conv2.learned_n": 196,
    "layer3.0.conv2.mae": 1.9991167617797851,
    "layer3.0.conv2.mape": 0.6729046157073975,
    "layer3.0.conv2.mse": 7.188716293945313,
    "layer3.0.conv2.rows": 1,
    "layer3.0.conv2.scaled_error": 0.05902867645263672,
    "layer3.0.conv2.scaled_shift": -0.001563357721362263,
    "layer3.0.conv2.stored_array_size": 32,
    "top_1_accuracy": 0.31365999579429626,
    "top_5_accuracy": 0.5393800139427185,
    "total_time": 121.25966927036643
}