{
    "halut_layers": "{\"layer3.0.conv1\": [16, 16, 32, 2]}",
    "layer3.0.conv1.C": 16,
    "layer3.0.conv1.H_size": 4,
    "layer3.0.conv1.K": 32,
    "layer3.0.conv1.L_size": 524288,
    "layer3.0.conv1.encoding_algorithm": 2,
    "layer3.0.conv1.learned_a_shape": [
        12544,
        512
    ],
    "layer3.0.conv1.learned_b_shape": [
        512,
        256
    ],
    "layer3.0.conv1.learned_d": 512,
    "layer3.0.conv1.learned_m": 256,
    "layer3.0.conv1.learned_n": 12544,
    "layer3.0.conv1.mae": 1.2459056620788573,
    "layer3.0.conv1.mape": 0.4520603133392334,
    "layer3.0.conv1.mse": 2.627898881225586,
    "layer3.0.conv1.rows": 16,
    "layer3.0.conv1.scaled_error": 0.025324842753410338,
    "layer3.0.conv1.scaled_shift": -0.0006787219249691862,
    "layer3.0.conv1.stored_array_size": 32,
    "top_1_accuracy": 0.7681599855422974,
    "top_5_accuracy": 0.9350199699401855,
    "total_time": 145.67057184875011
}