{
    "halut_layers": "{\"layer3.0.conv1\": [32, 16, 24, 2]}",
    "layer3.0.conv1.C": 32,
    "layer3.0.conv1.H_size": 4,
    "layer3.0.conv1.K": 24,
    "layer3.0.conv1.L_size": 786432,
    "layer3.0.conv1.encoding_algorithm": 2,
    "layer3.0.conv1.learned_a_shape": [
        12544,
        512
    ],
    "layer3.0.conv1.learned_b_shape": [
        512,
        256
    ],
    "layer3.0.conv1.learned_d": 512,
    "layer3.0.conv1.learned_m": 256,
    "layer3.0.conv1.learned_n": 12544,
    "layer3.0.conv1.mae": 1.0489567813110352,
    "layer3.0.conv1.mape": 0.3903659341430664,
    "layer3.0.conv1.mse": 1.8486023568725587,
    "layer3.0.conv1.rows": 16,
    "layer3.0.conv1.scaled_error": 0.021322784843444825,
    "layer3.0.conv1.scaled_shift": -0.0014233043345436454,
    "layer3.0.conv1.stored_array_size": 32,
    "top_1_accuracy": 0.7902599573135376,
    "top_5_accuracy": 0.9455999732017517,
    "total_time": 201.91618426982313
}