{
    "halut_layers": "{\"layer4.2.conv3\": [16, 32, 12, 1]}",
    "layer4.2.conv3.C": 16,
    "layer4.2.conv3.H_size": 3072,
    "layer4.2.conv3.K": 12,
    "layer4.2.conv3.L_size": 1572864,
    "layer4.2.conv3.encoding_algorithm": 1,
    "layer4.2.conv3.learned_a_shape": [
        1568,
        512
    ],
    "layer4.2.conv3.learned_b_shape": [
        512,
        2048
    ],
    "layer4.2.conv3.learned_d": 512,
    "layer4.2.conv3.learned_m": 2048,
    "layer4.2.conv3.learned_n": 1568,
    "layer4.2.conv3.mae": 0.24911218528747558,
    "layer4.2.conv3.mape": 0.1596538311958313,
    "layer4.2.conv3.mse": 0.13665113550186156,
    "layer4.2.conv3.rows": 32,
    "layer4.2.conv3.scaled_error": 0.048857536635398865,
    "layer4.2.conv3.scaled_shift": 0.024426382310390474,
    "layer4.2.conv3.stored_array_size": 32,
    "top_1_accuracy": 0.7889599800109863,
    "top_5_accuracy": 0.9446199536323547,
    "total_time": 112.76407015044242
}