{
    "halut_layers": "{\"layer4.2.conv3\": [8, 32, 8, 1]}",
    "layer4.2.conv3.C": 8,
    "layer4.2.conv3.H_size": 768,
    "layer4.2.conv3.K": 8,
    "layer4.2.conv3.L_size": 524288,
    "layer4.2.conv3.encoding_algorithm": 1,
    "layer4.2.conv3.learned_a_shape": [
        1568,
        512
    ],
    "layer4.2.conv3.learned_b_shape": [
        512,
        2048
    ],
    "layer4.2.conv3.learned_d": 512,
    "layer4.2.conv3.learned_m": 2048,
    "layer4.2.conv3.learned_n": 1568,
    "layer4.2.conv3.mae": 0.25204144191741945,
    "layer4.2.conv3.mape": 0.163411820602417,
    "layer4.2.conv3.mse": 0.13548405447006226,
    "layer4.2.conv3.rows": 32,
    "layer4.2.conv3.scaled_error": 0.04946362770080567,
    "layer4.2.conv3.scaled_shift": 0.01827065388739109,
    "layer4.2.conv3.stored_array_size": 32,
    "top_1_accuracy": 0.7874199748039246,
    "top_5_accuracy": 0.9440400004386902,
    "total_time": 112.5721012512222
}