{
    "halut_layers": "{\"layer4.0.conv1\": [16, 256, 64, 2]}",
    "layer4.0.conv1.C": 16,
    "layer4.0.conv1.H_size": 4,
    "layer4.0.conv1.K": 64,
    "layer4.0.conv1.L_size": 2097152,
    "layer4.0.conv1.encoding_algorithm": 2,
    "layer4.0.conv1.learned_a_shape": [
        50176,
        1024
    ],
    "layer4.0.conv1.learned_b_shape": [
        1024,
        512
    ],
    "layer4.0.conv1.learned_d": 1024,
    "layer4.0.conv1.learned_m": 512,
    "layer4.0.conv1.learned_n": 50176,
    "layer4.0.conv1.mae": 0.9322645681762696,
    "layer4.0.conv1.mape": 0.36197238426208495,
    "layer4.0.conv1.mse": 1.4876612130737306,
    "layer4.0.conv1.rows": 256,
    "layer4.0.conv1.scaled_error": 0.04335805428981781,
    "layer4.0.conv1.scaled_shift": 0.0006857790698134341,
    "layer4.0.conv1.stored_array_size": 32,
    "top_1_accuracy": 0.7373999953269958,
    "top_5_accuracy": 0.9219599962234497,
    "total_time": 191.09457185678184
}