{
    "halut_layers": "{\"layer4.2.conv3\": [32, 64, 12, 1]}",
    "layer4.2.conv3.C": 32,
    "layer4.2.conv3.H_size": 6144,
    "layer4.2.conv3.K": 12,
    "layer4.2.conv3.L_size": 3145728,
    "layer4.2.conv3.encoding_algorithm": 1,
    "layer4.2.conv3.learned_a_shape": [
        3136,
        512
    ],
    "layer4.2.conv3.learned_b_shape": [
        512,
        2048
    ],
    "layer4.2.conv3.learned_d": 512,
    "layer4.2.conv3.learned_m": 2048,
    "layer4.2.conv3.learned_n": 3136,
    "layer4.2.conv3.mae": 0.23595482440948487,
    "layer4.2.conv3.mape": 0.15047751991271974,
    "layer4.2.conv3.mse": 0.12611076786994935,
    "layer4.2.conv3.rows": 64,
    "layer4.2.conv3.scaled_error": 0.04626681002140045,
    "layer4.2.conv3.scaled_shift": 0.02619353314399719,
    "layer4.2.conv3.stored_array_size": 32,
    "top_1_accuracy": 0.7919999957084656,
    "top_5_accuracy": 0.9464799761772156,
    "total_time": 115.67966513708234
}