{
    "halut_layers": "{\"layer3.5.conv1\": [32, 32, 32, 1]}",
    "layer3.5.conv1.C": 32,
    "layer3.5.conv1.H_size": 12288,
    "layer3.5.conv1.K": 32,
    "layer3.5.conv1.L_size": 1048576,
    "layer3.5.conv1.encoding_algorithm": 1,
    "layer3.5.conv1.learned_a_shape": [
        6272,
        1024
    ],
    "layer3.5.conv1.learned_b_shape": [
        1024,
        256
    ],
    "layer3.5.conv1.learned_d": 1024,
    "layer3.5.conv1.learned_m": 256,
    "layer3.5.conv1.learned_n": 6272,
    "layer3.5.conv1.mae": 1.0803710029602052,
    "layer3.5.conv1.mape": 0.41921428260803223,
    "layer3.5.conv1.mse": 2.0243965814208984,
    "layer3.5.conv1.rows": 32,
    "layer3.5.conv1.scaled_error": 0.03772745355129242,
    "layer3.5.conv1.scaled_shift": 0.0026624493322859053,
    "layer3.5.conv1.stored_array_size": 32,
    "top_1_accuracy": 0.7839799523353577,
    "top_5_accuracy": 0.9416399598121643,
    "total_time": 111.56572277471423
}