{
    "halut_layers": "{\"layer3.3.conv3\": [16, 32, 12, 1]}",
    "layer3.3.conv3.C": 16,
    "layer3.3.conv3.H_size": 3072,
    "layer3.3.conv3.K": 12,
    "layer3.3.conv3.L_size": 786432,
    "layer3.3.conv3.encoding_algorithm": 1,
    "layer3.3.conv3.learned_a_shape": [
        6272,
        256
    ],
    "layer3.3.conv3.learned_b_shape": [
        256,
        1024
    ],
    "layer3.3.conv3.learned_d": 256,
    "layer3.3.conv3.learned_m": 1024,
    "layer3.3.conv3.learned_n": 6272,
    "layer3.3.conv3.mae": 0.2475103521347046,
    "layer3.3.conv3.mape": 0.16888174083709717,
    "layer3.3.conv3.mse": 0.10953900468826294,
    "layer3.3.conv3.rows": 32,
    "layer3.3.conv3.scaled_error": 0.01264735851764679,
    "layer3.3.conv3.scaled_shift": 0.0007123084147134795,
    "layer3.3.conv3.stored_array_size": 32,
    "top_1_accuracy": 0.7960999608039856,
    "top_5_accuracy": 0.9485799670219421,
    "total_time": 140.3810963574797
}