{
    "halut_layers": "{\"layer4.0.conv2\": [32, 128, 32, 2]}",
    "layer4.0.conv2.C": 32,
    "layer4.0.conv2.H_size": 4,
    "layer4.0.conv2.K": 32,
    "layer4.0.conv2.L_size": 2097152,
    "layer4.0.conv2.encoding_algorithm": 2,
    "layer4.0.conv2.learned_a_shape": [
        6272,
        4608
    ],
    "layer4.0.conv2.learned_b_shape": [
        4608,
        512
    ],
    "layer4.0.conv2.learned_d": 4608,
    "layer4.0.conv2.learned_m": 512,
    "layer4.0.conv2.learned_n": 6272,
    "layer4.0.conv2.mae": 0.9027306825256348,
    "layer4.0.conv2.mape": 0.4105569847869873,
    "layer4.0.conv2.mse": 1.466216459350586,
    "layer4.0.conv2.rows": 128,
    "layer4.0.conv2.scaled_error": 0.05722811786651611,
    "layer4.0.conv2.scaled_shift": 0.001663871419224888,
    "layer4.0.conv2.stored_array_size": 32,
    "top_1_accuracy": 0.7379999756813049,
    "top_5_accuracy": 0.9214400053024292,
    "total_time": 126.85419280640781
}