{
    "halut_layers": "{\"layer4.2.conv3\": [16, 256, 24, 2]}",
    "layer4.2.conv3.C": 16,
    "layer4.2.conv3.H_size": 4,
    "layer4.2.conv3.K": 24,
    "layer4.2.conv3.L_size": 3145728,
    "layer4.2.conv3.encoding_algorithm": 2,
    "layer4.2.conv3.learned_a_shape": [
        12544,
        512
    ],
    "layer4.2.conv3.learned_b_shape": [
        512,
        2048
    ],
    "layer4.2.conv3.learned_d": 512,
    "layer4.2.conv3.learned_m": 2048,
    "layer4.2.conv3.learned_n": 12544,
    "layer4.2.conv3.mae": 0.2048285409927368,
    "layer4.2.conv3.mape": 0.13649829473495484,
    "layer4.2.conv3.mse": 0.0880460797405243,
    "layer4.2.conv3.rows": 256,
    "layer4.2.conv3.scaled_error": 0.04017483176708221,
    "layer4.2.conv3.scaled_shift": 0.011811616815142334,
    "layer4.2.conv3.stored_array_size": 32,
    "top_1_accuracy": 0.7908200025558472,
    "top_5_accuracy": 0.9447999596595764,
    "total_time": 124.80422399565578
}