{
    "halut_layers": "{\"layer1.1.conv3\": [16, 8, 4, 2]}",
    "layer1.1.conv3.C": 16,
    "layer1.1.conv3.H_size": 4,
    "layer1.1.conv3.K": 4,
    "layer1.1.conv3.L_size": 65536,
    "layer1.1.conv3.encoding_algorithm": 2,
    "layer1.1.conv3.learned_a_shape": [
        25088,
        64
    ],
    "layer1.1.conv3.learned_b_shape": [
        64,
        256
    ],
    "layer1.1.conv3.learned_d": 64,
    "layer1.1.conv3.learned_m": 256,
    "layer1.1.conv3.learned_n": 25088,
    "layer1.1.conv3.mae": 0.4481303606414795,
    "layer1.1.conv3.mape": 0.2014885408782959,
    "layer1.1.conv3.mse": 0.40988579627990723,
    "layer1.1.conv3.rows": 8,
    "layer1.1.conv3.scaled_error": 0.02622951117515564,
    "layer1.1.conv3.scaled_shift": -0.0005271047377283684,
    "layer1.1.conv3.stored_array_size": 32,
    "top_1_accuracy": 0.7914999723434448,
    "top_5_accuracy": 0.9462999701499939,
    "total_time": 258.5059086382389
}