{
    "halut_layers": "{\"layer3.3.conv3\": [64, 8, 32, 0]}",
    "layer3.3.conv3.C": 64,
    "layer3.3.conv3.H_size": 24320,
    "layer3.3.conv3.K": 32,
    "layer3.3.conv3.L_size": 8388608,
    "layer3.3.conv3.encoding_algorithm": 0,
    "layer3.3.conv3.learned_a_shape": [
        1568,
        256
    ],
    "layer3.3.conv3.learned_b_shape": [
        256,
        1024
    ],
    "layer3.3.conv3.learned_d": 256,
    "layer3.3.conv3.learned_m": 1024,
    "layer3.3.conv3.learned_n": 1568,
    "layer3.3.conv3.mae": 0.8271980513000489,
    "layer3.3.conv3.mape": 0.5964933169555664,
    "layer3.3.conv3.mse": 1.150251572265625,
    "layer3.3.conv3.rows": 8,
    "layer3.3.conv3.scaled_error": 0.04227613562107086,
    "layer3.3.conv3.scaled_shift": -0.024710247039794922,
    "layer3.3.conv3.stored_array_size": 32,
    "top_1_accuracy": 0.6074399948120117,
    "top_5_accuracy": 0.8344199657440186,
    "total_time": 162.241198040545
}