{
    "halut_layers": "{\"layer2.3.conv3\": [8, 2, 8, 1]}",
    "layer2.3.conv3.C": 8,
    "layer2.3.conv3.H_size": 768,
    "layer2.3.conv3.K": 8,
    "layer2.3.conv3.L_size": 131072,
    "layer2.3.conv3.encoding_algorithm": 1,
    "layer2.3.conv3.learned_a_shape": [
        1568,
        128
    ],
    "layer2.3.conv3.learned_b_shape": [
        128,
        512
    ],
    "layer2.3.conv3.learned_d": 128,
    "layer2.3.conv3.learned_m": 512,
    "layer2.3.conv3.learned_n": 1568,
    "layer2.3.conv3.mae": 0.3448142580795288,
    "layer2.3.conv3.mape": 0.20034359127044676,
    "layer2.3.conv3.mse": 0.23702453819274902,
    "layer2.3.conv3.rows": 2,
    "layer2.3.conv3.scaled_error": 0.020653383214473724,
    "layer2.3.conv3.scaled_shift": 0.0011508380473125726,
    "layer2.3.conv3.stored_array_size": 32,
    "top_1_accuracy": 0.7825799584388733,
    "top_5_accuracy": 0.9408599734306335,
    "total_time": 159.42444188147783
}