{
    "halut_layers": "{\"layer2.0.conv2\": [32, 2, 16, 1]}",
    "layer2.0.conv2.C": 32,
    "layer2.0.conv2.H_size": 6144,
    "layer2.0.conv2.K": 16,
    "layer2.0.conv2.L_size": 262144,
    "layer2.0.conv2.encoding_algorithm": 1,
    "layer2.0.conv2.learned_a_shape": [
        1568,
        1152
    ],
    "layer2.0.conv2.learned_b_shape": [
        1152,
        128
    ],
    "layer2.0.conv2.learned_d": 1152,
    "layer2.0.conv2.learned_m": 128,
    "layer2.0.conv2.learned_n": 1568,
    "layer2.0.conv2.mae": 2.0580704748535155,
    "layer2.0.conv2.mape": 0.6440516899108887,
    "layer2.0.conv2.mse": 7.505426643066406,
    "layer2.0.conv2.rows": 2,
    "layer2.0.conv2.scaled_error": 0.04602787922859192,
    "layer2.0.conv2.scaled_shift": -0.0009494898495136294,
    "layer2.0.conv2.stored_array_size": 32,
    "top_1_accuracy": 0.702519953250885,
    "top_5_accuracy": 0.8945599794387817,
    "total_time": 135.8177168611437
}