{
    "halut_layers": "{\"layer2.3.conv3\": [8, 16, 32, 0]}",
    "layer2.3.conv3.C": 8,
    "layer2.3.conv3.H_size": 3040,
    "layer2.3.conv3.K": 32,
    "layer2.3.conv3.L_size": 524288,
    "layer2.3.conv3.encoding_algorithm": 0,
    "layer2.3.conv3.learned_a_shape": [
        12544,
        128
    ],
    "layer2.3.conv3.learned_b_shape": [
        128,
        512
    ],
    "layer2.3.conv3.learned_d": 128,
    "layer2.3.conv3.learned_m": 512,
    "layer2.3.conv3.learned_n": 12544,
    "layer2.3.conv3.mae": 0.8356385162353516,
    "layer2.3.conv3.mape": 0.5091531239318847,
    "layer2.3.conv3.mse": 1.3055514167785645,
    "layer2.3.conv3.rows": 16,
    "layer2.3.conv3.scaled_error": 0.050153068447113036,
    "layer2.3.conv3.scaled_shift": -0.012527579259872437,
    "layer2.3.conv3.stored_array_size": 32,
    "top_1_accuracy": 0.5888000130653381,
    "top_5_accuracy": 0.8055199980735779,
    "total_time": 162.0098950508982
}