{
    "halut_layers": "{\"layer3.5.conv1\": [16, 8, 32, 1]}",
    "layer3.5.conv1.C": 16,
    "layer3.5.conv1.H_size": 6144,
    "layer3.5.conv1.K": 32,
    "layer3.5.conv1.L_size": 524288,
    "layer3.5.conv1.encoding_algorithm": 1,
    "layer3.5.conv1.learned_a_shape": [
        1568,
        1024
    ],
    "layer3.5.conv1.learned_b_shape": [
        1024,
        256
    ],
    "layer3.5.conv1.learned_d": 1024,
    "layer3.5.conv1.learned_m": 256,
    "layer3.5.conv1.learned_n": 1568,
    "layer3.5.conv1.mae": 1.2387994960021973,
    "layer3.5.conv1.mape": 0.4823001068115234,
    "layer3.5.conv1.mse": 2.622171798706055,
    "layer3.5.conv1.rows": 8,
    "layer3.5.conv1.scaled_error": 0.043242083034515384,
    "layer3.5.conv1.scaled_shift": 0.0013676262880090507,
    "layer3.5.conv1.stored_array_size": 32,
    "top_1_accuracy": 0.7807999849319458,
    "top_5_accuracy": 0.9398399591445923,
    "total_time": 110.619624895975
}