{
    "halut_layers": "{\"layer3.5.conv1\": [8, 8, 8, 2]}",
    "layer3.5.conv1.C": 8,
    "layer3.5.conv1.H_size": 4,
    "layer3.5.conv1.K": 8,
    "layer3.5.conv1.L_size": 65536,
    "layer3.5.conv1.encoding_algorithm": 2,
    "layer3.5.conv1.learned_a_shape": [
        1568,
        1024
    ],
    "layer3.5.conv1.learned_b_shape": [
        1024,
        256
    ],
    "layer3.5.conv1.learned_d": 1024,
    "layer3.5.conv1.learned_m": 256,
    "layer3.5.conv1.learned_n": 1568,
    "layer3.5.conv1.mae": 1.2424626829528809,
    "layer3.5.conv1.mape": 0.4794006059265137,
    "layer3.5.conv1.mse": 2.643213127746582,
    "layer3.5.conv1.rows": 8,
    "layer3.5.conv1.scaled_error": 0.043378020186424254,
    "layer3.5.conv1.scaled_shift": 0.0017356471731280907,
    "layer3.5.conv1.stored_array_size": 32,
    "top_1_accuracy": 0.7780199646949768,
    "top_5_accuracy": 0.9393999576568604,
    "total_time": 86.16742145456374
}