{
    "halut_layers": "{\"layer1.0.conv2\": [8, 2, 4, 1]}",
    "layer1.0.conv2.C": 8,
    "layer1.0.conv2.H_size": 384,
    "layer1.0.conv2.K": 4,
    "layer1.0.conv2.L_size": 8192,
    "layer1.0.conv2.encoding_algorithm": 1,
    "layer1.0.conv2.learned_a_shape": [
        6272,
        576
    ],
    "layer1.0.conv2.learned_b_shape": [
        576,
        64
    ],
    "layer1.0.conv2.learned_d": 576,
    "layer1.0.conv2.learned_m": 64,
    "layer1.0.conv2.learned_n": 6272,
    "layer1.0.conv2.mae": 1.9342169680786132,
    "layer1.0.conv2.mape": 0.4351296376800537,
    "layer1.0.conv2.mse": 9.58783221069336,
    "layer1.0.conv2.rows": 2,
    "layer1.0.conv2.scaled_error": 0.04012734827518463,
    "layer1.0.conv2.scaled_shift": -0.0018256466520362301,
    "layer1.0.conv2.stored_array_size": 32,
    "top_1_accuracy": 0.7284199595451355,
    "top_5_accuracy": 0.9096799492835999,
    "total_time": 127.69714992120862
}