{
    "halut_layers": "{\"layer3.4.conv2\": [16, 32, 16, 1]}",
    "layer3.4.conv2.C": 16,
    "layer3.4.conv2.H_size": 3072,
    "layer3.4.conv2.K": 16,
    "layer3.4.conv2.L_size": 262144,
    "layer3.4.conv2.encoding_algorithm": 1,
    "layer3.4.conv2.learned_a_shape": [
        6272,
        2304
    ],
    "layer3.4.conv2.learned_b_shape": [
        2304,
        256
    ],
    "layer3.4.conv2.learned_d": 2304,
    "layer3.4.conv2.learned_m": 256,
    "layer3.4.conv2.learned_n": 6272,
    "layer3.4.conv2.mae": 0.7556285022735596,
    "layer3.4.conv2.mape": 0.359981589050293,
    "layer3.4.conv2.mse": 1.0089920834350585,
    "layer3.4.conv2.rows": 32,
    "layer3.4.conv2.scaled_error": 0.02115973608016968,
    "layer3.4.conv2.scaled_shift": 0.0012085745706269517,
    "layer3.4.conv2.stored_array_size": 32,
    "top_1_accuracy": 0.7764599919319153,
    "top_5_accuracy": 0.9370399713516235,
    "total_time": 109.45678052864969
}