{
    "halut_layers": "{\"layer1.1.conv3\": [16, 1, 32, 0]}",
    "layer1.1.conv3.C": 16,
    "layer1.1.conv3.H_size": 6080,
    "layer1.1.conv3.K": 32,
    "layer1.1.conv3.L_size": 524288,
    "layer1.1.conv3.encoding_algorithm": 0,
    "layer1.1.conv3.learned_a_shape": [
        3136,
        64
    ],
    "layer1.1.conv3.learned_b_shape": [
        64,
        256
    ],
    "layer1.1.conv3.learned_d": 64,
    "layer1.1.conv3.learned_m": 256,
    "layer1.1.conv3.learned_n": 3136,
    "layer1.1.conv3.mae": 1.4785741055297852,
    "layer1.1.conv3.mape": 0.6802670148468017,
    "layer1.1.conv3.mse": 4.060281179809571,
    "layer1.1.conv3.rows": 1,
    "layer1.1.conv3.scaled_error": 0.08665899731636047,
    "layer1.1.conv3.scaled_shift": -0.011367870891094208,
    "layer1.1.conv3.stored_array_size": 32,
    "top_1_accuracy": 0.45541998744010925,
    "top_5_accuracy": 0.6915599703788757,
    "total_time": 253.60876634903252
}