{
    "halut_layers": "{\"layer2.3.conv3\": [16, 8, 24, 2]}",
    "layer2.3.conv3.C": 16,
    "layer2.3.conv3.H_size": 4,
    "layer2.3.conv3.K": 24,
    "layer2.3.conv3.L_size": 786432,
    "layer2.3.conv3.encoding_algorithm": 2,
    "layer2.3.conv3.learned_a_shape": [
        6272,
        128
    ],
    "layer2.3.conv3.learned_b_shape": [
        128,
        512
    ],
    "layer2.3.conv3.learned_d": 128,
    "layer2.3.conv3.learned_m": 512,
    "layer2.3.conv3.learned_n": 6272,
    "layer2.3.conv3.mae": 0.2124781679534912,
    "layer2.3.conv3.mape": 0.12821588245391846,
    "layer2.3.conv3.mse": 0.08722291408538818,
    "layer2.3.conv3.rows": 8,
    "layer2.3.conv3.scaled_error": 0.012729199335575104,
    "layer2.3.conv3.scaled_shift": -0.0006814992842450738,
    "layer2.3.conv3.stored_array_size": 32,
    "top_1_accuracy": 0.8042199611663818,
    "top_5_accuracy": 0.9523199796676636,
    "total_time": 171.70055336877704
}