{
    "halut_layers": "{\"layer3.0.conv3\": [16, 2, 64, 1]}",
    "layer3.0.conv3.C": 16,
    "layer3.0.conv3.H_size": 12288,
    "layer3.0.conv3.K": 64,
    "layer3.0.conv3.L_size": 4194304,
    "layer3.0.conv3.encoding_algorithm": 1,
    "layer3.0.conv3.learned_a_shape": [
        392,
        256
    ],
    "layer3.0.conv3.learned_b_shape": [
        256,
        1024
    ],
    "layer3.0.conv3.learned_d": 256,
    "layer3.0.conv3.learned_m": 1024,
    "layer3.0.conv3.learned_n": 392,
    "layer3.0.conv3.mae": 0.7141282929992676,
    "layer3.0.conv3.mape": 0.3663786111450195,
    "layer3.0.conv3.mse": 0.9005259344482421,
    "layer3.0.conv3.rows": 2,
    "layer3.0.conv3.scaled_error": 0.050078099570274356,
    "layer3.0.conv3.scaled_shift": 0.0026213401856832208,
    "layer3.0.conv3.stored_array_size": 32,
    "top_1_accuracy": 0.6358999609947205,
    "top_5_accuracy": 0.8519799709320068,
    "total_time": 148.74202368035913
}