{
    "halut_layers": "{\"layer4.2.conv3\": [8, 64, 8, 2]}",
    "layer4.2.conv3.C": 8,
    "layer4.2.conv3.H_size": 4,
    "layer4.2.conv3.K": 8,
    "layer4.2.conv3.L_size": 524288,
    "layer4.2.conv3.encoding_algorithm": 2,
    "layer4.2.conv3.learned_a_shape": [
        3136,
        512
    ],
    "layer4.2.conv3.learned_b_shape": [
        512,
        2048
    ],
    "layer4.2.conv3.learned_d": 512,
    "layer4.2.conv3.learned_m": 2048,
    "layer4.2.conv3.learned_n": 3136,
    "layer4.2.conv3.mae": 0.24600311378479003,
    "layer4.2.conv3.mape": 0.15859772302627564,
    "layer4.2.conv3.mse": 0.12902239161491394,
    "layer4.2.conv3.rows": 64,
    "layer4.2.conv3.scaled_error": 0.04825726316452027,
    "layer4.2.conv3.scaled_shift": 0.022316814848184586,
    "layer4.2.conv3.stored_array_size": 32,
    "top_1_accuracy": 0.7871599793434143,
    "top_5_accuracy": 0.9436399936676025,
    "total_time": 114.58133459836245
}