{
    "halut_layers": "{\"layer3.5.conv2\": [64, 16, 12, 2]}",
    "layer3.5.conv2.C": 64,
    "layer3.5.conv2.H_size": 4,
    "layer3.5.conv2.K": 12,
    "layer3.5.conv2.L_size": 786432,
    "layer3.5.conv2.encoding_algorithm": 2,
    "layer3.5.conv2.learned_a_shape": [
        3136,
        2304
    ],
    "layer3.5.conv2.learned_b_shape": [
        2304,
        256
    ],
    "layer3.5.conv2.learned_d": 2304,
    "layer3.5.conv2.learned_m": 256,
    "layer3.5.conv2.learned_n": 3136,
    "layer3.5.conv2.mae": 0.664156888961792,
    "layer3.5.conv2.mape": 0.32585338287353516,
    "layer3.5.conv2.mse": 0.7721856422424317,
    "layer3.5.conv2.rows": 16,
    "layer3.5.conv2.scaled_error": 0.046409229230880734,
    "layer3.5.conv2.scaled_shift": 0.0010435762573312967,
    "layer3.5.conv2.stored_array_size": 32,
    "top_1_accuracy": 0.792639970779419,
    "top_5_accuracy": 0.947160005569458,
    "total_time": 150.82891366258264
}