{
    "halut_layers": "{\"layer3.0.conv3\": [16, 8, 8, 2]}",
    "layer3.0.conv3.C": 16,
    "layer3.0.conv3.H_size": 4,
    "layer3.0.conv3.K": 8,
    "layer3.0.conv3.L_size": 524288,
    "layer3.0.conv3.encoding_algorithm": 2,
    "layer3.0.conv3.learned_a_shape": [
        1568,
        256
    ],
    "layer3.0.conv3.learned_b_shape": [
        256,
        1024
    ],
    "layer3.0.conv3.learned_d": 256,
    "layer3.0.conv3.learned_m": 1024,
    "layer3.0.conv3.learned_n": 1568,
    "layer3.0.conv3.mae": 0.5702917828369141,
    "layer3.0.conv3.mape": 0.28806094268798826,
    "layer3.0.conv3.mse": 0.5944162335968017,
    "layer3.0.conv3.rows": 8,
    "layer3.0.conv3.scaled_error": 0.039968225145339965,
    "layer3.0.conv3.scaled_shift": 0.001738967489246279,
    "layer3.0.conv3.stored_array_size": 32,
    "top_1_accuracy": 0.7008599638938904,
    "top_5_accuracy": 0.8915999531745911,
    "total_time": 231.96763317286968
}