{
    "halut_layers": "{\"layer2.0.downsample.0\": [64, 4, 12, 2]}",
    "layer2.0.downsample.0.C": 64,
    "layer2.0.downsample.0.H_size": 4,
    "layer2.0.downsample.0.K": 12,
    "layer2.0.downsample.0.L_size": 1572864,
    "layer2.0.downsample.0.encoding_algorithm": 2,
    "layer2.0.downsample.0.learned_a_shape": [
        3136,
        256
    ],
    "layer2.0.downsample.0.learned_b_shape": [
        256,
        512
    ],
    "layer2.0.downsample.0.learned_d": 256,
    "layer2.0.downsample.0.learned_m": 512,
    "layer2.0.downsample.0.learned_n": 3136,
    "layer2.0.downsample.0.mae": 0.41133473411560056,
    "layer2.0.downsample.0.mape": 0.18827983837127685,
    "layer2.0.downsample.0.mse": 0.35331325645446776,
    "layer2.0.downsample.0.rows": 4,
    "layer2.0.downsample.0.scaled_error": 0.020725046050548552,
    "layer2.0.downsample.0.scaled_shift": -0.0017471623773872853,
    "layer2.0.downsample.0.stored_array_size": 32,
    "top_1_accuracy": 0.7906599640846252,
    "top_5_accuracy": 0.9467200040817261,
    "total_time": 195.51630484871566
}