{
    "halut_layers": "{\"layer2.3.conv3\": [64, 16, 16, 1]}",
    "layer2.3.conv3.C": 64,
    "layer2.3.conv3.H_size": 12288,
    "layer2.3.conv3.K": 16,
    "layer2.3.conv3.L_size": 2097152,
    "layer2.3.conv3.encoding_algorithm": 1,
    "layer2.3.conv3.learned_a_shape": [
        12544,
        128
    ],
    "layer2.3.conv3.learned_b_shape": [
        128,
        512
    ],
    "layer2.3.conv3.learned_d": 128,
    "layer2.3.conv3.learned_m": 512,
    "layer2.3.conv3.learned_n": 12544,
    "layer2.3.conv3.mae": 0.15174125396728516,
    "layer2.3.conv3.mape": 0.0913354663658142,
    "layer2.3.conv3.mse": 0.048085900120735166,
    "layer2.3.conv3.rows": 16,
    "layer2.3.conv3.scaled_error": 0.009081996480226517,
    "layer2.3.conv3.scaled_shift": -9.064578610570607e-05,
    "layer2.3.conv3.stored_array_size": 32,
    "top_1_accuracy": 0.8054400086402893,
    "top_5_accuracy": 0.9526799917221069,
    "total_time": 174.1379228066653
}