{
    "halut_layers": "{\"layer2.0.conv2\": [8, 8, 32, 0]}",
    "layer2.0.conv2.C": 8,
    "layer2.0.conv2.H_size": 3040,
    "layer2.0.conv2.K": 32,
    "layer2.0.conv2.L_size": 131072,
    "layer2.0.conv2.encoding_algorithm": 0,
    "layer2.0.conv2.learned_a_shape": [
        6272,
        1152
    ],
    "layer2.0.conv2.learned_b_shape": [
        1152,
        128
    ],
    "layer2.0.conv2.learned_d": 1152,
    "layer2.0.conv2.learned_m": 128,
    "layer2.0.conv2.learned_n": 6272,
    "layer2.0.conv2.mae": 4.314152147216797,
    "layer2.0.conv2.mape": 1.4610293347167969,
    "layer2.0.conv2.mse": 31.89685157714844,
    "layer2.0.conv2.rows": 8,
    "layer2.0.conv2.scaled_error": 0.09653951057434082,
    "layer2.0.conv2.scaled_shift": 0.005149556642174721,
    "layer2.0.conv2.stored_array_size": 32,
    "top_1_accuracy": 0.0551999993622303,
    "top_5_accuracy": 0.15371999144554138,
    "total_time": 99.59034052491188
}