{
    "halut_layers": "{\"layer3.0.conv3\": [8, 32, 4, 1]}",
    "layer3.0.conv3.C": 8,
    "layer3.0.conv3.H_size": 384,
    "layer3.0.conv3.K": 4,
    "layer3.0.conv3.L_size": 131072,
    "layer3.0.conv3.encoding_algorithm": 1,
    "layer3.0.conv3.learned_a_shape": [
        6272,
        256
    ],
    "layer3.0.conv3.learned_b_shape": [
        256,
        1024
    ],
    "layer3.0.conv3.learned_d": 256,
    "layer3.0.conv3.learned_m": 1024,
    "layer3.0.conv3.learned_n": 6272,
    "layer3.0.conv3.mae": 0.6264180609893799,
    "layer3.0.conv3.mape": 0.308051587600708,
    "layer3.0.conv3.mse": 0.723753136291504,
    "layer3.0.conv3.rows": 32,
    "layer3.0.conv3.scaled_error": 0.04391277647018433,
    "layer3.0.conv3.scaled_shift": 0.001776067125761183,
    "layer3.0.conv3.stored_array_size": 32,
    "top_1_accuracy": 0.5396199822425842,
    "top_5_accuracy": 0.7722199559211731,
    "total_time": 116.73140633292496
}