{
    "halut_layers": "{\"layer3.0.conv2\": [32, 2, 4, 1]}",
    "layer3.0.conv2.C": 32,
    "layer3.0.conv2.H_size": 1536,
    "layer3.0.conv2.K": 4,
    "layer3.0.conv2.L_size": 131072,
    "layer3.0.conv2.encoding_algorithm": 1,
    "layer3.0.conv2.learned_a_shape": [
        392,
        2304
    ],
    "layer3.0.conv2.learned_b_shape": [
        2304,
        256
    ],
    "layer3.0.conv2.learned_d": 2304,
    "layer3.0.conv2.learned_m": 256,
    "layer3.0.conv2.learned_n": 392,
    "layer3.0.conv2.mae": 1.9644794967651367,
    "layer3.0.conv2.mape": 0.6725210507965088,
    "layer3.0.conv2.mse": 6.90998470336914,
    "layer3.0.conv2.rows": 2,
    "layer3.0.conv2.scaled_error": 0.058030238399505614,
    "layer3.0.conv2.scaled_shift": -0.002296579902935773,
    "layer3.0.conv2.stored_array_size": 32,
    "top_1_accuracy": 0.41895997524261475,
    "top_5_accuracy": 0.6637399792671204,
    "total_time": 115.04233863577247
}