{
    "halut_layers": "{\"layer2.0.conv2\": [8, 16, 32, 2]}",
    "layer2.0.conv2.C": 8,
    "layer2.0.conv2.H_size": 4,
    "layer2.0.conv2.K": 32,
    "layer2.0.conv2.L_size": 131072,
    "layer2.0.conv2.encoding_algorithm": 2,
    "layer2.0.conv2.learned_a_shape": [
        12544,
        1152
    ],
    "layer2.0.conv2.learned_b_shape": [
        1152,
        128
    ],
    "layer2.0.conv2.learned_d": 1152,
    "layer2.0.conv2.learned_m": 128,
    "layer2.0.conv2.learned_n": 12544,
    "layer2.0.conv2.mae": 1.8244815179443359,
    "layer2.0.conv2.mape": 0.5706913159179687,
    "layer2.0.conv2.mse": 5.920237080078125,
    "layer2.0.conv2.rows": 16,
    "layer2.0.conv2.scaled_error": 0.040799248895645145,
    "layer2.0.conv2.scaled_shift": -0.0006515398151287809,
    "layer2.0.conv2.stored_array_size": 32,
    "top_1_accuracy": 0.7275800108909607,
    "top_5_accuracy": 0.9096999764442444,
    "total_time": 140.19522857107222
}