{
    "halut_layers": "{\"layer3.5.conv1\": [16, 16, 64, 2]}",
    "layer3.5.conv1.C": 16,
    "layer3.5.conv1.H_size": 4,
    "layer3.5.conv1.K": 64,
    "layer3.5.conv1.L_size": 1048576,
    "layer3.5.conv1.encoding_algorithm": 2,
    "layer3.5.conv1.learned_a_shape": [
        3136,
        1024
    ],
    "layer3.5.conv1.learned_b_shape": [
        1024,
        256
    ],
    "layer3.5.conv1.learned_d": 1024,
    "layer3.5.conv1.learned_m": 256,
    "layer3.5.conv1.learned_n": 3136,
    "layer3.5.conv1.mae": 1.0961021012878418,
    "layer3.5.conv1.mape": 0.44981923942565916,
    "layer3.5.conv1.mse": 2.022191595458984,
    "layer3.5.conv1.rows": 16,
    "layer3.5.conv1.scaled_error": 0.03827430659294129,
    "layer3.5.conv1.scaled_shift": 0.0007818311015050858,
    "layer3.5.conv1.stored_array_size": 32,
    "top_1_accuracy": 0.7926799654960632,
    "top_5_accuracy": 0.9468199610710144,
    "total_time": 182.5482619162649
}