{
    "halut_layers": "{\"layer1.0.conv2\": [8, 2, 24, 2]}",
    "layer1.0.conv2.C": 8,
    "layer1.0.conv2.H_size": 4,
    "layer1.0.conv2.K": 24,
    "layer1.0.conv2.L_size": 49152,
    "layer1.0.conv2.encoding_algorithm": 2,
    "layer1.0.conv2.learned_a_shape": [
        6272,
        576
    ],
    "layer1.0.conv2.learned_b_shape": [
        576,
        64
    ],
    "layer1.0.conv2.learned_d": 576,
    "layer1.0.conv2.learned_m": 64,
    "layer1.0.conv2.learned_n": 6272,
    "layer1.0.conv2.mae": 1.7033239260864257,
    "layer1.0.conv2.mape": 0.4037071515274048,
    "layer1.0.conv2.mse": 6.311749348144531,
    "layer1.0.conv2.rows": 2,
    "layer1.0.conv2.scaled_error": 0.03534392194747925,
    "layer1.0.conv2.scaled_shift": -0.0014522145194455515,
    "layer1.0.conv2.stored_array_size": 32,
    "top_1_accuracy": 0.7597799897193909,
    "top_5_accuracy": 0.9285199642181396,
    "total_time": 231.2246557753533
}