{
    "halut_layers": "{\"layer3.0.conv2\": [32, 4, 8, 1]}",
    "layer3.0.conv2.C": 32,
    "layer3.0.conv2.H_size": 3072,
    "layer3.0.conv2.K": 8,
    "layer3.0.conv2.L_size": 262144,
    "layer3.0.conv2.encoding_algorithm": 1,
    "layer3.0.conv2.learned_a_shape": [
        784,
        2304
    ],
    "layer3.0.conv2.learned_b_shape": [
        2304,
        256
    ],
    "layer3.0.conv2.learned_d": 2304,
    "layer3.0.conv2.learned_m": 256,
    "layer3.0.conv2.learned_n": 784,
    "layer3.0.conv2.mae": 1.8412561279296875,
    "layer3.0.conv2.mape": 0.6385484972381592,
    "layer3.0.conv2.mse": 6.092662120361328,
    "layer3.0.conv2.rows": 4,
    "layer3.0.conv2.scaled_error": 0.05438019179344177,
    "layer3.0.conv2.scaled_shift": -0.0011830621934565716,
    "layer3.0.conv2.stored_array_size": 32,
    "top_1_accuracy": 0.5676400065422058,
    "top_5_accuracy": 0.7990599870681763,
    "total_time": 114.77747268602252
}