{
    "halut_layers": "{\"layer4.0.conv3\": [64, 256, 4, 1]}",
    "layer4.0.conv3.C": 64,
    "layer4.0.conv3.H_size": 3072,
    "layer4.0.conv3.K": 4,
    "layer4.0.conv3.L_size": 2097152,
    "layer4.0.conv3.encoding_algorithm": 1,
    "layer4.0.conv3.learned_a_shape": [
        12544,
        512
    ],
    "layer4.0.conv3.learned_b_shape": [
        512,
        2048
    ],
    "layer4.0.conv3.learned_d": 512,
    "layer4.0.conv3.learned_m": 2048,
    "layer4.0.conv3.learned_n": 12544,
    "layer4.0.conv3.mae": 0.45142624977111817,
    "layer4.0.conv3.mape": 0.25456234188079835,
    "layer4.0.conv3.mse": 0.3655471322631836,
    "layer4.0.conv3.rows": 256,
    "layer4.0.conv3.scaled_error": 0.039754265065193174,
    "layer4.0.conv3.scaled_shift": 0.003922361316606403,
    "layer4.0.conv3.stored_array_size": 32,
    "top_1_accuracy": 0.66593998670578,
    "top_5_accuracy": 0.8807999491691589,
    "total_time": 120.03963334579021
}