{
    "halut_layers": "{\"layer2.3.conv3\": [8, 8, 16, 0]}",
    "layer2.3.conv3.C": 8,
    "layer2.3.conv3.H_size": 1408,
    "layer2.3.conv3.K": 16,
    "layer2.3.conv3.L_size": 262144,
    "layer2.3.conv3.encoding_algorithm": 0,
    "layer2.3.conv3.learned_a_shape": [
        6272,
        128
    ],
    "layer2.3.conv3.learned_b_shape": [
        128,
        512
    ],
    "layer2.3.conv3.learned_d": 128,
    "layer2.3.conv3.learned_m": 512,
    "layer2.3.conv3.learned_n": 6272,
    "layer2.3.conv3.mae": 0.3154595064544678,
    "layer2.3.conv3.mape": 0.18501921157836915,
    "layer2.3.conv3.mse": 0.1975216961288452,
    "layer2.3.conv3.rows": 8,
    "layer2.3.conv3.scaled_error": 0.01889165476322174,
    "layer2.3.conv3.scaled_shift": 0.0002522861575972638,
    "layer2.3.conv3.stored_array_size": 32,
    "top_1_accuracy": 0.7882799506187439,
    "top_5_accuracy": 0.9437599778175354,
    "total_time": 159.96701694093645
}