{
    "halut_layers": "{\"layer2.0.conv1\": [16, 4, 8, 2]}",
    "layer2.0.conv1.C": 16,
    "layer2.0.conv1.H_size": 4,
    "layer2.0.conv1.K": 8,
    "layer2.0.conv1.L_size": 65536,
    "layer2.0.conv1.encoding_algorithm": 2,
    "layer2.0.conv1.learned_a_shape": [
        12544,
        256
    ],
    "layer2.0.conv1.learned_b_shape": [
        256,
        128
    ],
    "layer2.0.conv1.learned_d": 256,
    "layer2.0.conv1.learned_m": 128,
    "layer2.0.conv1.learned_n": 12544,
    "layer2.0.conv1.mae": 1.3057664288330078,
    "layer2.0.conv1.mape": 0.46304901443481444,
    "layer2.0.conv1.mse": 2.954504901123047,
    "layer2.0.conv1.rows": 4,
    "layer2.0.conv1.scaled_error": 0.03226883784294128,
    "layer2.0.conv1.scaled_shift": -0.00015363888528954704,
    "layer2.0.conv1.stored_array_size": 32,
    "top_1_accuracy": 0.7323600053787231,
    "top_5_accuracy": 0.9144399762153625,
    "total_time": 184.524937864393
}