{
    "halut_layers": "{\"layer3.0.conv1\": [64, 8, 12, 2]}",
    "layer3.0.conv1.C": 64,
    "layer3.0.conv1.H_size": 4,
    "layer3.0.conv1.K": 12,
    "layer3.0.conv1.L_size": 786432,
    "layer3.0.conv1.encoding_algorithm": 2,
    "layer3.0.conv1.learned_a_shape": [
        6272,
        512
    ],
    "layer3.0.conv1.learned_b_shape": [
        512,
        256
    ],
    "layer3.0.conv1.learned_d": 512,
    "layer3.0.conv1.learned_m": 256,
    "layer3.0.conv1.learned_n": 6272,
    "layer3.0.conv1.mae": 0.9453571903991699,
    "layer3.0.conv1.mape": 0.35569363132476806,
    "layer3.0.conv1.mse": 1.4946902774047852,
    "layer3.0.conv1.rows": 8,
    "layer3.0.conv1.scaled_error": 0.019219499866962433,
    "layer3.0.conv1.scaled_shift": -0.0016280033092945813,
    "layer3.0.conv1.stored_array_size": 32,
    "top_1_accuracy": 0.7943800091743469,
    "top_5_accuracy": 0.9476999640464783,
    "total_time": 149.5813962072134
}