{
    "halut_layers": "{\"layer2.0.conv1\": [8, 4, 24, 2]}",
    "layer2.0.conv1.C": 8,
    "layer2.0.conv1.H_size": 4,
    "layer2.0.conv1.K": 24,
    "layer2.0.conv1.L_size": 98304,
    "layer2.0.conv1.encoding_algorithm": 2,
    "layer2.0.conv1.learned_a_shape": [
        12544,
        256
    ],
    "layer2.0.conv1.learned_b_shape": [
        256,
        128
    ],
    "layer2.0.conv1.learned_d": 256,
    "layer2.0.conv1.learned_m": 128,
    "layer2.0.conv1.learned_n": 12544,
    "layer2.0.conv1.mae": 1.3343778359985352,
    "layer2.0.conv1.mape": 0.47275998573303224,
    "layer2.0.conv1.mse": 3.080775115661621,
    "layer2.0.conv1.rows": 4,
    "layer2.0.conv1.scaled_error": 0.0329785329580307,
    "layer2.0.conv1.scaled_shift": -7.586774704112031e-05,
    "layer2.0.conv1.stored_array_size": 32,
    "top_1_accuracy": 0.7400599718093872,
    "top_5_accuracy": 0.9187999963760376,
    "total_time": 211.00127430073917
}