{
    "halut_layers": "{\"layer2.3.conv3\": [8, 2, 16, 0]}",
    "layer2.3.conv3.C": 8,
    "layer2.3.conv3.H_size": 1408,
    "layer2.3.conv3.K": 16,
    "layer2.3.conv3.L_size": 262144,
    "layer2.3.conv3.encoding_algorithm": 0,
    "layer2.3.conv3.learned_a_shape": [
        1568,
        128
    ],
    "layer2.3.conv3.learned_b_shape": [
        128,
        512
    ],
    "layer2.3.conv3.learned_d": 128,
    "layer2.3.conv3.learned_m": 512,
    "layer2.3.conv3.learned_n": 1568,
    "layer2.3.conv3.mae": 0.3329213349151611,
    "layer2.3.conv3.mape": 0.19430919345855713,
    "layer2.3.conv3.mse": 0.2198406622314453,
    "layer2.3.conv3.rows": 2,
    "layer2.3.conv3.scaled_error": 0.01994040892124176,
    "layer2.3.conv3.scaled_shift": 0.0015051482755388133,
    "layer2.3.conv3.stored_array_size": 32,
    "top_1_accuracy": 0.7877599596977234,
    "top_5_accuracy": 0.9434199929237366,
    "total_time": 162.7301162108779
}