{
    "halut_layers": "{\"layer2.0.conv2\": [64, 16, 8, 2]}",
    "layer2.0.conv2.C": 64,
    "layer2.0.conv2.H_size": 4,
    "layer2.0.conv2.K": 8,
    "layer2.0.conv2.L_size": 262144,
    "layer2.0.conv2.encoding_algorithm": 2,
    "layer2.0.conv2.learned_a_shape": [
        12544,
        1152
    ],
    "layer2.0.conv2.learned_b_shape": [
        1152,
        128
    ],
    "layer2.0.conv2.learned_d": 1152,
    "layer2.0.conv2.learned_m": 128,
    "layer2.0.conv2.learned_n": 12544,
    "layer2.0.conv2.mae": 1.411971124572754,
    "layer2.0.conv2.mape": 0.46929419746398926,
    "layer2.0.conv2.mse": 3.491687774658203,
    "layer2.0.conv2.rows": 16,
    "layer2.0.conv2.scaled_error": 0.03157555296897888,
    "layer2.0.conv2.scaled_shift": -0.0007894195199757815,
    "layer2.0.conv2.stored_array_size": 32,
    "top_1_accuracy": 0.7850599884986877,
    "top_5_accuracy": 0.9410799741744995,
    "total_time": 126.05323809199035
}