{
    "halut_layers": "{\"layer3.5.conv1\": [32, 64, 16, 0]}",
    "layer3.5.conv1.C": 32,
    "layer3.5.conv1.H_size": 5632,
    "layer3.5.conv1.K": 16,
    "layer3.5.conv1.L_size": 524288,
    "layer3.5.conv1.encoding_algorithm": 0,
    "layer3.5.conv1.learned_a_shape": [
        12544,
        1024
    ],
    "layer3.5.conv1.learned_b_shape": [
        1024,
        256
    ],
    "layer3.5.conv1.learned_d": 1024,
    "layer3.5.conv1.learned_m": 256,
    "layer3.5.conv1.learned_n": 12544,
    "layer3.5.conv1.mae": 1.0579326527404784,
    "layer3.5.conv1.mape": 0.41024439323425294,
    "layer3.5.conv1.mse": 1.9375531307983398,
    "layer3.5.conv1.rows": 64,
    "layer3.5.conv1.scaled_error": 0.036946759209632876,
    "layer3.5.conv1.scaled_shift": 0.0026964627847295922,
    "layer3.5.conv1.stored_array_size": 32,
    "top_1_accuracy": 0.7834799885749817,
    "top_5_accuracy": 0.9421599507331848,
    "total_time": 112.77180199325085
}