{
    "halut_layers": "{\"layer2.3.conv3\": [16, 4, 16, 0]}",
    "layer2.3.conv3.C": 16,
    "layer2.3.conv3.H_size": 2816,
    "layer2.3.conv3.K": 16,
    "layer2.3.conv3.L_size": 524288,
    "layer2.3.conv3.encoding_algorithm": 0,
    "layer2.3.conv3.learned_a_shape": [
        3136,
        128
    ],
    "layer2.3.conv3.learned_b_shape": [
        128,
        512
    ],
    "layer2.3.conv3.learned_d": 128,
    "layer2.3.conv3.learned_m": 512,
    "layer2.3.conv3.learned_n": 3136,
    "layer2.3.conv3.mae": 0.2791644023513794,
    "layer2.3.conv3.mape": 0.16616440212249756,
    "layer2.3.conv3.mse": 0.151476334400177,
    "layer2.3.conv3.rows": 4,
    "layer2.3.conv3.scaled_error": 0.016724395091533662,
    "layer2.3.conv3.scaled_shift": 3.922481369198067e-05,
    "layer2.3.conv3.stored_array_size": 32,
    "top_1_accuracy": 0.7969399690628052,
    "top_5_accuracy": 0.9487999677658081,
    "total_time": 159.21483646146953
}