{
    "halut_layers": "{\"layer3.0.conv2\": [8, 32, 16, 1]}",
    "layer3.0.conv2.C": 8,
    "layer3.0.conv2.H_size": 1536,
    "layer3.0.conv2.K": 16,
    "layer3.0.conv2.L_size": 131072,
    "layer3.0.conv2.encoding_algorithm": 1,
    "layer3.0.conv2.learned_a_shape": [
        6272,
        2304
    ],
    "layer3.0.conv2.learned_b_shape": [
        2304,
        256
    ],
    "layer3.0.conv2.learned_d": 2304,
    "layer3.0.conv2.learned_m": 256,
    "layer3.0.conv2.learned_n": 6272,
    "layer3.0.conv2.mae": 1.8552615582275391,
    "layer3.0.conv2.mape": 0.6025589305114746,
    "layer3.0.conv2.mse": 6.283393364257813,
    "layer3.0.conv2.rows": 32,
    "layer3.0.conv2.scaled_error": 0.054789754772186276,
    "layer3.0.conv2.scaled_shift": -0.00033592795311822554,
    "layer3.0.conv2.stored_array_size": 32,
    "top_1_accuracy": 0.4441399872303009,
    "top_5_accuracy": 0.6830199956893921,
    "total_time": 85.24739183858037
}