{
    "halut_layers": "{\"layer3.0.conv2\": [8, 32, 24, 1]}",
    "layer3.0.conv2.C": 8,
    "layer3.0.conv2.H_size": 3072,
    "layer3.0.conv2.K": 24,
    "layer3.0.conv2.L_size": 196608,
    "layer3.0.conv2.encoding_algorithm": 1,
    "layer3.0.conv2.learned_a_shape": [
        6272,
        2304
    ],
    "layer3.0.conv2.learned_b_shape": [
        2304,
        256
    ],
    "layer3.0.conv2.learned_d": 2304,
    "layer3.0.conv2.learned_m": 256,
    "layer3.0.conv2.learned_n": 6272,
    "layer3.0.conv2.mae": 1.8382031689453124,
    "layer3.0.conv2.mape": 0.5990507350921631,
    "layer3.0.conv2.mse": 6.185025798950195,
    "layer3.0.conv2.rows": 32,
    "layer3.0.conv2.scaled_error": 0.054286201238632203,
    "layer3.0.conv2.scaled_shift": -0.00029225109573621013,
    "layer3.0.conv2.stored_array_size": 32,
    "top_1_accuracy": 0.4733999967575073,
    "top_5_accuracy": 0.7146599888801575,
    "total_time": 84.86491173878312
}