{
    "halut_layers": "{\"layer1.0.conv2\": [8, 2, 64, 2]}",
    "layer1.0.conv2.C": 8,
    "layer1.0.conv2.H_size": 4,
    "layer1.0.conv2.K": 64,
    "layer1.0.conv2.L_size": 131072,
    "layer1.0.conv2.encoding_algorithm": 2,
    "layer1.0.conv2.learned_a_shape": [
        6272,
        576
    ],
    "layer1.0.conv2.learned_b_shape": [
        576,
        64
    ],
    "layer1.0.conv2.learned_d": 576,
    "layer1.0.conv2.learned_m": 64,
    "layer1.0.conv2.learned_n": 6272,
    "layer1.0.conv2.mae": 1.55699692779541,
    "layer1.0.conv2.mape": 0.3774945665359497,
    "layer1.0.conv2.mse": 5.172702310791015,
    "layer1.0.conv2.rows": 2,
    "layer1.0.conv2.scaled_error": 0.03230815885543823,
    "layer1.0.conv2.scaled_shift": -0.0010786010321858339,
    "layer1.0.conv2.stored_array_size": 32,
    "top_1_accuracy": 0.7715199589729309,
    "top_5_accuracy": 0.9367199540138245,
    "total_time": 316.99073994345963
}