{
    "halut_layers": "{\"layer2.3.conv3\": [16, 2, 8, 0]}",
    "layer2.3.conv3.C": 16,
    "layer2.3.conv3.H_size": 1344,
    "layer2.3.conv3.K": 8,
    "layer2.3.conv3.L_size": 262144,
    "layer2.3.conv3.encoding_algorithm": 0,
    "layer2.3.conv3.learned_a_shape": [
        1568,
        128
    ],
    "layer2.3.conv3.learned_b_shape": [
        128,
        512
    ],
    "layer2.3.conv3.learned_d": 128,
    "layer2.3.conv3.learned_m": 512,
    "layer2.3.conv3.learned_n": 1568,
    "layer2.3.conv3.mae": 0.8181471212768555,
    "layer2.3.conv3.mape": 0.5076801760101318,
    "layer2.3.conv3.mse": 1.1779550146484374,
    "layer2.3.conv3.rows": 2,
    "layer2.3.conv3.scaled_error": 0.049108990230560305,
    "layer2.3.conv3.scaled_shift": -0.01813809858560562,
    "layer2.3.conv3.stored_array_size": 32,
    "top_1_accuracy": 0.6641599535942078,
    "top_5_accuracy": 0.8688799738883972,
    "total_time": 157.8744634874165
}