{
    "halut_layers": "{\"layer2.0.downsample.0\": [32, 16, 8, 0]}",
    "layer2.0.downsample.0.C": 32,
    "layer2.0.downsample.0.H_size": 2688,
    "layer2.0.downsample.0.K": 8,
    "layer2.0.downsample.0.L_size": 524288,
    "layer2.0.downsample.0.encoding_algorithm": 0,
    "layer2.0.downsample.0.learned_a_shape": [
        12544,
        256
    ],
    "layer2.0.downsample.0.learned_b_shape": [
        256,
        512
    ],
    "layer2.0.downsample.0.learned_d": 256,
    "layer2.0.downsample.0.learned_m": 512,
    "layer2.0.downsample.0.learned_n": 12544,
    "layer2.0.downsample.0.mae": 1.8098704824829102,
    "layer2.0.downsample.0.mape": 0.8604777394104004,
    "layer2.0.downsample.0.mse": 5.822437521362304,
    "layer2.0.downsample.0.rows": 16,
    "layer2.0.downsample.0.scaled_error": 0.09130859157562256,
    "layer2.0.downsample.0.scaled_shift": -0.02522132942199707,
    "layer2.0.downsample.0.stored_array_size": 32,
    "top_1_accuracy": 0.01833999902009964,
    "top_5_accuracy": 0.05212000012397766,
    "total_time": 161.59611727297306
}