{
    "halut_layers": "{\"layer2.0.conv1\": [64, 16, 8, 2]}",
    "layer2.0.conv1.C": 64,
    "layer2.0.conv1.H_size": 4,
    "layer2.0.conv1.K": 8,
    "layer2.0.conv1.L_size": 262144,
    "layer2.0.conv1.encoding_algorithm": 2,
    "layer2.0.conv1.learned_a_shape": [
        50176,
        256
    ],
    "layer2.0.conv1.learned_b_shape": [
        256,
        128
    ],
    "layer2.0.conv1.learned_d": 256,
    "layer2.0.conv1.learned_m": 128,
    "layer2.0.conv1.learned_n": 50176,
    "layer2.0.conv1.mae": 0.7979307316589356,
    "layer2.0.conv1.mape": 0.2969494369506836,
    "layer2.0.conv1.mse": 1.0989341650390625,
    "layer2.0.conv1.rows": 16,
    "layer2.0.conv1.scaled_error": 0.019714003758430482,
    "layer2.0.conv1.scaled_shift": -0.0016552557736262679,
    "layer2.0.conv1.stored_array_size": 32,
    "top_1_accuracy": 0.801539957523346,
    "top_5_accuracy": 0.9506399631500244,
    "total_time": 236.1447184253484
}