{
    "halut_layers": "{\"layer3.3.conv3\": [16, 16, 4, 1]}",
    "layer3.3.conv3.C": 16,
    "layer3.3.conv3.H_size": 768,
    "layer3.3.conv3.K": 4,
    "layer3.3.conv3.L_size": 262144,
    "layer3.3.conv3.encoding_algorithm": 1,
    "layer3.3.conv3.learned_a_shape": [
        3136,
        256
    ],
    "layer3.3.conv3.learned_b_shape": [
        256,
        1024
    ],
    "layer3.3.conv3.learned_d": 256,
    "layer3.3.conv3.learned_m": 1024,
    "layer3.3.conv3.learned_n": 3136,
    "layer3.3.conv3.mae": 0.27125845218658445,
    "layer3.3.conv3.mape": 0.184212731590271,
    "layer3.3.conv3.mse": 0.13042737129211426,
    "layer3.3.conv3.rows": 16,
    "layer3.3.conv3.scaled_error": 0.013863686645030975,
    "layer3.3.conv3.scaled_shift": 0.0001599867544551671,
    "layer3.3.conv3.stored_array_size": 32,
    "top_1_accuracy": 0.7909599542617798,
    "top_5_accuracy": 0.945639967918396,
    "total_time": 140.07553556002676
}