{
    "halut_layers": "{\"layer4.0.conv3\": [64, 64, 4, 1]}",
    "layer4.0.conv3.C": 64,
    "layer4.0.conv3.H_size": 3072,
    "layer4.0.conv3.K": 4,
    "layer4.0.conv3.L_size": 2097152,
    "layer4.0.conv3.encoding_algorithm": 1,
    "layer4.0.conv3.learned_a_shape": [
        3136,
        512
    ],
    "layer4.0.conv3.learned_b_shape": [
        512,
        2048
    ],
    "layer4.0.conv3.learned_d": 512,
    "layer4.0.conv3.learned_m": 2048,
    "layer4.0.conv3.learned_n": 3136,
    "layer4.0.conv3.mae": 0.460312739944458,
    "layer4.0.conv3.mape": 0.2606502170944214,
    "layer4.0.conv3.mse": 0.37747407234191893,
    "layer4.0.conv3.rows": 64,
    "layer4.0.conv3.scaled_error": 0.040541087169647216,
    "layer4.0.conv3.scaled_shift": 0.0037876964350789786,
    "layer4.0.conv3.stored_array_size": 32,
    "top_1_accuracy": 0.6587600111961365,
    "top_5_accuracy": 0.8809599876403809,
    "total_time": 118.82287632953376
}