{
    "halut_layers": "{\"layer4.2.conv3\": [64, 256, 8, 1]}",
    "layer4.2.conv3.C": 64,
    "layer4.2.conv3.H_size": 6144,
    "layer4.2.conv3.K": 8,
    "layer4.2.conv3.L_size": 4194304,
    "layer4.2.conv3.encoding_algorithm": 1,
    "layer4.2.conv3.learned_a_shape": [
        12544,
        512
    ],
    "layer4.2.conv3.learned_b_shape": [
        512,
        2048
    ],
    "layer4.2.conv3.learned_d": 512,
    "layer4.2.conv3.learned_m": 2048,
    "layer4.2.conv3.learned_n": 12544,
    "layer4.2.conv3.mae": 0.21215721549987793,
    "layer4.2.conv3.mape": 0.13564859243392943,
    "layer4.2.conv3.mse": 0.10429230843067169,
    "layer4.2.conv3.rows": 256,
    "layer4.2.conv3.scaled_error": 0.04157651624202728,
    "layer4.2.conv3.scaled_shift": 0.02447956809150055,
    "layer4.2.conv3.stored_array_size": 32,
    "top_1_accuracy": 0.7943800091743469,
    "top_5_accuracy": 0.9478799700737,
    "total_time": 113.46888878569007
}