{
    "halut_layers": "{\"layer4.1.conv1\": [16, 256, 24, 2]}",
    "layer4.1.conv1.C": 16,
    "layer4.1.conv1.H_size": 4,
    "layer4.1.conv1.K": 24,
    "layer4.1.conv1.L_size": 786432,
    "layer4.1.conv1.encoding_algorithm": 2,
    "layer4.1.conv1.learned_a_shape": [
        12544,
        2048
    ],
    "layer4.1.conv1.learned_b_shape": [
        2048,
        512
    ],
    "layer4.1.conv1.learned_d": 2048,
    "layer4.1.conv1.learned_m": 512,
    "layer4.1.conv1.learned_n": 12544,
    "layer4.1.conv1.mae": 1.163236086730957,
    "layer4.1.conv1.mape": 0.43466210968017577,
    "layer4.1.conv1.mse": 2.4761664862060546,
    "layer4.1.conv1.rows": 256,
    "layer4.1.conv1.scaled_error": 0.016725748319625856,
    "layer4.1.conv1.scaled_shift": 0.0019815771086513995,
    "layer4.1.conv1.stored_array_size": 32,
    "top_1_accuracy": 0.7323600053787231,
    "top_5_accuracy": 0.9176200032234192,
    "total_time": 110.41835813876241
}