{
    "halut_layers": "{\"layer1.0.conv2\": [64, 16, 32, 2]}",
    "layer1.0.conv2.C": 64,
    "layer1.0.conv2.H_size": 4,
    "layer1.0.conv2.K": 32,
    "layer1.0.conv2.L_size": 524288,
    "layer1.0.conv2.encoding_algorithm": 2,
    "layer1.0.conv2.learned_a_shape": [
        50176,
        576
    ],
    "layer1.0.conv2.learned_b_shape": [
        576,
        64
    ],
    "layer1.0.conv2.learned_d": 576,
    "layer1.0.conv2.learned_m": 64,
    "layer1.0.conv2.learned_n": 50176,
    "layer1.0.conv2.mae": 1.1877305630493165,
    "layer1.0.conv2.mape": 0.274591707611084,
    "layer1.0.conv2.mse": 3.3462277734375,
    "layer1.0.conv2.rows": 16,
    "layer1.0.conv2.scaled_error": 0.02467236954212189,
    "layer1.0.conv2.scaled_shift": 0.000741201180742355,
    "layer1.0.conv2.stored_array_size": 32,
    "top_1_accuracy": 0.7837799787521362,
    "top_5_accuracy": 0.9425599575042725,
    "total_time": 369.59535918198526
}