{
    "halut_layers": "{\"layer4.2.conv3\": [16, 128, 8, 0]}",
    "layer4.2.conv3.C": 16,
    "layer4.2.conv3.H_size": 1344,
    "layer4.2.conv3.K": 8,
    "layer4.2.conv3.L_size": 1048576,
    "layer4.2.conv3.encoding_algorithm": 0,
    "layer4.2.conv3.learned_a_shape": [
        6272,
        512
    ],
    "layer4.2.conv3.learned_b_shape": [
        512,
        2048
    ],
    "layer4.2.conv3.learned_d": 512,
    "layer4.2.conv3.learned_m": 2048,
    "layer4.2.conv3.learned_n": 6272,
    "layer4.2.conv3.mae": 1.1235177810668946,
    "layer4.2.conv3.mape": 0.8597107957458496,
    "layer4.2.conv3.mse": 1.59260296875,
    "layer4.2.conv3.rows": 128,
    "layer4.2.conv3.scaled_error": 0.2217441093444824,
    "layer4.2.conv3.scaled_shift": -0.2156552410507202,
    "layer4.2.conv3.stored_array_size": 32,
    "top_1_accuracy": 0.4601399898529053,
    "top_5_accuracy": 0.5923399925231934,
    "total_time": 114.53433689940721
}