{
    "halut_layers": "{\"layer2.0.conv2\": [64, 8, 16, 0]}",
    "layer2.0.conv2.C": 64,
    "layer2.0.conv2.H_size": 11264,
    "layer2.0.conv2.K": 16,
    "layer2.0.conv2.L_size": 524288,
    "layer2.0.conv2.encoding_algorithm": 0,
    "layer2.0.conv2.learned_a_shape": [
        6272,
        1152
    ],
    "layer2.0.conv2.learned_b_shape": [
        1152,
        128
    ],
    "layer2.0.conv2.learned_d": 1152,
    "layer2.0.conv2.learned_m": 128,
    "layer2.0.conv2.learned_n": 6272,
    "layer2.0.conv2.mae": 1.6473438937377929,
    "layer2.0.conv2.mape": 0.5397086464691162,
    "layer2.0.conv2.mse": 4.747729889526367,
    "layer2.0.conv2.rows": 8,
    "layer2.0.conv2.scaled_error": 0.03684483741283417,
    "layer2.0.conv2.scaled_shift": -0.0005785675430786796,
    "layer2.0.conv2.stored_array_size": 32,
    "top_1_accuracy": 0.7698799967765808,
    "top_5_accuracy": 0.9330199956893921,
    "total_time": 101.5399174503982
}