{
    "halut_layers": "{\"layer3.4.conv2\": [32, 32, 8, 2]}",
    "layer3.4.conv2.C": 32,
    "layer3.4.conv2.H_size": 4,
    "layer3.4.conv2.K": 8,
    "layer3.4.conv2.L_size": 262144,
    "layer3.4.conv2.encoding_algorithm": 2,
    "layer3.4.conv2.learned_a_shape": [
        6272,
        2304
    ],
    "layer3.4.conv2.learned_b_shape": [
        2304,
        256
    ],
    "layer3.4.conv2.learned_d": 2304,
    "layer3.4.conv2.learned_m": 256,
    "layer3.4.conv2.learned_n": 6272,
    "layer3.4.conv2.mae": 0.6410831526184082,
    "layer3.4.conv2.mape": 0.3149253245162964,
    "layer3.4.conv2.mse": 0.7124053237152099,
    "layer3.4.conv2.rows": 32,
    "layer3.4.conv2.scaled_error": 0.01795386566400528,
    "layer3.4.conv2.scaled_shift": 0.000686375390280009,
    "layer3.4.conv2.stored_array_size": 32,
    "top_1_accuracy": 0.788100004196167,
    "top_5_accuracy": 0.9438599944114685,
    "total_time": 130.283090217039
}