{
    "halut_layers": "{\"layer2.0.downsample.0\": [32, 4, 4, 1]}",
    "layer2.0.downsample.0.C": 32,
    "layer2.0.downsample.0.H_size": 1536,
    "layer2.0.downsample.0.K": 4,
    "layer2.0.downsample.0.L_size": 262144,
    "layer2.0.downsample.0.encoding_algorithm": 1,
    "layer2.0.downsample.0.learned_a_shape": [
        3136,
        256
    ],
    "layer2.0.downsample.0.learned_b_shape": [
        256,
        512
    ],
    "layer2.0.downsample.0.learned_d": 256,
    "layer2.0.downsample.0.learned_m": 512,
    "layer2.0.downsample.0.learned_n": 3136,
    "layer2.0.downsample.0.mae": 0.7314331136322022,
    "layer2.0.downsample.0.mape": 0.31656988018035886,
    "layer2.0.downsample.0.mse": 1.1582210797119141,
    "layer2.0.downsample.0.rows": 4,
    "layer2.0.downsample.0.scaled_error": 0.036838017792701724,
    "layer2.0.downsample.0.scaled_shift": -1.1611002157223993e-06,
    "layer2.0.downsample.0.stored_array_size": 32,
    "top_1_accuracy": 0.6506800055503845,
    "top_5_accuracy": 0.8684999942779541,
    "total_time": 177.64506597816944
}