{
    "halut_layers": "{\"layer2.0.downsample.0\": [16, 8, 12, 1]}",
    "layer2.0.downsample.0.C": 16,
    "layer2.0.downsample.0.H_size": 3072,
    "layer2.0.downsample.0.K": 12,
    "layer2.0.downsample.0.L_size": 393216,
    "layer2.0.downsample.0.encoding_algorithm": 1,
    "layer2.0.downsample.0.learned_a_shape": [
        6272,
        256
    ],
    "layer2.0.downsample.0.learned_b_shape": [
        256,
        512
    ],
    "layer2.0.downsample.0.learned_d": 256,
    "layer2.0.downsample.0.learned_m": 512,
    "layer2.0.downsample.0.learned_n": 6272,
    "layer2.0.downsample.0.mae": 0.7090909107208252,
    "layer2.0.downsample.0.mape": 0.3063187306213379,
    "layer2.0.downsample.0.mse": 1.0999701742553711,
    "layer2.0.downsample.0.rows": 8,
    "layer2.0.downsample.0.scaled_error": 0.035716201086044314,
    "layer2.0.downsample.0.scaled_shift": -6.912763748987345e-05,
    "layer2.0.downsample.0.stored_array_size": 32,
    "top_1_accuracy": 0.6746799945831299,
    "top_5_accuracy": 0.8817399740219116,
    "total_time": 155.61709679849446
}