{
    "halut_layers": "{\"layer4.1.conv1\": [8, 32, 16, 2]}",
    "layer4.1.conv1.C": 8,
    "layer4.1.conv1.H_size": 4,
    "layer4.1.conv1.K": 16,
    "layer4.1.conv1.L_size": 262144,
    "layer4.1.conv1.encoding_algorithm": 2,
    "layer4.1.conv1.learned_a_shape": [
        1568,
        2048
    ],
    "layer4.1.conv1.learned_b_shape": [
        2048,
        512
    ],
    "layer4.1.conv1.learned_d": 2048,
    "layer4.1.conv1.learned_m": 512,
    "layer4.1.conv1.learned_n": 1568,
    "layer4.1.conv1.mae": 1.3432833938598632,
    "layer4.1.conv1.mape": 0.4767519841003418,
    "layer4.1.conv1.mse": 3.263145512084961,
    "layer4.1.conv1.rows": 32,
    "layer4.1.conv1.scaled_error": 0.019307608602046968,
    "layer4.1.conv1.scaled_shift": 0.004082233451902866,
    "layer4.1.conv1.stored_array_size": 32,
    "top_1_accuracy": 0.6693399548530579,
    "top_5_accuracy": 0.8651799559593201,
    "total_time": 104.88228661566973
}