{
    "halut_layers": "{\"layer4.1.conv1\": [8, 128, 4, 1]}",
    "layer4.1.conv1.C": 8,
    "layer4.1.conv1.H_size": 384,
    "layer4.1.conv1.K": 4,
    "layer4.1.conv1.L_size": 65536,
    "layer4.1.conv1.encoding_algorithm": 1,
    "layer4.1.conv1.learned_a_shape": [
        6272,
        2048
    ],
    "layer4.1.conv1.learned_b_shape": [
        2048,
        512
    ],
    "layer4.1.conv1.learned_d": 2048,
    "layer4.1.conv1.learned_m": 512,
    "layer4.1.conv1.learned_n": 6272,
    "layer4.1.conv1.mae": 1.4111523135375976,
    "layer4.1.conv1.mape": 0.5040003711700439,
    "layer4.1.conv1.mse": 3.7853055279541015,
    "layer4.1.conv1.rows": 128,
    "layer4.1.conv1.scaled_error": 0.020274941892623903,
    "layer4.1.conv1.scaled_shift": 0.0020989957425210015,
    "layer4.1.conv1.stored_array_size": 32,
    "top_1_accuracy": 0.6120799779891968,
    "top_5_accuracy": 0.8096399903297424,
    "total_time": 97.62458705715835
}