{
    "halut_layers": "{\"layer2.3.conv3\": [64, 2, 4, 1]}",
    "layer2.3.conv3.C": 64,
    "layer2.3.conv3.H_size": 3072,
    "layer2.3.conv3.K": 4,
    "layer2.3.conv3.L_size": 524288,
    "layer2.3.conv3.encoding_algorithm": 1,
    "layer2.3.conv3.learned_a_shape": [
        1568,
        128
    ],
    "layer2.3.conv3.learned_b_shape": [
        128,
        512
    ],
    "layer2.3.conv3.learned_d": 128,
    "layer2.3.conv3.learned_m": 512,
    "layer2.3.conv3.learned_n": 1568,
    "layer2.3.conv3.mae": 0.2162696057510376,
    "layer2.3.conv3.mape": 0.12833353631973266,
    "layer2.3.conv3.mse": 0.09384863679885865,
    "layer2.3.conv3.rows": 2,
    "layer2.3.conv3.scaled_error": 0.012952123814821243,
    "layer2.3.conv3.scaled_shift": 0.000712762369189877,
    "layer2.3.conv3.stored_array_size": 32,
    "top_1_accuracy": 0.8033999800682068,
    "top_5_accuracy": 0.9511399865150452,
    "total_time": 166.4604176953435
}