{
    "halut_layers": "{\"layer3.3.conv3\": [64, 8, 8, 2]}",
    "layer3.3.conv3.C": 64,
    "layer3.3.conv3.H_size": 4,
    "layer3.3.conv3.K": 8,
    "layer3.3.conv3.L_size": 2097152,
    "layer3.3.conv3.encoding_algorithm": 2,
    "layer3.3.conv3.learned_a_shape": [
        1568,
        256
    ],
    "layer3.3.conv3.learned_b_shape": [
        256,
        1024
    ],
    "layer3.3.conv3.learned_d": 256,
    "layer3.3.conv3.learned_m": 1024,
    "layer3.3.conv3.learned_n": 1568,
    "layer3.3.conv3.mae": 0.16884497785568237,
    "layer3.3.conv3.mape": 0.11853238597869874,
    "layer3.3.conv3.mse": 0.05055222933769226,
    "layer3.3.conv3.rows": 8,
    "layer3.3.conv3.scaled_error": 0.008625576510429382,
    "layer3.3.conv3.scaled_shift": 0.00037886594711511863,
    "layer3.3.conv3.stored_array_size": 32,
    "top_1_accuracy": 0.8041599988937378,
    "top_5_accuracy": 0.952519953250885,
    "total_time": 162.5886919349432
}