{
    "halut_layers": "{\"layer3.4.conv2\": [64, 32, 24, 1]}",
    "layer3.4.conv2.C": 64,
    "layer3.4.conv2.H_size": 24576,
    "layer3.4.conv2.K": 24,
    "layer3.4.conv2.L_size": 1572864,
    "layer3.4.conv2.encoding_algorithm": 1,
    "layer3.4.conv2.learned_a_shape": [
        6272,
        2304
    ],
    "layer3.4.conv2.learned_b_shape": [
        2304,
        256
    ],
    "layer3.4.conv2.learned_d": 2304,
    "layer3.4.conv2.learned_m": 256,
    "layer3.4.conv2.learned_n": 6272,
    "layer3.4.conv2.mae": 0.6522427674865723,
    "layer3.4.conv2.mape": 0.32126886600494386,
    "layer3.4.conv2.mse": 0.742105230178833,
    "layer3.4.conv2.rows": 32,
    "layer3.4.conv2.scaled_error": 0.01826441707611084,
    "layer3.4.conv2.scaled_shift": 0.0010798645678081083,
    "layer3.4.conv2.stored_array_size": 32,
    "top_1_accuracy": 0.7892999649047852,
    "top_5_accuracy": 0.944379985332489,
    "total_time": 112.81193351000547
}