{
    "halut_layers": "{\"layer3.0.conv2\": [64, 64, 16, 2]}",
    "layer3.0.conv2.C": 64,
    "layer3.0.conv2.H_size": 4,
    "layer3.0.conv2.K": 16,
    "layer3.0.conv2.L_size": 1048576,
    "layer3.0.conv2.encoding_algorithm": 2,
    "layer3.0.conv2.learned_a_shape": [
        12544,
        2304
    ],
    "layer3.0.conv2.learned_b_shape": [
        2304,
        256
    ],
    "layer3.0.conv2.learned_d": 2304,
    "layer3.0.conv2.learned_m": 256,
    "layer3.0.conv2.learned_n": 12544,
    "layer3.0.conv2.mae": 1.1795582955932618,
    "layer3.0.conv2.mape": 0.4553320541381836,
    "layer3.0.conv2.mse": 2.5012211972045897,
    "layer3.0.conv2.rows": 64,
    "layer3.0.conv2.scaled_error": 0.03485133125305176,
    "layer3.0.conv2.scaled_shift": -0.00020561580489564222,
    "layer3.0.conv2.stored_array_size": 32,
    "top_1_accuracy": 0.7839599847793579,
    "top_5_accuracy": 0.9423199892044067,
    "total_time": 173.7921090964228
}