{
    "halut_layers": "{\"layer4.2.conv1\": [64, 256, 24, 1]}",
    "layer4.2.conv1.C": 64,
    "layer4.2.conv1.H_size": 24576,
    "layer4.2.conv1.K": 24,
    "layer4.2.conv1.L_size": 3145728,
    "layer4.2.conv1.encoding_algorithm": 1,
    "layer4.2.conv1.learned_a_shape": [
        12544,
        2048
    ],
    "layer4.2.conv1.learned_b_shape": [
        2048,
        512
    ],
    "layer4.2.conv1.learned_d": 2048,
    "layer4.2.conv1.learned_m": 512,
    "layer4.2.conv1.learned_n": 12544,
    "layer4.2.conv1.mae": 0.7695566497802734,
    "layer4.2.conv1.mape": 0.3098604473114014,
    "layer4.2.conv1.mse": 1.1755787774658204,
    "layer4.2.conv1.rows": 256,
    "layer4.2.conv1.scaled_error": 0.007939239234924317,
    "layer4.2.conv1.scaled_shift": 0.0020387904383288697,
    "layer4.2.conv1.stored_array_size": 32,
    "top_1_accuracy": 0.7805599570274353,
    "top_5_accuracy": 0.9380999803543091,
    "total_time": 102.44031531084329
}