{
    "halut_layers": "{\"layer3.0.conv1\": [8, 32, 24, 2]}",
    "layer3.0.conv1.C": 8,
    "layer3.0.conv1.H_size": 4,
    "layer3.0.conv1.K": 24,
    "layer3.0.conv1.L_size": 196608,
    "layer3.0.conv1.encoding_algorithm": 2,
    "layer3.0.conv1.learned_a_shape": [
        25088,
        512
    ],
    "layer3.0.conv1.learned_b_shape": [
        512,
        256
    ],
    "layer3.0.conv1.learned_d": 512,
    "layer3.0.conv1.learned_m": 256,
    "layer3.0.conv1.learned_n": 25088,
    "layer3.0.conv1.mae": 1.433955475769043,
    "layer3.0.conv1.mape": 0.4987066888427734,
    "layer3.0.conv1.mse": 3.524457083129883,
    "layer3.0.conv1.rows": 32,
    "layer3.0.conv1.scaled_error": 0.029154069845676422,
    "layer3.0.conv1.scaled_shift": 0.00033401892712718107,
    "layer3.0.conv1.stored_array_size": 32,
    "top_1_accuracy": 0.7097600102424622,
    "top_5_accuracy": 0.9001399874687195,
    "total_time": 135.81044529378414
}