{
    "halut_layers": "{\"layer4.2.conv1\": [32, 32, 24, 1]}",
    "layer4.2.conv1.C": 32,
    "layer4.2.conv1.H_size": 12288,
    "layer4.2.conv1.K": 24,
    "layer4.2.conv1.L_size": 1572864,
    "layer4.2.conv1.encoding_algorithm": 1,
    "layer4.2.conv1.learned_a_shape": [
        1568,
        2048
    ],
    "layer4.2.conv1.learned_b_shape": [
        2048,
        512
    ],
    "layer4.2.conv1.learned_d": 2048,
    "layer4.2.conv1.learned_m": 512,
    "layer4.2.conv1.learned_n": 1568,
    "layer4.2.conv1.mae": 0.9597237799072266,
    "layer4.2.conv1.mape": 0.37994190311431886,
    "layer4.2.conv1.mse": 2.122014554748535,
    "layer4.2.conv1.rows": 32,
    "layer4.2.conv1.scaled_error": 0.009888041133880615,
    "layer4.2.conv1.scaled_shift": 0.0024892261934280394,
    "layer4.2.conv1.stored_array_size": 32,
    "top_1_accuracy": 0.7788999676704407,
    "top_5_accuracy": 0.9381799697875977,
    "total_time": 102.41078901197761
}