{
    "halut_layers": "{\"layer3.0.conv1\": [8, 32, 12, 2]}",
    "layer3.0.conv1.C": 8,
    "layer3.0.conv1.H_size": 4,
    "layer3.0.conv1.K": 12,
    "layer3.0.conv1.L_size": 98304,
    "layer3.0.conv1.encoding_algorithm": 2,
    "layer3.0.conv1.learned_a_shape": [
        25088,
        512
    ],
    "layer3.0.conv1.learned_b_shape": [
        512,
        256
    ],
    "layer3.0.conv1.learned_d": 512,
    "layer3.0.conv1.learned_m": 256,
    "layer3.0.conv1.learned_n": 25088,
    "layer3.0.conv1.mae": 1.5154238124084474,
    "layer3.0.conv1.mape": 0.5164739593505859,
    "layer3.0.conv1.mse": 3.9604748388671873,
    "layer3.0.conv1.rows": 32,
    "layer3.0.conv1.scaled_error": 0.0308025209069252,
    "layer3.0.conv1.scaled_shift": 0.0006501606439321768,
    "layer3.0.conv1.stored_array_size": 32,
    "top_1_accuracy": 0.6087799668312073,
    "top_5_accuracy": 0.8296200037002563,
    "total_time": 127.19312822073698
}