{
    "halut_layers": "{\"layer2.0.conv2\": [8, 2, 16, 2]}",
    "layer2.0.conv2.C": 8,
    "layer2.0.conv2.H_size": 4,
    "layer2.0.conv2.K": 16,
    "layer2.0.conv2.L_size": 65536,
    "layer2.0.conv2.encoding_algorithm": 2,
    "layer2.0.conv2.learned_a_shape": [
        1568,
        1152
    ],
    "layer2.0.conv2.learned_b_shape": [
        1152,
        128
    ],
    "layer2.0.conv2.learned_d": 1152,
    "layer2.0.conv2.learned_m": 128,
    "layer2.0.conv2.learned_n": 1568,
    "layer2.0.conv2.mae": 2.0708546215820314,
    "layer2.0.conv2.mape": 0.6382746899414062,
    "layer2.0.conv2.mse": 7.608467784423828,
    "layer2.0.conv2.rows": 2,
    "layer2.0.conv2.scaled_error": 0.04629700729370117,
    "layer2.0.conv2.scaled_shift": -0.0009027024519257247,
    "layer2.0.conv2.stored_array_size": 32,
    "top_1_accuracy": 0.697219967842102,
    "top_5_accuracy": 0.8913399577140808,
    "total_time": 120.44813262298703
}