{
    "halut_layers": "{\"layer3.3.conv3\": [16, 32, 16, 0]}",
    "layer3.3.conv3.C": 16,
    "layer3.3.conv3.H_size": 2816,
    "layer3.3.conv3.K": 16,
    "layer3.3.conv3.L_size": 1048576,
    "layer3.3.conv3.encoding_algorithm": 0,
    "layer3.3.conv3.learned_a_shape": [
        6272,
        256
    ],
    "layer3.3.conv3.learned_b_shape": [
        256,
        1024
    ],
    "layer3.3.conv3.learned_d": 256,
    "layer3.3.conv3.learned_m": 1024,
    "layer3.3.conv3.learned_n": 6272,
    "layer3.3.conv3.mae": 0.2432010260772705,
    "layer3.3.conv3.mape": 0.1665762121963501,
    "layer3.3.conv3.mse": 0.1040331151008606,
    "layer3.3.conv3.rows": 32,
    "layer3.3.conv3.scaled_error": 0.012429923927783967,
    "layer3.3.conv3.scaled_shift": 0.0006280471935146488,
    "layer3.3.conv3.stored_array_size": 32,
    "top_1_accuracy": 0.7969399690628052,
    "top_5_accuracy": 0.9485200047492981,
    "total_time": 141.3024721071124
}