{
    "halut_layers": "{\"layer4.0.conv2\": [8, 256, 32, 1]}",
    "layer4.0.conv2.C": 8,
    "layer4.0.conv2.H_size": 3072,
    "layer4.0.conv2.K": 32,
    "layer4.0.conv2.L_size": 524288,
    "layer4.0.conv2.encoding_algorithm": 1,
    "layer4.0.conv2.learned_a_shape": [
        12544,
        4608
    ],
    "layer4.0.conv2.learned_b_shape": [
        4608,
        512
    ],
    "layer4.0.conv2.learned_d": 4608,
    "layer4.0.conv2.learned_m": 512,
    "layer4.0.conv2.learned_n": 12544,
    "layer4.0.conv2.mae": 1.129841056060791,
    "layer4.0.conv2.mape": 0.46299550994873045,
    "layer4.0.conv2.mse": 2.3220543237304687,
    "layer4.0.conv2.rows": 256,
    "layer4.0.conv2.scaled_error": 0.07161640172004699,
    "layer4.0.conv2.scaled_shift": 0.007922818110771477,
    "layer4.0.conv2.stored_array_size": 32,
    "top_1_accuracy": 0.5703200101852417,
    "top_5_accuracy": 0.8258399963378906,
    "total_time": 102.66242754459381
}