{
    "halut_layers": "{\"layer4.0.conv2\": [16, 128, 8, 2]}",
    "layer4.0.conv2.C": 16,
    "layer4.0.conv2.H_size": 4,
    "layer4.0.conv2.K": 8,
    "layer4.0.conv2.L_size": 262144,
    "layer4.0.conv2.encoding_algorithm": 2,
    "layer4.0.conv2.learned_a_shape": [
        6272,
        4608
    ],
    "layer4.0.conv2.learned_b_shape": [
        4608,
        512
    ],
    "layer4.0.conv2.learned_d": 4608,
    "layer4.0.conv2.learned_m": 512,
    "layer4.0.conv2.learned_n": 6272,
    "layer4.0.conv2.mae": 1.0486669581604005,
    "layer4.0.conv2.mape": 0.4413616367340088,
    "layer4.0.conv2.mse": 1.9872762420654297,
    "layer4.0.conv2.rows": 128,
    "layer4.0.conv2.scaled_error": 0.06647583377838134,
    "layer4.0.conv2.scaled_shift": 0.006424052353352308,
    "layer4.0.conv2.stored_array_size": 32,
    "top_1_accuracy": 0.6182000041007996,
    "top_5_accuracy": 0.8589999675750732,
    "total_time": 105.72261356282979
}