{
    "halut_layers": "{\"layer2.0.conv2\": [16, 4, 32, 2]}",
    "layer2.0.conv2.C": 16,
    "layer2.0.conv2.H_size": 4,
    "layer2.0.conv2.K": 32,
    "layer2.0.conv2.L_size": 262144,
    "layer2.0.conv2.encoding_algorithm": 2,
    "layer2.0.conv2.learned_a_shape": [
        3136,
        1152
    ],
    "layer2.0.conv2.learned_b_shape": [
        1152,
        128
    ],
    "layer2.0.conv2.learned_d": 1152,
    "layer2.0.conv2.learned_m": 128,
    "layer2.0.conv2.learned_n": 3136,
    "layer2.0.conv2.mae": 1.7893839633178712,
    "layer2.0.conv2.mape": 0.5908267913818359,
    "layer2.0.conv2.mse": 5.561465352783203,
    "layer2.0.conv2.rows": 4,
    "layer2.0.conv2.scaled_error": 0.04001924600124359,
    "layer2.0.conv2.scaled_shift": -0.0011901126343011857,
    "layer2.0.conv2.stored_array_size": 32,
    "top_1_accuracy": 0.7701999545097351,
    "top_5_accuracy": 0.9328999519348145,
    "total_time": 139.382678007707
}