{
    "halut_layers": "{\"layer4.0.conv2\": [16, 256, 4, 1]}",
    "layer4.0.conv2.C": 16,
    "layer4.0.conv2.H_size": 768,
    "layer4.0.conv2.K": 4,
    "layer4.0.conv2.L_size": 131072,
    "layer4.0.conv2.encoding_algorithm": 1,
    "layer4.0.conv2.learned_a_shape": [
        12544,
        4608
    ],
    "layer4.0.conv2.learned_b_shape": [
        4608,
        512
    ],
    "layer4.0.conv2.learned_d": 4608,
    "layer4.0.conv2.learned_m": 512,
    "layer4.0.conv2.learned_n": 12544,
    "layer4.0.conv2.mae": 1.15162115234375,
    "layer4.0.conv2.mape": 0.47058433616638184,
    "layer4.0.conv2.mse": 2.4008683645629882,
    "layer4.0.conv2.rows": 256,
    "layer4.0.conv2.scaled_error": 0.07299559879302979,
    "layer4.0.conv2.scaled_shift": 0.008854077534973621,
    "layer4.0.conv2.stored_array_size": 32,
    "top_1_accuracy": 0.5630999803543091,
    "top_5_accuracy": 0.8202199935913086,
    "total_time": 100.9834933206439
}