{
    "halut_layers": "{\"layer4.0.conv2\": [8, 128, 24, 2]}",
    "layer4.0.conv2.C": 8,
    "layer4.0.conv2.H_size": 4,
    "layer4.0.conv2.K": 24,
    "layer4.0.conv2.L_size": 393216,
    "layer4.0.conv2.encoding_algorithm": 2,
    "layer4.0.conv2.learned_a_shape": [
        6272,
        4608
    ],
    "layer4.0.conv2.learned_b_shape": [
        4608,
        512
    ],
    "layer4.0.conv2.learned_d": 4608,
    "layer4.0.conv2.learned_m": 512,
    "layer4.0.conv2.learned_n": 6272,
    "layer4.0.conv2.mae": 1.0677209757995605,
    "layer4.0.conv2.mape": 0.4436152205657959,
    "layer4.0.conv2.mse": 2.066686923828125,
    "layer4.0.conv2.rows": 128,
    "layer4.0.conv2.scaled_error": 0.06768514337539673,
    "layer4.0.conv2.scaled_shift": 0.008937227752767504,
    "layer4.0.conv2.stored_array_size": 32,
    "top_1_accuracy": 0.6079599857330322,
    "top_5_accuracy": 0.8513999581336975,
    "total_time": 108.93419873155653
}