{
    "halut_layers": "{\"layer4.0.conv3\": [16, 64, 24, 2]}",
    "layer4.0.conv3.C": 16,
    "layer4.0.conv3.H_size": 4,
    "layer4.0.conv3.K": 24,
    "layer4.0.conv3.L_size": 3145728,
    "layer4.0.conv3.encoding_algorithm": 2,
    "layer4.0.conv3.learned_a_shape": [
        3136,
        512
    ],
    "layer4.0.conv3.learned_b_shape": [
        512,
        2048
    ],
    "layer4.0.conv3.learned_d": 512,
    "layer4.0.conv3.learned_m": 2048,
    "layer4.0.conv3.learned_n": 3136,
    "layer4.0.conv3.mae": 0.4679302687072754,
    "layer4.0.conv3.mape": 0.27010958168029786,
    "layer4.0.conv3.mse": 0.3877373583984375,
    "layer4.0.conv3.rows": 64,
    "layer4.0.conv3.scaled_error": 0.041212966251373294,
    "layer4.0.conv3.scaled_shift": 0.0006055080860177986,
    "layer4.0.conv3.stored_array_size": 32,
    "top_1_accuracy": 0.6632399559020996,
    "top_5_accuracy": 0.8807399868965149,
    "total_time": 127.74134976323694
}