{
    "halut_layers": "{\"layer3.5.conv2\": [64, 16, 32, 2]}",
    "layer3.5.conv2.C": 64,
    "layer3.5.conv2.H_size": 4,
    "layer3.5.conv2.K": 32,
    "layer3.5.conv2.L_size": 2097152,
    "layer3.5.conv2.encoding_algorithm": 2,
    "layer3.5.conv2.learned_a_shape": [
        3136,
        2304
    ],
    "layer3.5.conv2.learned_b_shape": [
        2304,
        256
    ],
    "layer3.5.conv2.learned_d": 2304,
    "layer3.5.conv2.learned_m": 256,
    "layer3.5.conv2.learned_n": 3136,
    "layer3.5.conv2.mae": 0.7216173705291749,
    "layer3.5.conv2.mape": 0.3629394735336304,
    "layer3.5.conv2.mse": 0.8877643786621093,
    "layer3.5.conv2.rows": 16,
    "layer3.5.conv2.scaled_error": 0.050435116062164304,
    "layer3.5.conv2.scaled_shift": -0.00020145380353991642,
    "layer3.5.conv2.stored_array_size": 32,
    "top_1_accuracy": 0.7952399849891663,
    "top_5_accuracy": 0.9479199647903442,
    "total_time": 210.7822379861027
}