{
    "halut_layers": "{\"layer3.3.conv3\": [64, 16, 64, 2]}",
    "layer3.3.conv3.C": 64,
    "layer3.3.conv3.H_size": 4,
    "layer3.3.conv3.K": 64,
    "layer3.3.conv3.L_size": 16777216,
    "layer3.3.conv3.encoding_algorithm": 2,
    "layer3.3.conv3.learned_a_shape": [
        3136,
        256
    ],
    "layer3.3.conv3.learned_b_shape": [
        256,
        1024
    ],
    "layer3.3.conv3.learned_d": 256,
    "layer3.3.conv3.learned_m": 1024,
    "layer3.3.conv3.learned_n": 3136,
    "layer3.3.conv3.mae": 0.12630007648468017,
    "layer3.3.conv3.mape": 0.09003718765258789,
    "layer3.3.conv3.mse": 0.02722603611946106,
    "layer3.3.conv3.rows": 16,
    "layer3.3.conv3.scaled_error": 0.006454749037027359,
    "layer3.3.conv3.scaled_shift": 8.577679179077677e-05,
    "layer3.3.conv3.stored_array_size": 32,
    "top_1_accuracy": 0.8071399927139282,
    "top_5_accuracy": 0.9535399675369263,
    "total_time": 297.0201467573643
}