{
    "halut_layers": "{\"layer3.5.conv2\": [16, 32, 64, 2]}",
    "layer3.5.conv2.C": 16,
    "layer3.5.conv2.H_size": 4,
    "layer3.5.conv2.K": 64,
    "layer3.5.conv2.L_size": 1048576,
    "layer3.5.conv2.encoding_algorithm": 2,
    "layer3.5.conv2.learned_a_shape": [
        6272,
        2304
    ],
    "layer3.5.conv2.learned_b_shape": [
        2304,
        256
    ],
    "layer3.5.conv2.learned_d": 2304,
    "layer3.5.conv2.learned_m": 256,
    "layer3.5.conv2.learned_n": 6272,
    "layer3.5.conv2.mae": 0.7033363257598877,
    "layer3.5.conv2.mape": 0.3408793455505371,
    "layer3.5.conv2.mse": 0.8710916438293457,
    "layer3.5.conv2.rows": 32,
    "layer3.5.conv2.scaled_error": 0.04914515030860901,
    "layer3.5.conv2.scaled_shift": 0.0018821004155586706,
    "layer3.5.conv2.stored_array_size": 32,
    "top_1_accuracy": 0.7921199798583984,
    "top_5_accuracy": 0.9462199807167053,
    "total_time": 199.27541677094996
}