{
    "halut_layers": "{\"layer4.0.conv3\": [8, 32, 4, 2]}",
    "layer4.0.conv3.C": 8,
    "layer4.0.conv3.H_size": 4,
    "layer4.0.conv3.K": 4,
    "layer4.0.conv3.L_size": 262144,
    "layer4.0.conv3.encoding_algorithm": 2,
    "layer4.0.conv3.learned_a_shape": [
        1568,
        512
    ],
    "layer4.0.conv3.learned_b_shape": [
        512,
        2048
    ],
    "layer4.0.conv3.learned_d": 512,
    "layer4.0.conv3.learned_m": 2048,
    "layer4.0.conv3.learned_n": 1568,
    "layer4.0.conv3.mae": 0.5176456580352783,
    "layer4.0.conv3.mape": 0.2875954337310791,
    "layer4.0.conv3.mse": 0.4809029207611084,
    "layer4.0.conv3.rows": 32,
    "layer4.0.conv3.scaled_error": 0.04558842480659485,
    "layer4.0.conv3.scaled_shift": 0.003811260365638882,
    "layer4.0.conv3.stored_array_size": 32,
    "top_1_accuracy": 0.39969998598098755,
    "top_5_accuracy": 0.6551600098609924,
    "total_time": 115.00618298724294
}