{
    "halut_layers": "{\"layer4.0.conv3\": [32, 32, 64, 2]}",
    "layer4.0.conv3.C": 32,
    "layer4.0.conv3.H_size": 4,
    "layer4.0.conv3.K": 64,
    "layer4.0.conv3.L_size": 16777216,
    "layer4.0.conv3.encoding_algorithm": 2,
    "layer4.0.conv3.learned_a_shape": [
        1568,
        512
    ],
    "layer4.0.conv3.learned_b_shape": [
        512,
        2048
    ],
    "layer4.0.conv3.learned_d": 512,
    "layer4.0.conv3.learned_m": 2048,
    "layer4.0.conv3.learned_n": 1568,
    "layer4.0.conv3.mae": 0.5027071412658691,
    "layer4.0.conv3.mape": 0.2987871369171143,
    "layer4.0.conv3.mse": 0.42544517318725583,
    "layer4.0.conv3.rows": 32,
    "layer4.0.conv3.scaled_error": 0.04428892392158508,
    "layer4.0.conv3.scaled_shift": 0.0020202625847980382,
    "layer4.0.conv3.stored_array_size": 32,
    "top_1_accuracy": 0.7588599920272827,
    "top_5_accuracy": 0.9310199618339539,
    "total_time": 165.06385434418917
}