{
    "halut_layers": "{\"layer2.0.conv2\": [8, 16, 32, 1]}",
    "layer2.0.conv2.C": 8,
    "layer2.0.conv2.H_size": 3072,
    "layer2.0.conv2.K": 32,
    "layer2.0.conv2.L_size": 131072,
    "layer2.0.conv2.encoding_algorithm": 1,
    "layer2.0.conv2.learned_a_shape": [
        12544,
        1152
    ],
    "layer2.0.conv2.learned_b_shape": [
        1152,
        128
    ],
    "layer2.0.conv2.learned_d": 1152,
    "layer2.0.conv2.learned_m": 128,
    "layer2.0.conv2.learned_n": 12544,
    "layer2.0.conv2.mae": 2.1654669815063476,
    "layer2.0.conv2.mape": 0.6351121031188964,
    "layer2.0.conv2.mse": 8.465912478027343,
    "layer2.0.conv2.rows": 16,
    "layer2.0.conv2.scaled_error": 0.04839966601371765,
    "layer2.0.conv2.scaled_shift": -0.00087696132712299,
    "layer2.0.conv2.stored_array_size": 32,
    "top_1_accuracy": 0.555359959602356,
    "top_5_accuracy": 0.7802199721336365,
    "total_time": 98.75947211869061
}