{
    "halut_layers": "{\"layer4.0.conv3\": [64, 32, 64, 1]}",
    "layer4.0.conv3.C": 64,
    "layer4.0.conv3.H_size": 49152,
    "layer4.0.conv3.K": 64,
    "layer4.0.conv3.L_size": 33554432,
    "layer4.0.conv3.encoding_algorithm": 1,
    "layer4.0.conv3.learned_a_shape": [
        1568,
        512
    ],
    "layer4.0.conv3.learned_b_shape": [
        512,
        2048
    ],
    "layer4.0.conv3.learned_d": 512,
    "layer4.0.conv3.learned_m": 2048,
    "layer4.0.conv3.learned_n": 1568,
    "layer4.0.conv3.mae": 0.5590380081176758,
    "layer4.0.conv3.mape": 0.332858536605835,
    "layer4.0.conv3.mse": 0.5215992244720459,
    "layer4.0.conv3.rows": 32,
    "layer4.0.conv3.scaled_error": 0.049258445653915406,
    "layer4.0.conv3.scaled_shift": 0.004753642574548722,
    "layer4.0.conv3.stored_array_size": 32,
    "top_1_accuracy": 0.7473199963569641,
    "top_5_accuracy": 0.9275799989700317,
    "total_time": 151.47683225665241
}