{
    "halut_layers": "{\"layer2.0.conv2\": [64, 2, 32, 2]}",
    "layer2.0.conv2.C": 64,
    "layer2.0.conv2.H_size": 4,
    "layer2.0.conv2.K": 32,
    "layer2.0.conv2.L_size": 1048576,
    "layer2.0.conv2.encoding_algorithm": 2,
    "layer2.0.conv2.learned_a_shape": [
        1568,
        1152
    ],
    "layer2.0.conv2.learned_b_shape": [
        1152,
        128
    ],
    "layer2.0.conv2.learned_d": 1152,
    "layer2.0.conv2.learned_m": 128,
    "layer2.0.conv2.learned_n": 1568,
    "layer2.0.conv2.mae": 1.928825280456543,
    "layer2.0.conv2.mape": 0.673701587677002,
    "layer2.0.conv2.mse": 6.2128572515869145,
    "layer2.0.conv2.rows": 2,
    "layer2.0.conv2.scaled_error": 0.04318598599910736,
    "layer2.0.conv2.scaled_shift": -0.0002061105591559317,
    "layer2.0.conv2.stored_array_size": 32,
    "top_1_accuracy": 0.7906999588012695,
    "top_5_accuracy": 0.9464799761772156,
    "total_time": 179.03592749871314
}