{
    "halut_layers": "{\"layer3.5.conv1\": [32, 32, 24, 1]}",
    "layer3.5.conv1.C": 32,
    "layer3.5.conv1.H_size": 12288,
    "layer3.5.conv1.K": 24,
    "layer3.5.conv1.L_size": 786432,
    "layer3.5.conv1.encoding_algorithm": 1,
    "layer3.5.conv1.learned_a_shape": [
        6272,
        1024
    ],
    "layer3.5.conv1.learned_b_shape": [
        1024,
        256
    ],
    "layer3.5.conv1.learned_d": 1024,
    "layer3.5.conv1.learned_m": 256,
    "layer3.5.conv1.learned_n": 6272,
    "layer3.5.conv1.mae": 1.071673104248047,
    "layer3.5.conv1.mape": 0.4159985038757324,
    "layer3.5.conv1.mse": 1.98744977142334,
    "layer3.5.conv1.rows": 32,
    "layer3.5.conv1.scaled_error": 0.03742427303791046,
    "layer3.5.conv1.scaled_shift": 0.002645594054060057,
    "layer3.5.conv1.stored_array_size": 32,
    "top_1_accuracy": 0.7843799591064453,
    "top_5_accuracy": 0.9418399930000305,
    "total_time": 110.83503254689276
}