{
    "halut_layers": "{\"layer4.2.conv1\": [16, 128, 16, 2]}",
    "layer4.2.conv1.C": 16,
    "layer4.2.conv1.H_size": 4,
    "layer4.2.conv1.K": 16,
    "layer4.2.conv1.L_size": 524288,
    "layer4.2.conv1.encoding_algorithm": 2,
    "layer4.2.conv1.learned_a_shape": [
        6272,
        2048
    ],
    "layer4.2.conv1.learned_b_shape": [
        2048,
        512
    ],
    "layer4.2.conv1.learned_d": 2048,
    "layer4.2.conv1.learned_m": 512,
    "layer4.2.conv1.learned_n": 6272,
    "layer4.2.conv1.mae": 0.8677663121032715,
    "layer4.2.conv1.mape": 0.34768818748474123,
    "layer4.2.conv1.mse": 1.4735473797607421,
    "layer4.2.conv1.rows": 128,
    "layer4.2.conv1.scaled_error": 0.008947676796913146,
    "layer4.2.conv1.scaled_shift": 0.001739738962012343,
    "layer4.2.conv1.stored_array_size": 32,
    "top_1_accuracy": 0.7793799638748169,
    "top_5_accuracy": 0.9375399947166443,
    "total_time": 108.47508185729384
}