{
    "halut_layers": "{\"layer4.2.conv1\": [32, 128, 8, 1]}",
    "layer4.2.conv1.C": 32,
    "layer4.2.conv1.H_size": 3072,
    "layer4.2.conv1.K": 8,
    "layer4.2.conv1.L_size": 524288,
    "layer4.2.conv1.encoding_algorithm": 1,
    "layer4.2.conv1.learned_a_shape": [
        6272,
        2048
    ],
    "layer4.2.conv1.learned_b_shape": [
        2048,
        512
    ],
    "layer4.2.conv1.learned_d": 2048,
    "layer4.2.conv1.learned_m": 512,
    "layer4.2.conv1.learned_n": 6272,
    "layer4.2.conv1.mae": 0.9052218072509766,
    "layer4.2.conv1.mape": 0.35287934726715087,
    "layer4.2.conv1.mse": 1.6177417602539061,
    "layer4.2.conv1.rows": 128,
    "layer4.2.conv1.scaled_error": 0.00933168450832367,
    "layer4.2.conv1.scaled_shift": 0.002606340321995376,
    "layer4.2.conv1.stored_array_size": 32,
    "top_1_accuracy": 0.7780599594116211,
    "top_5_accuracy": 0.936519980430603,
    "total_time": 98.74599809478968
}