{
    "halut_layers": "{\"layer4.0.conv1\": [32, 64, 24, 2]}",
    "layer4.0.conv1.C": 32,
    "layer4.0.conv1.H_size": 4,
    "layer4.0.conv1.K": 24,
    "layer4.0.conv1.L_size": 1572864,
    "layer4.0.conv1.encoding_algorithm": 2,
    "layer4.0.conv1.learned_a_shape": [
        12544,
        1024
    ],
    "layer4.0.conv1.learned_b_shape": [
        1024,
        512
    ],
    "layer4.0.conv1.learned_d": 1024,
    "layer4.0.conv1.learned_m": 512,
    "layer4.0.conv1.learned_n": 12544,
    "layer4.0.conv1.mae": 0.8960246119689942,
    "layer4.0.conv1.mape": 0.35134739917755126,
    "layer4.0.conv1.mse": 1.3615908015441895,
    "layer4.0.conv1.rows": 64,
    "layer4.0.conv1.scaled_error": 0.04166185255050659,
    "layer4.0.conv1.scaled_shift": -0.0002554207918015891,
    "layer4.0.conv1.stored_array_size": 32,
    "top_1_accuracy": 0.7450199723243713,
    "top_5_accuracy": 0.9264000058174133,
    "total_time": 160.4758425578475
}