{
    "halut_layers": "{\"layer3.5.conv2\": [32, 64, 24, 1]}",
    "layer3.5.conv2.C": 32,
    "layer3.5.conv2.H_size": 12288,
    "layer3.5.conv2.K": 24,
    "layer3.5.conv2.L_size": 786432,
    "layer3.5.conv2.encoding_algorithm": 1,
    "layer3.5.conv2.learned_a_shape": [
        12544,
        2304
    ],
    "layer3.5.conv2.learned_b_shape": [
        2304,
        256
    ],
    "layer3.5.conv2.learned_d": 2304,
    "layer3.5.conv2.learned_m": 256,
    "layer3.5.conv2.learned_n": 12544,
    "layer3.5.conv2.mae": 0.772433908996582,
    "layer3.5.conv2.mape": 0.35860372817993164,
    "layer3.5.conv2.mse": 1.0764937921142579,
    "layer3.5.conv2.rows": 64,
    "layer3.5.conv2.scaled_error": 0.053963842134475706,
    "layer3.5.conv2.scaled_shift": 0.003881342752052005,
    "layer3.5.conv2.stored_array_size": 32,
    "top_1_accuracy": 0.7851999998092651,
    "top_5_accuracy": 0.9430399537086487,
    "total_time": 113.53375245630741
}