{
    "halut_layers": "{\"layer1.1.conv3\": [16, 2, 32, 2]}",
    "layer1.1.conv3.C": 16,
    "layer1.1.conv3.H_size": 4,
    "layer1.1.conv3.K": 32,
    "layer1.1.conv3.L_size": 524288,
    "layer1.1.conv3.encoding_algorithm": 2,
    "layer1.1.conv3.learned_a_shape": [
        6272,
        64
    ],
    "layer1.1.conv3.learned_b_shape": [
        64,
        256
    ],
    "layer1.1.conv3.learned_d": 64,
    "layer1.1.conv3.learned_m": 256,
    "layer1.1.conv3.learned_n": 6272,
    "layer1.1.conv3.mae": 0.2625545883178711,
    "layer1.1.conv3.mape": 0.12049562520980835,
    "layer1.1.conv3.mse": 0.13911021558761597,
    "layer1.1.conv3.rows": 2,
    "layer1.1.conv3.scaled_error": 0.015364047038555146,
    "layer1.1.conv3.scaled_shift": -0.0005888453052937984,
    "layer1.1.conv3.stored_array_size": 32,
    "top_1_accuracy": 0.8057000041007996,
    "top_5_accuracy": 0.9532600045204163,
    "total_time": 294.98877025581896
}