{
    "halut_layers": "{\"layer3.0.conv3\": [16, 8, 12, 2]}",
    "layer3.0.conv3.C": 16,
    "layer3.0.conv3.H_size": 4,
    "layer3.0.conv3.K": 12,
    "layer3.0.conv3.L_size": 786432,
    "layer3.0.conv3.encoding_algorithm": 2,
    "layer3.0.conv3.learned_a_shape": [
        1568,
        256
    ],
    "layer3.0.conv3.learned_b_shape": [
        256,
        1024
    ],
    "layer3.0.conv3.learned_d": 256,
    "layer3.0.conv3.learned_m": 1024,
    "layer3.0.conv3.learned_n": 1568,
    "layer3.0.conv3.mae": 0.5617752268981934,
    "layer3.0.conv3.mape": 0.28561760925292967,
    "layer3.0.conv3.mse": 0.5748431658172607,
    "layer3.0.conv3.rows": 8,
    "layer3.0.conv3.scaled_error": 0.03937271563053131,
    "layer3.0.conv3.scaled_shift": 0.0016070176692144014,
    "layer3.0.conv3.stored_array_size": 32,
    "top_1_accuracy": 0.7245399951934814,
    "top_5_accuracy": 0.9090399742126465,
    "total_time": 235.71783506684005
}