{
    "halut_layers": "{\"layer4.0.conv3\": [32, 256, 12, 1]}",
    "layer4.0.conv3.C": 32,
    "layer4.0.conv3.H_size": 6144,
    "layer4.0.conv3.K": 12,
    "layer4.0.conv3.L_size": 3145728,
    "layer4.0.conv3.encoding_algorithm": 1,
    "layer4.0.conv3.learned_a_shape": [
        12544,
        512
    ],
    "layer4.0.conv3.learned_b_shape": [
        512,
        2048
    ],
    "layer4.0.conv3.learned_d": 512,
    "layer4.0.conv3.learned_m": 2048,
    "layer4.0.conv3.learned_n": 12544,
    "layer4.0.conv3.mae": 0.4548133625793457,
    "layer4.0.conv3.mape": 0.25582867652893065,
    "layer4.0.conv3.mse": 0.37197974868774414,
    "layer4.0.conv3.rows": 256,
    "layer4.0.conv3.scaled_error": 0.04005152815818787,
    "layer4.0.conv3.scaled_shift": 0.004539475440606475,
    "layer4.0.conv3.stored_array_size": 32,
    "top_1_accuracy": 0.6513000130653381,
    "top_5_accuracy": 0.8702799677848816,
    "total_time": 116.79749232064933
}