{
    "halut_layers": "{\"layer3.3.conv3\": [64, 16, 12, 1]}",
    "layer3.3.conv3.C": 64,
    "layer3.3.conv3.H_size": 12288,
    "layer3.3.conv3.K": 12,
    "layer3.3.conv3.L_size": 3145728,
    "layer3.3.conv3.encoding_algorithm": 1,
    "layer3.3.conv3.learned_a_shape": [
        3136,
        256
    ],
    "layer3.3.conv3.learned_b_shape": [
        256,
        1024
    ],
    "layer3.3.conv3.learned_d": 256,
    "layer3.3.conv3.learned_m": 1024,
    "layer3.3.conv3.learned_n": 3136,
    "layer3.3.conv3.mae": 0.1821534570121765,
    "layer3.3.conv3.mape": 0.12749879270553588,
    "layer3.3.conv3.mse": 0.05934502081871033,
    "layer3.3.conv3.rows": 16,
    "layer3.3.conv3.scaled_error": 0.009308096814155578,
    "layer3.3.conv3.scaled_shift": 0.00033569681520573795,
    "layer3.3.conv3.stored_array_size": 32,
    "top_1_accuracy": 0.8035999536514282,
    "top_5_accuracy": 0.9516199827194214,
    "total_time": 149.06195394136012
}