{
    "halut_layers": "{\"layer3.5.conv1\": [16, 16, 24, 2]}",
    "layer3.5.conv1.C": 16,
    "layer3.5.conv1.H_size": 4,
    "layer3.5.conv1.K": 24,
    "layer3.5.conv1.L_size": 393216,
    "layer3.5.conv1.encoding_algorithm": 2,
    "layer3.5.conv1.learned_a_shape": [
        3136,
        1024
    ],
    "layer3.5.conv1.learned_b_shape": [
        1024,
        256
    ],
    "layer3.5.conv1.learned_d": 1024,
    "layer3.5.conv1.learned_m": 256,
    "layer3.5.conv1.learned_n": 3136,
    "layer3.5.conv1.mae": 1.085075437927246,
    "layer3.5.conv1.mape": 0.43634855041503906,
    "layer3.5.conv1.mse": 2.0003692141723635,
    "layer3.5.conv1.rows": 16,
    "layer3.5.conv1.scaled_error": 0.03789199119567871,
    "layer3.5.conv1.scaled_shift": 0.001245689374440335,
    "layer3.5.conv1.stored_array_size": 32,
    "top_1_accuracy": 0.7886799573898315,
    "top_5_accuracy": 0.9444399476051331,
    "total_time": 135.36211187578738
}