{
    "halut_layers": "{\"layer2.0.downsample.0\": [64, 16, 8, 2]}",
    "layer2.0.downsample.0.C": 64,
    "layer2.0.downsample.0.H_size": 4,
    "layer2.0.downsample.0.K": 8,
    "layer2.0.downsample.0.L_size": 1048576,
    "layer2.0.downsample.0.encoding_algorithm": 2,
    "layer2.0.downsample.0.learned_a_shape": [
        12544,
        256
    ],
    "layer2.0.downsample.0.learned_b_shape": [
        256,
        512
    ],
    "layer2.0.downsample.0.learned_d": 256,
    "layer2.0.downsample.0.learned_m": 512,
    "layer2.0.downsample.0.learned_n": 12544,
    "layer2.0.downsample.0.mae": 0.4009867943572998,
    "layer2.0.downsample.0.mape": 0.18237648042678833,
    "layer2.0.downsample.0.mse": 0.3405763072967529,
    "layer2.0.downsample.0.rows": 16,
    "layer2.0.downsample.0.scaled_error": 0.020202272589206694,
    "layer2.0.downsample.0.scaled_shift": -0.0016397555522620678,
    "layer2.0.downsample.0.stored_array_size": 32,
    "top_1_accuracy": 0.7892599701881409,
    "top_5_accuracy": 0.9462599754333496,
    "total_time": 184.20733246393502
}