{
    "halut_layers": "{\"layer4.2.conv3\": [8, 128, 16, 0]}",
    "layer4.2.conv3.C": 8,
    "layer4.2.conv3.H_size": 1408,
    "layer4.2.conv3.K": 16,
    "layer4.2.conv3.L_size": 1048576,
    "layer4.2.conv3.encoding_algorithm": 0,
    "layer4.2.conv3.learned_a_shape": [
        6272,
        512
    ],
    "layer4.2.conv3.learned_b_shape": [
        512,
        2048
    ],
    "layer4.2.conv3.learned_d": 512,
    "layer4.2.conv3.learned_m": 2048,
    "layer4.2.conv3.learned_n": 6272,
    "layer4.2.conv3.mae": 0.24836264392852783,
    "layer4.2.conv3.mape": 0.15810511047363282,
    "layer4.2.conv3.mse": 0.13296417226791382,
    "layer4.2.conv3.rows": 128,
    "layer4.2.conv3.scaled_error": 0.048688942470550535,
    "layer4.2.conv3.scaled_shift": 0.025881843017933424,
    "layer4.2.conv3.stored_array_size": 32,
    "top_1_accuracy": 0.7884399890899658,
    "top_5_accuracy": 0.9445399641990662,
    "total_time": 112.1489284671843
}