{
    "halut_layers": "{\"layer3.5.conv1\": [8, 32, 16, 2]}",
    "layer3.5.conv1.C": 8,
    "layer3.5.conv1.H_size": 4,
    "layer3.5.conv1.K": 16,
    "layer3.5.conv1.L_size": 131072,
    "layer3.5.conv1.encoding_algorithm": 2,
    "layer3.5.conv1.learned_a_shape": [
        6272,
        1024
    ],
    "layer3.5.conv1.learned_b_shape": [
        1024,
        256
    ],
    "layer3.5.conv1.learned_d": 1024,
    "layer3.5.conv1.learned_m": 256,
    "layer3.5.conv1.learned_n": 6272,
    "layer3.5.conv1.mae": 1.163250932006836,
    "layer3.5.conv1.mape": 0.44854303741455076,
    "layer3.5.conv1.mse": 2.3362368103027342,
    "layer3.5.conv1.rows": 32,
    "layer3.5.conv1.scaled_error": 0.04062138735771179,
    "layer3.5.conv1.scaled_shift": 0.0026486220975359904,
    "layer3.5.conv1.stored_array_size": 32,
    "top_1_accuracy": 0.781499981880188,
    "top_5_accuracy": 0.9412599802017212,
    "total_time": 89.3074862472713
}