{
    "halut_layers": "{\"layer4.2.conv1\": [32, 256, 32, 1]}",
    "layer4.2.conv1.C": 32,
    "layer4.2.conv1.H_size": 12288,
    "layer4.2.conv1.K": 32,
    "layer4.2.conv1.L_size": 2097152,
    "layer4.2.conv1.encoding_algorithm": 1,
    "layer4.2.conv1.learned_a_shape": [
        12544,
        2048
    ],
    "layer4.2.conv1.learned_b_shape": [
        2048,
        512
    ],
    "layer4.2.conv1.learned_d": 2048,
    "layer4.2.conv1.learned_m": 512,
    "layer4.2.conv1.learned_n": 12544,
    "layer4.2.conv1.mae": 0.8274355516052246,
    "layer4.2.conv1.mape": 0.32533650192260744,
    "layer4.2.conv1.mse": 1.3253918591308593,
    "layer4.2.conv1.rows": 256,
    "layer4.2.conv1.scaled_error": 0.008535639823675155,
    "layer4.2.conv1.scaled_shift": 0.0027100349581986667,
    "layer4.2.conv1.stored_array_size": 32,
    "top_1_accuracy": 0.779699981212616,
    "top_5_accuracy": 0.9361199736595154,
    "total_time": 99.54661494586617
}