{
    "halut_layers": "{\"layer3.0.conv3\": [64, 16, 12, 2]}",
    "layer3.0.conv3.C": 64,
    "layer3.0.conv3.H_size": 4,
    "layer3.0.conv3.K": 12,
    "layer3.0.conv3.L_size": 3145728,
    "layer3.0.conv3.encoding_algorithm": 2,
    "layer3.0.conv3.learned_a_shape": [
        3136,
        256
    ],
    "layer3.0.conv3.learned_b_shape": [
        256,
        1024
    ],
    "layer3.0.conv3.learned_d": 256,
    "layer3.0.conv3.learned_m": 1024,
    "layer3.0.conv3.learned_n": 3136,
    "layer3.0.conv3.mae": 0.3650978630065918,
    "layer3.0.conv3.mape": 0.19176649883270264,
    "layer3.0.conv3.mse": 0.23728295543670655,
    "layer3.0.conv3.rows": 16,
    "layer3.0.conv3.scaled_error": 0.02559266711473465,
    "layer3.0.conv3.scaled_shift": -1.7253545850981025e-05,
    "layer3.0.conv3.stored_array_size": 32,
    "top_1_accuracy": 0.7984199523925781,
    "top_5_accuracy": 0.9492999911308289,
    "total_time": 174.59199997782707
}