{
    "halut_layers": "{\"layer2.3.conv3\": [64, 2, 32, 1]}",
    "layer2.3.conv3.C": 64,
    "layer2.3.conv3.H_size": 24576,
    "layer2.3.conv3.K": 32,
    "layer2.3.conv3.L_size": 4194304,
    "layer2.3.conv3.encoding_algorithm": 1,
    "layer2.3.conv3.learned_a_shape": [
        1568,
        128
    ],
    "layer2.3.conv3.learned_b_shape": [
        128,
        512
    ],
    "layer2.3.conv3.learned_d": 128,
    "layer2.3.conv3.learned_m": 512,
    "layer2.3.conv3.learned_n": 1568,
    "layer2.3.conv3.mae": 0.20756739292144774,
    "layer2.3.conv3.mape": 0.12546897136688231,
    "layer2.3.conv3.mse": 0.08609332209587098,
    "layer2.3.conv3.rows": 2,
    "layer2.3.conv3.scaled_error": 0.01243638571023941,
    "layer2.3.conv3.scaled_shift": 0.0006150377801991999,
    "layer2.3.conv3.stored_array_size": 32,
    "top_1_accuracy": 0.8044399619102478,
    "top_5_accuracy": 0.9520399570465088,
    "total_time": 185.3969135750085
}