{
    "halut_layers": "{\"layer4.0.conv2\": [32, 32, 4, 1]}",
    "layer4.0.conv2.C": 32,
    "layer4.0.conv2.H_size": 1536,
    "layer4.0.conv2.K": 4,
    "layer4.0.conv2.L_size": 262144,
    "layer4.0.conv2.encoding_algorithm": 1,
    "layer4.0.conv2.learned_a_shape": [
        1568,
        4608
    ],
    "layer4.0.conv2.learned_b_shape": [
        4608,
        512
    ],
    "layer4.0.conv2.learned_d": 4608,
    "layer4.0.conv2.learned_m": 512,
    "layer4.0.conv2.learned_n": 1568,
    "layer4.0.conv2.mae": 1.156079483947754,
    "layer4.0.conv2.mape": 0.4770866537475586,
    "layer4.0.conv2.mse": 2.4033623626708986,
    "layer4.0.conv2.rows": 32,
    "layer4.0.conv2.scaled_error": 0.07328060232162475,
    "layer4.0.conv2.scaled_shift": 0.009022297058477997,
    "layer4.0.conv2.stored_array_size": 32,
    "top_1_accuracy": 0.5214200019836426,
    "top_5_accuracy": 0.7981199622154236,
    "total_time": 105.53273337520659
}