{
    "halut_layers": "{\"layer3.5.conv2\": [64, 64, 24, 1]}",
    "layer3.5.conv2.C": 64,
    "layer3.5.conv2.H_size": 24576,
    "layer3.5.conv2.K": 24,
    "layer3.5.conv2.L_size": 1572864,
    "layer3.5.conv2.encoding_algorithm": 1,
    "layer3.5.conv2.learned_a_shape": [
        12544,
        2304
    ],
    "layer3.5.conv2.learned_b_shape": [
        2304,
        256
    ],
    "layer3.5.conv2.learned_d": 2304,
    "layer3.5.conv2.learned_m": 256,
    "layer3.5.conv2.learned_n": 12544,
    "layer3.5.conv2.mae": 0.7126751020812988,
    "layer3.5.conv2.mape": 0.3368377838897705,
    "layer3.5.conv2.mse": 0.9172275305175781,
    "layer3.5.conv2.rows": 64,
    "layer3.5.conv2.scaled_error": 0.049785700340270994,
    "layer3.5.conv2.scaled_shift": 0.0034282785362936556,
    "layer3.5.conv2.stored_array_size": 32,
    "top_1_accuracy": 0.7899799942970276,
    "top_5_accuracy": 0.9458199739456177,
    "total_time": 111.12405424006283
}