{
    "halut_layers": "{\"layer4.2.conv1\": [64, 32, 8, 2]}",
    "layer4.2.conv1.C": 64,
    "layer4.2.conv1.H_size": 4,
    "layer4.2.conv1.K": 8,
    "layer4.2.conv1.L_size": 1048576,
    "layer4.2.conv1.encoding_algorithm": 2,
    "layer4.2.conv1.learned_a_shape": [
        1568,
        2048
    ],
    "layer4.2.conv1.learned_b_shape": [
        2048,
        512
    ],
    "layer4.2.conv1.learned_d": 2048,
    "layer4.2.conv1.learned_m": 512,
    "layer4.2.conv1.learned_n": 1568,
    "layer4.2.conv1.mae": 0.8703129074096679,
    "layer4.2.conv1.mape": 0.3502430933380127,
    "layer4.2.conv1.mse": 1.5302976696777344,
    "layer4.2.conv1.rows": 32,
    "layer4.2.conv1.scaled_error": 0.00897180470943451,
    "layer4.2.conv1.scaled_shift": 0.002225098900869489,
    "layer4.2.conv1.stored_array_size": 32,
    "top_1_accuracy": 0.7795799970626831,
    "top_5_accuracy": 0.9389999508857727,
    "total_time": 118.87769417557865
}