{
    "halut_layers": "{\"layer3.3.conv3\": [64, 32, 64, 2]}",
    "layer3.3.conv3.C": 64,
    "layer3.3.conv3.H_size": 4,
    "layer3.3.conv3.K": 64,
    "layer3.3.conv3.L_size": 16777216,
    "layer3.3.conv3.encoding_algorithm": 2,
    "layer3.3.conv3.learned_a_shape": [
        6272,
        256
    ],
    "layer3.3.conv3.learned_b_shape": [
        256,
        1024
    ],
    "layer3.3.conv3.learned_d": 256,
    "layer3.3.conv3.learned_m": 1024,
    "layer3.3.conv3.learned_n": 6272,
    "layer3.3.conv3.mae": 0.1086452347755432,
    "layer3.3.conv3.mape": 0.07728501008987426,
    "layer3.3.conv3.mse": 0.0205679891204834,
    "layer3.3.conv3.rows": 32,
    "layer3.3.conv3.scaled_error": 0.005551471011638641,
    "layer3.3.conv3.scaled_shift": 0.00015128378512585186,
    "layer3.3.conv3.stored_array_size": 32,
    "top_1_accuracy": 0.8071799874305725,
    "top_5_accuracy": 0.9542399644851685,
    "total_time": 295.2845200076699
}