{
    "halut_layers": "{\"layer3.0.conv3\": [32, 1, 24, 1]}",
    "layer3.0.conv3.C": 32,
    "layer3.0.conv3.H_size": 12288,
    "layer3.0.conv3.K": 24,
    "layer3.0.conv3.L_size": 3145728,
    "layer3.0.conv3.encoding_algorithm": 1,
    "layer3.0.conv3.learned_a_shape": [
        196,
        256
    ],
    "layer3.0.conv3.learned_b_shape": [
        256,
        1024
    ],
    "layer3.0.conv3.learned_d": 256,
    "layer3.0.conv3.learned_m": 1024,
    "layer3.0.conv3.learned_n": 196,
    "layer3.0.conv3.mae": 0.7746832043457031,
    "layer3.0.conv3.mape": 0.39955146896362304,
    "layer3.0.conv3.mse": 1.0450548350524902,
    "layer3.0.conv3.rows": 1,
    "layer3.0.conv3.scaled_error": 0.05430748274326325,
    "layer3.0.conv3.scaled_shift": 0.004199441200196743,
    "layer3.0.conv3.stored_array_size": 32,
    "top_1_accuracy": 0.588919997215271,
    "top_5_accuracy": 0.8063799738883972,
    "total_time": 149.37598031759262
}