{
    "halut_layers": "{\"layer4.0.conv3\": [64, 32, 32, 2]}",
    "layer4.0.conv3.C": 64,
    "layer4.0.conv3.H_size": 4,
    "layer4.0.conv3.K": 32,
    "layer4.0.conv3.L_size": 16777216,
    "layer4.0.conv3.encoding_algorithm": 2,
    "layer4.0.conv3.learned_a_shape": [
        1568,
        512
    ],
    "layer4.0.conv3.learned_b_shape": [
        512,
        2048
    ],
    "layer4.0.conv3.learned_d": 512,
    "layer4.0.conv3.learned_m": 2048,
    "layer4.0.conv3.learned_n": 1568,
    "layer4.0.conv3.mae": 0.46109945251464846,
    "layer4.0.conv3.mape": 0.27724558715820313,
    "layer4.0.conv3.mse": 0.35493206924438475,
    "layer4.0.conv3.rows": 32,
    "layer4.0.conv3.scaled_error": 0.040624710445404055,
    "layer4.0.conv3.scaled_shift": 0.0003778358988836408,
    "layer4.0.conv3.stored_array_size": 32,
    "top_1_accuracy": 0.7800599932670593,
    "top_5_accuracy": 0.941819965839386,
    "total_time": 179.03022142406553
}