{
    "halut_layers": "{\"layer4.2.conv1\": [8, 256, 12, 2]}",
    "layer4.2.conv1.C": 8,
    "layer4.2.conv1.H_size": 4,
    "layer4.2.conv1.K": 12,
    "layer4.2.conv1.L_size": 196608,
    "layer4.2.conv1.encoding_algorithm": 2,
    "layer4.2.conv1.learned_a_shape": [
        12544,
        2048
    ],
    "layer4.2.conv1.learned_b_shape": [
        2048,
        512
    ],
    "layer4.2.conv1.learned_d": 2048,
    "layer4.2.conv1.learned_m": 512,
    "layer4.2.conv1.learned_n": 12544,
    "layer4.2.conv1.mae": 0.9700118778991699,
    "layer4.2.conv1.mape": 0.3736231351470947,
    "layer4.2.conv1.mse": 1.837794998474121,
    "layer4.2.conv1.rows": 256,
    "layer4.2.conv1.scaled_error": 0.010001148780584335,
    "layer4.2.conv1.scaled_shift": 0.0027097953015938403,
    "layer4.2.conv1.stored_array_size": 32,
    "top_1_accuracy": 0.7790799736976624,
    "top_5_accuracy": 0.9365999698638916,
    "total_time": 101.68926850147545
}