{
    "halut_layers": "{\"layer3.0.conv2\": [8, 8, 16, 0]}",
    "layer3.0.conv2.C": 8,
    "layer3.0.conv2.H_size": 1408,
    "layer3.0.conv2.K": 16,
    "layer3.0.conv2.L_size": 131072,
    "layer3.0.conv2.encoding_algorithm": 0,
    "layer3.0.conv2.learned_a_shape": [
        1568,
        2304
    ],
    "layer3.0.conv2.learned_b_shape": [
        2304,
        256
    ],
    "layer3.0.conv2.learned_d": 2304,
    "layer3.0.conv2.learned_m": 256,
    "layer3.0.conv2.learned_n": 1568,
    "layer3.0.conv2.mae": 1.9058667056274414,
    "layer3.0.conv2.mape": 0.6328960968780517,
    "layer3.0.conv2.mse": 6.584046623535157,
    "layer3.0.conv2.rows": 8,
    "layer3.0.conv2.scaled_error": 0.0562841864490509,
    "layer3.0.conv2.scaled_shift": -0.001498459731559269,
    "layer3.0.conv2.stored_array_size": 32,
    "top_1_accuracy": 0.4067399799823761,
    "top_5_accuracy": 0.6434199810028076,
    "total_time": 90.46745410002768
}