{
    "halut_layers": "{\"layer4.0.conv3\": [8, 64, 16, 2]}",
    "layer4.0.conv3.C": 8,
    "layer4.0.conv3.H_size": 4,
    "layer4.0.conv3.K": 16,
    "layer4.0.conv3.L_size": 1048576,
    "layer4.0.conv3.encoding_algorithm": 2,
    "layer4.0.conv3.learned_a_shape": [
        3136,
        512
    ],
    "layer4.0.conv3.learned_b_shape": [
        512,
        2048
    ],
    "layer4.0.conv3.learned_d": 512,
    "layer4.0.conv3.learned_m": 2048,
    "layer4.0.conv3.learned_n": 3136,
    "layer4.0.conv3.mae": 0.4939319190979004,
    "layer4.0.conv3.mape": 0.2783149508666992,
    "layer4.0.conv3.mse": 0.4368932556152344,
    "layer4.0.conv3.rows": 64,
    "layer4.0.conv3.scaled_error": 0.0435011434841156,
    "layer4.0.conv3.scaled_shift": 0.0027656865733861925,
    "layer4.0.conv3.stored_array_size": 32,
    "top_1_accuracy": 0.5092599987983704,
    "top_5_accuracy": 0.7659599781036377,
    "total_time": 119.15554173197597
}