{
    "halut_layers": "{\"layer3.0.conv3\": [64, 2, 8, 1]}",
    "layer3.0.conv3.C": 64,
    "layer3.0.conv3.H_size": 6144,
    "layer3.0.conv3.K": 8,
    "layer3.0.conv3.L_size": 2097152,
    "layer3.0.conv3.encoding_algorithm": 1,
    "layer3.0.conv3.learned_a_shape": [
        392,
        256
    ],
    "layer3.0.conv3.learned_b_shape": [
        256,
        1024
    ],
    "layer3.0.conv3.learned_d": 256,
    "layer3.0.conv3.learned_m": 1024,
    "layer3.0.conv3.learned_n": 392,
    "layer3.0.conv3.mae": 0.7128414231872559,
    "layer3.0.conv3.mape": 0.37393613708496093,
    "layer3.0.conv3.mse": 0.8764322581481934,
    "layer3.0.conv3.rows": 2,
    "layer3.0.conv3.scaled_error": 0.05001058300971985,
    "layer3.0.conv3.scaled_shift": 0.0031349805876612663,
    "layer3.0.conv3.stored_array_size": 32,
    "top_1_accuracy": 0.7272799611091614,
    "top_5_accuracy": 0.9136799573898315,
    "total_time": 147.0882287491113
}