{
    "halut_layers": "{\"layer2.3.conv3\": [64, 16, 8, 0]}",
    "layer2.3.conv3.C": 64,
    "layer2.3.conv3.H_size": 5376,
    "layer2.3.conv3.K": 8,
    "layer2.3.conv3.L_size": 1048576,
    "layer2.3.conv3.encoding_algorithm": 0,
    "layer2.3.conv3.learned_a_shape": [
        12544,
        128
    ],
    "layer2.3.conv3.learned_b_shape": [
        128,
        512
    ],
    "layer2.3.conv3.learned_d": 128,
    "layer2.3.conv3.learned_m": 512,
    "layer2.3.conv3.learned_n": 12544,
    "layer2.3.conv3.mae": 1.0323808291625975,
    "layer2.3.conv3.mape": 0.6513094194793702,
    "layer2.3.conv3.mse": 1.8951966781616212,
    "layer2.3.conv3.rows": 16,
    "layer2.3.conv3.scaled_error": 0.06199863157749176,
    "layer2.3.conv3.scaled_shift": -0.032641034860610964,
    "layer2.3.conv3.stored_array_size": 32,
    "top_1_accuracy": 0.5517399907112122,
    "top_5_accuracy": 0.7735799551010132,
    "total_time": 169.76079136878252
}