{
    "halut_layers": "{\"layer1.0.conv2\": [8, 16, 4, 2]}",
    "layer1.0.conv2.C": 8,
    "layer1.0.conv2.H_size": 4,
    "layer1.0.conv2.K": 4,
    "layer1.0.conv2.L_size": 8192,
    "layer1.0.conv2.encoding_algorithm": 2,
    "layer1.0.conv2.learned_a_shape": [
        50176,
        576
    ],
    "layer1.0.conv2.learned_b_shape": [
        576,
        64
    ],
    "layer1.0.conv2.learned_d": 576,
    "layer1.0.conv2.learned_m": 64,
    "layer1.0.conv2.learned_n": 50176,
    "layer1.0.conv2.mae": 1.7641181985473633,
    "layer1.0.conv2.mape": 0.40900932872772217,
    "layer1.0.conv2.mse": 7.512205411376953,
    "layer1.0.conv2.rows": 16,
    "layer1.0.conv2.scaled_error": 0.03661312006473541,
    "layer1.0.conv2.scaled_shift": -0.0004620050739729777,
    "layer1.0.conv2.stored_array_size": 32,
    "top_1_accuracy": 0.7351799607276917,
    "top_5_accuracy": 0.9149999618530273,
    "total_time": 139.24059255979955
}