{
    "halut_layers": "{\"layer4.2.conv1\": [16, 256, 4, 2]}",
    "layer4.2.conv1.C": 16,
    "layer4.2.conv1.H_size": 4,
    "layer4.2.conv1.K": 4,
    "layer4.2.conv1.L_size": 131072,
    "layer4.2.conv1.encoding_algorithm": 2,
    "layer4.2.conv1.learned_a_shape": [
        12544,
        2048
    ],
    "layer4.2.conv1.learned_b_shape": [
        2048,
        512
    ],
    "layer4.2.conv1.learned_d": 2048,
    "layer4.2.conv1.learned_m": 512,
    "layer4.2.conv1.learned_n": 12544,
    "layer4.2.conv1.mae": 0.9795509840393066,
    "layer4.2.conv1.mape": 0.38637282333374023,
    "layer4.2.conv1.mse": 1.8507075411987304,
    "layer4.2.conv1.rows": 256,
    "layer4.2.conv1.scaled_error": 0.010095246320962906,
    "layer4.2.conv1.scaled_shift": 0.0021453487263154237,
    "layer4.2.conv1.stored_array_size": 32,
    "top_1_accuracy": 0.7792199850082397,
    "top_5_accuracy": 0.9378799796104431,
    "total_time": 107.09807081893086
}