{
    "halut_layers": "{\"layer4.2.conv1\": [8, 64, 32, 0]}",
    "layer4.2.conv1.C": 8,
    "layer4.2.conv1.H_size": 3040,
    "layer4.2.conv1.K": 32,
    "layer4.2.conv1.L_size": 524288,
    "layer4.2.conv1.encoding_algorithm": 0,
    "layer4.2.conv1.learned_a_shape": [
        3136,
        2048
    ],
    "layer4.2.conv1.learned_b_shape": [
        2048,
        512
    ],
    "layer4.2.conv1.learned_d": 2048,
    "layer4.2.conv1.learned_m": 512,
    "layer4.2.conv1.learned_n": 3136,
    "layer4.2.conv1.mae": 3.6236792095947266,
    "layer4.2.conv1.mape": 1.8008376425170898,
    "layer4.2.conv1.mse": 19.867757573242187,
    "layer4.2.conv1.rows": 64,
    "layer4.2.conv1.scaled_error": 0.03732048179626465,
    "layer4.2.conv1.scaled_shift": -0.02939536576271057,
    "layer4.2.conv1.stored_array_size": 32,
    "top_1_accuracy": 0.5468599796295166,
    "top_5_accuracy": 0.69132000207901,
    "total_time": 97.2311894679442
}