{
    "halut_layers": "{\"layer4.0.conv3\": [8, 128, 16, 1]}",
    "layer4.0.conv3.C": 8,
    "layer4.0.conv3.H_size": 1536,
    "layer4.0.conv3.K": 16,
    "layer4.0.conv3.L_size": 1048576,
    "layer4.0.conv3.encoding_algorithm": 1,
    "layer4.0.conv3.learned_a_shape": [
        6272,
        512
    ],
    "layer4.0.conv3.learned_b_shape": [
        512,
        2048
    ],
    "layer4.0.conv3.learned_d": 512,
    "layer4.0.conv3.learned_m": 2048,
    "layer4.0.conv3.learned_n": 6272,
    "layer4.0.conv3.mae": 0.5048349950408936,
    "layer4.0.conv3.mape": 0.2801196584320068,
    "layer4.0.conv3.mse": 0.4593441979217529,
    "layer4.0.conv3.rows": 128,
    "layer4.0.conv3.scaled_error": 0.04445683266639709,
    "layer4.0.conv3.scaled_shift": 0.0035342092093260725,
    "layer4.0.conv3.stored_array_size": 32,
    "top_1_accuracy": 0.4398599863052368,
    "top_5_accuracy": 0.6927399635314941,
    "total_time": 116.22200836986303
}