{
    "halut_layers": "{\"layer2.3.conv3\": [8, 2, 64, 2]}",
    "layer2.3.conv3.C": 8,
    "layer2.3.conv3.H_size": 4,
    "layer2.3.conv3.K": 64,
    "layer2.3.conv3.L_size": 1048576,
    "layer2.3.conv3.encoding_algorithm": 2,
    "layer2.3.conv3.learned_a_shape": [
        1568,
        128
    ],
    "layer2.3.conv3.learned_b_shape": [
        128,
        512
    ],
    "layer2.3.conv3.learned_d": 128,
    "layer2.3.conv3.learned_m": 512,
    "layer2.3.conv3.learned_n": 1568,
    "layer2.3.conv3.mae": 0.2838432112121582,
    "layer2.3.conv3.mape": 0.16991378030776977,
    "layer2.3.conv3.mse": 0.15467755374908448,
    "layer2.3.conv3.rows": 2,
    "layer2.3.conv3.scaled_error": 0.0170071399307251,
    "layer2.3.conv3.scaled_shift": 0.0008053053785325028,
    "layer2.3.conv3.stored_array_size": 32,
    "top_1_accuracy": 0.8014799952507019,
    "top_5_accuracy": 0.9509599804878235,
    "total_time": 185.51963328383863
}