{
    "halut_layers": "{\"layer3.0.conv1\": [32, 16, 32, 2]}",
    "layer3.0.conv1.C": 32,
    "layer3.0.conv1.H_size": 4,
    "layer3.0.conv1.K": 32,
    "layer3.0.conv1.L_size": 1048576,
    "layer3.0.conv1.encoding_algorithm": 2,
    "layer3.0.conv1.learned_a_shape": [
        12544,
        512
    ],
    "layer3.0.conv1.learned_b_shape": [
        512,
        256
    ],
    "layer3.0.conv1.learned_d": 512,
    "layer3.0.conv1.learned_m": 256,
    "layer3.0.conv1.learned_n": 12544,
    "layer3.0.conv1.mae": 1.01950480758667,
    "layer3.0.conv1.mape": 0.381583900718689,
    "layer3.0.conv1.mse": 1.7420480886840821,
    "layer3.0.conv1.rows": 16,
    "layer3.0.conv1.scaled_error": 0.020724175238609314,
    "layer3.0.conv1.scaled_shift": -0.001489950025342405,
    "layer3.0.conv1.stored_array_size": 32,
    "top_1_accuracy": 0.7930799722671509,
    "top_5_accuracy": 0.9467200040817261,
    "total_time": 218.19598843436688
}