{
    "halut_layers": "{\"layer3.0.conv3\": [32, 4, 24, 2]}",
    "layer3.0.conv3.C": 32,
    "layer3.0.conv3.H_size": 4,
    "layer3.0.conv3.K": 24,
    "layer3.0.conv3.L_size": 3145728,
    "layer3.0.conv3.encoding_algorithm": 2,
    "layer3.0.conv3.learned_a_shape": [
        784,
        256
    ],
    "layer3.0.conv3.learned_b_shape": [
        256,
        1024
    ],
    "layer3.0.conv3.learned_d": 256,
    "layer3.0.conv3.learned_m": 1024,
    "layer3.0.conv3.learned_n": 784,
    "layer3.0.conv3.mae": 0.6242902932739258,
    "layer3.0.conv3.mape": 0.3285472165679932,
    "layer3.0.conv3.mse": 0.6791664601135254,
    "layer3.0.conv3.rows": 4,
    "layer3.0.conv3.scaled_error": 0.04378184937000275,
    "layer3.0.conv3.scaled_shift": 0.0013518518506659893,
    "layer3.0.conv3.stored_array_size": 32,
    "top_1_accuracy": 0.7717399597167969,
    "top_5_accuracy": 0.9378399848937988,
    "total_time": 169.34346087649465
}