{
    "halut_layers": "{\"layer4.0.conv3\": [16, 256, 64, 2]}",
    "layer4.0.conv3.C": 16,
    "layer4.0.conv3.H_size": 4,
    "layer4.0.conv3.K": 64,
    "layer4.0.conv3.L_size": 8388608,
    "layer4.0.conv3.encoding_algorithm": 2,
    "layer4.0.conv3.learned_a_shape": [
        12544,
        512
    ],
    "layer4.0.conv3.learned_b_shape": [
        512,
        2048
    ],
    "layer4.0.conv3.learned_d": 512,
    "layer4.0.conv3.learned_m": 2048,
    "layer4.0.conv3.learned_n": 12544,
    "layer4.0.conv3.mae": 0.42524994819641115,
    "layer4.0.conv3.mape": 0.2477837526702881,
    "layer4.0.conv3.mse": 0.3219360216140747,
    "layer4.0.conv3.rows": 256,
    "layer4.0.conv3.scaled_error": 0.037450553827285765,
    "layer4.0.conv3.scaled_shift": -0.0010016672374121845,
    "layer4.0.conv3.stored_array_size": 32,
    "top_1_accuracy": 0.7230799794197083,
    "top_5_accuracy": 0.9125799536705017,
    "total_time": 141.57410880550742
}