{
    "halut_layers": "{\"layer4.2.conv1\": [32, 64, 24, 2]}",
    "layer4.2.conv1.C": 32,
    "layer4.2.conv1.H_size": 4,
    "layer4.2.conv1.K": 24,
    "layer4.2.conv1.L_size": 1572864,
    "layer4.2.conv1.encoding_algorithm": 2,
    "layer4.2.conv1.learned_a_shape": [
        3136,
        2048
    ],
    "layer4.2.conv1.learned_b_shape": [
        2048,
        512
    ],
    "layer4.2.conv1.learned_d": 2048,
    "layer4.2.conv1.learned_m": 512,
    "layer4.2.conv1.learned_n": 3136,
    "layer4.2.conv1.mae": 0.8289580052185058,
    "layer4.2.conv1.mape": 0.3402360855484009,
    "layer4.2.conv1.mse": 1.346585627746582,
    "layer4.2.conv1.rows": 64,
    "layer4.2.conv1.scaled_error": 0.008546890248060227,
    "layer4.2.conv1.scaled_shift": 0.0016104315864667296,
    "layer4.2.conv1.stored_array_size": 32,
    "top_1_accuracy": 0.7770999670028687,
    "top_5_accuracy": 0.9392399787902832,
    "total_time": 120.75505457166582
}