{
    "halut_layers": "{\"layer2.3.conv3\": [8, 16, 24, 2]}",
    "layer2.3.conv3.C": 8,
    "layer2.3.conv3.H_size": 4,
    "layer2.3.conv3.K": 24,
    "layer2.3.conv3.L_size": 393216,
    "layer2.3.conv3.encoding_algorithm": 2,
    "layer2.3.conv3.learned_a_shape": [
        12544,
        128
    ],
    "layer2.3.conv3.learned_b_shape": [
        128,
        512
    ],
    "layer2.3.conv3.learned_d": 128,
    "layer2.3.conv3.learned_m": 512,
    "layer2.3.conv3.learned_n": 12544,
    "layer2.3.conv3.mae": 0.2684762493133545,
    "layer2.3.conv3.mape": 0.1600442706680298,
    "layer2.3.conv3.mse": 0.13880418415069581,
    "layer2.3.conv3.rows": 16,
    "layer2.3.conv3.scaled_error": 0.01608074574947357,
    "layer2.3.conv3.scaled_shift": -0.00048264571319614334,
    "layer2.3.conv3.stored_array_size": 32,
    "top_1_accuracy": 0.7999199628829956,
    "top_5_accuracy": 0.9494400024414062,
    "total_time": 169.23633631691337
}