{
    "halut_layers": "{\"layer2.0.downsample.0\": [32, 16, 16, 2]}",
    "layer2.0.downsample.0.C": 32,
    "layer2.0.downsample.0.H_size": 4,
    "layer2.0.downsample.0.K": 16,
    "layer2.0.downsample.0.L_size": 1048576,
    "layer2.0.downsample.0.encoding_algorithm": 2,
    "layer2.0.downsample.0.learned_a_shape": [
        12544,
        256
    ],
    "layer2.0.downsample.0.learned_b_shape": [
        256,
        512
    ],
    "layer2.0.downsample.0.learned_d": 256,
    "layer2.0.downsample.0.learned_m": 512,
    "layer2.0.downsample.0.learned_n": 12544,
    "layer2.0.downsample.0.mae": 0.4734777992248535,
    "layer2.0.downsample.0.mape": 0.2137602081680298,
    "layer2.0.downsample.0.mse": 0.48365269065856936,
    "layer2.0.downsample.0.rows": 16,
    "layer2.0.downsample.0.scaled_error": 0.02385568624973297,
    "layer2.0.downsample.0.scaled_shift": -0.001760895100235939,
    "layer2.0.downsample.0.stored_array_size": 32,
    "top_1_accuracy": 0.769819974899292,
    "top_5_accuracy": 0.9369799494743347,
    "total_time": 205.35364444367588
}