{
    "halut_layers": "{\"layer4.2.conv3\": [16, 32, 24, 2]}",
    "layer4.2.conv3.C": 16,
    "layer4.2.conv3.H_size": 4,
    "layer4.2.conv3.K": 24,
    "layer4.2.conv3.L_size": 3145728,
    "layer4.2.conv3.encoding_algorithm": 2,
    "layer4.2.conv3.learned_a_shape": [
        1568,
        512
    ],
    "layer4.2.conv3.learned_b_shape": [
        512,
        2048
    ],
    "layer4.2.conv3.learned_d": 512,
    "layer4.2.conv3.learned_m": 2048,
    "layer4.2.conv3.learned_n": 1568,
    "layer4.2.conv3.mae": 0.23422150787353516,
    "layer4.2.conv3.mape": 0.1545004328727722,
    "layer4.2.conv3.mse": 0.1168055428314209,
    "layer4.2.conv3.rows": 32,
    "layer4.2.conv3.scaled_error": 0.04596660548686981,
    "layer4.2.conv3.scaled_shift": 0.01864393970310688,
    "layer4.2.conv3.stored_array_size": 32,
    "top_1_accuracy": 0.7898799777030945,
    "top_5_accuracy": 0.944379985332489,
    "total_time": 124.55151638016105
}