{
    "halut_layers": "{\"layer4.2.conv3\": [32, 256, 16, 2]}",
    "layer4.2.conv3.C": 32,
    "layer4.2.conv3.H_size": 4,
    "layer4.2.conv3.K": 16,
    "layer4.2.conv3.L_size": 4194304,
    "layer4.2.conv3.encoding_algorithm": 2,
    "layer4.2.conv3.learned_a_shape": [
        12544,
        512
    ],
    "layer4.2.conv3.learned_b_shape": [
        512,
        2048
    ],
    "layer4.2.conv3.learned_d": 512,
    "layer4.2.conv3.learned_m": 2048,
    "layer4.2.conv3.learned_n": 12544,
    "layer4.2.conv3.mae": 0.19138423824310302,
    "layer4.2.conv3.mape": 0.12844757711410523,
    "layer4.2.conv3.mse": 0.0765942607975006,
    "layer4.2.conv3.rows": 256,
    "layer4.2.conv3.scaled_error": 0.03755724071979523,
    "layer4.2.conv3.scaled_shift": 0.007909395744325594,
    "layer4.2.conv3.stored_array_size": 32,
    "top_1_accuracy": 0.7933799624443054,
    "top_5_accuracy": 0.9465999603271484,
    "total_time": 131.54492343124002
}