{
    "halut_layers": "{\"layer3.0.conv2\": [8, 32, 8, 1]}",
    "layer3.0.conv2.C": 8,
    "layer3.0.conv2.H_size": 768,
    "layer3.0.conv2.K": 8,
    "layer3.0.conv2.L_size": 65536,
    "layer3.0.conv2.encoding_algorithm": 1,
    "layer3.0.conv2.learned_a_shape": [
        6272,
        2304
    ],
    "layer3.0.conv2.learned_b_shape": [
        2304,
        256
    ],
    "layer3.0.conv2.learned_d": 2304,
    "layer3.0.conv2.learned_m": 256,
    "layer3.0.conv2.learned_n": 6272,
    "layer3.0.conv2.mae": 1.864452533569336,
    "layer3.0.conv2.mape": 0.6042371715545655,
    "layer3.0.conv2.mse": 6.335140834960938,
    "layer3.0.conv2.rows": 32,
    "layer3.0.conv2.scaled_error": 0.05506375547409058,
    "layer3.0.conv2.scaled_shift": -0.0005184972652509169,
    "layer3.0.conv2.stored_array_size": 32,
    "top_1_accuracy": 0.43347999453544617,
    "top_5_accuracy": 0.6741200089454651,
    "total_time": 85.21518119238317
}