{
    "halut_layers": "{\"layer4.2.conv1\": [16, 32, 8, 0]}",
    "layer4.2.conv1.C": 16,
    "layer4.2.conv1.H_size": 1344,
    "layer4.2.conv1.K": 8,
    "layer4.2.conv1.L_size": 262144,
    "layer4.2.conv1.encoding_algorithm": 0,
    "layer4.2.conv1.learned_a_shape": [
        1568,
        2048
    ],
    "layer4.2.conv1.learned_b_shape": [
        2048,
        512
    ],
    "layer4.2.conv1.learned_d": 2048,
    "layer4.2.conv1.learned_m": 512,
    "layer4.2.conv1.learned_n": 1568,
    "layer4.2.conv1.mae": 5.187423719482422,
    "layer4.2.conv1.mape": 2.5997710018920897,
    "layer4.2.conv1.mse": 40.63430921386719,
    "layer4.2.conv1.rows": 32,
    "layer4.2.conv1.scaled_error": 0.05342430906295776,
    "layer4.2.conv1.scaled_shift": -0.04031901039123535,
    "layer4.2.conv1.stored_array_size": 32,
    "top_1_accuracy": 0.7659800052642822,
    "top_5_accuracy": 0.9298999905586243,
    "total_time": 99.9440138079226
}