{
    "halut_layers": "{\"layer4.1.conv1\": [32, 256, 16, 1]}",
    "layer4.1.conv1.C": 32,
    "layer4.1.conv1.H_size": 6144,
    "layer4.1.conv1.K": 16,
    "layer4.1.conv1.L_size": 1048576,
    "layer4.1.conv1.encoding_algorithm": 1,
    "layer4.1.conv1.learned_a_shape": [
        12544,
        2048
    ],
    "layer4.1.conv1.learned_b_shape": [
        2048,
        512
    ],
    "layer4.1.conv1.learned_d": 2048,
    "layer4.1.conv1.learned_m": 512,
    "layer4.1.conv1.learned_n": 12544,
    "layer4.1.conv1.mae": 1.2245163833618165,
    "layer4.1.conv1.mape": 0.44178981216430663,
    "layer4.1.conv1.mse": 2.783664118347168,
    "layer4.1.conv1.rows": 256,
    "layer4.1.conv1.scaled_error": 0.017604651553630828,
    "layer4.1.conv1.scaled_shift": 0.0030005598537623883,
    "layer4.1.conv1.stored_array_size": 32,
    "top_1_accuracy": 0.6844599843025208,
    "top_5_accuracy": 0.8819400072097778,
    "total_time": 101.64466407895088
}