{
    "halut_layers": "{\"layer1.0.conv2\": [64, 8, 4, 2]}",
    "layer1.0.conv2.C": 64,
    "layer1.0.conv2.H_size": 4,
    "layer1.0.conv2.K": 4,
    "layer1.0.conv2.L_size": 65536,
    "layer1.0.conv2.encoding_algorithm": 2,
    "layer1.0.conv2.learned_a_shape": [
        25088,
        576
    ],
    "layer1.0.conv2.learned_b_shape": [
        576,
        64
    ],
    "layer1.0.conv2.learned_d": 576,
    "layer1.0.conv2.learned_m": 64,
    "layer1.0.conv2.learned_n": 25088,
    "layer1.0.conv2.mae": 1.3064064822387695,
    "layer1.0.conv2.mape": 0.29774850830078126,
    "layer1.0.conv2.mse": 4.254484346923828,
    "layer1.0.conv2.rows": 8,
    "layer1.0.conv2.scaled_error": 0.027129040932655335,
    "layer1.0.conv2.scaled_shift": -0.0003326779730536509,
    "layer1.0.conv2.stored_array_size": 32,
    "top_1_accuracy": 0.7718200087547302,
    "top_5_accuracy": 0.9368399977684021,
    "total_time": 189.23515799827874
}