{
    "halut_layers": "{\"layer2.0.conv1\": [32, 16, 8, 2]}",
    "layer2.0.conv1.C": 32,
    "layer2.0.conv1.H_size": 4,
    "layer2.0.conv1.K": 8,
    "layer2.0.conv1.L_size": 131072,
    "layer2.0.conv1.encoding_algorithm": 2,
    "layer2.0.conv1.learned_a_shape": [
        50176,
        256
    ],
    "layer2.0.conv1.learned_b_shape": [
        256,
        128
    ],
    "layer2.0.conv1.learned_d": 256,
    "layer2.0.conv1.learned_m": 128,
    "layer2.0.conv1.learned_n": 50176,
    "layer2.0.conv1.mae": 1.0478181031799316,
    "layer2.0.conv1.mape": 0.3812904690170288,
    "layer2.0.conv1.mse": 1.9027580270385742,
    "layer2.0.conv1.rows": 16,
    "layer2.0.conv1.scaled_error": 0.025887029678821564,
    "layer2.0.conv1.scaled_shift": -0.0009283375977084507,
    "layer2.0.conv1.stored_array_size": 32,
    "top_1_accuracy": 0.7803999781608582,
    "top_5_accuracy": 0.9401199817657471,
    "total_time": 266.5782353337854
}