{
    "halut_layers": "{\"layer2.0.conv2\": [64, 16, 32, 0]}",
    "layer2.0.conv2.C": 64,
    "layer2.0.conv2.H_size": 24320,
    "layer2.0.conv2.K": 32,
    "layer2.0.conv2.L_size": 1048576,
    "layer2.0.conv2.encoding_algorithm": 0,
    "layer2.0.conv2.learned_a_shape": [
        12544,
        1152
    ],
    "layer2.0.conv2.learned_b_shape": [
        1152,
        128
    ],
    "layer2.0.conv2.learned_d": 1152,
    "layer2.0.conv2.learned_m": 128,
    "layer2.0.conv2.learned_n": 12544,
    "layer2.0.conv2.mae": 6.341220846557617,
    "layer2.0.conv2.mape": 2.2466949465942383,
    "layer2.0.conv2.mse": 66.27355048828124,
    "layer2.0.conv2.rows": 16,
    "layer2.0.conv2.scaled_error": 0.1419486226272583,
    "layer2.0.conv2.scaled_shift": 8.675938560976646e-05,
    "layer2.0.conv2.stored_array_size": 32,
    "top_1_accuracy": 0.006619999650865793,
    "top_5_accuracy": 0.024779999628663063,
    "total_time": 104.22434856928885
}