{
    "halut_layers": "{\"layer4.2.conv3\": [32, 32, 32, 0]}",
    "layer4.2.conv3.C": 32,
    "layer4.2.conv3.H_size": 12160,
    "layer4.2.conv3.K": 32,
    "layer4.2.conv3.L_size": 8388608,
    "layer4.2.conv3.encoding_algorithm": 0,
    "layer4.2.conv3.learned_a_shape": [
        1568,
        512
    ],
    "layer4.2.conv3.learned_b_shape": [
        512,
        2048
    ],
    "layer4.2.conv3.learned_d": 512,
    "layer4.2.conv3.learned_m": 2048,
    "layer4.2.conv3.learned_n": 1568,
    "layer4.2.conv3.mae": 0.6082221574401856,
    "layer4.2.conv3.mape": 0.4572792394256592,
    "layer4.2.conv3.mse": 0.5655187251281738,
    "layer4.2.conv3.rows": 32,
    "layer4.2.conv3.scaled_error": 0.12026048797607422,
    "layer4.2.conv3.scaled_shift": -0.08738398838043213,
    "layer4.2.conv3.stored_array_size": 32,
    "top_1_accuracy": 0.7074199914932251,
    "top_5_accuracy": 0.8924599885940552,
    "total_time": 118.87310153618455
}