{
    "halut_layers": "{\"layer1.1.conv3\": [8, 8, 8, 2]}",
    "layer1.1.conv3.C": 8,
    "layer1.1.conv3.H_size": 4,
    "layer1.1.conv3.K": 8,
    "layer1.1.conv3.L_size": 65536,
    "layer1.1.conv3.encoding_algorithm": 2,
    "layer1.1.conv3.learned_a_shape": [
        25088,
        64
    ],
    "layer1.1.conv3.learned_b_shape": [
        64,
        256
    ],
    "layer1.1.conv3.learned_d": 64,
    "layer1.1.conv3.learned_m": 256,
    "layer1.1.conv3.learned_n": 25088,
    "layer1.1.conv3.mae": 0.4636762258911133,
    "layer1.1.conv3.mape": 0.20883241664886473,
    "layer1.1.conv3.mse": 0.4323690131378174,
    "layer1.1.conv3.rows": 8,
    "layer1.1.conv3.scaled_error": 0.027140275297164916,
    "layer1.1.conv3.scaled_shift": -0.0006696257875254377,
    "layer1.1.conv3.stored_array_size": 32,
    "top_1_accuracy": 0.7878999710083008,
    "top_5_accuracy": 0.9452799558639526,
    "total_time": 258.22994487546384
}