{
    "halut_layers": "{\"layer3.3.conv3\": [8, 8, 12, 2]}",
    "layer3.3.conv3.C": 8,
    "layer3.3.conv3.H_size": 4,
    "layer3.3.conv3.K": 12,
    "layer3.3.conv3.L_size": 393216,
    "layer3.3.conv3.encoding_algorithm": 2,
    "layer3.3.conv3.learned_a_shape": [
        1568,
        256
    ],
    "layer3.3.conv3.learned_b_shape": [
        256,
        1024
    ],
    "layer3.3.conv3.learned_d": 256,
    "layer3.3.conv3.learned_m": 1024,
    "layer3.3.conv3.learned_n": 1568,
    "layer3.3.conv3.mae": 0.25778484241485594,
    "layer3.3.conv3.mape": 0.17622623798370363,
    "layer3.3.conv3.mse": 0.11668738138198853,
    "layer3.3.conv3.rows": 8,
    "layer3.3.conv3.scaled_error": 0.013174575638771058,
    "layer3.3.conv3.scaled_shift": 0.0008832893646974117,
    "layer3.3.conv3.stored_array_size": 32,
    "top_1_accuracy": 0.7962200045585632,
    "top_5_accuracy": 0.9480199813842773,
    "total_time": 120.1561627369374
}