{
    "halut_layers": "{\"layer4.2.conv3\": [32, 64, 16, 2]}",
    "layer4.2.conv3.C": 32,
    "layer4.2.conv3.H_size": 4,
    "layer4.2.conv3.K": 16,
    "layer4.2.conv3.L_size": 4194304,
    "layer4.2.conv3.encoding_algorithm": 2,
    "layer4.2.conv3.learned_a_shape": [
        3136,
        512
    ],
    "layer4.2.conv3.learned_b_shape": [
        512,
        2048
    ],
    "layer4.2.conv3.learned_d": 512,
    "layer4.2.conv3.learned_m": 2048,
    "layer4.2.conv3.learned_n": 3136,
    "layer4.2.conv3.mae": 0.2143879239654541,
    "layer4.2.conv3.mape": 0.14102998603820802,
    "layer4.2.conv3.mse": 0.10093174657821655,
    "layer4.2.conv3.rows": 64,
    "layer4.2.conv3.scaled_error": 0.0420566038274765,
    "layer4.2.conv3.scaled_shift": 0.018010394486784934,
    "layer4.2.conv3.stored_array_size": 32,
    "top_1_accuracy": 0.7930399775505066,
    "top_5_accuracy": 0.9460399746894836,
    "total_time": 130.85445995163172
}