{
    "halut_layers": "{\"layer4.2.conv1\": [64, 64, 8, 1]}",
    "layer4.2.conv1.C": 64,
    "layer4.2.conv1.H_size": 6144,
    "layer4.2.conv1.K": 8,
    "layer4.2.conv1.L_size": 1048576,
    "layer4.2.conv1.encoding_algorithm": 1,
    "layer4.2.conv1.learned_a_shape": [
        3136,
        2048
    ],
    "layer4.2.conv1.learned_b_shape": [
        2048,
        512
    ],
    "layer4.2.conv1.learned_d": 2048,
    "layer4.2.conv1.learned_m": 512,
    "layer4.2.conv1.learned_n": 3136,
    "layer4.2.conv1.mae": 0.896091849822998,
    "layer4.2.conv1.mape": 0.35493116680145265,
    "layer4.2.conv1.mse": 1.8670261862182618,
    "layer4.2.conv1.rows": 64,
    "layer4.2.conv1.scaled_error": 0.009233026515245438,
    "layer4.2.conv1.scaled_shift": 0.0020472404766478576,
    "layer4.2.conv1.stored_array_size": 32,
    "top_1_accuracy": 0.7799999713897705,
    "top_5_accuracy": 0.9378999471664429,
    "total_time": 100.37180219776928
}