{
    "halut_layers": "{\"layer3.5.conv2\": [32, 32, 8, 0]}",
    "layer3.5.conv2.C": 32,
    "layer3.5.conv2.H_size": 2688,
    "layer3.5.conv2.K": 8,
    "layer3.5.conv2.L_size": 262144,
    "layer3.5.conv2.encoding_algorithm": 0,
    "layer3.5.conv2.learned_a_shape": [
        6272,
        2304
    ],
    "layer3.5.conv2.learned_b_shape": [
        2304,
        256
    ],
    "layer3.5.conv2.learned_d": 2304,
    "layer3.5.conv2.learned_m": 256,
    "layer3.5.conv2.learned_n": 6272,
    "layer3.5.conv2.mae": 2.8215476928710936,
    "layer3.5.conv2.mape": 1.53662015625,
    "layer3.5.conv2.mse": 12.87406434814453,
    "layer3.5.conv2.rows": 32,
    "layer3.5.conv2.scaled_error": 0.1971679684829712,
    "layer3.5.conv2.scaled_shift": -0.1140062343788147,
    "layer3.5.conv2.stored_array_size": 32,
    "top_1_accuracy": 0.539139986038208,
    "top_5_accuracy": 0.7742599844932556,
    "total_time": 114.18649599142373
}