{
    "halut_layers": "{\"layer1.0.conv2\": [32, 4, 4, 2]}",
    "layer1.0.conv2.C": 32,
    "layer1.0.conv2.H_size": 4,
    "layer1.0.conv2.K": 4,
    "layer1.0.conv2.L_size": 32768,
    "layer1.0.conv2.encoding_algorithm": 2,
    "layer1.0.conv2.learned_a_shape": [
        12544,
        576
    ],
    "layer1.0.conv2.learned_b_shape": [
        576,
        64
    ],
    "layer1.0.conv2.learned_d": 576,
    "layer1.0.conv2.learned_m": 64,
    "layer1.0.conv2.learned_n": 12544,
    "layer1.0.conv2.mae": 1.5122640841674804,
    "layer1.0.conv2.mape": 0.3427276377105713,
    "layer1.0.conv2.mse": 5.545169262695312,
    "layer1.0.conv2.rows": 4,
    "layer1.0.conv2.scaled_error": 0.031393425436019896,
    "layer1.0.conv2.scaled_shift": -0.0007258947082248051,
    "layer1.0.conv2.stored_array_size": 32,
    "top_1_accuracy": 0.7569599747657776,
    "top_5_accuracy": 0.927299976348877,
    "total_time": 252.5814146026969
}