{
    "halut_layers": "{\"layer4.2.conv3\": [8, 32, 12, 1]}",
    "layer4.2.conv3.C": 8,
    "layer4.2.conv3.H_size": 1536,
    "layer4.2.conv3.K": 12,
    "layer4.2.conv3.L_size": 786432,
    "layer4.2.conv3.encoding_algorithm": 1,
    "layer4.2.conv3.learned_a_shape": [
        1568,
        512
    ],
    "layer4.2.conv3.learned_b_shape": [
        512,
        2048
    ],
    "layer4.2.conv3.learned_d": 512,
    "layer4.2.conv3.learned_m": 2048,
    "layer4.2.conv3.learned_n": 1568,
    "layer4.2.conv3.mae": 0.2511606190490723,
    "layer4.2.conv3.mape": 0.16128720766067506,
    "layer4.2.conv3.mse": 0.13577660346984863,
    "layer4.2.conv3.rows": 32,
    "layer4.2.conv3.scaled_error": 0.04926680159091949,
    "layer4.2.conv3.scaled_shift": 0.022131553134918214,
    "layer4.2.conv3.stored_array_size": 32,
    "top_1_accuracy": 0.7875999808311462,
    "top_5_accuracy": 0.9441199898719788,
    "total_time": 112.02083399053663
}