{
    "halut_layers": "{\"layer3.5.conv2\": [16, 8, 24, 1]}",
    "layer3.5.conv2.C": 16,
    "layer3.5.conv2.H_size": 6144,
    "layer3.5.conv2.K": 24,
    "layer3.5.conv2.L_size": 393216,
    "layer3.5.conv2.encoding_algorithm": 1,
    "layer3.5.conv2.learned_a_shape": [
        1568,
        2304
    ],
    "layer3.5.conv2.learned_b_shape": [
        2304,
        256
    ],
    "layer3.5.conv2.learned_d": 2304,
    "layer3.5.conv2.learned_m": 256,
    "layer3.5.conv2.learned_n": 1568,
    "layer3.5.conv2.mae": 0.8857217268371582,
    "layer3.5.conv2.mape": 0.4167315237426758,
    "layer3.5.conv2.mse": 1.3810883978271484,
    "layer3.5.conv2.rows": 8,
    "layer3.5.conv2.scaled_error": 0.06186004519462585,
    "layer3.5.conv2.scaled_shift": 0.0017224861148674973,
    "layer3.5.conv2.stored_array_size": 32,
    "top_1_accuracy": 0.7782599925994873,
    "top_5_accuracy": 0.9399199485778809,
    "total_time": 112.8863472212106
}