{
    "halut_layers": "{\"layer3.0.conv1\": [64, 16, 8, 0]}",
    "layer3.0.conv1.C": 64,
    "layer3.0.conv1.H_size": 5376,
    "layer3.0.conv1.K": 8,
    "layer3.0.conv1.L_size": 524288,
    "layer3.0.conv1.encoding_algorithm": 0,
    "layer3.0.conv1.learned_a_shape": [
        12544,
        512
    ],
    "layer3.0.conv1.learned_b_shape": [
        512,
        256
    ],
    "layer3.0.conv1.learned_d": 512,
    "layer3.0.conv1.learned_m": 256,
    "layer3.0.conv1.learned_n": 12544,
    "layer3.0.conv1.mae": 3.5292726489257813,
    "layer3.0.conv1.mape": 1.3123971371459962,
    "layer3.0.conv1.mse": 19.899822873535157,
    "layer3.0.conv1.rows": 16,
    "layer3.0.conv1.scaled_error": 0.07192943879127503,
    "layer3.0.conv1.scaled_shift": -0.02462594579696655,
    "layer3.0.conv1.stored_array_size": 32,
    "top_1_accuracy": 0.003980000037699938,
    "top_5_accuracy": 0.015879999846220016,
    "total_time": 121.2694495767355
}