{
    "halut_layers": "{\"layer4.2.conv3\": [16, 256, 24, 1]}",
    "layer4.2.conv3.C": 16,
    "layer4.2.conv3.H_size": 6144,
    "layer4.2.conv3.K": 24,
    "layer4.2.conv3.L_size": 3145728,
    "layer4.2.conv3.encoding_algorithm": 1,
    "layer4.2.conv3.learned_a_shape": [
        12544,
        512
    ],
    "layer4.2.conv3.learned_b_shape": [
        512,
        2048
    ],
    "layer4.2.conv3.learned_d": 512,
    "layer4.2.conv3.learned_m": 2048,
    "layer4.2.conv3.learned_n": 12544,
    "layer4.2.conv3.mae": 0.2348930980491638,
    "layer4.2.conv3.mape": 0.14936538246154785,
    "layer4.2.conv3.mse": 0.12507933015346528,
    "layer4.2.conv3.rows": 256,
    "layer4.2.conv3.scaled_error": 0.046019040865898135,
    "layer4.2.conv3.scaled_shift": 0.025910682590827346,
    "layer4.2.conv3.stored_array_size": 32,
    "top_1_accuracy": 0.7908399701118469,
    "top_5_accuracy": 0.9452999830245972,
    "total_time": 114.63455894868821
}