{
    "halut_layers": "{\"layer3.3.conv3\": [32, 8, 32, 1]}",
    "layer3.3.conv3.C": 32,
    "layer3.3.conv3.H_size": 12288,
    "layer3.3.conv3.K": 32,
    "layer3.3.conv3.L_size": 4194304,
    "layer3.3.conv3.encoding_algorithm": 1,
    "layer3.3.conv3.learned_a_shape": [
        1568,
        256
    ],
    "layer3.3.conv3.learned_b_shape": [
        256,
        1024
    ],
    "layer3.3.conv3.learned_d": 256,
    "layer3.3.conv3.learned_m": 1024,
    "layer3.3.conv3.learned_n": 1568,
    "layer3.3.conv3.mae": 0.2332588329696655,
    "layer3.3.conv3.mape": 0.16248064599990844,
    "layer3.3.conv3.mse": 0.09597066550254822,
    "layer3.3.conv3.rows": 8,
    "layer3.3.conv3.scaled_error": 0.011917866957187653,
    "layer3.3.conv3.scaled_shift": 0.000607881571422331,
    "layer3.3.conv3.stored_array_size": 32,
    "top_1_accuracy": 0.7999399900436401,
    "top_5_accuracy": 0.9504199624061584,
    "total_time": 146.75490164011717
}