{
    "halut_layers": "{\"layer3.0.conv3\": [32, 8, 16, 0]}",
    "layer3.0.conv3.C": 32,
    "layer3.0.conv3.H_size": 5632,
    "layer3.0.conv3.K": 16,
    "layer3.0.conv3.L_size": 2097152,
    "layer3.0.conv3.encoding_algorithm": 0,
    "layer3.0.conv3.learned_a_shape": [
        1568,
        256
    ],
    "layer3.0.conv3.learned_b_shape": [
        256,
        1024
    ],
    "layer3.0.conv3.learned_d": 256,
    "layer3.0.conv3.learned_m": 1024,
    "layer3.0.conv3.learned_n": 1568,
    "layer3.0.conv3.mae": 0.5269642733001709,
    "layer3.0.conv3.mape": 0.2710331072616577,
    "layer3.0.conv3.mse": 0.49790873184204104,
    "layer3.0.conv3.rows": 8,
    "layer3.0.conv3.scaled_error": 0.03693173037528992,
    "layer3.0.conv3.scaled_shift": 0.00218528454025276,
    "layer3.0.conv3.stored_array_size": 32,
    "top_1_accuracy": 0.7601999640464783,
    "top_5_accuracy": 0.9302799701690674,
    "total_time": 148.78324410319328
}