{
    "halut_layers": "{\"layer3.5.conv1\": [64, 8, 24, 1]}",
    "layer3.5.conv1.C": 64,
    "layer3.5.conv1.H_size": 24576,
    "layer3.5.conv1.K": 24,
    "layer3.5.conv1.L_size": 1572864,
    "layer3.5.conv1.encoding_algorithm": 1,
    "layer3.5.conv1.learned_a_shape": [
        1568,
        1024
    ],
    "layer3.5.conv1.learned_b_shape": [
        1024,
        256
    ],
    "layer3.5.conv1.learned_d": 1024,
    "layer3.5.conv1.learned_m": 256,
    "layer3.5.conv1.learned_n": 1568,
    "layer3.5.conv1.mae": 1.1585033938598632,
    "layer3.5.conv1.mape": 0.4741836145019531,
    "layer3.5.conv1.mse": 2.2454799728393553,
    "layer3.5.conv1.rows": 8,
    "layer3.5.conv1.scaled_error": 0.04044180316925049,
    "layer3.5.conv1.scaled_shift": 0.001470312436805325,
    "layer3.5.conv1.stored_array_size": 32,
    "top_1_accuracy": 0.7890999913215637,
    "top_5_accuracy": 0.9446199536323547,
    "total_time": 113.88960693404078
}