{
    "halut_layers": "{\"layer3.0.conv3\": [32, 64, 32, 1]}",
    "layer3.0.conv3.C": 32,
    "layer3.0.conv3.H_size": 12288,
    "layer3.0.conv3.K": 32,
    "layer3.0.conv3.L_size": 4194304,
    "layer3.0.conv3.encoding_algorithm": 1,
    "layer3.0.conv3.learned_a_shape": [
        12544,
        256
    ],
    "layer3.0.conv3.learned_b_shape": [
        256,
        1024
    ],
    "layer3.0.conv3.learned_d": 256,
    "layer3.0.conv3.learned_m": 1024,
    "layer3.0.conv3.learned_n": 12544,
    "layer3.0.conv3.mae": 0.43170602836608885,
    "layer3.0.conv3.mape": 0.22077744068145752,
    "layer3.0.conv3.mse": 0.3401057078933716,
    "layer3.0.conv3.rows": 64,
    "layer3.0.conv3.scaled_error": 0.03025896454334259,
    "layer3.0.conv3.scaled_shift": 0.000783855543295067,
    "layer3.0.conv3.stored_array_size": 32,
    "top_1_accuracy": 0.7781999707221985,
    "top_5_accuracy": 0.9387999773025513,
    "total_time": 152.33772049099207
}