{
    "halut_layers": "{\"layer4.2.conv1\": [8, 32, 12, 2]}",
    "layer4.2.conv1.C": 8,
    "layer4.2.conv1.H_size": 4,
    "layer4.2.conv1.K": 12,
    "layer4.2.conv1.L_size": 196608,
    "layer4.2.conv1.encoding_algorithm": 2,
    "layer4.2.conv1.learned_a_shape": [
        1568,
        2048
    ],
    "layer4.2.conv1.learned_b_shape": [
        2048,
        512
    ],
    "layer4.2.conv1.learned_d": 2048,
    "layer4.2.conv1.learned_m": 512,
    "layer4.2.conv1.learned_n": 1568,
    "layer4.2.conv1.mae": 1.0280525457763672,
    "layer4.2.conv1.mape": 0.38788668598175047,
    "layer4.2.conv1.mse": 2.4000468096923826,
    "layer4.2.conv1.rows": 32,
    "layer4.2.conv1.scaled_error": 0.010590532613992691,
    "layer4.2.conv1.scaled_shift": 0.0032230165684223175,
    "layer4.2.conv1.stored_array_size": 32,
    "top_1_accuracy": 0.7773599624633789,
    "top_5_accuracy": 0.9375999569892883,
    "total_time": 99.71783596090972
}