{
    "halut_layers": "{\"layer1.0.conv2\": [32, 4, 8, 1]}",
    "layer1.0.conv2.C": 32,
    "layer1.0.conv2.H_size": 3072,
    "layer1.0.conv2.K": 8,
    "layer1.0.conv2.L_size": 65536,
    "layer1.0.conv2.encoding_algorithm": 1,
    "layer1.0.conv2.learned_a_shape": [
        12544,
        576
    ],
    "layer1.0.conv2.learned_b_shape": [
        576,
        64
    ],
    "layer1.0.conv2.learned_d": 576,
    "layer1.0.conv2.learned_m": 64,
    "layer1.0.conv2.learned_n": 12544,
    "layer1.0.conv2.mae": 1.3351948432922363,
    "layer1.0.conv2.mape": 0.3069767805480957,
    "layer1.0.conv2.mse": 4.376352923583984,
    "layer1.0.conv2.rows": 4,
    "layer1.0.conv2.scaled_error": 0.027714359407424928,
    "layer1.0.conv2.scaled_shift": -0.0002240816075640032,
    "layer1.0.conv2.stored_array_size": 32,
    "top_1_accuracy": 0.7849400043487549,
    "top_5_accuracy": 0.9428799748420715,
    "total_time": 177.30121308751404
}