{
    "halut_layers": "{\"layer2.0.conv1\": [8, 16, 24, 1]}",
    "layer2.0.conv1.C": 8,
    "layer2.0.conv1.H_size": 3072,
    "layer2.0.conv1.K": 24,
    "layer2.0.conv1.L_size": 98304,
    "layer2.0.conv1.encoding_algorithm": 1,
    "layer2.0.conv1.learned_a_shape": [
        50176,
        256
    ],
    "layer2.0.conv1.learned_b_shape": [
        256,
        128
    ],
    "layer2.0.conv1.learned_d": 256,
    "layer2.0.conv1.learned_m": 128,
    "layer2.0.conv1.learned_n": 50176,
    "layer2.0.conv1.mae": 1.553130620574951,
    "layer2.0.conv1.mape": 0.5180762848663331,
    "layer2.0.conv1.mse": 4.280193887939453,
    "layer2.0.conv1.rows": 16,
    "layer2.0.conv1.scaled_error": 0.03838124759674072,
    "layer2.0.conv1.scaled_shift": 0.0017973183971922845,
    "layer2.0.conv1.stored_array_size": 32,
    "top_1_accuracy": 0.6106799840927124,
    "top_5_accuracy": 0.8304799795150757,
    "total_time": 161.0300841256976
}