{
    "halut_layers": "{\"layer2.0.downsample.0\": [64, 16, 16, 0]}",
    "layer2.0.downsample.0.C": 64,
    "layer2.0.downsample.0.H_size": 11264,
    "layer2.0.downsample.0.K": 16,
    "layer2.0.downsample.0.L_size": 2097152,
    "layer2.0.downsample.0.encoding_algorithm": 0,
    "layer2.0.downsample.0.learned_a_shape": [
        12544,
        256
    ],
    "layer2.0.downsample.0.learned_b_shape": [
        256,
        512
    ],
    "layer2.0.downsample.0.learned_d": 256,
    "layer2.0.downsample.0.learned_m": 512,
    "layer2.0.downsample.0.learned_n": 12544,
    "layer2.0.downsample.0.mae": 0.3819823698425293,
    "layer2.0.downsample.0.mape": 0.17188013793945311,
    "layer2.0.downsample.0.mse": 0.31282551029205324,
    "layer2.0.downsample.0.rows": 16,
    "layer2.0.downsample.0.scaled_error": 0.019237382032871245,
    "layer2.0.downsample.0.scaled_shift": 4.903946819031262e-05,
    "layer2.0.downsample.0.stored_array_size": 32,
    "top_1_accuracy": 0.794439971446991,
    "top_5_accuracy": 0.9483399987220764,
    "total_time": 170.2683771830052
}