{
    "halut_layers": "{\"layer4.0.conv2\": [8, 256, 8, 1]}",
    "layer4.0.conv2.C": 8,
    "layer4.0.conv2.H_size": 768,
    "layer4.0.conv2.K": 8,
    "layer4.0.conv2.L_size": 131072,
    "layer4.0.conv2.encoding_algorithm": 1,
    "layer4.0.conv2.learned_a_shape": [
        12544,
        4608
    ],
    "layer4.0.conv2.learned_b_shape": [
        4608,
        512
    ],
    "layer4.0.conv2.learned_d": 4608,
    "layer4.0.conv2.learned_m": 512,
    "layer4.0.conv2.learned_n": 12544,
    "layer4.0.conv2.mae": 1.1583563256835938,
    "layer4.0.conv2.mape": 0.4708448818206787,
    "layer4.0.conv2.mse": 2.4274375848388674,
    "layer4.0.conv2.rows": 256,
    "layer4.0.conv2.scaled_error": 0.07342228942871094,
    "layer4.0.conv2.scaled_shift": 0.009148627258529886,
    "layer4.0.conv2.stored_array_size": 32,
    "top_1_accuracy": 0.5593000054359436,
    "top_5_accuracy": 0.8192200064659119,
    "total_time": 96.70346205402166
}