{
    "halut_layers": "{\"layer3.0.conv1\": [8, 8, 16, 0]}",
    "layer3.0.conv1.C": 8,
    "layer3.0.conv1.H_size": 1408,
    "layer3.0.conv1.K": 16,
    "layer3.0.conv1.L_size": 131072,
    "layer3.0.conv1.encoding_algorithm": 0,
    "layer3.0.conv1.learned_a_shape": [
        6272,
        512
    ],
    "layer3.0.conv1.learned_b_shape": [
        512,
        256
    ],
    "layer3.0.conv1.learned_d": 512,
    "layer3.0.conv1.learned_m": 256,
    "layer3.0.conv1.learned_n": 6272,
    "layer3.0.conv1.mae": 1.5944730572509767,
    "layer3.0.conv1.mape": 0.5415124920654297,
    "layer3.0.conv1.mse": 4.368301711425781,
    "layer3.0.conv1.rows": 8,
    "layer3.0.conv1.scaled_error": 0.03238374837160111,
    "layer3.0.conv1.scaled_shift": 0.0007757354938361823,
    "layer3.0.conv1.stored_array_size": 32,
    "top_1_accuracy": 0.4919799864292145,
    "top_5_accuracy": 0.727840006351471,
    "total_time": 119.57322520203888
}