{
    "halut_layers": "{\"layer4.0.conv2\": [32, 128, 12, 2]}",
    "layer4.0.conv2.C": 32,
    "layer4.0.conv2.H_size": 4,
    "layer4.0.conv2.K": 12,
    "layer4.0.conv2.L_size": 786432,
    "layer4.0.conv2.encoding_algorithm": 2,
    "layer4.0.conv2.learned_a_shape": [
        6272,
        4608
    ],
    "layer4.0.conv2.learned_b_shape": [
        4608,
        512
    ],
    "layer4.0.conv2.learned_d": 4608,
    "layer4.0.conv2.learned_m": 512,
    "layer4.0.conv2.learned_n": 6272,
    "layer4.0.conv2.mae": 0.9371064483642578,
    "layer4.0.conv2.mape": 0.41158810333251955,
    "layer4.0.conv2.mse": 1.585952317199707,
    "layer4.0.conv2.rows": 128,
    "layer4.0.conv2.scaled_error": 0.05940613664627075,
    "layer4.0.conv2.scaled_shift": 0.004116830861922353,
    "layer4.0.conv2.stored_array_size": 32,
    "top_1_accuracy": 0.7022199630737305,
    "top_5_accuracy": 0.905019998550415,
    "total_time": 111.40257492940873
}