{
    "halut_layers": "{\"layer3.0.conv1\": [64, 16, 32, 0]}",
    "layer3.0.conv1.C": 64,
    "layer3.0.conv1.H_size": 24320,
    "layer3.0.conv1.K": 32,
    "layer3.0.conv1.L_size": 2097152,
    "layer3.0.conv1.encoding_algorithm": 0,
    "layer3.0.conv1.learned_a_shape": [
        12544,
        512
    ],
    "layer3.0.conv1.learned_b_shape": [
        512,
        256
    ],
    "layer3.0.conv1.learned_d": 512,
    "layer3.0.conv1.learned_m": 256,
    "layer3.0.conv1.learned_n": 12544,
    "layer3.0.conv1.mae": 3.8157278436279296,
    "layer3.0.conv1.mape": 1.420088296661377,
    "layer3.0.conv1.mse": 23.478964677734375,
    "layer3.0.conv1.rows": 16,
    "layer3.0.conv1.scaled_error": 0.07771739521026612,
    "layer3.0.conv1.scaled_shift": 0.009988857001066208,
    "layer3.0.conv1.stored_array_size": 32,
    "top_1_accuracy": 0.001180000021122396,
    "top_5_accuracy": 0.0077599999494850636,
    "total_time": 129.9456210900098
}