{
    "halut_layers": "{\"layer3.4.conv2\": [8, 32, 24, 2]}",
    "layer3.4.conv2.C": 8,
    "layer3.4.conv2.H_size": 4,
    "layer3.4.conv2.K": 24,
    "layer3.4.conv2.L_size": 196608,
    "layer3.4.conv2.encoding_algorithm": 2,
    "layer3.4.conv2.learned_a_shape": [
        6272,
        2304
    ],
    "layer3.4.conv2.learned_b_shape": [
        2304,
        256
    ],
    "layer3.4.conv2.learned_d": 2304,
    "layer3.4.conv2.learned_m": 256,
    "layer3.4.conv2.learned_n": 6272,
    "layer3.4.conv2.mae": 0.7096371036529541,
    "layer3.4.conv2.mape": 0.3446181782150269,
    "layer3.4.conv2.mse": 0.8780671748352051,
    "layer3.4.conv2.rows": 32,
    "layer3.4.conv2.scaled_error": 0.019876774995326994,
    "layer3.4.conv2.scaled_shift": 0.0010047439714515349,
    "layer3.4.conv2.stored_array_size": 32,
    "top_1_accuracy": 0.7825199961662292,
    "top_5_accuracy": 0.9408199787139893,
    "total_time": 97.03299209848046
}