{
    "halut_layers": "{\"layer3.0.conv2\": [16, 16, 4, 1]}",
    "layer3.0.conv2.C": 16,
    "layer3.0.conv2.H_size": 768,
    "layer3.0.conv2.K": 4,
    "layer3.0.conv2.L_size": 65536,
    "layer3.0.conv2.encoding_algorithm": 1,
    "layer3.0.conv2.learned_a_shape": [
        3136,
        2304
    ],
    "layer3.0.conv2.learned_b_shape": [
        2304,
        256
    ],
    "layer3.0.conv2.learned_d": 2304,
    "layer3.0.conv2.learned_m": 256,
    "layer3.0.conv2.learned_n": 3136,
    "layer3.0.conv2.mae": 1.8523873574829102,
    "layer3.0.conv2.mape": 0.6104106887817383,
    "layer3.0.conv2.mse": 6.242854320678711,
    "layer3.0.conv2.rows": 16,
    "layer3.0.conv2.scaled_error": 0.054702375745773316,
    "layer3.0.conv2.scaled_shift": -0.0008975896067381836,
    "layer3.0.conv2.stored_array_size": 32,
    "top_1_accuracy": 0.45749998092651367,
    "top_5_accuracy": 0.6974999904632568,
    "total_time": 112.47507704980671
}