{
    "halut_layers": "{\"layer1.0.conv2\": [64, 4, 4, 2]}",
    "layer1.0.conv2.C": 64,
    "layer1.0.conv2.H_size": 4,
    "layer1.0.conv2.K": 4,
    "layer1.0.conv2.L_size": 65536,
    "layer1.0.conv2.encoding_algorithm": 2,
    "layer1.0.conv2.learned_a_shape": [
        12544,
        576
    ],
    "layer1.0.conv2.learned_b_shape": [
        576,
        64
    ],
    "layer1.0.conv2.learned_d": 576,
    "layer1.0.conv2.learned_m": 64,
    "layer1.0.conv2.learned_n": 12544,
    "layer1.0.conv2.mae": 1.3424183163452148,
    "layer1.0.conv2.mape": 0.3070479643249512,
    "layer1.0.conv2.mse": 4.348691881103516,
    "layer1.0.conv2.rows": 4,
    "layer1.0.conv2.scaled_error": 0.027873934082984924,
    "layer1.0.conv2.scaled_shift": -0.0002940939778613392,
    "layer1.0.conv2.stored_array_size": 32,
    "top_1_accuracy": 0.7714399695396423,
    "top_5_accuracy": 0.9364599585533142,
    "total_time": 191.50140384957194
}