{
    "halut_layers": "{\"layer3.4.conv2\": [16, 32, 12, 1]}",
    "layer3.4.conv2.C": 16,
    "layer3.4.conv2.H_size": 3072,
    "layer3.4.conv2.K": 12,
    "layer3.4.conv2.L_size": 196608,
    "layer3.4.conv2.encoding_algorithm": 1,
    "layer3.4.conv2.learned_a_shape": [
        6272,
        2304
    ],
    "layer3.4.conv2.learned_b_shape": [
        2304,
        256
    ],
    "layer3.4.conv2.learned_d": 2304,
    "layer3.4.conv2.learned_m": 256,
    "layer3.4.conv2.learned_n": 6272,
    "layer3.4.conv2.mae": 0.7542660832214355,
    "layer3.4.conv2.mape": 0.3593086960220337,
    "layer3.4.conv2.mse": 1.008754635772705,
    "layer3.4.conv2.rows": 32,
    "layer3.4.conv2.scaled_error": 0.0211198290681839,
    "layer3.4.conv2.scaled_shift": 0.0011310107086750212,
    "layer3.4.conv2.stored_array_size": 32,
    "top_1_accuracy": 0.7757200002670288,
    "top_5_accuracy": 0.9364799857139587,
    "total_time": 106.6769220456481
}