{
    "halut_layers": "{\"layer4.0.conv3\": [16, 256, 4, 2]}",
    "layer4.0.conv3.C": 16,
    "layer4.0.conv3.H_size": 4,
    "layer4.0.conv3.K": 4,
    "layer4.0.conv3.L_size": 524288,
    "layer4.0.conv3.encoding_algorithm": 2,
    "layer4.0.conv3.learned_a_shape": [
        12544,
        512
    ],
    "layer4.0.conv3.learned_b_shape": [
        512,
        2048
    ],
    "layer4.0.conv3.learned_d": 512,
    "layer4.0.conv3.learned_m": 2048,
    "layer4.0.conv3.learned_n": 12544,
    "layer4.0.conv3.mae": 0.49537881202697753,
    "layer4.0.conv3.mape": 0.27512187004089356,
    "layer4.0.conv3.mse": 0.44202896293640137,
    "layer4.0.conv3.rows": 256,
    "layer4.0.conv3.scaled_error": 0.043623812599182125,
    "layer4.0.conv3.scaled_shift": 0.00468747479647398,
    "layer4.0.conv3.stored_array_size": 32,
    "top_1_accuracy": 0.4898799955844879,
    "top_5_accuracy": 0.7444599866867065,
    "total_time": 117.70034733042121
}