{
    "halut_layers": "{\"layer3.0.conv1\": [32, 16, 24, 1]}",
    "layer3.0.conv1.C": 32,
    "layer3.0.conv1.H_size": 12288,
    "layer3.0.conv1.K": 24,
    "layer3.0.conv1.L_size": 786432,
    "layer3.0.conv1.encoding_algorithm": 1,
    "layer3.0.conv1.learned_a_shape": [
        12544,
        512
    ],
    "layer3.0.conv1.learned_b_shape": [
        512,
        256
    ],
    "layer3.0.conv1.learned_d": 512,
    "layer3.0.conv1.learned_m": 256,
    "layer3.0.conv1.learned_n": 12544,
    "layer3.0.conv1.mae": 1.2302601318359374,
    "layer3.0.conv1.mape": 0.4371137699890137,
    "layer3.0.conv1.mse": 2.617345291137695,
    "layer3.0.conv1.rows": 16,
    "layer3.0.conv1.scaled_error": 0.02499749416589737,
    "layer3.0.conv1.scaled_shift": 0.0002225721074474859,
    "layer3.0.conv1.stored_array_size": 32,
    "top_1_accuracy": 0.7284199595451355,
    "top_5_accuracy": 0.9097200036048889,
    "total_time": 146.8822038890794
}