{
    "halut_layers": "{\"layer3.0.conv2\": [32, 2, 8, 2]}",
    "layer3.0.conv2.C": 32,
    "layer3.0.conv2.H_size": 4,
    "layer3.0.conv2.K": 8,
    "layer3.0.conv2.L_size": 262144,
    "layer3.0.conv2.encoding_algorithm": 2,
    "layer3.0.conv2.learned_a_shape": [
        392,
        2304
    ],
    "layer3.0.conv2.learned_b_shape": [
        2304,
        256
    ],
    "layer3.0.conv2.learned_d": 2304,
    "layer3.0.conv2.learned_m": 256,
    "layer3.0.conv2.learned_n": 392,
    "layer3.0.conv2.mae": 1.916765294189453,
    "layer3.0.conv2.mape": 0.7042702119445801,
    "layer3.0.conv2.mse": 6.4807276696777345,
    "layer3.0.conv2.rows": 2,
    "layer3.0.conv2.scaled_error": 0.05662322955131531,
    "layer3.0.conv2.scaled_shift": -0.0007751649359345902,
    "layer3.0.conv2.stored_array_size": 32,
    "top_1_accuracy": 0.6410199999809265,
    "top_5_accuracy": 0.8542199730873108,
    "total_time": 133.9092314057052
}