{
    "halut_layers": "{\"layer4.0.conv1\": [32, 32, 16, 0]}",
    "layer4.0.conv1.C": 32,
    "layer4.0.conv1.H_size": 5632,
    "layer4.0.conv1.K": 16,
    "layer4.0.conv1.L_size": 1048576,
    "layer4.0.conv1.encoding_algorithm": 0,
    "layer4.0.conv1.learned_a_shape": [
        6272,
        1024
    ],
    "layer4.0.conv1.learned_b_shape": [
        1024,
        512
    ],
    "layer4.0.conv1.learned_d": 1024,
    "layer4.0.conv1.learned_m": 512,
    "layer4.0.conv1.learned_n": 6272,
    "layer4.0.conv1.mae": 1.1312006686401368,
    "layer4.0.conv1.mape": 0.42484131965637206,
    "layer4.0.conv1.mse": 2.196793118896484,
    "layer4.0.conv1.rows": 32,
    "layer4.0.conv1.scaled_error": 0.052609525337219236,
    "layer4.0.conv1.scaled_shift": 0.0034868807220086455,
    "layer4.0.conv1.stored_array_size": 32,
    "top_1_accuracy": 0.6202200055122375,
    "top_5_accuracy": 0.8550999760627747,
    "total_time": 121.50511020608246
}