{
    "halut_layers": "{\"layer3.0.conv1\": [16, 8, 24, 1]}",
    "layer3.0.conv1.C": 16,
    "layer3.0.conv1.H_size": 6144,
    "layer3.0.conv1.K": 24,
    "layer3.0.conv1.L_size": 393216,
    "layer3.0.conv1.encoding_algorithm": 1,
    "layer3.0.conv1.learned_a_shape": [
        6272,
        512
    ],
    "layer3.0.conv1.learned_b_shape": [
        512,
        256
    ],
    "layer3.0.conv1.learned_d": 512,
    "layer3.0.conv1.learned_m": 256,
    "layer3.0.conv1.learned_n": 6272,
    "layer3.0.conv1.mae": 1.5054743106079103,
    "layer3.0.conv1.mape": 0.5162789756011963,
    "layer3.0.conv1.mse": 3.8980726879882814,
    "layer3.0.conv1.rows": 8,
    "layer3.0.conv1.scaled_error": 0.030581209380626678,
    "layer3.0.conv1.scaled_shift": 0.0006992774963309057,
    "layer3.0.conv1.stored_array_size": 32,
    "top_1_accuracy": 0.6199399828910828,
    "top_5_accuracy": 0.8385799527168274,
    "total_time": 119.07423362508416
}