{
    "halut_layers": "{\"layer2.0.conv2\": [32, 8, 12, 2]}",
    "layer2.0.conv2.C": 32,
    "layer2.0.conv2.H_size": 4,
    "layer2.0.conv2.K": 12,
    "layer2.0.conv2.L_size": 196608,
    "layer2.0.conv2.encoding_algorithm": 2,
    "layer2.0.conv2.learned_a_shape": [
        6272,
        1152
    ],
    "layer2.0.conv2.learned_b_shape": [
        1152,
        128
    ],
    "layer2.0.conv2.learned_d": 1152,
    "layer2.0.conv2.learned_m": 128,
    "layer2.0.conv2.learned_n": 6272,
    "layer2.0.conv2.mae": 1.5877020951843261,
    "layer2.0.conv2.mape": 0.5228768930053711,
    "layer2.0.conv2.mse": 4.396192260131836,
    "layer2.0.conv2.rows": 8,
    "layer2.0.conv2.scaled_error": 0.03550796841621399,
    "layer2.0.conv2.scaled_shift": -0.001101981742531061,
    "layer2.0.conv2.stored_array_size": 32,
    "top_1_accuracy": 0.7765199542045593,
    "top_5_accuracy": 0.9365599751472473,
    "total_time": 214.16891212109476
}