{
    "halut_layers": "{\"layer1.0.conv2\": [8, 8, 8, 0]}",
    "layer1.0.conv2.C": 8,
    "layer1.0.conv2.H_size": 672,
    "layer1.0.conv2.K": 8,
    "layer1.0.conv2.L_size": 16384,
    "layer1.0.conv2.encoding_algorithm": 0,
    "layer1.0.conv2.learned_a_shape": [
        25088,
        576
    ],
    "layer1.0.conv2.learned_b_shape": [
        576,
        64
    ],
    "layer1.0.conv2.learned_d": 576,
    "layer1.0.conv2.learned_m": 64,
    "layer1.0.conv2.learned_n": 25088,
    "layer1.0.conv2.mae": 5.408799685668946,
    "layer1.0.conv2.mape": 1.1379086582946778,
    "layer1.0.conv2.mse": 73.70006004882812,
    "layer1.0.conv2.rows": 8,
    "layer1.0.conv2.scaled_error": 0.11237050868988037,
    "layer1.0.conv2.scaled_shift": -0.007879297180473805,
    "layer1.0.conv2.stored_array_size": 32,
    "top_1_accuracy": 0.055479999631643295,
    "top_5_accuracy": 0.1146399974822998,
    "total_time": 123.31024795398116
}