{
    "halut_layers": "{\"layer4.2.conv1\": [64, 256, 32, 2]}",
    "layer4.2.conv1.C": 64,
    "layer4.2.conv1.H_size": 4,
    "layer4.2.conv1.K": 32,
    "layer4.2.conv1.L_size": 4194304,
    "layer4.2.conv1.encoding_algorithm": 2,
    "layer4.2.conv1.learned_a_shape": [
        12544,
        2048
    ],
    "layer4.2.conv1.learned_b_shape": [
        2048,
        512
    ],
    "layer4.2.conv1.learned_d": 2048,
    "layer4.2.conv1.learned_m": 512,
    "layer4.2.conv1.learned_n": 12544,
    "layer4.2.conv1.mae": 0.6456840171051026,
    "layer4.2.conv1.mape": 0.27334250289916995,
    "layer4.2.conv1.mse": 0.8602589267730713,
    "layer4.2.conv1.rows": 256,
    "layer4.2.conv1.scaled_error": 0.006660017765760422,
    "layer4.2.conv1.scaled_shift": 0.00018514580980874597,
    "layer4.2.conv1.stored_array_size": 32,
    "top_1_accuracy": 0.7859799861907959,
    "top_5_accuracy": 0.9438799619674683,
    "total_time": 148.64984277822077
}