{
    "halut_layers": "{\"layer3.0.conv3\": [16, 8, 4, 2]}",
    "layer3.0.conv3.C": 16,
    "layer3.0.conv3.H_size": 4,
    "layer3.0.conv3.K": 4,
    "layer3.0.conv3.L_size": 262144,
    "layer3.0.conv3.encoding_algorithm": 2,
    "layer3.0.conv3.learned_a_shape": [
        1568,
        256
    ],
    "layer3.0.conv3.learned_b_shape": [
        256,
        1024
    ],
    "layer3.0.conv3.learned_d": 256,
    "layer3.0.conv3.learned_m": 1024,
    "layer3.0.conv3.learned_n": 1568,
    "layer3.0.conv3.mae": 0.6040682102966308,
    "layer3.0.conv3.mape": 0.30133603004455567,
    "layer3.0.conv3.mse": 0.6673088009643555,
    "layer3.0.conv3.rows": 8,
    "layer3.0.conv3.scaled_error": 0.042333283987045285,
    "layer3.0.conv3.scaled_shift": 0.0023436007942818104,
    "layer3.0.conv3.stored_array_size": 32,
    "top_1_accuracy": 0.6349599957466125,
    "top_5_accuracy": 0.8497599959373474,
    "total_time": 229.49725411832333
}