{
    "halut_layers": "{\"layer3.5.conv2\": [64, 32, 4, 2]}",
    "layer3.5.conv2.C": 64,
    "layer3.5.conv2.H_size": 4,
    "layer3.5.conv2.K": 4,
    "layer3.5.conv2.L_size": 262144,
    "layer3.5.conv2.encoding_algorithm": 2,
    "layer3.5.conv2.learned_a_shape": [
        6272,
        2304
    ],
    "layer3.5.conv2.learned_b_shape": [
        2304,
        256
    ],
    "layer3.5.conv2.learned_d": 2304,
    "layer3.5.conv2.learned_m": 256,
    "layer3.5.conv2.learned_n": 6272,
    "layer3.5.conv2.mae": 0.6978387794494629,
    "layer3.5.conv2.mape": 0.3317427268600464,
    "layer3.5.conv2.mse": 0.8686786724853516,
    "layer3.5.conv2.rows": 32,
    "layer3.5.conv2.scaled_error": 0.04875169219017029,
    "layer3.5.conv2.scaled_shift": 0.0025324430701392704,
    "layer3.5.conv2.stored_array_size": 32,
    "top_1_accuracy": 0.7896199822425842,
    "top_5_accuracy": 0.9448399543762207,
    "total_time": 128.14537538029253
}