{
    "halut_layers": "{\"layer3.0.conv3\": [16, 32, 32, 2]}",
    "layer3.0.conv3.C": 16,
    "layer3.0.conv3.H_size": 4,
    "layer3.0.conv3.K": 32,
    "layer3.0.conv3.L_size": 2097152,
    "layer3.0.conv3.encoding_algorithm": 2,
    "layer3.0.conv3.learned_a_shape": [
        6272,
        256
    ],
    "layer3.0.conv3.learned_b_shape": [
        256,
        1024
    ],
    "layer3.0.conv3.learned_d": 256,
    "layer3.0.conv3.learned_m": 1024,
    "layer3.0.conv3.learned_n": 6272,
    "layer3.0.conv3.mae": 0.48487177932739256,
    "layer3.0.conv3.mape": 0.24881777320861817,
    "layer3.0.conv3.mse": 0.4303788063812256,
    "layer3.0.conv3.rows": 32,
    "layer3.0.conv3.scaled_error": 0.03399643460273743,
    "layer3.0.conv3.scaled_shift": 0.00019727395402158437,
    "layer3.0.conv3.stored_array_size": 32,
    "top_1_accuracy": 0.7670999765396118,
    "top_5_accuracy": 0.9337799549102783,
    "total_time": 159.12575249001384
}