{
    "halut_layers": "{\"layer3.5.conv2\": [8, 32, 64, 1]}",
    "layer3.5.conv2.C": 8,
    "layer3.5.conv2.H_size": 6144,
    "layer3.5.conv2.K": 64,
    "layer3.5.conv2.L_size": 524288,
    "layer3.5.conv2.encoding_algorithm": 1,
    "layer3.5.conv2.learned_a_shape": [
        6272,
        2304
    ],
    "layer3.5.conv2.learned_b_shape": [
        2304,
        256
    ],
    "layer3.5.conv2.learned_d": 2304,
    "layer3.5.conv2.learned_m": 256,
    "layer3.5.conv2.learned_n": 6272,
    "layer3.5.conv2.mae": 0.863322919921875,
    "layer3.5.conv2.mape": 0.39799450622558596,
    "layer3.5.conv2.mse": 1.3297174925231934,
    "layer3.5.conv2.rows": 32,
    "layer3.5.conv2.scaled_error": 0.06031143837928772,
    "layer3.5.conv2.scaled_shift": 0.003005810848241672,
    "layer3.5.conv2.stored_array_size": 32,
    "top_1_accuracy": 0.7784799933433533,
    "top_5_accuracy": 0.9395399689674377,
    "total_time": 82.31620841100812
}