{
    "halut_layers": "{\"layer3.0.conv2\": [8, 32, 4, 1]}",
    "layer3.0.conv2.C": 8,
    "layer3.0.conv2.H_size": 384,
    "layer3.0.conv2.K": 4,
    "layer3.0.conv2.L_size": 32768,
    "layer3.0.conv2.encoding_algorithm": 1,
    "layer3.0.conv2.learned_a_shape": [
        6272,
        2304
    ],
    "layer3.0.conv2.learned_b_shape": [
        2304,
        256
    ],
    "layer3.0.conv2.learned_d": 2304,
    "layer3.0.conv2.learned_m": 256,
    "layer3.0.conv2.learned_n": 6272,
    "layer3.0.conv2.mae": 1.8932613943481444,
    "layer3.0.conv2.mape": 0.6092794054412842,
    "layer3.0.conv2.mse": 6.537127354736328,
    "layer3.0.conv2.rows": 32,
    "layer3.0.conv2.scaled_error": 0.055909259157180785,
    "layer3.0.conv2.scaled_shift": -0.000696728994611476,
    "layer3.0.conv2.stored_array_size": 32,
    "top_1_accuracy": 0.36820000410079956,
    "top_5_accuracy": 0.6050400137901306,
    "total_time": 85.39518846385181
}