{
    "halut_layers": "{\"layer2.3.conv3\": [8, 16, 64, 1]}",
    "layer2.3.conv3.C": 8,
    "layer2.3.conv3.H_size": 6144,
    "layer2.3.conv3.K": 64,
    "layer2.3.conv3.L_size": 1048576,
    "layer2.3.conv3.encoding_algorithm": 1,
    "layer2.3.conv3.learned_a_shape": [
        12544,
        128
    ],
    "layer2.3.conv3.learned_b_shape": [
        128,
        512
    ],
    "layer2.3.conv3.learned_d": 128,
    "layer2.3.conv3.learned_m": 512,
    "layer2.3.conv3.learned_n": 12544,
    "layer2.3.conv3.mae": 0.2966643249511719,
    "layer2.3.conv3.mape": 0.17488506015777588,
    "layer2.3.conv3.mse": 0.17646725439071656,
    "layer2.3.conv3.rows": 16,
    "layer2.3.conv3.scaled_error": 0.017757666125297545,
    "layer2.3.conv3.scaled_shift": 0.00013921466675587,
    "layer2.3.conv3.stored_array_size": 32,
    "top_1_accuracy": 0.7917999625205994,
    "top_5_accuracy": 0.9460799694061279,
    "total_time": 164.66723090410233
}