{
    "halut_layers": "{\"layer4.0.conv3\": [64, 32, 12, 2]}",
    "layer4.0.conv3.C": 64,
    "layer4.0.conv3.H_size": 4,
    "layer4.0.conv3.K": 12,
    "layer4.0.conv3.L_size": 6291456,
    "layer4.0.conv3.encoding_algorithm": 2,
    "layer4.0.conv3.learned_a_shape": [
        1568,
        512
    ],
    "layer4.0.conv3.learned_b_shape": [
        512,
        2048
    ],
    "layer4.0.conv3.learned_d": 512,
    "layer4.0.conv3.learned_m": 2048,
    "layer4.0.conv3.learned_n": 1568,
    "layer4.0.conv3.mae": 0.4467581743621826,
    "layer4.0.conv3.mape": 0.265657759513855,
    "layer4.0.conv3.mse": 0.34333528381347656,
    "layer4.0.conv3.rows": 32,
    "layer4.0.conv3.scaled_error": 0.03935271957874298,
    "layer4.0.conv3.scaled_shift": -0.0020327202783338725,
    "layer4.0.conv3.stored_array_size": 32,
    "top_1_accuracy": 0.7562999725341797,
    "top_5_accuracy": 0.9300599694252014,
    "total_time": 142.77003291994333
}