{
    "halut_layers": "{\"layer4.0.conv2\": [64, 32, 32, 1]}",
    "layer4.0.conv2.C": 64,
    "layer4.0.conv2.H_size": 24576,
    "layer4.0.conv2.K": 32,
    "layer4.0.conv2.L_size": 4194304,
    "layer4.0.conv2.encoding_algorithm": 1,
    "layer4.0.conv2.learned_a_shape": [
        1568,
        4608
    ],
    "layer4.0.conv2.learned_b_shape": [
        4608,
        512
    ],
    "layer4.0.conv2.learned_d": 4608,
    "layer4.0.conv2.learned_m": 512,
    "layer4.0.conv2.learned_n": 1568,
    "layer4.0.conv2.mae": 1.1793696640014648,
    "layer4.0.conv2.mape": 0.5212075968933105,
    "layer4.0.conv2.mse": 2.4444727459716797,
    "layer4.0.conv2.rows": 32,
    "layer4.0.conv2.scaled_error": 0.07476670616149902,
    "layer4.0.conv2.scaled_shift": 0.00701522207826376,
    "layer4.0.conv2.stored_array_size": 32,
    "top_1_accuracy": 0.6048399806022644,
    "top_5_accuracy": 0.8513799905776978,
    "total_time": 105.53313364647329
}