{
    "halut_layers": "{\"layer2.3.conv3\": [64, 8, 16, 0]}",
    "layer2.3.conv3.C": 64,
    "layer2.3.conv3.H_size": 11264,
    "layer2.3.conv3.K": 16,
    "layer2.3.conv3.L_size": 2097152,
    "layer2.3.conv3.encoding_algorithm": 0,
    "layer2.3.conv3.learned_a_shape": [
        6272,
        128
    ],
    "layer2.3.conv3.learned_b_shape": [
        128,
        512
    ],
    "layer2.3.conv3.learned_d": 128,
    "layer2.3.conv3.learned_m": 512,
    "layer2.3.conv3.learned_n": 6272,
    "layer2.3.conv3.mae": 0.11727893089294433,
    "layer2.3.conv3.mape": 0.07063075450897217,
    "layer2.3.conv3.mse": 0.027644536828994752,
    "layer2.3.conv3.rows": 8,
    "layer2.3.conv3.scaled_error": 0.0070230554270744325,
    "layer2.3.conv3.scaled_shift": 3.474836568075261e-05,
    "layer2.3.conv3.stored_array_size": 32,
    "top_1_accuracy": 0.8067599534988403,
    "top_5_accuracy": 0.9535799622535706,
    "total_time": 173.84604592062533
}