{
    "halut_layers": "{\"layer2.0.downsample.0\": [16, 2, 16, 0]}",
    "layer2.0.downsample.0.C": 16,
    "layer2.0.downsample.0.H_size": 2816,
    "layer2.0.downsample.0.K": 16,
    "layer2.0.downsample.0.L_size": 524288,
    "layer2.0.downsample.0.encoding_algorithm": 0,
    "layer2.0.downsample.0.learned_a_shape": [
        1568,
        256
    ],
    "layer2.0.downsample.0.learned_b_shape": [
        256,
        512
    ],
    "layer2.0.downsample.0.learned_d": 256,
    "layer2.0.downsample.0.learned_m": 512,
    "layer2.0.downsample.0.learned_n": 1568,
    "layer2.0.downsample.0.mae": 0.7777020289611817,
    "layer2.0.downsample.0.mape": 0.3318874895477295,
    "layer2.0.downsample.0.mse": 1.3884348120117187,
    "layer2.0.downsample.0.rows": 2,
    "layer2.0.downsample.0.scaled_error": 0.039168528656959536,
    "layer2.0.downsample.0.scaled_shift": 0.0008708067145431415,
    "layer2.0.downsample.0.stored_array_size": 32,
    "top_1_accuracy": 0.6192600131034851,
    "top_5_accuracy": 0.8429399728775024,
    "total_time": 155.52086435072124
}