{
    "halut_layers": "{\"layer2.0.conv2\": [8, 2, 4, 1]}",
    "layer2.0.conv2.C": 8,
    "layer2.0.conv2.H_size": 384,
    "layer2.0.conv2.K": 4,
    "layer2.0.conv2.L_size": 16384,
    "layer2.0.conv2.encoding_algorithm": 1,
    "layer2.0.conv2.learned_a_shape": [
        1568,
        1152
    ],
    "layer2.0.conv2.learned_b_shape": [
        1152,
        128
    ],
    "layer2.0.conv2.learned_d": 1152,
    "layer2.0.conv2.learned_m": 128,
    "layer2.0.conv2.learned_n": 1568,
    "layer2.0.conv2.mae": 2.4047735226440428,
    "layer2.0.conv2.mape": 0.6913532704162597,
    "layer2.0.conv2.mse": 10.543417709960938,
    "layer2.0.conv2.rows": 2,
    "layer2.0.conv2.scaled_error": 0.053741972217559816,
    "layer2.0.conv2.scaled_shift": -0.001523820486725308,
    "layer2.0.conv2.stored_array_size": 32,
    "top_1_accuracy": 0.4513799846172333,
    "top_5_accuracy": 0.6875,
    "total_time": 98.61101345904171
}