{
    "halut_layers": "{\"layer3.5.conv2\": [8, 64, 32, 1]}",
    "layer3.5.conv2.C": 8,
    "layer3.5.conv2.H_size": 3072,
    "layer3.5.conv2.K": 32,
    "layer3.5.conv2.L_size": 262144,
    "layer3.5.conv2.encoding_algorithm": 1,
    "layer3.5.conv2.learned_a_shape": [
        12544,
        2304
    ],
    "layer3.5.conv2.learned_b_shape": [
        2304,
        256
    ],
    "layer3.5.conv2.learned_d": 2304,
    "layer3.5.conv2.learned_m": 256,
    "layer3.5.conv2.learned_n": 12544,
    "layer3.5.conv2.mae": 0.8529606559753418,
    "layer3.5.conv2.mape": 0.3874443677139282,
    "layer3.5.conv2.mse": 1.3074635739135743,
    "layer3.5.conv2.rows": 64,
    "layer3.5.conv2.scaled_error": 0.05958683988571167,
    "layer3.5.conv2.scaled_shift": 0.00475106153635541,
    "layer3.5.conv2.stored_array_size": 32,
    "top_1_accuracy": 0.7781599760055542,
    "top_5_accuracy": 0.9400799870491028,
    "total_time": 81.02313462272286
}