{
    "halut_layers": "{\"layer3.0.conv3\": [8, 16, 16, 0]}",
    "layer3.0.conv3.C": 8,
    "layer3.0.conv3.H_size": 1408,
    "layer3.0.conv3.K": 16,
    "layer3.0.conv3.L_size": 524288,
    "layer3.0.conv3.encoding_algorithm": 0,
    "layer3.0.conv3.learned_a_shape": [
        3136,
        256
    ],
    "layer3.0.conv3.learned_b_shape": [
        256,
        1024
    ],
    "layer3.0.conv3.learned_d": 256,
    "layer3.0.conv3.learned_m": 1024,
    "layer3.0.conv3.learned_n": 3136,
    "layer3.0.conv3.mae": 0.6136319024658203,
    "layer3.0.conv3.mape": 0.304785652923584,
    "layer3.0.conv3.mse": 0.6894997297668457,
    "layer3.0.conv3.rows": 16,
    "layer3.0.conv3.scaled_error": 0.04300279302597046,
    "layer3.0.conv3.scaled_shift": 0.0024488439400866626,
    "layer3.0.conv3.stored_array_size": 32,
    "top_1_accuracy": 0.6178399920463562,
    "top_5_accuracy": 0.8361999988555908,
    "total_time": 117.06891162134707
}