{
    "halut_layers": "{\"layer3.0.conv2\": [64, 16, 12, 1]}",
    "layer3.0.conv2.C": 64,
    "layer3.0.conv2.H_size": 12288,
    "layer3.0.conv2.K": 12,
    "layer3.0.conv2.L_size": 786432,
    "layer3.0.conv2.encoding_algorithm": 1,
    "layer3.0.conv2.learned_a_shape": [
        3136,
        2304
    ],
    "layer3.0.conv2.learned_b_shape": [
        2304,
        256
    ],
    "layer3.0.conv2.learned_d": 2304,
    "layer3.0.conv2.learned_m": 256,
    "layer3.0.conv2.learned_n": 3136,
    "layer3.0.conv2.mae": 1.6367165270996094,
    "layer3.0.conv2.mape": 0.5848871873474121,
    "layer3.0.conv2.mse": 4.858803270263672,
    "layer3.0.conv2.rows": 16,
    "layer3.0.conv2.scaled_error": 0.048343184819221494,
    "layer3.0.conv2.scaled_shift": -0.00013148882453038822,
    "layer3.0.conv2.stored_array_size": 32,
    "top_1_accuracy": 0.6947199702262878,
    "top_5_accuracy": 0.8901399970054626,
    "total_time": 115.57015839964151
}