{
    "halut_layers": "{\"layer3.0.conv3\": [32, 2, 8, 2]}",
    "layer3.0.conv3.C": 32,
    "layer3.0.conv3.H_size": 4,
    "layer3.0.conv3.K": 8,
    "layer3.0.conv3.L_size": 1048576,
    "layer3.0.conv3.encoding_algorithm": 2,
    "layer3.0.conv3.learned_a_shape": [
        392,
        256
    ],
    "layer3.0.conv3.learned_b_shape": [
        256,
        1024
    ],
    "layer3.0.conv3.learned_d": 256,
    "layer3.0.conv3.learned_m": 1024,
    "layer3.0.conv3.learned_n": 392,
    "layer3.0.conv3.mae": 0.6633976664733887,
    "layer3.0.conv3.mape": 0.34416946807861326,
    "layer3.0.conv3.mse": 0.7747429148864746,
    "layer3.0.conv3.rows": 2,
    "layer3.0.conv3.scaled_error": 0.046539362630844114,
    "layer3.0.conv3.scaled_shift": 0.0013654748838976957,
    "layer3.0.conv3.stored_array_size": 32,
    "top_1_accuracy": 0.7257999777793884,
    "top_5_accuracy": 0.9127599596977234,
    "total_time": 152.7267315853387
}