{
    "halut_layers": "{\"layer4.0.conv1\": [32, 32, 32, 0]}",
    "layer4.0.conv1.C": 32,
    "layer4.0.conv1.H_size": 12160,
    "layer4.0.conv1.K": 32,
    "layer4.0.conv1.L_size": 2097152,
    "layer4.0.conv1.encoding_algorithm": 0,
    "layer4.0.conv1.learned_a_shape": [
        6272,
        1024
    ],
    "layer4.0.conv1.learned_b_shape": [
        1024,
        512
    ],
    "layer4.0.conv1.learned_d": 1024,
    "layer4.0.conv1.learned_m": 512,
    "layer4.0.conv1.learned_n": 6272,
    "layer4.0.conv1.mae": 2.8409481491088866,
    "layer4.0.conv1.mape": 1.1789378424072265,
    "layer4.0.conv1.mse": 12.934825183105469,
    "layer4.0.conv1.rows": 32,
    "layer4.0.conv1.scaled_error": 0.1319476135444641,
    "layer4.0.conv1.scaled_shift": -0.0424205975818634,
    "layer4.0.conv1.stored_array_size": 32,
    "top_1_accuracy": 0.004799999762326479,
    "top_5_accuracy": 0.0452599972486496,
    "total_time": 123.35004020854831
}