{
    "halut_layers": "{\"layer3.0.conv3\": [16, 1, 12, 2]}",
    "layer3.0.conv3.C": 16,
    "layer3.0.conv3.H_size": 4,
    "layer3.0.conv3.K": 12,
    "layer3.0.conv3.L_size": 786432,
    "layer3.0.conv3.encoding_algorithm": 2,
    "layer3.0.conv3.learned_a_shape": [
        196,
        256
    ],
    "layer3.0.conv3.learned_b_shape": [
        256,
        1024
    ],
    "layer3.0.conv3.learned_d": 256,
    "layer3.0.conv3.learned_m": 1024,
    "layer3.0.conv3.learned_n": 196,
    "layer3.0.conv3.mae": 0.7382065859222412,
    "layer3.0.conv3.mape": 0.3782828171920776,
    "layer3.0.conv3.mse": 0.9658927424621582,
    "layer3.0.conv3.rows": 1,
    "layer3.0.conv3.scaled_error": 0.05174784931659698,
    "layer3.0.conv3.scaled_shift": 0.0049310214745998384,
    "layer3.0.conv3.stored_array_size": 32,
    "top_1_accuracy": 0.5644199848175049,
    "top_5_accuracy": 0.790179967880249,
    "total_time": 219.71011703647673
}