{
    "halut_layers": "{\"layer4.0.conv1\": [64, 256, 64, 1]}",
    "layer4.0.conv1.C": 64,
    "layer4.0.conv1.H_size": 49152,
    "layer4.0.conv1.K": 64,
    "layer4.0.conv1.L_size": 8388608,
    "layer4.0.conv1.encoding_algorithm": 1,
    "layer4.0.conv1.learned_a_shape": [
        50176,
        1024
    ],
    "layer4.0.conv1.learned_b_shape": [
        1024,
        512
    ],
    "layer4.0.conv1.learned_d": 1024,
    "layer4.0.conv1.learned_m": 512,
    "layer4.0.conv1.learned_n": 50176,
    "layer4.0.conv1.mae": 0.8548898970031739,
    "layer4.0.conv1.mape": 0.3276952781677246,
    "layer4.0.conv1.mse": 1.2776774417114258,
    "layer4.0.conv1.rows": 256,
    "layer4.0.conv1.scaled_error": 0.039767957458496095,
    "layer4.0.conv1.scaled_shift": 0.0020016479237875318,
    "layer4.0.conv1.stored_array_size": 32,
    "top_1_accuracy": 0.7244799733161926,
    "top_5_accuracy": 0.9163599610328674,
    "total_time": 146.5830947253853
}