{
    "halut_layers": "{\"layer3.5.conv1\": [32, 32, 12, 1]}",
    "layer3.5.conv1.C": 32,
    "layer3.5.conv1.H_size": 6144,
    "layer3.5.conv1.K": 12,
    "layer3.5.conv1.L_size": 393216,
    "layer3.5.conv1.encoding_algorithm": 1,
    "layer3.5.conv1.learned_a_shape": [
        6272,
        1024
    ],
    "layer3.5.conv1.learned_b_shape": [
        1024,
        256
    ],
    "layer3.5.conv1.learned_d": 1024,
    "layer3.5.conv1.learned_m": 256,
    "layer3.5.conv1.learned_n": 6272,
    "layer3.5.conv1.mae": 1.1025059794616698,
    "layer3.5.conv1.mape": 0.4283743130493164,
    "layer3.5.conv1.mse": 2.1040934918212892,
    "layer3.5.conv1.rows": 32,
    "layer3.5.conv1.scaled_error": 0.038495893154144284,
    "layer3.5.conv1.scaled_shift": 0.002329390168573591,
    "layer3.5.conv1.stored_array_size": 32,
    "top_1_accuracy": 0.7834799885749817,
    "top_5_accuracy": 0.9421399831771851,
    "total_time": 110.08393078483641
}