{
    "halut_layers": "{\"layer2.0.conv2\": [16, 4, 8, 1]}",
    "layer2.0.conv2.C": 16,
    "layer2.0.conv2.H_size": 1536,
    "layer2.0.conv2.K": 8,
    "layer2.0.conv2.L_size": 65536,
    "layer2.0.conv2.encoding_algorithm": 1,
    "layer2.0.conv2.learned_a_shape": [
        3136,
        1152
    ],
    "layer2.0.conv2.learned_b_shape": [
        1152,
        128
    ],
    "layer2.0.conv2.learned_d": 1152,
    "layer2.0.conv2.learned_m": 128,
    "layer2.0.conv2.learned_n": 3136,
    "layer2.0.conv2.mae": 2.1673883489990233,
    "layer2.0.conv2.mape": 0.6457750762939453,
    "layer2.0.conv2.mse": 8.420894031982423,
    "layer2.0.conv2.rows": 4,
    "layer2.0.conv2.scaled_error": 0.0484444460105896,
    "layer2.0.conv2.scaled_shift": -0.0010299190961942076,
    "layer2.0.conv2.stored_array_size": 32,
    "top_1_accuracy": 0.5756399631500244,
    "top_5_accuracy": 0.8004599809646606,
    "total_time": 97.84079743735492
}