{
    "halut_layers": "{\"layer4.2.conv3\": [16, 64, 24, 2]}",
    "layer4.2.conv3.C": 16,
    "layer4.2.conv3.H_size": 4,
    "layer4.2.conv3.K": 24,
    "layer4.2.conv3.L_size": 3145728,
    "layer4.2.conv3.encoding_algorithm": 2,
    "layer4.2.conv3.learned_a_shape": [
        3136,
        512
    ],
    "layer4.2.conv3.learned_b_shape": [
        512,
        2048
    ],
    "layer4.2.conv3.learned_d": 512,
    "layer4.2.conv3.learned_m": 2048,
    "layer4.2.conv3.learned_n": 3136,
    "layer4.2.conv3.mae": 0.22367309619903564,
    "layer4.2.conv3.mape": 0.1472048126220703,
    "layer4.2.conv3.mse": 0.10796702060699463,
    "layer4.2.conv3.rows": 64,
    "layer4.2.conv3.scaled_error": 0.043876985120773315,
    "layer4.2.conv3.scaled_shift": 0.01783789632678032,
    "layer4.2.conv3.stored_array_size": 32,
    "top_1_accuracy": 0.7907199859619141,
    "top_5_accuracy": 0.9449999928474426,
    "total_time": 124.92675734404474
}