{
    "halut_layers": "{\"layer2.0.conv1\": [64, 4, 64, 1]}",
    "layer2.0.conv1.C": 64,
    "layer2.0.conv1.H_size": 49152,
    "layer2.0.conv1.K": 64,
    "layer2.0.conv1.L_size": 2097152,
    "layer2.0.conv1.encoding_algorithm": 1,
    "layer2.0.conv1.learned_a_shape": [
        12544,
        256
    ],
    "layer2.0.conv1.learned_b_shape": [
        256,
        128
    ],
    "layer2.0.conv1.learned_d": 256,
    "layer2.0.conv1.learned_m": 128,
    "layer2.0.conv1.learned_n": 12544,
    "layer2.0.conv1.mae": 0.7664967016601563,
    "layer2.0.conv1.mape": 0.28366374099731445,
    "layer2.0.conv1.mse": 1.0420099072265625,
    "layer2.0.conv1.rows": 4,
    "layer2.0.conv1.scaled_error": 0.01892694422006607,
    "layer2.0.conv1.scaled_shift": 0.0006183409035624936,
    "layer2.0.conv1.stored_array_size": 32,
    "top_1_accuracy": 0.801639974117279,
    "top_5_accuracy": 0.950659990310669,
    "total_time": 233.57883761823177
}