{
    "halut_layers": "{\"layer3.0.conv3\": [8, 64, 8, 1]}",
    "layer3.0.conv3.C": 8,
    "layer3.0.conv3.H_size": 768,
    "layer3.0.conv3.K": 8,
    "layer3.0.conv3.L_size": 262144,
    "layer3.0.conv3.encoding_algorithm": 1,
    "layer3.0.conv3.learned_a_shape": [
        12544,
        256
    ],
    "layer3.0.conv3.learned_b_shape": [
        256,
        1024
    ],
    "layer3.0.conv3.learned_d": 256,
    "layer3.0.conv3.learned_m": 1024,
    "layer3.0.conv3.learned_n": 12544,
    "layer3.0.conv3.mae": 0.6057161039733887,
    "layer3.0.conv3.mape": 0.29754712409973144,
    "layer3.0.conv3.mse": 0.6835203993225097,
    "layer3.0.conv3.rows": 64,
    "layer3.0.conv3.scaled_error": 0.042469154443740845,
    "layer3.0.conv3.scaled_shift": 0.0010562902674239013,
    "layer3.0.conv3.stored_array_size": 32,
    "top_1_accuracy": 0.5941599607467651,
    "top_5_accuracy": 0.8188999891281128,
    "total_time": 116.23066889122128
}