{
    "halut_layers": "{\"layer2.0.downsample.0\": [8, 4, 8, 0]}",
    "layer2.0.downsample.0.C": 8,
    "layer2.0.downsample.0.H_size": 672,
    "layer2.0.downsample.0.K": 8,
    "layer2.0.downsample.0.L_size": 131072,
    "layer2.0.downsample.0.encoding_algorithm": 0,
    "layer2.0.downsample.0.learned_a_shape": [
        3136,
        256
    ],
    "layer2.0.downsample.0.learned_b_shape": [
        256,
        512
    ],
    "layer2.0.downsample.0.learned_d": 256,
    "layer2.0.downsample.0.learned_m": 512,
    "layer2.0.downsample.0.learned_n": 3136,
    "layer2.0.downsample.0.mae": 1.3023720236206056,
    "layer2.0.downsample.0.mape": 0.5885513919067383,
    "layer2.0.downsample.0.mse": 3.3800274865722657,
    "layer2.0.downsample.0.rows": 4,
    "layer2.0.downsample.0.scaled_error": 0.06566951584815979,
    "layer2.0.downsample.0.scaled_shift": -0.008707164008617402,
    "layer2.0.downsample.0.stored_array_size": 32,
    "top_1_accuracy": 0.27653998136520386,
    "top_5_accuracy": 0.4947199821472168,
    "total_time": 156.65973979234695
}