{
    "halut_layers": "{\"layer1.0.conv2\": [64, 1, 12, 2]}",
    "layer1.0.conv2.C": 64,
    "layer1.0.conv2.H_size": 4,
    "layer1.0.conv2.K": 12,
    "layer1.0.conv2.L_size": 196608,
    "layer1.0.conv2.encoding_algorithm": 2,
    "layer1.0.conv2.learned_a_shape": [
        3136,
        576
    ],
    "layer1.0.conv2.learned_b_shape": [
        576,
        64
    ],
    "layer1.0.conv2.learned_d": 576,
    "layer1.0.conv2.learned_m": 64,
    "layer1.0.conv2.learned_n": 3136,
    "layer1.0.conv2.mae": 1.7055839584350585,
    "layer1.0.conv2.mape": 0.3713024866485596,
    "layer1.0.conv2.mse": 7.529497475585938,
    "layer1.0.conv2.rows": 1,
    "layer1.0.conv2.scaled_error": 0.0353544024848938,
    "layer1.0.conv2.scaled_shift": -0.002336913783475757,
    "layer1.0.conv2.stored_array_size": 32,
    "top_1_accuracy": 0.7476199865341187,
    "top_5_accuracy": 0.922279953956604,
    "total_time": 225.60416203550994
}