{
    "halut_layers": "{\"layer1.1.conv3\": [32, 2, 32, 2]}",
    "layer1.1.conv3.C": 32,
    "layer1.1.conv3.H_size": 4,
    "layer1.1.conv3.K": 32,
    "layer1.1.conv3.L_size": 1048576,
    "layer1.1.conv3.encoding_algorithm": 2,
    "layer1.1.conv3.learned_a_shape": [
        6272,
        64
    ],
    "layer1.1.conv3.learned_b_shape": [
        64,
        256
    ],
    "layer1.1.conv3.learned_d": 64,
    "layer1.1.conv3.learned_m": 256,
    "layer1.1.conv3.learned_n": 6272,
    "layer1.1.conv3.mae": 0.13687081943511964,
    "layer1.1.conv3.mape": 0.06274760332107544,
    "layer1.1.conv3.mse": 0.04096945604324341,
    "layer1.1.conv3.rows": 2,
    "layer1.1.conv3.scaled_error": 0.00800592246890068,
    "layer1.1.conv3.scaled_shift": -0.0001581277553923428,
    "layer1.1.conv3.stored_array_size": 32,
    "top_1_accuracy": 0.8073599934577942,
    "top_5_accuracy": 0.9538599848747253,
    "total_time": 405.0835653273389
}