{
    "halut_layers": "{\"layer2.0.downsample.0\": [64, 16, 32, 1]}",
    "layer2.0.downsample.0.C": 64,
    "layer2.0.downsample.0.H_size": 24576,
    "layer2.0.downsample.0.K": 32,
    "layer2.0.downsample.0.L_size": 4194304,
    "layer2.0.downsample.0.encoding_algorithm": 1,
    "layer2.0.downsample.0.learned_a_shape": [
        12544,
        256
    ],
    "layer2.0.downsample.0.learned_b_shape": [
        256,
        512
    ],
    "layer2.0.downsample.0.learned_d": 256,
    "layer2.0.downsample.0.learned_m": 512,
    "layer2.0.downsample.0.learned_n": 12544,
    "layer2.0.downsample.0.mae": 0.3357197582626343,
    "layer2.0.downsample.0.mape": 0.15479132335662843,
    "layer2.0.downsample.0.mse": 0.22908375823974608,
    "layer2.0.downsample.0.rows": 16,
    "layer2.0.downsample.0.scaled_error": 0.016905827026367188,
    "layer2.0.downsample.0.scaled_shift": -4.2787258352327625e-05,
    "layer2.0.downsample.0.stored_array_size": 32,
    "top_1_accuracy": 0.8026999831199646,
    "top_5_accuracy": 0.9521999955177307,
    "total_time": 182.12030723504722
}