{
    "halut_layers": "{\"layer3.5.conv1\": [8, 32, 8, 1]}",
    "layer3.5.conv1.C": 8,
    "layer3.5.conv1.H_size": 768,
    "layer3.5.conv1.K": 8,
    "layer3.5.conv1.L_size": 65536,
    "layer3.5.conv1.encoding_algorithm": 1,
    "layer3.5.conv1.learned_a_shape": [
        6272,
        1024
    ],
    "layer3.5.conv1.learned_b_shape": [
        1024,
        256
    ],
    "layer3.5.conv1.learned_d": 1024,
    "layer3.5.conv1.learned_m": 256,
    "layer3.5.conv1.learned_n": 6272,
    "layer3.5.conv1.mae": 1.267409818725586,
    "layer3.5.conv1.mape": 0.476488240737915,
    "layer3.5.conv1.mse": 2.785682764892578,
    "layer3.5.conv1.rows": 32,
    "layer3.5.conv1.scaled_error": 0.04425022959709168,
    "layer3.5.conv1.scaled_shift": 0.002175284029948525,
    "layer3.5.conv1.stored_array_size": 32,
    "top_1_accuracy": 0.7726399898529053,
    "top_5_accuracy": 0.9368999600410461,
    "total_time": 83.55551887489855
}