{
    "halut_layers": "{\"layer4.0.conv2\": [16, 32, 12, 2]}",
    "layer4.0.conv2.C": 16,
    "layer4.0.conv2.H_size": 4,
    "layer4.0.conv2.K": 12,
    "layer4.0.conv2.L_size": 393216,
    "layer4.0.conv2.encoding_algorithm": 2,
    "layer4.0.conv2.learned_a_shape": [
        1568,
        4608
    ],
    "layer4.0.conv2.learned_b_shape": [
        4608,
        512
    ],
    "layer4.0.conv2.learned_d": 4608,
    "layer4.0.conv2.learned_m": 512,
    "layer4.0.conv2.learned_n": 1568,
    "layer4.0.conv2.mae": 1.105175177307129,
    "layer4.0.conv2.mape": 0.4600853544616699,
    "layer4.0.conv2.mse": 2.202584429321289,
    "layer4.0.conv2.rows": 32,
    "layer4.0.conv2.scaled_error": 0.07005881017684937,
    "layer4.0.conv2.scaled_shift": 0.011703936853408814,
    "layer4.0.conv2.stored_array_size": 32,
    "top_1_accuracy": 0.5892800092697144,
    "top_5_accuracy": 0.8402000069618225,
    "total_time": 111.12185541726649
}