{
    "halut_layers": "{\"layer3.0.conv3\": [64, 64, 8, 2]}",
    "layer3.0.conv3.C": 64,
    "layer3.0.conv3.H_size": 4,
    "layer3.0.conv3.K": 8,
    "layer3.0.conv3.L_size": 2097152,
    "layer3.0.conv3.encoding_algorithm": 2,
    "layer3.0.conv3.learned_a_shape": [
        12544,
        256
    ],
    "layer3.0.conv3.learned_b_shape": [
        256,
        1024
    ],
    "layer3.0.conv3.learned_d": 256,
    "layer3.0.conv3.learned_m": 1024,
    "layer3.0.conv3.learned_n": 12544,
    "layer3.0.conv3.mae": 0.3557254079818726,
    "layer3.0.conv3.mape": 0.18476846645355224,
    "layer3.0.conv3.mse": 0.22920284519195558,
    "layer3.0.conv3.rows": 64,
    "layer3.0.conv3.scaled_error": 0.024934877886772157,
    "layer3.0.conv3.scaled_shift": -0.00016722940492960332,
    "layer3.0.conv3.stored_array_size": 32,
    "top_1_accuracy": 0.7954399585723877,
    "top_5_accuracy": 0.948639988899231,
    "total_time": 168.33632541634142
}