{
    "halut_layers": "{\"layer3.5.conv2\": [64, 8, 16, 0]}",
    "layer3.5.conv2.C": 64,
    "layer3.5.conv2.H_size": 11264,
    "layer3.5.conv2.K": 16,
    "layer3.5.conv2.L_size": 1048576,
    "layer3.5.conv2.encoding_algorithm": 0,
    "layer3.5.conv2.learned_a_shape": [
        1568,
        2304
    ],
    "layer3.5.conv2.learned_b_shape": [
        2304,
        256
    ],
    "layer3.5.conv2.learned_d": 2304,
    "layer3.5.conv2.learned_m": 256,
    "layer3.5.conv2.learned_n": 1568,
    "layer3.5.conv2.mae": 0.8238085971069335,
    "layer3.5.conv2.mape": 0.3922613151550293,
    "layer3.5.conv2.mse": 1.1906492384338379,
    "layer3.5.conv2.rows": 8,
    "layer3.5.conv2.scaled_error": 0.05754371957778931,
    "layer3.5.conv2.scaled_shift": 0.005380662125572562,
    "layer3.5.conv2.stored_array_size": 32,
    "top_1_accuracy": 0.7863999605178833,
    "top_5_accuracy": 0.9434999823570251,
    "total_time": 111.31313058361411
}