{
    "halut_layers": "{\"layer3.0.conv2\": [64, 4, 24, 1]}",
    "layer3.0.conv2.C": 64,
    "layer3.0.conv2.H_size": 24576,
    "layer3.0.conv2.K": 24,
    "layer3.0.conv2.L_size": 1572864,
    "layer3.0.conv2.encoding_algorithm": 1,
    "layer3.0.conv2.learned_a_shape": [
        784,
        2304
    ],
    "layer3.0.conv2.learned_b_shape": [
        2304,
        256
    ],
    "layer3.0.conv2.learned_d": 2304,
    "layer3.0.conv2.learned_m": 256,
    "layer3.0.conv2.learned_n": 784,
    "layer3.0.conv2.mae": 2.1460970434570315,
    "layer3.0.conv2.mape": 0.826113614654541,
    "layer3.0.conv2.mse": 7.988483602294922,
    "layer3.0.conv2.rows": 4,
    "layer3.0.conv2.scaled_error": 0.06343339062690735,
    "layer3.0.conv2.scaled_shift": -0.001247081173476763,
    "layer3.0.conv2.stored_array_size": 32,
    "top_1_accuracy": 0.6490799784660339,
    "top_5_accuracy": 0.8593199849128723,
    "total_time": 118.01933389529586
}