{
    "halut_layers": "{\"layer3.3.conv3\": [16, 16, 8, 1]}",
    "layer3.3.conv3.C": 16,
    "layer3.3.conv3.H_size": 1536,
    "layer3.3.conv3.K": 8,
    "layer3.3.conv3.L_size": 524288,
    "layer3.3.conv3.encoding_algorithm": 1,
    "layer3.3.conv3.learned_a_shape": [
        3136,
        256
    ],
    "layer3.3.conv3.learned_b_shape": [
        256,
        1024
    ],
    "layer3.3.conv3.learned_d": 256,
    "layer3.3.conv3.learned_m": 1024,
    "layer3.3.conv3.learned_n": 3136,
    "layer3.3.conv3.mae": 0.25840744064331056,
    "layer3.3.conv3.mape": 0.17639247978210448,
    "layer3.3.conv3.mse": 0.11835078248977661,
    "layer3.3.conv3.rows": 16,
    "layer3.3.conv3.scaled_error": 0.013206160471439361,
    "layer3.3.conv3.scaled_shift": 7.68852723017335e-05,
    "layer3.3.conv3.stored_array_size": 32,
    "top_1_accuracy": 0.7938599586486816,
    "top_5_accuracy": 0.9478199481964111,
    "total_time": 140.29485653154552
}