{
    "halut_layers": "{\"layer3.0.conv2\": [32, 64, 64, 1]}",
    "layer3.0.conv2.C": 32,
    "layer3.0.conv2.H_size": 24576,
    "layer3.0.conv2.K": 64,
    "layer3.0.conv2.L_size": 2097152,
    "layer3.0.conv2.encoding_algorithm": 1,
    "layer3.0.conv2.learned_a_shape": [
        12544,
        2304
    ],
    "layer3.0.conv2.learned_b_shape": [
        2304,
        256
    ],
    "layer3.0.conv2.learned_d": 2304,
    "layer3.0.conv2.learned_m": 256,
    "layer3.0.conv2.learned_n": 12544,
    "layer3.0.conv2.mae": 1.6023139486694336,
    "layer3.0.conv2.mape": 0.5557743815612793,
    "layer3.0.conv2.mse": 4.737529321289062,
    "layer3.0.conv2.rows": 64,
    "layer3.0.conv2.scaled_error": 0.047329010257720946,
    "layer3.0.conv2.scaled_shift": 4.713266439161089e-05,
    "layer3.0.conv2.stored_array_size": 32,
    "top_1_accuracy": 0.6846199631690979,
    "top_5_accuracy": 0.8839199542999268,
    "total_time": 115.31786525063217
}