{
    "halut_layers": "{\"layer4.0.conv3\": [8, 32, 32, 2]}",
    "layer4.0.conv3.C": 8,
    "layer4.0.conv3.H_size": 4,
    "layer4.0.conv3.K": 32,
    "layer4.0.conv3.L_size": 2097152,
    "layer4.0.conv3.encoding_algorithm": 2,
    "layer4.0.conv3.learned_a_shape": [
        1568,
        512
    ],
    "layer4.0.conv3.learned_b_shape": [
        512,
        2048
    ],
    "layer4.0.conv3.learned_d": 512,
    "layer4.0.conv3.learned_m": 2048,
    "layer4.0.conv3.learned_n": 1568,
    "layer4.0.conv3.mae": 0.5085736750030517,
    "layer4.0.conv3.mape": 0.2877616703414917,
    "layer4.0.conv3.mse": 0.46176501335144043,
    "layer4.0.conv3.rows": 32,
    "layer4.0.conv3.scaled_error": 0.044791006922721865,
    "layer4.0.conv3.scaled_shift": 0.004640717484951019,
    "layer4.0.conv3.stored_array_size": 32,
    "top_1_accuracy": 0.5644400119781494,
    "top_5_accuracy": 0.8180999755859375,
    "total_time": 120.06033960264176
}