{
    "halut_layers": "{\"layer3.5.conv1\": [64, 32, 32, 0]}",
    "layer3.5.conv1.C": 64,
    "layer3.5.conv1.H_size": 24320,
    "layer3.5.conv1.K": 32,
    "layer3.5.conv1.L_size": 2097152,
    "layer3.5.conv1.encoding_algorithm": 0,
    "layer3.5.conv1.learned_a_shape": [
        6272,
        1024
    ],
    "layer3.5.conv1.learned_b_shape": [
        1024,
        256
    ],
    "layer3.5.conv1.learned_d": 1024,
    "layer3.5.conv1.learned_m": 256,
    "layer3.5.conv1.learned_n": 6272,
    "layer3.5.conv1.mae": 3.438837722167969,
    "layer3.5.conv1.mape": 1.5291725575256347,
    "layer3.5.conv1.mse": 18.800544287109375,
    "layer3.5.conv1.rows": 32,
    "layer3.5.conv1.scaled_error": 0.11993369304656983,
    "layer3.5.conv1.scaled_shift": -0.04928508966445923,
    "layer3.5.conv1.stored_array_size": 32,
    "top_1_accuracy": 0.5519599914550781,
    "top_5_accuracy": 0.7777999639511108,
    "total_time": 113.23041672632098
}