{
    "halut_layers": "{\"layer4.2.conv3\": [8, 256, 64, 2]}",
    "layer4.2.conv3.C": 8,
    "layer4.2.conv3.H_size": 4,
    "layer4.2.conv3.K": 64,
    "layer4.2.conv3.L_size": 4194304,
    "layer4.2.conv3.encoding_algorithm": 2,
    "layer4.2.conv3.learned_a_shape": [
        12544,
        512
    ],
    "layer4.2.conv3.learned_b_shape": [
        512,
        2048
    ],
    "layer4.2.conv3.learned_d": 512,
    "layer4.2.conv3.learned_m": 2048,
    "layer4.2.conv3.learned_n": 12544,
    "layer4.2.conv3.mae": 0.21542481575012207,
    "layer4.2.conv3.mape": 0.14234534572601318,
    "layer4.2.conv3.mse": 0.09783323146820068,
    "layer4.2.conv3.rows": 256,
    "layer4.2.conv3.scaled_error": 0.04224978313922882,
    "layer4.2.conv3.scaled_shift": 0.01597741679303348,
    "layer4.2.conv3.stored_array_size": 32,
    "top_1_accuracy": 0.790120005607605,
    "top_5_accuracy": 0.9444999694824219,
    "total_time": 125.13992661703378
}