{
    "halut_layers": "{\"layer4.2.conv1\": [32, 64, 24, 1]}",
    "layer4.2.conv1.C": 32,
    "layer4.2.conv1.H_size": 12288,
    "layer4.2.conv1.K": 24,
    "layer4.2.conv1.L_size": 1572864,
    "layer4.2.conv1.encoding_algorithm": 1,
    "layer4.2.conv1.learned_a_shape": [
        3136,
        2048
    ],
    "layer4.2.conv1.learned_b_shape": [
        2048,
        512
    ],
    "layer4.2.conv1.learned_d": 2048,
    "layer4.2.conv1.learned_m": 512,
    "layer4.2.conv1.learned_n": 3136,
    "layer4.2.conv1.mae": 0.9124484552001954,
    "layer4.2.conv1.mape": 0.36177770759582517,
    "layer4.2.conv1.mse": 1.8086559701538085,
    "layer4.2.conv1.rows": 64,
    "layer4.2.conv1.scaled_error": 0.009401708651781082,
    "layer4.2.conv1.scaled_shift": 0.0023880757772922518,
    "layer4.2.conv1.stored_array_size": 32,
    "top_1_accuracy": 0.7791599631309509,
    "top_5_accuracy": 0.9372999668121338,
    "total_time": 100.7261529751122
}