{
    "halut_layers": "{\"layer4.1.conv1\": [16, 128, 12, 1]}",
    "layer4.1.conv1.C": 16,
    "layer4.1.conv1.H_size": 3072,
    "layer4.1.conv1.K": 12,
    "layer4.1.conv1.L_size": 393216,
    "layer4.1.conv1.encoding_algorithm": 1,
    "layer4.1.conv1.learned_a_shape": [
        6272,
        2048
    ],
    "layer4.1.conv1.learned_b_shape": [
        2048,
        512
    ],
    "layer4.1.conv1.learned_d": 2048,
    "layer4.1.conv1.learned_m": 512,
    "layer4.1.conv1.learned_n": 6272,
    "layer4.1.conv1.mae": 1.3177774670410156,
    "layer4.1.conv1.mape": 0.4718881721496582,
    "layer4.1.conv1.mse": 3.294717239379883,
    "layer4.1.conv1.rows": 128,
    "layer4.1.conv1.scaled_error": 0.01893758306503296,
    "layer4.1.conv1.scaled_shift": 0.00294496227183321,
    "layer4.1.conv1.stored_array_size": 32,
    "top_1_accuracy": 0.6266399621963501,
    "top_5_accuracy": 0.8250399827957153,
    "total_time": 100.65288396086544
}