{
    "halut_layers": "{\"layer3.3.conv3\": [8, 32, 8, 0]}",
    "layer3.3.conv3.C": 8,
    "layer3.3.conv3.H_size": 672,
    "layer3.3.conv3.K": 8,
    "layer3.3.conv3.L_size": 262144,
    "layer3.3.conv3.encoding_algorithm": 0,
    "layer3.3.conv3.learned_a_shape": [
        6272,
        256
    ],
    "layer3.3.conv3.learned_b_shape": [
        256,
        1024
    ],
    "layer3.3.conv3.learned_d": 256,
    "layer3.3.conv3.learned_m": 1024,
    "layer3.3.conv3.learned_n": 6272,
    "layer3.3.conv3.mae": 0.5983814456939697,
    "layer3.3.conv3.mape": 0.42846275390625,
    "layer3.3.conv3.mse": 0.6501699792480469,
    "layer3.3.conv3.rows": 32,
    "layer3.3.conv3.scaled_error": 0.03059634196281433,
    "layer3.3.conv3.scaled_shift": -0.01581937510251999,
    "layer3.3.conv3.stored_array_size": 32,
    "top_1_accuracy": 0.62882000207901,
    "top_5_accuracy": 0.8460599780082703,
    "total_time": 115.85420145094395
}