{
    "halut_layers": "{\"layer1.0.conv2\": [64, 4, 32, 1]}",
    "layer1.0.conv2.C": 64,
    "layer1.0.conv2.H_size": 24576,
    "layer1.0.conv2.K": 32,
    "layer1.0.conv2.L_size": 524288,
    "layer1.0.conv2.encoding_algorithm": 1,
    "layer1.0.conv2.learned_a_shape": [
        12544,
        576
    ],
    "layer1.0.conv2.learned_b_shape": [
        576,
        64
    ],
    "layer1.0.conv2.learned_d": 576,
    "layer1.0.conv2.learned_m": 64,
    "layer1.0.conv2.learned_n": 12544,
    "layer1.0.conv2.mae": 0.941940884552002,
    "layer1.0.conv2.mape": 0.22657869632720948,
    "layer1.0.conv2.mse": 2.0752507470703123,
    "layer1.0.conv2.rows": 4,
    "layer1.0.conv2.scaled_error": 0.019555115683078765,
    "layer1.0.conv2.scaled_shift": 0.00011207787470302719,
    "layer1.0.conv2.stored_array_size": 32,
    "top_1_accuracy": 0.7962799668312073,
    "top_5_accuracy": 0.9483799934387207,
    "total_time": 141.83858373574913
}