{
    "halut_layers": "{\"layer3.0.conv2\": [64, 4, 12, 2]}",
    "layer3.0.conv2.C": 64,
    "layer3.0.conv2.H_size": 4,
    "layer3.0.conv2.K": 12,
    "layer3.0.conv2.L_size": 786432,
    "layer3.0.conv2.encoding_algorithm": 2,
    "layer3.0.conv2.learned_a_shape": [
        784,
        2304
    ],
    "layer3.0.conv2.learned_b_shape": [
        2304,
        256
    ],
    "layer3.0.conv2.learned_d": 2304,
    "layer3.0.conv2.learned_m": 256,
    "layer3.0.conv2.learned_n": 784,
    "layer3.0.conv2.mae": 1.9168965408325196,
    "layer3.0.conv2.mape": 0.7631245919036865,
    "layer3.0.conv2.mse": 6.325273076171875,
    "layer3.0.conv2.rows": 4,
    "layer3.0.conv2.scaled_error": 0.05664812392234802,
    "layer3.0.conv2.scaled_shift": -0.0002284558803739492,
    "layer3.0.conv2.stored_array_size": 32,
    "top_1_accuracy": 0.7483400106430054,
    "top_5_accuracy": 0.9226999878883362,
    "total_time": 157.4923086091876
}