{
    "halut_layers": "{\"layer4.2.conv1\": [8, 256, 4, 1]}",
    "layer4.2.conv1.C": 8,
    "layer4.2.conv1.H_size": 384,
    "layer4.2.conv1.K": 4,
    "layer4.2.conv1.L_size": 65536,
    "layer4.2.conv1.encoding_algorithm": 1,
    "layer4.2.conv1.learned_a_shape": [
        12544,
        2048
    ],
    "layer4.2.conv1.learned_b_shape": [
        2048,
        512
    ],
    "layer4.2.conv1.learned_d": 2048,
    "layer4.2.conv1.learned_m": 512,
    "layer4.2.conv1.learned_n": 12544,
    "layer4.2.conv1.mae": 1.037303896636963,
    "layer4.2.conv1.mape": 0.41325483154296877,
    "layer4.2.conv1.mse": 2.040596504211426,
    "layer4.2.conv1.rows": 256,
    "layer4.2.conv1.scaled_error": 0.010690353460311889,
    "layer4.2.conv1.scaled_shift": 0.00158170589835383,
    "layer4.2.conv1.stored_array_size": 32,
    "top_1_accuracy": 0.7819399833679199,
    "top_5_accuracy": 0.9407599568367004,
    "total_time": 96.18685014266521
}