{
    "halut_layers": "{\"layer2.0.conv2\": [8, 8, 24, 1]}",
    "layer2.0.conv2.C": 8,
    "layer2.0.conv2.H_size": 3072,
    "layer2.0.conv2.K": 24,
    "layer2.0.conv2.L_size": 98304,
    "layer2.0.conv2.encoding_algorithm": 1,
    "layer2.0.conv2.learned_a_shape": [
        6272,
        1152
    ],
    "layer2.0.conv2.learned_b_shape": [
        1152,
        128
    ],
    "layer2.0.conv2.learned_d": 1152,
    "layer2.0.conv2.learned_m": 128,
    "layer2.0.conv2.learned_n": 6272,
    "layer2.0.conv2.mae": 2.217536474609375,
    "layer2.0.conv2.mape": 0.6503546790313721,
    "layer2.0.conv2.mse": 8.878636635742188,
    "layer2.0.conv2.rows": 8,
    "layer2.0.conv2.scaled_error": 0.049563412418365475,
    "layer2.0.conv2.scaled_shift": -0.0009650304716825486,
    "layer2.0.conv2.stored_array_size": 32,
    "top_1_accuracy": 0.5408399701118469,
    "top_5_accuracy": 0.7694000005722046,
    "total_time": 101.66538920998573
}