{
    "halut_layers": "{\"layer3.0.conv1\": [32, 8, 32, 1]}",
    "layer3.0.conv1.C": 32,
    "layer3.0.conv1.H_size": 12288,
    "layer3.0.conv1.K": 32,
    "layer3.0.conv1.L_size": 1048576,
    "layer3.0.conv1.encoding_algorithm": 1,
    "layer3.0.conv1.learned_a_shape": [
        6272,
        512
    ],
    "layer3.0.conv1.learned_b_shape": [
        512,
        256
    ],
    "layer3.0.conv1.learned_d": 512,
    "layer3.0.conv1.learned_m": 256,
    "layer3.0.conv1.learned_n": 6272,
    "layer3.0.conv1.mae": 1.2684654151916503,
    "layer3.0.conv1.mape": 0.45206646186828614,
    "layer3.0.conv1.mse": 2.75496717956543,
    "layer3.0.conv1.rows": 8,
    "layer3.0.conv1.scaled_error": 0.025775179471969605,
    "layer3.0.conv1.scaled_shift": 0.00029252276765881106,
    "layer3.0.conv1.stored_array_size": 32,
    "top_1_accuracy": 0.7234599590301514,
    "top_5_accuracy": 0.9082799553871155,
    "total_time": 147.30561542045325
}