{
    "halut_layers": "{\"layer4.0.conv3\": [32, 32, 4, 1]}",
    "layer4.0.conv3.C": 32,
    "layer4.0.conv3.H_size": 1536,
    "layer4.0.conv3.K": 4,
    "layer4.0.conv3.L_size": 1048576,
    "layer4.0.conv3.encoding_algorithm": 1,
    "layer4.0.conv3.learned_a_shape": [
        1568,
        512
    ],
    "layer4.0.conv3.learned_b_shape": [
        512,
        2048
    ],
    "layer4.0.conv3.learned_d": 512,
    "layer4.0.conv3.learned_m": 2048,
    "layer4.0.conv3.learned_n": 1568,
    "layer4.0.conv3.mae": 0.5008574964141845,
    "layer4.0.conv3.mape": 0.28052978149414065,
    "layer4.0.conv3.mse": 0.44849348373413084,
    "layer4.0.conv3.rows": 32,
    "layer4.0.conv3.scaled_error": 0.044111361298561094,
    "layer4.0.conv3.scaled_shift": 0.004028653380572796,
    "layer4.0.conv3.stored_array_size": 32,
    "top_1_accuracy": 0.527899980545044,
    "top_5_accuracy": 0.7839999794960022,
    "total_time": 115.59673589933664
}