{
    "halut_layers": "{\"layer3.0.conv2\": [8, 16, 32, 2]}",
    "layer3.0.conv2.C": 8,
    "layer3.0.conv2.H_size": 4,
    "layer3.0.conv2.K": 32,
    "layer3.0.conv2.L_size": 262144,
    "layer3.0.conv2.encoding_algorithm": 2,
    "layer3.0.conv2.learned_a_shape": [
        3136,
        2304
    ],
    "layer3.0.conv2.learned_b_shape": [
        2304,
        256
    ],
    "layer3.0.conv2.learned_d": 2304,
    "layer3.0.conv2.learned_m": 256,
    "layer3.0.conv2.learned_n": 3136,
    "layer3.0.conv2.mae": 1.663408579711914,
    "layer3.0.conv2.mape": 0.5709654583740235,
    "layer3.0.conv2.mse": 4.999474952392578,
    "layer3.0.conv2.rows": 16,
    "layer3.0.conv2.scaled_error": 0.04912643109321594,
    "layer3.0.conv2.scaled_shift": 0.0005254611244320404,
    "layer3.0.conv2.stored_array_size": 32,
    "top_1_accuracy": 0.6612600088119507,
    "top_5_accuracy": 0.870419979095459,
    "total_time": 103.91621118225157
}