{
    "halut_layers": "{\"layer4.0.conv3\": [16, 256, 32, 1]}",
    "layer4.0.conv3.C": 16,
    "layer4.0.conv3.H_size": 6144,
    "layer4.0.conv3.K": 32,
    "layer4.0.conv3.L_size": 4194304,
    "layer4.0.conv3.encoding_algorithm": 1,
    "layer4.0.conv3.learned_a_shape": [
        12544,
        512
    ],
    "layer4.0.conv3.learned_b_shape": [
        512,
        2048
    ],
    "layer4.0.conv3.learned_d": 512,
    "layer4.0.conv3.learned_m": 2048,
    "layer4.0.conv3.learned_n": 12544,
    "layer4.0.conv3.mae": 0.4748497841644287,
    "layer4.0.conv3.mape": 0.2652516311264038,
    "layer4.0.conv3.mse": 0.40577091987609865,
    "layer4.0.conv3.rows": 256,
    "layer4.0.conv3.scaled_error": 0.04181424561500549,
    "layer4.0.conv3.scaled_shift": 0.004846224102452397,
    "layer4.0.conv3.stored_array_size": 32,
    "top_1_accuracy": 0.5746999979019165,
    "top_5_accuracy": 0.8166599869728088,
    "total_time": 116.6384174451232
}