{
    "halut_layers": "{\"layer3.3.conv3\": [16, 8, 8, 2]}",
    "layer3.3.conv3.C": 16,
    "layer3.3.conv3.H_size": 4,
    "layer3.3.conv3.K": 8,
    "layer3.3.conv3.L_size": 524288,
    "layer3.3.conv3.encoding_algorithm": 2,
    "layer3.3.conv3.learned_a_shape": [
        1568,
        256
    ],
    "layer3.3.conv3.learned_b_shape": [
        256,
        1024
    ],
    "layer3.3.conv3.learned_d": 256,
    "layer3.3.conv3.learned_m": 1024,
    "layer3.3.conv3.learned_n": 1568,
    "layer3.3.conv3.mae": 0.24327379878997804,
    "layer3.3.conv3.mape": 0.1670369422531128,
    "layer3.3.conv3.mse": 0.10407071244239807,
    "layer3.3.conv3.rows": 8,
    "layer3.3.conv3.scaled_error": 0.01243240270614624,
    "layer3.3.conv3.scaled_shift": 0.0007363490235363133,
    "layer3.3.conv3.stored_array_size": 32,
    "top_1_accuracy": 0.7973600029945374,
    "top_5_accuracy": 0.9488999843597412,
    "total_time": 145.86137996427715
}