{
    "halut_layers": "{\"layer2.3.conv3\": [32, 8, 16, 0]}",
    "layer2.3.conv3.C": 32,
    "layer2.3.conv3.H_size": 5632,
    "layer2.3.conv3.K": 16,
    "layer2.3.conv3.L_size": 1048576,
    "layer2.3.conv3.encoding_algorithm": 0,
    "layer2.3.conv3.learned_a_shape": [
        6272,
        128
    ],
    "layer2.3.conv3.learned_b_shape": [
        128,
        512
    ],
    "layer2.3.conv3.learned_d": 128,
    "layer2.3.conv3.learned_m": 512,
    "layer2.3.conv3.learned_n": 6272,
    "layer2.3.conv3.mae": 0.19981766132354736,
    "layer2.3.conv3.mape": 0.11981536661148072,
    "layer2.3.conv3.mse": 0.07836459142684936,
    "layer2.3.conv3.rows": 8,
    "layer2.3.conv3.scaled_error": 0.01196948059797287,
    "layer2.3.conv3.scaled_shift": -1.4331780074935523e-05,
    "layer2.3.conv3.stored_array_size": 32,
    "top_1_accuracy": 0.803659975528717,
    "top_5_accuracy": 0.9516199827194214,
    "total_time": 188.29219965077937
}