{
    "halut_layers": "{\"layer3.0.conv2\": [32, 1, 32, 1]}",
    "layer3.0.conv2.C": 32,
    "layer3.0.conv2.H_size": 12288,
    "layer3.0.conv2.K": 32,
    "layer3.0.conv2.L_size": 1048576,
    "layer3.0.conv2.encoding_algorithm": 1,
    "layer3.0.conv2.learned_a_shape": [
        196,
        2304
    ],
    "layer3.0.conv2.learned_b_shape": [
        2304,
        256
    ],
    "layer3.0.conv2.learned_d": 2304,
    "layer3.0.conv2.learned_m": 256,
    "layer3.0.conv2.learned_n": 196,
    "layer3.0.conv2.mae": 2.3701503756713866,
    "layer3.0.conv2.mape": 0.8842266319274902,
    "layer3.0.conv2.mse": 9.70233285522461,
    "layer3.0.conv2.rows": 1,
    "layer3.0.conv2.scaled_error": 0.07004342881202698,
    "layer3.0.conv2.scaled_shift": -0.0017429542910185046,
    "layer3.0.conv2.stored_array_size": 32,
    "top_1_accuracy": 0.31911998987197876,
    "top_5_accuracy": 0.5501199960708618,
    "total_time": 116.3339315932244
}