{
    "halut_layers": "{\"layer3.0.conv2\": [8, 8, 64, 1]}",
    "layer3.0.conv2.C": 8,
    "layer3.0.conv2.H_size": 6144,
    "layer3.0.conv2.K": 64,
    "layer3.0.conv2.L_size": 524288,
    "layer3.0.conv2.encoding_algorithm": 1,
    "layer3.0.conv2.learned_a_shape": [
        1568,
        2304
    ],
    "layer3.0.conv2.learned_b_shape": [
        2304,
        256
    ],
    "layer3.0.conv2.learned_d": 2304,
    "layer3.0.conv2.learned_m": 256,
    "layer3.0.conv2.learned_n": 1568,
    "layer3.0.conv2.mae": 1.869448180847168,
    "layer3.0.conv2.mape": 0.6249307424163818,
    "layer3.0.conv2.mse": 6.346816953125,
    "layer3.0.conv2.rows": 8,
    "layer3.0.conv2.scaled_error": 0.05521084371566772,
    "layer3.0.conv2.scaled_shift": -0.0012571116875577718,
    "layer3.0.conv2.stored_array_size": 32,
    "top_1_accuracy": 0.4729200005531311,
    "top_5_accuracy": 0.7125200033187866,
    "total_time": 86.63408157229424
}