{
    "halut_layers": "{\"layer3.5.conv2\": [32, 8, 8, 1]}",
    "layer3.5.conv2.C": 32,
    "layer3.5.conv2.H_size": 3072,
    "layer3.5.conv2.K": 8,
    "layer3.5.conv2.L_size": 262144,
    "layer3.5.conv2.encoding_algorithm": 1,
    "layer3.5.conv2.learned_a_shape": [
        1568,
        2304
    ],
    "layer3.5.conv2.learned_b_shape": [
        2304,
        256
    ],
    "layer3.5.conv2.learned_d": 2304,
    "layer3.5.conv2.learned_m": 256,
    "layer3.5.conv2.learned_n": 1568,
    "layer3.5.conv2.mae": 0.8634079745483398,
    "layer3.5.conv2.mape": 0.4064821179962158,
    "layer3.5.conv2.mse": 1.312626277618408,
    "layer3.5.conv2.rows": 8,
    "layer3.5.conv2.scaled_error": 0.060304431467056274,
    "layer3.5.conv2.scaled_shift": 0.0019126630612404552,
    "layer3.5.conv2.stored_array_size": 32,
    "top_1_accuracy": 0.7809999585151672,
    "top_5_accuracy": 0.9409799575805664,
    "total_time": 113.28952717222273
}