{
    "halut_layers": "{\"layer3.0.conv3\": [32, 4, 8, 0]}",
    "layer3.0.conv3.C": 32,
    "layer3.0.conv3.H_size": 2688,
    "layer3.0.conv3.K": 8,
    "layer3.0.conv3.L_size": 1048576,
    "layer3.0.conv3.encoding_algorithm": 0,
    "layer3.0.conv3.learned_a_shape": [
        784,
        256
    ],
    "layer3.0.conv3.learned_b_shape": [
        256,
        1024
    ],
    "layer3.0.conv3.learned_d": 256,
    "layer3.0.conv3.learned_m": 1024,
    "layer3.0.conv3.learned_n": 784,
    "layer3.0.conv3.mae": 1.1794686820983886,
    "layer3.0.conv3.mape": 0.60643366355896,
    "layer3.0.conv3.mse": 2.338155106201172,
    "layer3.0.conv3.rows": 4,
    "layer3.0.conv3.scaled_error": 0.08280254068374633,
    "layer3.0.conv3.scaled_shift": 0.0028009587277623357,
    "layer3.0.conv3.stored_array_size": 32,
    "top_1_accuracy": 0.028379999101161957,
    "top_5_accuracy": 0.08196000009775162,
    "total_time": 146.3086103349924
}