{
    "halut_layers": "{\"layer2.3.conv3\": [16, 2, 32, 2]}",
    "layer2.3.conv3.C": 16,
    "layer2.3.conv3.H_size": 4,
    "layer2.3.conv3.K": 32,
    "layer2.3.conv3.L_size": 1048576,
    "layer2.3.conv3.encoding_algorithm": 2,
    "layer2.3.conv3.learned_a_shape": [
        1568,
        128
    ],
    "layer2.3.conv3.learned_b_shape": [
        128,
        512
    ],
    "layer2.3.conv3.learned_d": 128,
    "layer2.3.conv3.learned_m": 512,
    "layer2.3.conv3.learned_n": 1568,
    "layer2.3.conv3.mae": 0.23402224605560304,
    "layer2.3.conv3.mape": 0.14084760755538941,
    "layer2.3.conv3.mse": 0.10636773090362549,
    "layer2.3.conv3.rows": 2,
    "layer2.3.conv3.scaled_error": 0.014019348702430726,
    "layer2.3.conv3.scaled_shift": 0.0003768664463923778,
    "layer2.3.conv3.stored_array_size": 32,
    "top_1_accuracy": 0.8042799830436707,
    "top_5_accuracy": 0.9513799548149109,
    "total_time": 176.3731448147446
}