{
    "halut_layers": "{\"layer3.4.conv2\": [16, 32, 16, 2]}",
    "layer3.4.conv2.C": 16,
    "layer3.4.conv2.H_size": 4,
    "layer3.4.conv2.K": 16,
    "layer3.4.conv2.L_size": 262144,
    "layer3.4.conv2.encoding_algorithm": 2,
    "layer3.4.conv2.learned_a_shape": [
        6272,
        2304
    ],
    "layer3.4.conv2.learned_b_shape": [
        2304,
        256
    ],
    "layer3.4.conv2.learned_d": 2304,
    "layer3.4.conv2.learned_m": 256,
    "layer3.4.conv2.learned_n": 6272,
    "layer3.4.conv2.mae": 0.6668299575805664,
    "layer3.4.conv2.mape": 0.3259937832260132,
    "layer3.4.conv2.mse": 0.7771048027801514,
    "layer3.4.conv2.rows": 32,
    "layer3.4.conv2.scaled_error": 0.018675631794929506,
    "layer3.4.conv2.scaled_shift": 0.0008983023617684376,
    "layer3.4.conv2.stored_array_size": 32,
    "top_1_accuracy": 0.786579966545105,
    "top_5_accuracy": 0.9432399868965149,
    "total_time": 135.34644617512822
}