{
    "halut_layers": "{\"layer3.0.conv1\": [16, 16, 24, 2]}",
    "layer3.0.conv1.C": 16,
    "layer3.0.conv1.H_size": 4,
    "layer3.0.conv1.K": 24,
    "layer3.0.conv1.L_size": 393216,
    "layer3.0.conv1.encoding_algorithm": 2,
    "layer3.0.conv1.learned_a_shape": [
        12544,
        512
    ],
    "layer3.0.conv1.learned_b_shape": [
        512,
        256
    ],
    "layer3.0.conv1.learned_d": 512,
    "layer3.0.conv1.learned_m": 256,
    "layer3.0.conv1.learned_n": 12544,
    "layer3.0.conv1.mae": 1.2729846293640137,
    "layer3.0.conv1.mape": 0.4585732576751709,
    "layer3.0.conv1.mse": 2.750143313598633,
    "layer3.0.conv1.rows": 16,
    "layer3.0.conv1.scaled_error": 0.02587544390678406,
    "layer3.0.conv1.scaled_shift": -0.0005522968062671134,
    "layer3.0.conv1.stored_array_size": 32,
    "top_1_accuracy": 0.7593799829483032,
    "top_5_accuracy": 0.9305799603462219,
    "total_time": 140.91366489976645
}