{
    "halut_layers": "{\"layer4.2.conv3\": [32, 128, 4, 2]}",
    "layer4.2.conv3.C": 32,
    "layer4.2.conv3.H_size": 4,
    "layer4.2.conv3.K": 4,
    "layer4.2.conv3.L_size": 1048576,
    "layer4.2.conv3.encoding_algorithm": 2,
    "layer4.2.conv3.learned_a_shape": [
        6272,
        512
    ],
    "layer4.2.conv3.learned_b_shape": [
        512,
        2048
    ],
    "layer4.2.conv3.learned_d": 512,
    "layer4.2.conv3.learned_m": 2048,
    "layer4.2.conv3.learned_n": 6272,
    "layer4.2.conv3.mae": 0.23970930046081543,
    "layer4.2.conv3.mape": 0.15373288703918456,
    "layer4.2.conv3.mse": 0.12322286527633668,
    "layer4.2.conv3.rows": 128,
    "layer4.2.conv3.scaled_error": 0.04700343282699585,
    "layer4.2.conv3.scaled_shift": 0.02645321851968765,
    "layer4.2.conv3.stored_array_size": 32,
    "top_1_accuracy": 0.7889599800109863,
    "top_5_accuracy": 0.9447399973869324,
    "total_time": 120.12913032993674
}