{
    "halut_layers": "{\"layer3.5.conv2\": [16, 64, 12, 1]}",
    "layer3.5.conv2.C": 16,
    "layer3.5.conv2.H_size": 3072,
    "layer3.5.conv2.K": 12,
    "layer3.5.conv2.L_size": 196608,
    "layer3.5.conv2.encoding_algorithm": 1,
    "layer3.5.conv2.learned_a_shape": [
        12544,
        2304
    ],
    "layer3.5.conv2.learned_b_shape": [
        2304,
        256
    ],
    "layer3.5.conv2.learned_d": 2304,
    "layer3.5.conv2.learned_m": 256,
    "layer3.5.conv2.learned_n": 12544,
    "layer3.5.conv2.mae": 0.837404907989502,
    "layer3.5.conv2.mape": 0.3828731243133545,
    "layer3.5.conv2.mse": 1.2548607313537599,
    "layer3.5.conv2.rows": 64,
    "layer3.5.conv2.scaled_error": 0.058495660648345944,
    "layer3.5.conv2.scaled_shift": 0.004427662138240412,
    "layer3.5.conv2.stored_array_size": 32,
    "top_1_accuracy": 0.7812399864196777,
    "top_5_accuracy": 0.9411599636077881,
    "total_time": 112.63104902207851
}