{
    "halut_layers": "{\"layer3.0.conv2\": [32, 4, 32, 2]}",
    "layer3.0.conv2.C": 32,
    "layer3.0.conv2.H_size": 4,
    "layer3.0.conv2.K": 32,
    "layer3.0.conv2.L_size": 1048576,
    "layer3.0.conv2.encoding_algorithm": 2,
    "layer3.0.conv2.learned_a_shape": [
        784,
        2304
    ],
    "layer3.0.conv2.learned_b_shape": [
        2304,
        256
    ],
    "layer3.0.conv2.learned_d": 2304,
    "layer3.0.conv2.learned_m": 256,
    "layer3.0.conv2.learned_n": 784,
    "layer3.0.conv2.mae": 1.832712257385254,
    "layer3.0.conv2.mape": 0.709541848526001,
    "layer3.0.conv2.mse": 5.82666876953125,
    "layer3.0.conv2.rows": 4,
    "layer3.0.conv2.scaled_error": 0.054156004095077516,
    "layer3.0.conv2.scaled_shift": -0.00010822592132462887,
    "layer3.0.conv2.stored_array_size": 32,
    "top_1_accuracy": 0.7461000084877014,
    "top_5_accuracy": 0.9219200015068054,
    "total_time": 181.95409114658833
}