{
    "halut_layers": "{\"layer2.0.conv2\": [16, 2, 16, 1]}",
    "layer2.0.conv2.C": 16,
    "layer2.0.conv2.H_size": 3072,
    "layer2.0.conv2.K": 16,
    "layer2.0.conv2.L_size": 131072,
    "layer2.0.conv2.encoding_algorithm": 1,
    "layer2.0.conv2.learned_a_shape": [
        1568,
        1152
    ],
    "layer2.0.conv2.learned_b_shape": [
        1152,
        128
    ],
    "layer2.0.conv2.learned_d": 1152,
    "layer2.0.conv2.learned_m": 128,
    "layer2.0.conv2.learned_n": 1568,
    "layer2.0.conv2.mae": 2.191474822998047,
    "layer2.0.conv2.mape": 0.6577789489746094,
    "layer2.0.conv2.mse": 8.625967102050781,
    "layer2.0.conv2.rows": 2,
    "layer2.0.conv2.scaled_error": 0.04899246469020844,
    "layer2.0.conv2.scaled_shift": -0.0010159529848024248,
    "layer2.0.conv2.stored_array_size": 32,
    "top_1_accuracy": 0.6183399558067322,
    "top_5_accuracy": 0.831339955329895,
    "total_time": 96.52272342704237
}