{
    "halut_layers": "{\"layer2.0.conv2\": [16, 2, 64, 2]}",
    "layer2.0.conv2.C": 16,
    "layer2.0.conv2.H_size": 4,
    "layer2.0.conv2.K": 64,
    "layer2.0.conv2.L_size": 524288,
    "layer2.0.conv2.encoding_algorithm": 2,
    "layer2.0.conv2.learned_a_shape": [
        1568,
        1152
    ],
    "layer2.0.conv2.learned_b_shape": [
        1152,
        128
    ],
    "layer2.0.conv2.learned_d": 1152,
    "layer2.0.conv2.learned_m": 128,
    "layer2.0.conv2.learned_n": 1568,
    "layer2.0.conv2.mae": 2.049157807006836,
    "layer2.0.conv2.mape": 0.6816590294647217,
    "layer2.0.conv2.mse": 7.270780148925781,
    "layer2.0.conv2.rows": 2,
    "layer2.0.conv2.scaled_error": 0.04584070653915405,
    "layer2.0.conv2.scaled_shift": -0.0009415988120413386,
    "layer2.0.conv2.stored_array_size": 32,
    "top_1_accuracy": 0.774179995059967,
    "top_5_accuracy": 0.9371999502182007,
    "total_time": 187.94506205804646
}