{
    "halut_layers": "{\"layer2.0.conv1\": [8, 4, 16, 1]}",
    "layer2.0.conv1.C": 8,
    "layer2.0.conv1.H_size": 1536,
    "layer2.0.conv1.K": 16,
    "layer2.0.conv1.L_size": 65536,
    "layer2.0.conv1.encoding_algorithm": 1,
    "layer2.0.conv1.learned_a_shape": [
        12544,
        256
    ],
    "layer2.0.conv1.learned_b_shape": [
        256,
        128
    ],
    "layer2.0.conv1.learned_d": 256,
    "layer2.0.conv1.learned_m": 128,
    "layer2.0.conv1.learned_n": 12544,
    "layer2.0.conv1.mae": 1.6208035237121583,
    "layer2.0.conv1.mape": 0.538614789276123,
    "layer2.0.conv1.mse": 4.650026360473633,
    "layer2.0.conv1.rows": 4,
    "layer2.0.conv1.scaled_error": 0.04004481879711151,
    "layer2.0.conv1.scaled_shift": 0.0018287732053913713,
    "layer2.0.conv1.stored_array_size": 32,
    "top_1_accuracy": 0.6011399626731873,
    "top_5_accuracy": 0.8251999616622925,
    "total_time": 164.16174296848476
}