{
    "halut_layers": "{\"layer3.5.conv1\": [8, 16, 24, 2]}",
    "layer3.5.conv1.C": 8,
    "layer3.5.conv1.H_size": 4,
    "layer3.5.conv1.K": 24,
    "layer3.5.conv1.L_size": 196608,
    "layer3.5.conv1.encoding_algorithm": 2,
    "layer3.5.conv1.learned_a_shape": [
        3136,
        1024
    ],
    "layer3.5.conv1.learned_b_shape": [
        1024,
        256
    ],
    "layer3.5.conv1.learned_d": 1024,
    "layer3.5.conv1.learned_m": 256,
    "layer3.5.conv1.learned_n": 3136,
    "layer3.5.conv1.mae": 1.1687105160522462,
    "layer3.5.conv1.mape": 0.4572265839385986,
    "layer3.5.conv1.mse": 2.3378803469848632,
    "layer3.5.conv1.rows": 16,
    "layer3.5.conv1.scaled_error": 0.040813469519615175,
    "layer3.5.conv1.scaled_shift": 0.002397371590094335,
    "layer3.5.conv1.stored_array_size": 32,
    "top_1_accuracy": 0.7847200036048889,
    "top_5_accuracy": 0.9426999688148499,
    "total_time": 90.403464673087
}