{
    "halut_layers": "{\"layer3.0.conv3\": [8, 32, 8, 0]}",
    "layer3.0.conv3.C": 8,
    "layer3.0.conv3.H_size": 672,
    "layer3.0.conv3.K": 8,
    "layer3.0.conv3.L_size": 262144,
    "layer3.0.conv3.encoding_algorithm": 0,
    "layer3.0.conv3.learned_a_shape": [
        6272,
        256
    ],
    "layer3.0.conv3.learned_b_shape": [
        256,
        1024
    ],
    "layer3.0.conv3.learned_d": 256,
    "layer3.0.conv3.learned_m": 1024,
    "layer3.0.conv3.learned_n": 6272,
    "layer3.0.conv3.mae": 0.9811577020263672,
    "layer3.0.conv3.mape": 0.4945879811859131,
    "layer3.0.conv3.mse": 1.6513710946655273,
    "layer3.0.conv3.rows": 32,
    "layer3.0.conv3.scaled_error": 0.0688426811504364,
    "layer3.0.conv3.scaled_shift": 0.004527049016617239,
    "layer3.0.conv3.stored_array_size": 32,
    "top_1_accuracy": 0.09285999834537506,
    "top_5_accuracy": 0.21198000013828278,
    "total_time": 116.80106131732464
}