{
    "halut_layers": "{\"layer4.0.conv1\": [16, 32, 24, 1]}",
    "layer4.0.conv1.C": 16,
    "layer4.0.conv1.H_size": 6144,
    "layer4.0.conv1.K": 24,
    "layer4.0.conv1.L_size": 786432,
    "layer4.0.conv1.encoding_algorithm": 1,
    "layer4.0.conv1.learned_a_shape": [
        6272,
        1024
    ],
    "layer4.0.conv1.learned_b_shape": [
        1024,
        512
    ],
    "layer4.0.conv1.learned_d": 1024,
    "layer4.0.conv1.learned_m": 512,
    "layer4.0.conv1.learned_n": 6272,
    "layer4.0.conv1.mae": 1.1959569635009766,
    "layer4.0.conv1.mape": 0.4482258864593506,
    "layer4.0.conv1.mse": 2.4503464569091795,
    "layer4.0.conv1.rows": 32,
    "layer4.0.conv1.scaled_error": 0.055612516775131224,
    "layer4.0.conv1.scaled_shift": 0.0026734327600125107,
    "layer4.0.conv1.stored_array_size": 32,
    "top_1_accuracy": 0.588919997215271,
    "top_5_accuracy": 0.8331599831581116,
    "total_time": 122.16208204627037
}