{
    "halut_layers": "{\"layer4.1.conv1\": [8, 256, 32, 0]}",
    "layer4.1.conv1.C": 8,
    "layer4.1.conv1.H_size": 3040,
    "layer4.1.conv1.K": 32,
    "layer4.1.conv1.L_size": 524288,
    "layer4.1.conv1.encoding_algorithm": 0,
    "layer4.1.conv1.learned_a_shape": [
        12544,
        2048
    ],
    "layer4.1.conv1.learned_b_shape": [
        2048,
        512
    ],
    "layer4.1.conv1.learned_d": 2048,
    "layer4.1.conv1.learned_m": 512,
    "layer4.1.conv1.learned_n": 12544,
    "layer4.1.conv1.mae": 3.0139828851318358,
    "layer4.1.conv1.mape": 1.274565255432129,
    "layer4.1.conv1.mse": 18.108799462890627,
    "layer4.1.conv1.rows": 256,
    "layer4.1.conv1.scaled_error": 0.0432796324634552,
    "layer4.1.conv1.scaled_shift": -0.006235634790062904,
    "layer4.1.conv1.stored_array_size": 32,
    "top_1_accuracy": 0.6326599717140198,
    "top_5_accuracy": 0.859279990196228,
    "total_time": 98.78590166661888
}