{
    "halut_layers": "{\"layer4.0.conv1\": [32, 256, 8, 1]}",
    "layer4.0.conv1.C": 32,
    "layer4.0.conv1.H_size": 3072,
    "layer4.0.conv1.K": 8,
    "layer4.0.conv1.L_size": 524288,
    "layer4.0.conv1.encoding_algorithm": 1,
    "layer4.0.conv1.learned_a_shape": [
        50176,
        1024
    ],
    "layer4.0.conv1.learned_b_shape": [
        1024,
        512
    ],
    "layer4.0.conv1.learned_d": 1024,
    "layer4.0.conv1.learned_m": 512,
    "layer4.0.conv1.learned_n": 50176,
    "layer4.0.conv1.mae": 1.133142527923584,
    "layer4.0.conv1.mape": 0.4221899833679199,
    "layer4.0.conv1.mse": 2.227214706726074,
    "layer4.0.conv1.rows": 256,
    "layer4.0.conv1.scaled_error": 0.052701670112609865,
    "layer4.0.conv1.scaled_shift": 0.003619233782668598,
    "layer4.0.conv1.stored_array_size": 32,
    "top_1_accuracy": 0.6005799770355225,
    "top_5_accuracy": 0.8418200016021729,
    "total_time": 116.35343428887427
}