{
    "halut_layers": "{\"layer2.0.downsample.0\": [8, 4, 16, 0]}",
    "layer2.0.downsample.0.C": 8,
    "layer2.0.downsample.0.H_size": 1408,
    "layer2.0.downsample.0.K": 16,
    "layer2.0.downsample.0.L_size": 262144,
    "layer2.0.downsample.0.encoding_algorithm": 0,
    "layer2.0.downsample.0.learned_a_shape": [
        3136,
        256
    ],
    "layer2.0.downsample.0.learned_b_shape": [
        256,
        512
    ],
    "layer2.0.downsample.0.learned_d": 256,
    "layer2.0.downsample.0.learned_m": 512,
    "layer2.0.downsample.0.learned_n": 3136,
    "layer2.0.downsample.0.mae": 0.8109744358825683,
    "layer2.0.downsample.0.mape": 0.34804922424316403,
    "layer2.0.downsample.0.mse": 1.4260794036865234,
    "layer2.0.downsample.0.rows": 4,
    "layer2.0.downsample.0.scaled_error": 0.04085688215732575,
    "layer2.0.downsample.0.scaled_shift": -0.00044712360864854417,
    "layer2.0.downsample.0.stored_array_size": 32,
    "top_1_accuracy": 0.5975599884986877,
    "top_5_accuracy": 0.8285599946975708,
    "total_time": 158.02398286759853
}