{
    "halut_layers": "{\"layer1.0.conv2\": [32, 2, 4, 1]}",
    "layer1.0.conv2.C": 32,
    "layer1.0.conv2.H_size": 1536,
    "layer1.0.conv2.K": 4,
    "layer1.0.conv2.L_size": 32768,
    "layer1.0.conv2.encoding_algorithm": 1,
    "layer1.0.conv2.learned_a_shape": [
        6272,
        576
    ],
    "layer1.0.conv2.learned_b_shape": [
        576,
        64
    ],
    "layer1.0.conv2.learned_d": 576,
    "layer1.0.conv2.learned_m": 64,
    "layer1.0.conv2.learned_n": 6272,
    "layer1.0.conv2.mae": 1.6286594396972656,
    "layer1.0.conv2.mape": 0.3593470101928711,
    "layer1.0.conv2.mse": 6.562394644775391,
    "layer1.0.conv2.rows": 2,
    "layer1.0.conv2.scaled_error": 0.03379162052631378,
    "layer1.0.conv2.scaled_shift": -0.0013497641498968005,
    "layer1.0.conv2.stored_array_size": 32,
    "top_1_accuracy": 0.7706999778747559,
    "top_5_accuracy": 0.9354199767112732,
    "total_time": 177.79434979707003
}