{
    "halut_layers": "{\"layer3.0.conv3\": [8, 16, 8, 2]}",
    "layer3.0.conv3.C": 8,
    "layer3.0.conv3.H_size": 4,
    "layer3.0.conv3.K": 8,
    "layer3.0.conv3.L_size": 262144,
    "layer3.0.conv3.encoding_algorithm": 2,
    "layer3.0.conv3.learned_a_shape": [
        3136,
        256
    ],
    "layer3.0.conv3.learned_b_shape": [
        256,
        1024
    ],
    "layer3.0.conv3.learned_d": 256,
    "layer3.0.conv3.learned_m": 1024,
    "layer3.0.conv3.learned_n": 3136,
    "layer3.0.conv3.mae": 0.598450844039917,
    "layer3.0.conv3.mape": 0.29684463306427,
    "layer3.0.conv3.mse": 0.659115637588501,
    "layer3.0.conv3.rows": 16,
    "layer3.0.conv3.scaled_error": 0.04194054314613342,
    "layer3.0.conv3.scaled_shift": 0.0017030657943664118,
    "layer3.0.conv3.stored_array_size": 32,
    "top_1_accuracy": 0.6368199586868286,
    "top_5_accuracy": 0.8492599725723267,
    "total_time": 119.5900555215776
}