{
    "halut_layers": "{\"layer4.0.conv1\": [32, 256, 16, 1]}",
    "layer4.0.conv1.C": 32,
    "layer4.0.conv1.H_size": 6144,
    "layer4.0.conv1.K": 16,
    "layer4.0.conv1.L_size": 1048576,
    "layer4.0.conv1.encoding_algorithm": 1,
    "layer4.0.conv1.learned_a_shape": [
        50176,
        1024
    ],
    "layer4.0.conv1.learned_b_shape": [
        1024,
        512
    ],
    "layer4.0.conv1.learned_d": 1024,
    "layer4.0.conv1.learned_m": 512,
    "layer4.0.conv1.learned_n": 50176,
    "layer4.0.conv1.mae": 1.0863057614135743,
    "layer4.0.conv1.mape": 0.40737561721801757,
    "layer4.0.conv1.mse": 2.0551516036987305,
    "layer4.0.conv1.rows": 256,
    "layer4.0.conv1.scaled_error": 0.05052888780593872,
    "layer4.0.conv1.scaled_shift": 0.0028825721297203563,
    "layer4.0.conv1.stored_array_size": 32,
    "top_1_accuracy": 0.616100013256073,
    "top_5_accuracy": 0.8532999753952026,
    "total_time": 119.11540777422488
}