{
    "halut_layers": "{\"layer1.0.conv2\": [64, 1, 8, 1]}",
    "layer1.0.conv2.C": 64,
    "layer1.0.conv2.H_size": 6144,
    "layer1.0.conv2.K": 8,
    "layer1.0.conv2.L_size": 131072,
    "layer1.0.conv2.encoding_algorithm": 1,
    "layer1.0.conv2.learned_a_shape": [
        3136,
        576
    ],
    "layer1.0.conv2.learned_b_shape": [
        576,
        64
    ],
    "layer1.0.conv2.learned_d": 576,
    "layer1.0.conv2.learned_m": 64,
    "layer1.0.conv2.learned_n": 3136,
    "layer1.0.conv2.mae": 1.6095300161743165,
    "layer1.0.conv2.mape": 0.3469963466644287,
    "layer1.0.conv2.mse": 7.196205327758789,
    "layer1.0.conv2.rows": 1,
    "layer1.0.conv2.scaled_error": 0.03336908961296082,
    "layer1.0.conv2.scaled_shift": -0.001618640214726329,
    "layer1.0.conv2.stored_array_size": 32,
    "top_1_accuracy": 0.7435199618339539,
    "top_5_accuracy": 0.9182599782943726,
    "total_time": 127.64697959832847
}