{
    "halut_layers": "{\"layer3.3.conv3\": [64, 16, 4, 1]}",
    "layer3.3.conv3.C": 64,
    "layer3.3.conv3.H_size": 3072,
    "layer3.3.conv3.K": 4,
    "layer3.3.conv3.L_size": 1048576,
    "layer3.3.conv3.encoding_algorithm": 1,
    "layer3.3.conv3.learned_a_shape": [
        3136,
        256
    ],
    "layer3.3.conv3.learned_b_shape": [
        256,
        1024
    ],
    "layer3.3.conv3.learned_d": 256,
    "layer3.3.conv3.learned_m": 1024,
    "layer3.3.conv3.learned_n": 3136,
    "layer3.3.conv3.mae": 0.21196430202484132,
    "layer3.3.conv3.mape": 0.14665040510177613,
    "layer3.3.conv3.mse": 0.08025341807365417,
    "layer3.3.conv3.rows": 16,
    "layer3.3.conv3.scaled_error": 0.010832249872684479,
    "layer3.3.conv3.scaled_shift": 0.0001944237517763395,
    "layer3.3.conv3.stored_array_size": 32,
    "top_1_accuracy": 0.8001999855041504,
    "top_5_accuracy": 0.9508399963378906,
    "total_time": 143.68872853182256
}