{
    "halut_layers": "{\"layer4.1.conv1\": [8, 128, 32, 0]}",
    "layer4.1.conv1.C": 8,
    "layer4.1.conv1.H_size": 3040,
    "layer4.1.conv1.K": 32,
    "layer4.1.conv1.L_size": 524288,
    "layer4.1.conv1.encoding_algorithm": 0,
    "layer4.1.conv1.learned_a_shape": [
        6272,
        2048
    ],
    "layer4.1.conv1.learned_b_shape": [
        2048,
        512
    ],
    "layer4.1.conv1.learned_d": 2048,
    "layer4.1.conv1.learned_m": 512,
    "layer4.1.conv1.learned_n": 6272,
    "layer4.1.conv1.mae": 2.925636989440918,
    "layer4.1.conv1.mape": 1.2546708947753906,
    "layer4.1.conv1.mse": 16.38826768066406,
    "layer4.1.conv1.rows": 128,
    "layer4.1.conv1.scaled_error": 0.04200557074546814,
    "layer4.1.conv1.scaled_shift": -0.010210066529512405,
    "layer4.1.conv1.stored_array_size": 32,
    "top_1_accuracy": 0.6599400043487549,
    "top_5_accuracy": 0.8682199716567993,
    "total_time": 98.30094269663095
}