{
    "halut_layers": "{\"layer3.0.conv2\": [8, 8, 64, 2]}",
    "layer3.0.conv2.C": 8,
    "layer3.0.conv2.H_size": 4,
    "layer3.0.conv2.K": 64,
    "layer3.0.conv2.L_size": 524288,
    "layer3.0.conv2.encoding_algorithm": 2,
    "layer3.0.conv2.learned_a_shape": [
        1568,
        2304
    ],
    "layer3.0.conv2.learned_b_shape": [
        2304,
        256
    ],
    "layer3.0.conv2.learned_d": 2304,
    "layer3.0.conv2.learned_m": 256,
    "layer3.0.conv2.learned_n": 1568,
    "layer3.0.conv2.mae": 1.7425368536376953,
    "layer3.0.conv2.mape": 0.6017873679351806,
    "layer3.0.conv2.mse": 5.476226449584961,
    "layer3.0.conv2.rows": 8,
    "layer3.0.conv2.scaled_error": 0.051461403179168703,
    "layer3.0.conv2.scaled_shift": 0.000337168841115199,
    "layer3.0.conv2.stored_array_size": 32,
    "top_1_accuracy": 0.6510599851608276,
    "top_5_accuracy": 0.8624399900436401,
    "total_time": 121.7084894683212
}