{
    "halut_layers": "{\"layer4.0.conv2\": [16, 64, 32, 2]}",
    "layer4.0.conv2.C": 16,
    "layer4.0.conv2.H_size": 4,
    "layer4.0.conv2.K": 32,
    "layer4.0.conv2.L_size": 1048576,
    "layer4.0.conv2.encoding_algorithm": 2,
    "layer4.0.conv2.learned_a_shape": [
        3136,
        4608
    ],
    "layer4.0.conv2.learned_b_shape": [
        4608,
        512
    ],
    "layer4.0.conv2.learned_d": 4608,
    "layer4.0.conv2.learned_m": 512,
    "layer4.0.conv2.learned_n": 3136,
    "layer4.0.conv2.mae": 1.03046751663208,
    "layer4.0.conv2.mape": 0.44525273666381837,
    "layer4.0.conv2.mse": 1.9191045202636718,
    "layer4.0.conv2.rows": 64,
    "layer4.0.conv2.scaled_error": 0.06532655234336852,
    "layer4.0.conv2.scaled_shift": 0.0072766326431930066,
    "layer4.0.conv2.stored_array_size": 32,
    "top_1_accuracy": 0.6590399742126465,
    "top_5_accuracy": 0.8847799897193909,
    "total_time": 122.8701805640012
}