{
    "halut_layers": "{\"layer3.0.conv2\": [32, 32, 64, 2]}",
    "layer3.0.conv2.C": 32,
    "layer3.0.conv2.H_size": 4,
    "layer3.0.conv2.K": 64,
    "layer3.0.conv2.L_size": 2097152,
    "layer3.0.conv2.encoding_algorithm": 2,
    "layer3.0.conv2.learned_a_shape": [
        6272,
        2304
    ],
    "layer3.0.conv2.learned_b_shape": [
        2304,
        256
    ],
    "layer3.0.conv2.learned_d": 2304,
    "layer3.0.conv2.learned_m": 256,
    "layer3.0.conv2.learned_n": 6272,
    "layer3.0.conv2.mae": 1.4232556895446777,
    "layer3.0.conv2.mape": 0.5577825489044189,
    "layer3.0.conv2.mse": 3.586686490478516,
    "layer3.0.conv2.rows": 32,
    "layer3.0.conv2.scaled_error": 0.04206027584552765,
    "layer3.0.conv2.scaled_shift": -4.532262126318528e-05,
    "layer3.0.conv2.stored_array_size": 32,
    "top_1_accuracy": 0.7767999768257141,
    "top_5_accuracy": 0.9387799501419067,
    "total_time": 247.80179650522768
}