{
    "halut_layers": "{\"layer4.2.conv1\": [32, 256, 24, 2]}",
    "layer4.2.conv1.C": 32,
    "layer4.2.conv1.H_size": 4,
    "layer4.2.conv1.K": 24,
    "layer4.2.conv1.L_size": 1572864,
    "layer4.2.conv1.encoding_algorithm": 2,
    "layer4.2.conv1.learned_a_shape": [
        12544,
        2048
    ],
    "layer4.2.conv1.learned_b_shape": [
        2048,
        512
    ],
    "layer4.2.conv1.learned_d": 2048,
    "layer4.2.conv1.learned_m": 512,
    "layer4.2.conv1.learned_n": 12544,
    "layer4.2.conv1.mae": 0.7745116592407226,
    "layer4.2.conv1.mape": 0.3167644554901123,
    "layer4.2.conv1.mse": 1.2052326364135741,
    "layer4.2.conv1.rows": 256,
    "layer4.2.conv1.scaled_error": 0.007989152655601501,
    "layer4.2.conv1.scaled_shift": 0.0011775608759652823,
    "layer4.2.conv1.stored_array_size": 32,
    "top_1_accuracy": 0.7806800007820129,
    "top_5_accuracy": 0.9401800036430359,
    "total_time": 122.06954285595566
}