{
    "halut_layers": "{\"layer1.1.conv3\": [8, 1, 64, 1]}",
    "layer1.1.conv3.C": 8,
    "layer1.1.conv3.H_size": 6144,
    "layer1.1.conv3.K": 64,
    "layer1.1.conv3.L_size": 524288,
    "layer1.1.conv3.encoding_algorithm": 1,
    "layer1.1.conv3.learned_a_shape": [
        3136,
        64
    ],
    "layer1.1.conv3.learned_b_shape": [
        64,
        256
    ],
    "layer1.1.conv3.learned_d": 64,
    "layer1.1.conv3.learned_m": 256,
    "layer1.1.conv3.learned_n": 3136,
    "layer1.1.conv3.mae": 0.4589780813598633,
    "layer1.1.conv3.mape": 0.2037101351928711,
    "layer1.1.conv3.mse": 0.44897566986083987,
    "layer1.1.conv3.rows": 1,
    "layer1.1.conv3.scaled_error": 0.026857800364494325,
    "layer1.1.conv3.scaled_shift": 0.0009255824059413863,
    "layer1.1.conv3.stored_array_size": 32,
    "top_1_accuracy": 0.7868199944496155,
    "top_5_accuracy": 0.9436599612236023,
    "total_time": 256.9734316188842
}