{
    "halut_layers": "{\"layer3.5.conv1\": [16, 32, 32, 0]}",
    "layer3.5.conv1.C": 16,
    "layer3.5.conv1.H_size": 6080,
    "layer3.5.conv1.K": 32,
    "layer3.5.conv1.L_size": 524288,
    "layer3.5.conv1.encoding_algorithm": 0,
    "layer3.5.conv1.learned_a_shape": [
        6272,
        1024
    ],
    "layer3.5.conv1.learned_b_shape": [
        1024,
        256
    ],
    "layer3.5.conv1.learned_d": 1024,
    "layer3.5.conv1.learned_m": 256,
    "layer3.5.conv1.learned_n": 6272,
    "layer3.5.conv1.mae": 2.369879047241211,
    "layer3.5.conv1.mape": 1.0149646983337401,
    "layer3.5.conv1.mse": 9.099849106445312,
    "layer3.5.conv1.rows": 32,
    "layer3.5.conv1.scaled_error": 0.08266822607040406,
    "layer3.5.conv1.scaled_shift": -0.020090592498779297,
    "layer3.5.conv1.stored_array_size": 32,
    "top_1_accuracy": 0.7394599914550781,
    "top_5_accuracy": 0.9162999987602234,
    "total_time": 110.00241219066083
}