{
    "halut_layers": "{\"layer3.3.conv3\": [32, 32, 16, 1]}",
    "layer3.3.conv3.C": 32,
    "layer3.3.conv3.H_size": 6144,
    "layer3.3.conv3.K": 16,
    "layer3.3.conv3.L_size": 2097152,
    "layer3.3.conv3.encoding_algorithm": 1,
    "layer3.3.conv3.learned_a_shape": [
        6272,
        256
    ],
    "layer3.3.conv3.learned_b_shape": [
        256,
        1024
    ],
    "layer3.3.conv3.learned_d": 256,
    "layer3.3.conv3.learned_m": 1024,
    "layer3.3.conv3.learned_n": 6272,
    "layer3.3.conv3.mae": 0.21002771480560303,
    "layer3.3.conv3.mape": 0.1452020897293091,
    "layer3.3.conv3.mse": 0.07929411094665527,
    "layer3.3.conv3.rows": 32,
    "layer3.3.conv3.scaled_error": 0.01073121290922165,
    "layer3.3.conv3.scaled_shift": 0.0004453035389643628,
    "layer3.3.conv3.stored_array_size": 32,
    "top_1_accuracy": 0.7997599840164185,
    "top_5_accuracy": 0.9502599835395813,
    "total_time": 145.38668780773878
}