{
    "halut_layers": "{\"layer2.3.conv3\": [16, 2, 8, 2]}",
    "layer2.3.conv3.C": 16,
    "layer2.3.conv3.H_size": 4,
    "layer2.3.conv3.K": 8,
    "layer2.3.conv3.L_size": 262144,
    "layer2.3.conv3.encoding_algorithm": 2,
    "layer2.3.conv3.learned_a_shape": [
        1568,
        128
    ],
    "layer2.3.conv3.learned_b_shape": [
        128,
        512
    ],
    "layer2.3.conv3.learned_d": 128,
    "layer2.3.conv3.learned_m": 512,
    "layer2.3.conv3.learned_n": 1568,
    "layer2.3.conv3.mae": 0.27375694576263426,
    "layer2.3.conv3.mape": 0.16208138805389405,
    "layer2.3.conv3.mse": 0.1476195256614685,
    "layer2.3.conv3.rows": 2,
    "layer2.3.conv3.scaled_error": 0.016397277612686157,
    "layer2.3.conv3.scaled_shift": 0.0008597489607264288,
    "layer2.3.conv3.stored_array_size": 32,
    "top_1_accuracy": 0.7993399500846863,
    "top_5_accuracy": 0.9499599933624268,
    "total_time": 163.71958169713616
}