{
    "halut_layers": "{\"layer4.0.conv3\": [32, 32, 8, 2]}",
    "layer4.0.conv3.C": 32,
    "layer4.0.conv3.H_size": 4,
    "layer4.0.conv3.K": 8,
    "layer4.0.conv3.L_size": 2097152,
    "layer4.0.conv3.encoding_algorithm": 2,
    "layer4.0.conv3.learned_a_shape": [
        1568,
        512
    ],
    "layer4.0.conv3.learned_b_shape": [
        512,
        2048
    ],
    "layer4.0.conv3.learned_d": 512,
    "layer4.0.conv3.learned_m": 2048,
    "layer4.0.conv3.learned_n": 1568,
    "layer4.0.conv3.mae": 0.4754329067993164,
    "layer4.0.conv3.mape": 0.27404936752319337,
    "layer4.0.conv3.mse": 0.3982349018859863,
    "layer4.0.conv3.rows": 32,
    "layer4.0.conv3.scaled_error": 0.04187504395008087,
    "layer4.0.conv3.scaled_shift": 0.0012475346776202787,
    "layer4.0.conv3.stored_array_size": 32,
    "top_1_accuracy": 0.6566799879074097,
    "top_5_accuracy": 0.8780399560928345,
    "total_time": 128.24381834175438
}