{
    "halut_layers": "{\"layer3.4.conv2\": [16, 32, 32, 0]}",
    "layer3.4.conv2.C": 16,
    "layer3.4.conv2.H_size": 6080,
    "layer3.4.conv2.K": 32,
    "layer3.4.conv2.L_size": 524288,
    "layer3.4.conv2.encoding_algorithm": 0,
    "layer3.4.conv2.learned_a_shape": [
        6272,
        2304
    ],
    "layer3.4.conv2.learned_b_shape": [
        2304,
        256
    ],
    "layer3.4.conv2.learned_d": 2304,
    "layer3.4.conv2.learned_m": 256,
    "layer3.4.conv2.learned_n": 6272,
    "layer3.4.conv2.mae": 1.5195889668273925,
    "layer3.4.conv2.mape": 0.7740876132202148,
    "layer3.4.conv2.mse": 3.8436134356689453,
    "layer3.4.conv2.rows": 32,
    "layer3.4.conv2.scaled_error": 0.042537334270477296,
    "layer3.4.conv2.scaled_shift": -0.00086130479681422,
    "layer3.4.conv2.stored_array_size": 32,
    "top_1_accuracy": 0.6665399670600891,
    "top_5_accuracy": 0.8770599961280823,
    "total_time": 112.36750364676118
}