{
    "halut_layers": "{\"layer3.0.conv2\": [16, 1, 8, 2]}",
    "layer3.0.conv2.C": 16,
    "layer3.0.conv2.H_size": 4,
    "layer3.0.conv2.K": 8,
    "layer3.0.conv2.L_size": 131072,
    "layer3.0.conv2.encoding_algorithm": 2,
    "layer3.0.conv2.learned_a_shape": [
        196,
        2304
    ],
    "layer3.0.conv2.learned_b_shape": [
        2304,
        256
    ],
    "layer3.0.conv2.learned_d": 2304,
    "layer3.0.conv2.learned_m": 256,
    "layer3.0.conv2.learned_n": 196,
    "layer3.0.conv2.mae": 2.0183163305664062,
    "layer3.0.conv2.mape": 0.68740952293396,
    "layer3.0.conv2.mse": 7.310133908691406,
    "layer3.0.conv2.rows": 1,
    "layer3.0.conv2.scaled_error": 0.059597392196655274,
    "layer3.0.conv2.scaled_shift": -0.0007284338012614171,
    "layer3.0.conv2.stored_array_size": 32,
    "top_1_accuracy": 0.3721199929714203,
    "top_5_accuracy": 0.6078999638557434,
    "total_time": 126.19275833107531
}