{
    "halut_layers": "{\"layer3.3.conv3\": [8, 8, 4, 1]}",
    "layer3.3.conv3.C": 8,
    "layer3.3.conv3.H_size": 384,
    "layer3.3.conv3.K": 4,
    "layer3.3.conv3.L_size": 131072,
    "layer3.3.conv3.encoding_algorithm": 1,
    "layer3.3.conv3.learned_a_shape": [
        1568,
        256
    ],
    "layer3.3.conv3.learned_b_shape": [
        256,
        1024
    ],
    "layer3.3.conv3.learned_d": 256,
    "layer3.3.conv3.learned_m": 1024,
    "layer3.3.conv3.learned_n": 1568,
    "layer3.3.conv3.mae": 0.28694535495758056,
    "layer3.3.conv3.mape": 0.19371922819137574,
    "layer3.3.conv3.mse": 0.14674883880615233,
    "layer3.3.conv3.rows": 8,
    "layer3.3.conv3.scaled_error": 0.014662280013561249,
    "layer3.3.conv3.scaled_shift": 0.0006472104858187958,
    "layer3.3.conv3.stored_array_size": 32,
    "top_1_accuracy": 0.7869399785995483,
    "top_5_accuracy": 0.9438799619674683,
    "total_time": 114.73886143043637
}