{
    "halut_layers": "{\"layer2.0.conv2\": [16, 4, 8, 2]}",
    "layer2.0.conv2.C": 16,
    "layer2.0.conv2.H_size": 4,
    "layer2.0.conv2.K": 8,
    "layer2.0.conv2.L_size": 65536,
    "layer2.0.conv2.encoding_algorithm": 2,
    "layer2.0.conv2.learned_a_shape": [
        3136,
        1152
    ],
    "layer2.0.conv2.learned_b_shape": [
        1152,
        128
    ],
    "layer2.0.conv2.learned_d": 1152,
    "layer2.0.conv2.learned_m": 128,
    "layer2.0.conv2.learned_n": 3136,
    "layer2.0.conv2.mae": 1.873763440246582,
    "layer2.0.conv2.mape": 0.59149251121521,
    "layer2.0.conv2.mse": 6.146276332397461,
    "layer2.0.conv2.rows": 4,
    "layer2.0.conv2.scaled_error": 0.04189259062290192,
    "layer2.0.conv2.scaled_shift": -0.0011185848542675375,
    "layer2.0.conv2.stored_array_size": 32,
    "top_1_accuracy": 0.7310400009155273,
    "top_5_accuracy": 0.9107199907302856,
    "total_time": 109.37907870858908
}