{
    "halut_layers": "{\"layer3.4.conv2\": [8, 64, 32, 0]}",
    "layer3.4.conv2.C": 8,
    "layer3.4.conv2.H_size": 3040,
    "layer3.4.conv2.K": 32,
    "layer3.4.conv2.L_size": 262144,
    "layer3.4.conv2.encoding_algorithm": 0,
    "layer3.4.conv2.learned_a_shape": [
        12544,
        2304
    ],
    "layer3.4.conv2.learned_b_shape": [
        2304,
        256
    ],
    "layer3.4.conv2.learned_d": 2304,
    "layer3.4.conv2.learned_m": 256,
    "layer3.4.conv2.learned_n": 12544,
    "layer3.4.conv2.mae": 1.6788557418823242,
    "layer3.4.conv2.mape": 0.8687872779846192,
    "layer3.4.conv2.mse": 4.707144077148437,
    "layer3.4.conv2.rows": 64,
    "layer3.4.conv2.scaled_error": 0.04698875347137451,
    "layer3.4.conv2.scaled_shift": -0.0022437325563922058,
    "layer3.4.conv2.stored_array_size": 32,
    "top_1_accuracy": 0.18998000025749207,
    "top_5_accuracy": 0.3808799982070923,
    "total_time": 83.63315292820334
}