{
    "halut_layers": "{\"layer4.0.conv3\": [32, 64, 32, 2]}",
    "layer4.0.conv3.C": 32,
    "layer4.0.conv3.H_size": 4,
    "layer4.0.conv3.K": 32,
    "layer4.0.conv3.L_size": 8388608,
    "layer4.0.conv3.encoding_algorithm": 2,
    "layer4.0.conv3.learned_a_shape": [
        3136,
        512
    ],
    "layer4.0.conv3.learned_b_shape": [
        512,
        2048
    ],
    "layer4.0.conv3.learned_d": 512,
    "layer4.0.conv3.learned_m": 2048,
    "layer4.0.conv3.learned_n": 3136,
    "layer4.0.conv3.mae": 0.4373565532684326,
    "layer4.0.conv3.mape": 0.25879903297424317,
    "layer4.0.conv3.mse": 0.333753660697937,
    "layer4.0.conv3.rows": 64,
    "layer4.0.conv3.scaled_error": 0.03852091507911682,
    "layer4.0.conv3.scaled_shift": -0.0020977363999933004,
    "layer4.0.conv3.stored_array_size": 32,
    "top_1_accuracy": 0.75,
    "top_5_accuracy": 0.9280200004577637,
    "total_time": 143.59019252099097
}