{
    "halut_layers": "{\"layer1.0.conv2\": [16, 1, 8, 0]}",
    "layer1.0.conv2.C": 16,
    "layer1.0.conv2.H_size": 1344,
    "layer1.0.conv2.K": 8,
    "layer1.0.conv2.L_size": 32768,
    "layer1.0.conv2.encoding_algorithm": 0,
    "layer1.0.conv2.learned_a_shape": [
        3136,
        576
    ],
    "layer1.0.conv2.learned_b_shape": [
        576,
        64
    ],
    "layer1.0.conv2.learned_d": 576,
    "layer1.0.conv2.learned_m": 64,
    "layer1.0.conv2.learned_n": 3136,
    "layer1.0.conv2.mae": 4.268373037719726,
    "layer1.0.conv2.mape": 0.8770936138916016,
    "layer1.0.conv2.mse": 39.96777894042969,
    "layer1.0.conv2.rows": 1,
    "layer1.0.conv2.scaled_error": 0.08861988780975341,
    "layer1.0.conv2.scaled_shift": -0.0069011025816202165,
    "layer1.0.conv2.stored_array_size": 32,
    "top_1_accuracy": 0.4612799882888794,
    "top_5_accuracy": 0.6731399893760681,
    "total_time": 126.9333993922919
}