{
    "halut_layers": "{\"layer2.0.conv2\": [8, 8, 12, 1]}",
    "layer2.0.conv2.C": 8,
    "layer2.0.conv2.H_size": 1536,
    "layer2.0.conv2.K": 12,
    "layer2.0.conv2.L_size": 49152,
    "layer2.0.conv2.encoding_algorithm": 1,
    "layer2.0.conv2.learned_a_shape": [
        6272,
        1152
    ],
    "layer2.0.conv2.learned_b_shape": [
        1152,
        128
    ],
    "layer2.0.conv2.learned_d": 1152,
    "layer2.0.conv2.learned_m": 128,
    "layer2.0.conv2.learned_n": 6272,
    "layer2.0.conv2.mae": 2.2373454956054686,
    "layer2.0.conv2.mape": 0.6548038352966309,
    "layer2.0.conv2.mse": 9.019618957519532,
    "layer2.0.conv2.rows": 8,
    "layer2.0.conv2.scaled_error": 0.049999788484573364,
    "layer2.0.conv2.scaled_shift": -0.0010323552738130094,
    "layer2.0.conv2.stored_array_size": 32,
    "top_1_accuracy": 0.5265600085258484,
    "top_5_accuracy": 0.7573399543762207,
    "total_time": 100.97509599477053
}