{
    "halut_layers": "{\"layer3.0.conv3\": [16, 4, 8, 0]}",
    "layer3.0.conv3.C": 16,
    "layer3.0.conv3.H_size": 1344,
    "layer3.0.conv3.K": 8,
    "layer3.0.conv3.L_size": 524288,
    "layer3.0.conv3.encoding_algorithm": 0,
    "layer3.0.conv3.learned_a_shape": [
        784,
        256
    ],
    "layer3.0.conv3.learned_b_shape": [
        256,
        1024
    ],
    "layer3.0.conv3.learned_d": 256,
    "layer3.0.conv3.learned_m": 1024,
    "layer3.0.conv3.learned_n": 784,
    "layer3.0.conv3.mae": 1.1160738423156737,
    "layer3.0.conv3.mape": 0.570818751373291,
    "layer3.0.conv3.mse": 2.123764752807617,
    "layer3.0.conv3.rows": 4,
    "layer3.0.conv3.scaled_error": 0.07835381833076477,
    "layer3.0.conv3.scaled_shift": 0.0004390705268876627,
    "layer3.0.conv3.stored_array_size": 32,
    "top_1_accuracy": 0.03345999866724014,
    "top_5_accuracy": 0.08735999464988708,
    "total_time": 144.05567085184157
}