{
    "halut_layers": "{\"layer1.0.conv2\": [32, 1, 32, 1]}",
    "layer1.0.conv2.C": 32,
    "layer1.0.conv2.H_size": 12288,
    "layer1.0.conv2.K": 32,
    "layer1.0.conv2.L_size": 262144,
    "layer1.0.conv2.encoding_algorithm": 1,
    "layer1.0.conv2.learned_a_shape": [
        3136,
        576
    ],
    "layer1.0.conv2.learned_b_shape": [
        576,
        64
    ],
    "layer1.0.conv2.learned_d": 576,
    "layer1.0.conv2.learned_m": 64,
    "layer1.0.conv2.learned_n": 3136,
    "layer1.0.conv2.mae": 1.5573178314208984,
    "layer1.0.conv2.mape": 0.3447193465423584,
    "layer1.0.conv2.mse": 6.508899025878907,
    "layer1.0.conv2.rows": 1,
    "layer1.0.conv2.scaled_error": 0.03228372100353241,
    "layer1.0.conv2.scaled_shift": -0.001244200441657449,
    "layer1.0.conv2.stored_array_size": 32,
    "top_1_accuracy": 0.768839955329895,
    "top_5_accuracy": 0.9335599541664124,
    "total_time": 180.9929857905954
}