{
    "halut_layers": "{\"layer4.2.conv3\": [16, 256, 32, 1]}",
    "layer4.2.conv3.C": 16,
    "layer4.2.conv3.H_size": 6144,
    "layer4.2.conv3.K": 32,
    "layer4.2.conv3.L_size": 4194304,
    "layer4.2.conv3.encoding_algorithm": 1,
    "layer4.2.conv3.learned_a_shape": [
        12544,
        512
    ],
    "layer4.2.conv3.learned_b_shape": [
        512,
        2048
    ],
    "layer4.2.conv3.learned_d": 512,
    "layer4.2.conv3.learned_m": 2048,
    "layer4.2.conv3.learned_n": 12544,
    "layer4.2.conv3.mae": 0.23388734489440918,
    "layer4.2.conv3.mape": 0.1486012250137329,
    "layer4.2.conv3.mse": 0.12398300772666931,
    "layer4.2.conv3.rows": 256,
    "layer4.2.conv3.scaled_error": 0.04583089418888092,
    "layer4.2.conv3.scaled_shift": 0.026576304083764553,
    "layer4.2.conv3.stored_array_size": 32,
    "top_1_accuracy": 0.7906399965286255,
    "top_5_accuracy": 0.9453399777412415,
    "total_time": 112.85575487650931
}