{
    "halut_layers": "{\"layer4.0.conv2\": [16, 256, 8, 2]}",
    "layer4.0.conv2.C": 16,
    "layer4.0.conv2.H_size": 4,
    "layer4.0.conv2.K": 8,
    "layer4.0.conv2.L_size": 262144,
    "layer4.0.conv2.encoding_algorithm": 2,
    "layer4.0.conv2.learned_a_shape": [
        12544,
        4608
    ],
    "layer4.0.conv2.learned_b_shape": [
        4608,
        512
    ],
    "layer4.0.conv2.learned_d": 4608,
    "layer4.0.conv2.learned_m": 512,
    "layer4.0.conv2.learned_n": 12544,
    "layer4.0.conv2.mae": 1.0519925596618653,
    "layer4.0.conv2.mape": 0.4384462307739258,
    "layer4.0.conv2.mse": 2.0043119116210937,
    "layer4.0.conv2.rows": 256,
    "layer4.0.conv2.scaled_error": 0.06668531585693359,
    "layer4.0.conv2.scaled_shift": 0.008573564868569375,
    "layer4.0.conv2.stored_array_size": 32,
    "top_1_accuracy": 0.6183599829673767,
    "top_5_accuracy": 0.857759952545166,
    "total_time": 104.7859943844378
}