{
    "halut_layers": "{\"layer3.0.conv2\": [8, 32, 32, 0]}",
    "layer3.0.conv2.C": 8,
    "layer3.0.conv2.H_size": 3040,
    "layer3.0.conv2.K": 32,
    "layer3.0.conv2.L_size": 262144,
    "layer3.0.conv2.encoding_algorithm": 0,
    "layer3.0.conv2.learned_a_shape": [
        6272,
        2304
    ],
    "layer3.0.conv2.learned_b_shape": [
        2304,
        256
    ],
    "layer3.0.conv2.learned_d": 2304,
    "layer3.0.conv2.learned_m": 256,
    "layer3.0.conv2.learned_n": 6272,
    "layer3.0.conv2.mae": 3.7202069067382815,
    "layer3.0.conv2.mape": 1.5312416647338867,
    "layer3.0.conv2.mse": 23.042272160644533,
    "layer3.0.conv2.rows": 32,
    "layer3.0.conv2.scaled_error": 0.11003714281082154,
    "layer3.0.conv2.scaled_shift": -0.010027187782526016,
    "layer3.0.conv2.stored_array_size": 32,
    "top_1_accuracy": 0.006339999847114086,
    "top_5_accuracy": 0.020879998803138733,
    "total_time": 85.91063943505287
}