{
    "halut_layers": "{\"layer4.0.conv1\": [32, 32, 12, 2]}",
    "layer4.0.conv1.C": 32,
    "layer4.0.conv1.H_size": 4,
    "layer4.0.conv1.K": 12,
    "layer4.0.conv1.L_size": 786432,
    "layer4.0.conv1.encoding_algorithm": 2,
    "layer4.0.conv1.learned_a_shape": [
        6272,
        1024
    ],
    "layer4.0.conv1.learned_b_shape": [
        1024,
        512
    ],
    "layer4.0.conv1.learned_d": 1024,
    "layer4.0.conv1.learned_m": 512,
    "layer4.0.conv1.learned_n": 6272,
    "layer4.0.conv1.mae": 1.0201059201049805,
    "layer4.0.conv1.mape": 0.3920109628677368,
    "layer4.0.conv1.mse": 1.7729643392944336,
    "layer4.0.conv1.rows": 32,
    "layer4.0.conv1.scaled_error": 0.0474370822429657,
    "layer4.0.conv1.scaled_shift": 0.002169661257865373,
    "layer4.0.conv1.stored_array_size": 32,
    "top_1_accuracy": 0.6875999569892883,
    "top_5_accuracy": 0.8956199884414673,
    "total_time": 141.39916861243546
}