{
    "halut_layers": "{\"layer4.1.conv1\": [16, 32, 12, 2]}",
    "layer4.1.conv1.C": 16,
    "layer4.1.conv1.H_size": 4,
    "layer4.1.conv1.K": 12,
    "layer4.1.conv1.L_size": 393216,
    "layer4.1.conv1.encoding_algorithm": 2,
    "layer4.1.conv1.learned_a_shape": [
        1568,
        2048
    ],
    "layer4.1.conv1.learned_b_shape": [
        2048,
        512
    ],
    "layer4.1.conv1.learned_d": 2048,
    "layer4.1.conv1.learned_m": 512,
    "layer4.1.conv1.learned_n": 1568,
    "layer4.1.conv1.mae": 1.303227543334961,
    "layer4.1.conv1.mape": 0.4716993871307373,
    "layer4.1.conv1.mse": 3.0842615313720705,
    "layer4.1.conv1.rows": 32,
    "layer4.1.conv1.scaled_error": 0.01873324864387512,
    "layer4.1.conv1.scaled_shift": 0.0036847685915231704,
    "layer4.1.conv1.stored_array_size": 32,
    "top_1_accuracy": 0.7098399996757507,
    "top_5_accuracy": 0.9011199474334717,
    "total_time": 110.96020448487252
}