{
    "halut_layers": "{\"layer4.0.conv2\": [8, 128, 16, 1]}",
    "layer4.0.conv2.C": 8,
    "layer4.0.conv2.H_size": 1536,
    "layer4.0.conv2.K": 16,
    "layer4.0.conv2.L_size": 262144,
    "layer4.0.conv2.encoding_algorithm": 1,
    "layer4.0.conv2.learned_a_shape": [
        6272,
        4608
    ],
    "layer4.0.conv2.learned_b_shape": [
        4608,
        512
    ],
    "layer4.0.conv2.learned_d": 4608,
    "layer4.0.conv2.learned_m": 512,
    "layer4.0.conv2.learned_n": 6272,
    "layer4.0.conv2.mae": 1.1556895358276367,
    "layer4.0.conv2.mape": 0.47989019653320314,
    "layer4.0.conv2.mse": 2.399531512451172,
    "layer4.0.conv2.rows": 128,
    "layer4.0.conv2.scaled_error": 0.07325298192977905,
    "layer4.0.conv2.scaled_shift": 0.005288800241489662,
    "layer4.0.conv2.stored_array_size": 32,
    "top_1_accuracy": 0.5652199983596802,
    "top_5_accuracy": 0.8246999979019165,
    "total_time": 97.46439944021404
}