{
    "halut_layers": "{\"layer1.1.conv3\": [64, 2, 4, 1]}",
    "layer1.1.conv3.C": 64,
    "layer1.1.conv3.H_size": 3072,
    "layer1.1.conv3.K": 4,
    "layer1.1.conv3.L_size": 262144,
    "layer1.1.conv3.encoding_algorithm": 1,
    "layer1.1.conv3.learned_a_shape": [
        6272,
        64
    ],
    "layer1.1.conv3.learned_b_shape": [
        64,
        256
    ],
    "layer1.1.conv3.learned_d": 64,
    "layer1.1.conv3.learned_m": 256,
    "layer1.1.conv3.learned_n": 6272,
    "layer1.1.conv3.mae": 0.24253382328033446,
    "layer1.1.conv3.mape": 0.1095291708946228,
    "layer1.1.conv3.mse": 0.12652919569015503,
    "layer1.1.conv3.rows": 2,
    "layer1.1.conv3.scaled_error": 0.014189818849563598,
    "layer1.1.conv3.scaled_shift": 3.8882064188655935e-05,
    "layer1.1.conv3.stored_array_size": 32,
    "top_1_accuracy": 0.8054999709129333,
    "top_5_accuracy": 0.9530400037765503,
    "total_time": 266.4505885913968
}