{
    "halut_layers": "{\"layer1.0.conv2\": [16, 1, 8, 1]}",
    "layer1.0.conv2.C": 16,
    "layer1.0.conv2.H_size": 1536,
    "layer1.0.conv2.K": 8,
    "layer1.0.conv2.L_size": 32768,
    "layer1.0.conv2.encoding_algorithm": 1,
    "layer1.0.conv2.learned_a_shape": [
        3136,
        576
    ],
    "layer1.0.conv2.learned_b_shape": [
        576,
        64
    ],
    "layer1.0.conv2.learned_d": 576,
    "layer1.0.conv2.learned_m": 64,
    "layer1.0.conv2.learned_n": 3136,
    "layer1.0.conv2.mae": 1.9230165115356446,
    "layer1.0.conv2.mape": 0.41189598617553713,
    "layer1.0.conv2.mse": 9.783951868896484,
    "layer1.0.conv2.rows": 1,
    "layer1.0.conv2.scaled_error": 0.03987358002662659,
    "layer1.0.conv2.scaled_shift": -0.0029710992277227344,
    "layer1.0.conv2.stored_array_size": 32,
    "top_1_accuracy": 0.7223799824714661,
    "top_5_accuracy": 0.9049800038337708,
    "total_time": 128.77560913190246
}