{
    "halut_layers": "{\"layer2.0.downsample.0\": [16, 2, 4, 1]}",
    "layer2.0.downsample.0.C": 16,
    "layer2.0.downsample.0.H_size": 768,
    "layer2.0.downsample.0.K": 4,
    "layer2.0.downsample.0.L_size": 131072,
    "layer2.0.downsample.0.encoding_algorithm": 1,
    "layer2.0.downsample.0.learned_a_shape": [
        1568,
        256
    ],
    "layer2.0.downsample.0.learned_b_shape": [
        256,
        512
    ],
    "layer2.0.downsample.0.learned_d": 256,
    "layer2.0.downsample.0.learned_m": 512,
    "layer2.0.downsample.0.learned_n": 1568,
    "layer2.0.downsample.0.mae": 0.8244755613708497,
    "layer2.0.downsample.0.mape": 0.34946343784332273,
    "layer2.0.downsample.0.mse": 1.5018825256347657,
    "layer2.0.downsample.0.rows": 2,
    "layer2.0.downsample.0.scaled_error": 0.04152409068584442,
    "layer2.0.downsample.0.scaled_shift": 0.0004901907049841247,
    "layer2.0.downsample.0.stored_array_size": 32,
    "top_1_accuracy": 0.5469200015068054,
    "top_5_accuracy": 0.7850799560546875,
    "total_time": 153.9475052896887
}