{
    "halut_layers": "{\"layer3.3.conv3\": [64, 16, 12, 2]}",
    "layer3.3.conv3.C": 64,
    "layer3.3.conv3.H_size": 4,
    "layer3.3.conv3.K": 12,
    "layer3.3.conv3.L_size": 3145728,
    "layer3.3.conv3.encoding_algorithm": 2,
    "layer3.3.conv3.learned_a_shape": [
        3136,
        256
    ],
    "layer3.3.conv3.learned_b_shape": [
        256,
        1024
    ],
    "layer3.3.conv3.learned_d": 256,
    "layer3.3.conv3.learned_m": 1024,
    "layer3.3.conv3.learned_n": 3136,
    "layer3.3.conv3.mae": 0.1396654317855835,
    "layer3.3.conv3.mape": 0.09861814293861389,
    "layer3.3.conv3.mse": 0.034472712059021,
    "layer3.3.conv3.rows": 16,
    "layer3.3.conv3.scaled_error": 0.007137265639305114,
    "layer3.3.conv3.scaled_shift": -0.00010409773398583639,
    "layer3.3.conv3.stored_array_size": 32,
    "top_1_accuracy": 0.8052399754524231,
    "top_5_accuracy": 0.9530799984931946,
    "total_time": 170.8711818419397
}