{
    "halut_layers": "{\"layer4.1.conv1\": [8, 256, 12, 1]}",
    "layer4.1.conv1.C": 8,
    "layer4.1.conv1.H_size": 1536,
    "layer4.1.conv1.K": 12,
    "layer4.1.conv1.L_size": 196608,
    "layer4.1.conv1.encoding_algorithm": 1,
    "layer4.1.conv1.learned_a_shape": [
        12544,
        2048
    ],
    "layer4.1.conv1.learned_b_shape": [
        2048,
        512
    ],
    "layer4.1.conv1.learned_d": 2048,
    "layer4.1.conv1.learned_m": 512,
    "layer4.1.conv1.learned_n": 12544,
    "layer4.1.conv1.mae": 1.3624043208312988,
    "layer4.1.conv1.mape": 0.48323898498535156,
    "layer4.1.conv1.mse": 3.4618576446533202,
    "layer4.1.conv1.rows": 256,
    "layer4.1.conv1.scaled_error": 0.019580540034770964,
    "layer4.1.conv1.scaled_shift": 0.002963214079071768,
    "layer4.1.conv1.stored_array_size": 32,
    "top_1_accuracy": 0.6148999929428101,
    "top_5_accuracy": 0.8053399920463562,
    "total_time": 97.43502590339631
}