{
    "halut_layers": "{\"layer3.0.conv2\": [32, 16, 32, 1]}",
    "layer3.0.conv2.C": 32,
    "layer3.0.conv2.H_size": 12288,
    "layer3.0.conv2.K": 32,
    "layer3.0.conv2.L_size": 1048576,
    "layer3.0.conv2.encoding_algorithm": 1,
    "layer3.0.conv2.learned_a_shape": [
        3136,
        2304
    ],
    "layer3.0.conv2.learned_b_shape": [
        2304,
        256
    ],
    "layer3.0.conv2.learned_d": 2304,
    "layer3.0.conv2.learned_m": 256,
    "layer3.0.conv2.learned_n": 3136,
    "layer3.0.conv2.mae": 1.710625787963867,
    "layer3.0.conv2.mape": 0.5951388526153565,
    "layer3.0.conv2.mse": 5.325488008422852,
    "layer3.0.conv2.rows": 16,
    "layer3.0.conv2.scaled_error": 0.050527437534332274,
    "layer3.0.conv2.scaled_shift": -0.0004166686514448338,
    "layer3.0.conv2.stored_array_size": 32,
    "top_1_accuracy": 0.6515600085258484,
    "top_5_accuracy": 0.8608599901199341,
    "total_time": 118.68395798839629
}