{
    "halut_layers": "{\"layer1.0.conv2\": [8, 8, 16, 1]}",
    "layer1.0.conv2.C": 8,
    "layer1.0.conv2.H_size": 1536,
    "layer1.0.conv2.K": 16,
    "layer1.0.conv2.L_size": 32768,
    "layer1.0.conv2.encoding_algorithm": 1,
    "layer1.0.conv2.learned_a_shape": [
        25088,
        576
    ],
    "layer1.0.conv2.learned_b_shape": [
        576,
        64
    ],
    "layer1.0.conv2.learned_d": 576,
    "layer1.0.conv2.learned_m": 64,
    "layer1.0.conv2.learned_n": 25088,
    "layer1.0.conv2.mae": 1.5878868415832519,
    "layer1.0.conv2.mape": 0.37117729373931885,
    "layer1.0.conv2.mse": 6.403974780273438,
    "layer1.0.conv2.rows": 8,
    "layer1.0.conv2.scaled_error": 0.03296337867736816,
    "layer1.0.conv2.scaled_shift": -0.0005516720747775981,
    "layer1.0.conv2.stored_array_size": 32,
    "top_1_accuracy": 0.7578200101852417,
    "top_5_accuracy": 0.9283199906349182,
    "total_time": 126.80799935944378
}