{
    "halut_layers": "{\"layer4.1.conv1\": [8, 256, 4, 1]}",
    "layer4.1.conv1.C": 8,
    "layer4.1.conv1.H_size": 384,
    "layer4.1.conv1.K": 4,
    "layer4.1.conv1.L_size": 65536,
    "layer4.1.conv1.encoding_algorithm": 1,
    "layer4.1.conv1.learned_a_shape": [
        12544,
        2048
    ],
    "layer4.1.conv1.learned_b_shape": [
        2048,
        512
    ],
    "layer4.1.conv1.learned_d": 2048,
    "layer4.1.conv1.learned_m": 512,
    "layer4.1.conv1.learned_n": 12544,
    "layer4.1.conv1.mae": 1.3846968856811523,
    "layer4.1.conv1.mape": 0.4936506610107422,
    "layer4.1.conv1.mse": 3.626584027709961,
    "layer4.1.conv1.rows": 256,
    "layer4.1.conv1.scaled_error": 0.019898343057632446,
    "layer4.1.conv1.scaled_shift": 0.0026212424185982673,
    "layer4.1.conv1.stored_array_size": 32,
    "top_1_accuracy": 0.627519965171814,
    "top_5_accuracy": 0.8235999941825867,
    "total_time": 97.31106323748827
}