{
    "halut_layers": "{\"layer3.0.conv2\": [64, 1, 24, 1]}",
    "layer3.0.conv2.C": 64,
    "layer3.0.conv2.H_size": 24576,
    "layer3.0.conv2.K": 24,
    "layer3.0.conv2.L_size": 1572864,
    "layer3.0.conv2.encoding_algorithm": 1,
    "layer3.0.conv2.learned_a_shape": [
        196,
        2304
    ],
    "layer3.0.conv2.learned_b_shape": [
        2304,
        256
    ],
    "layer3.0.conv2.learned_d": 2304,
    "layer3.0.conv2.learned_m": 256,
    "layer3.0.conv2.learned_n": 196,
    "layer3.0.conv2.mae": 2.4098082592773435,
    "layer3.0.conv2.mape": 0.9212244497680664,
    "layer3.0.conv2.mse": 9.946495883789062,
    "layer3.0.conv2.rows": 1,
    "layer3.0.conv2.scaled_error": 0.07121641784667969,
    "layer3.0.conv2.scaled_shift": 0.0001976021771749947,
    "layer3.0.conv2.stored_array_size": 32,
    "top_1_accuracy": 0.43841999769210815,
    "top_5_accuracy": 0.6643999814987183,
    "total_time": 118.54010056145489
}