{
    "halut_layers": "{\"layer3.5.conv2\": [64, 8, 32, 2]}",
    "layer3.5.conv2.C": 64,
    "layer3.5.conv2.H_size": 4,
    "layer3.5.conv2.K": 32,
    "layer3.5.conv2.L_size": 2097152,
    "layer3.5.conv2.encoding_algorithm": 2,
    "layer3.5.conv2.learned_a_shape": [
        1568,
        2304
    ],
    "layer3.5.conv2.learned_b_shape": [
        2304,
        256
    ],
    "layer3.5.conv2.learned_d": 2304,
    "layer3.5.conv2.learned_m": 256,
    "layer3.5.conv2.learned_n": 1568,
    "layer3.5.conv2.mae": 0.7559125572967529,
    "layer3.5.conv2.mape": 0.37636958492279055,
    "layer3.5.conv2.mse": 0.9701659199523925,
    "layer3.5.conv2.rows": 8,
    "layer3.5.conv2.scaled_error": 0.05280280959129333,
    "layer3.5.conv2.scaled_shift": 0.003047414922863245,
    "layer3.5.conv2.stored_array_size": 32,
    "top_1_accuracy": 0.7944200038909912,
    "top_5_accuracy": 0.9478799700737,
    "total_time": 210.9008711464703
}