{
    "halut_layers": "{\"layer4.2.conv1\": [32, 128, 24, 1]}",
    "layer4.2.conv1.C": 32,
    "layer4.2.conv1.H_size": 12288,
    "layer4.2.conv1.K": 24,
    "layer4.2.conv1.L_size": 1572864,
    "layer4.2.conv1.encoding_algorithm": 1,
    "layer4.2.conv1.learned_a_shape": [
        6272,
        2048
    ],
    "layer4.2.conv1.learned_b_shape": [
        2048,
        512
    ],
    "layer4.2.conv1.learned_d": 2048,
    "layer4.2.conv1.learned_m": 512,
    "layer4.2.conv1.learned_n": 6272,
    "layer4.2.conv1.mae": 0.8479960450744629,
    "layer4.2.conv1.mape": 0.3364343779373169,
    "layer4.2.conv1.mse": 1.4006632339477538,
    "layer4.2.conv1.rows": 128,
    "layer4.2.conv1.scaled_error": 0.008744005596637726,
    "layer4.2.conv1.scaled_shift": 0.0022767967707110802,
    "layer4.2.conv1.stored_array_size": 32,
    "top_1_accuracy": 0.7801600098609924,
    "top_5_accuracy": 0.9372199773788452,
    "total_time": 98.40698233246803
}