{
    "halut_layers": "{\"layer3.5.conv1\": [64, 16, 8, 2]}",
    "layer3.5.conv1.C": 64,
    "layer3.5.conv1.H_size": 4,
    "layer3.5.conv1.K": 8,
    "layer3.5.conv1.L_size": 524288,
    "layer3.5.conv1.encoding_algorithm": 2,
    "layer3.5.conv1.learned_a_shape": [
        3136,
        1024
    ],
    "layer3.5.conv1.learned_b_shape": [
        1024,
        256
    ],
    "layer3.5.conv1.learned_d": 1024,
    "layer3.5.conv1.learned_m": 256,
    "layer3.5.conv1.learned_n": 3136,
    "layer3.5.conv1.mae": 0.9361953419494629,
    "layer3.5.conv1.mape": 0.38430474632263184,
    "layer3.5.conv1.mse": 1.4840984490966798,
    "layer3.5.conv1.rows": 16,
    "layer3.5.conv1.scaled_error": 0.03268878813266754,
    "layer3.5.conv1.scaled_shift": 0.00037528465002571466,
    "layer3.5.conv1.stored_array_size": 32,
    "top_1_accuracy": 0.7931399941444397,
    "top_5_accuracy": 0.9471799731254578,
    "total_time": 128.39286762475967
}