{
    "halut_layers": "{\"layer3.0.conv3\": [64, 4, 64, 1]}",
    "layer3.0.conv3.C": 64,
    "layer3.0.conv3.H_size": 49152,
    "layer3.0.conv3.K": 64,
    "layer3.0.conv3.L_size": 16777216,
    "layer3.0.conv3.encoding_algorithm": 1,
    "layer3.0.conv3.learned_a_shape": [
        784,
        256
    ],
    "layer3.0.conv3.learned_b_shape": [
        256,
        1024
    ],
    "layer3.0.conv3.learned_d": 256,
    "layer3.0.conv3.learned_m": 1024,
    "layer3.0.conv3.learned_n": 784,
    "layer3.0.conv3.mae": 0.4374534711456299,
    "layer3.0.conv3.mape": 0.22913833072662354,
    "layer3.0.conv3.mse": 0.3332773169708252,
    "layer3.0.conv3.rows": 4,
    "layer3.0.conv3.scaled_error": 0.03066587441921234,
    "layer3.0.conv3.scaled_shift": 0.001959603458493948,
    "layer3.0.conv3.stored_array_size": 32,
    "top_1_accuracy": 0.7928199768066406,
    "top_5_accuracy": 0.9464199542999268,
    "total_time": 206.5270515140146
}