{
    "halut_layers": "{\"layer3.0.conv3\": [32, 16, 12, 1]}",
    "layer3.0.conv3.C": 32,
    "layer3.0.conv3.H_size": 6144,
    "layer3.0.conv3.K": 12,
    "layer3.0.conv3.L_size": 1572864,
    "layer3.0.conv3.encoding_algorithm": 1,
    "layer3.0.conv3.learned_a_shape": [
        3136,
        256
    ],
    "layer3.0.conv3.learned_b_shape": [
        256,
        1024
    ],
    "layer3.0.conv3.learned_d": 256,
    "layer3.0.conv3.learned_m": 1024,
    "layer3.0.conv3.learned_n": 3136,
    "layer3.0.conv3.mae": 0.5074893746948242,
    "layer3.0.conv3.mape": 0.2583748217010498,
    "layer3.0.conv3.mse": 0.46678036727905275,
    "layer3.0.conv3.rows": 16,
    "layer3.0.conv3.scaled_error": 0.035562640752792356,
    "layer3.0.conv3.scaled_shift": 0.0015479878095374443,
    "layer3.0.conv3.stored_array_size": 32,
    "top_1_accuracy": 0.750819981098175,
    "top_5_accuracy": 0.9246999621391296,
    "total_time": 147.53532330691814
}