{
    "halut_layers": "{\"layer3.0.conv3\": [32, 2, 32, 2]}",
    "layer3.0.conv3.C": 32,
    "layer3.0.conv3.H_size": 4,
    "layer3.0.conv3.K": 32,
    "layer3.0.conv3.L_size": 4194304,
    "layer3.0.conv3.encoding_algorithm": 2,
    "layer3.0.conv3.learned_a_shape": [
        392,
        256
    ],
    "layer3.0.conv3.learned_b_shape": [
        256,
        1024
    ],
    "layer3.0.conv3.learned_d": 256,
    "layer3.0.conv3.learned_m": 1024,
    "layer3.0.conv3.learned_n": 392,
    "layer3.0.conv3.mae": 0.4913320550537109,
    "layer3.0.conv3.mape": 0.25404435928344726,
    "layer3.0.conv3.mse": 0.4254201580810547,
    "layer3.0.conv3.rows": 2,
    "layer3.0.conv3.scaled_error": 0.03445495567798614,
    "layer3.0.conv3.scaled_shift": 0.0022392100243270397,
    "layer3.0.conv3.stored_array_size": 32,
    "top_1_accuracy": 0.7782999873161316,
    "top_5_accuracy": 0.9405399560928345,
    "total_time": 173.3521215841174
}