{
    "halut_layers": "{\"layer4.0.conv2\": [64, 64, 8, 1]}",
    "layer4.0.conv2.C": 64,
    "layer4.0.conv2.H_size": 6144,
    "layer4.0.conv2.K": 8,
    "layer4.0.conv2.L_size": 1048576,
    "layer4.0.conv2.encoding_algorithm": 1,
    "layer4.0.conv2.learned_a_shape": [
        3136,
        4608
    ],
    "layer4.0.conv2.learned_b_shape": [
        4608,
        512
    ],
    "layer4.0.conv2.learned_d": 4608,
    "layer4.0.conv2.learned_m": 512,
    "layer4.0.conv2.learned_n": 3136,
    "layer4.0.conv2.mae": 1.0821232762145996,
    "layer4.0.conv2.mape": 0.4596996482849121,
    "layer4.0.conv2.mse": 2.1131574041748045,
    "layer4.0.conv2.rows": 64,
    "layer4.0.conv2.scaled_error": 0.06859476258277893,
    "layer4.0.conv2.scaled_shift": 0.005873059786038939,
    "layer4.0.conv2.stored_array_size": 32,
    "top_1_accuracy": 0.6020199656486511,
    "top_5_accuracy": 0.8503199815750122,
    "total_time": 100.70530307944864
}