{
    "halut_layers": "{\"layer3.4.conv2\": [32, 64, 24, 1]}",
    "layer3.4.conv2.C": 32,
    "layer3.4.conv2.H_size": 12288,
    "layer3.4.conv2.K": 24,
    "layer3.4.conv2.L_size": 786432,
    "layer3.4.conv2.encoding_algorithm": 1,
    "layer3.4.conv2.learned_a_shape": [
        12544,
        2304
    ],
    "layer3.4.conv2.learned_b_shape": [
        2304,
        256
    ],
    "layer3.4.conv2.learned_d": 2304,
    "layer3.4.conv2.learned_m": 256,
    "layer3.4.conv2.learned_n": 12544,
    "layer3.4.conv2.mae": 0.6846669389343262,
    "layer3.4.conv2.mape": 0.3291428703689575,
    "layer3.4.conv2.mse": 0.8253899597930908,
    "layer3.4.conv2.rows": 64,
    "layer3.4.conv2.scaled_error": 0.019172872009277343,
    "layer3.4.conv2.scaled_shift": 0.0013734505152619386,
    "layer3.4.conv2.stored_array_size": 32,
    "top_1_accuracy": 0.7834199666976929,
    "top_5_accuracy": 0.9409799575805664,
    "total_time": 110.10468685813248
}