{
    "halut_layers": "{\"layer4.0.conv3\": [16, 256, 12, 2]}",
    "layer4.0.conv3.C": 16,
    "layer4.0.conv3.H_size": 4,
    "layer4.0.conv3.K": 12,
    "layer4.0.conv3.L_size": 1572864,
    "layer4.0.conv3.encoding_algorithm": 2,
    "layer4.0.conv3.learned_a_shape": [
        12544,
        512
    ],
    "layer4.0.conv3.learned_b_shape": [
        512,
        2048
    ],
    "layer4.0.conv3.learned_d": 512,
    "layer4.0.conv3.learned_m": 2048,
    "layer4.0.conv3.learned_n": 12544,
    "layer4.0.conv3.mae": 0.461239662399292,
    "layer4.0.conv3.mape": 0.2618500071334839,
    "layer4.0.conv3.mse": 0.3808384293365479,
    "layer4.0.conv3.rows": 256,
    "layer4.0.conv3.scaled_error": 0.04061878868103028,
    "layer4.0.conv3.scaled_shift": 0.0023587671293318273,
    "layer4.0.conv3.stored_array_size": 32,
    "top_1_accuracy": 0.6119199991226196,
    "top_5_accuracy": 0.8451399803161621,
    "total_time": 123.16863240208477
}