{
    "halut_layers": "{\"layer4.2.conv1\": [16, 128, 12, 1]}",
    "layer4.2.conv1.C": 16,
    "layer4.2.conv1.H_size": 3072,
    "layer4.2.conv1.K": 12,
    "layer4.2.conv1.L_size": 393216,
    "layer4.2.conv1.encoding_algorithm": 1,
    "layer4.2.conv1.learned_a_shape": [
        6272,
        2048
    ],
    "layer4.2.conv1.learned_b_shape": [
        2048,
        512
    ],
    "layer4.2.conv1.learned_d": 2048,
    "layer4.2.conv1.learned_m": 512,
    "layer4.2.conv1.learned_n": 6272,
    "layer4.2.conv1.mae": 0.9381857736206055,
    "layer4.2.conv1.mape": 0.36467090560913085,
    "layer4.2.conv1.mse": 1.733514112548828,
    "layer4.2.conv1.rows": 128,
    "layer4.2.conv1.scaled_error": 0.009669864782094955,
    "layer4.2.conv1.scaled_shift": 0.0025070798587956233,
    "layer4.2.conv1.stored_array_size": 32,
    "top_1_accuracy": 0.7774199843406677,
    "top_5_accuracy": 0.9354400038719177,
    "total_time": 99.57645901851356
}