{
    "halut_layers": "{\"layer2.0.conv2\": [64, 4, 64, 1]}",
    "layer2.0.conv2.C": 64,
    "layer2.0.conv2.H_size": 49152,
    "layer2.0.conv2.K": 64,
    "layer2.0.conv2.L_size": 2097152,
    "layer2.0.conv2.encoding_algorithm": 1,
    "layer2.0.conv2.learned_a_shape": [
        3136,
        1152
    ],
    "layer2.0.conv2.learned_b_shape": [
        1152,
        128
    ],
    "layer2.0.conv2.learned_d": 1152,
    "layer2.0.conv2.learned_m": 128,
    "layer2.0.conv2.learned_n": 3136,
    "layer2.0.conv2.mae": 2.0947755194091795,
    "layer2.0.conv2.mape": 0.7144343212890625,
    "layer2.0.conv2.mse": 7.495534030761719,
    "layer2.0.conv2.rows": 4,
    "layer2.0.conv2.scaled_error": 0.04688811226844788,
    "layer2.0.conv2.scaled_shift": -0.000161339722426128,
    "layer2.0.conv2.stored_array_size": 32,
    "top_1_accuracy": 0.7747199535369873,
    "top_5_accuracy": 0.9375199675559998,
    "total_time": 115.52634181082249
}