{
    "halut_layers": "{\"layer3.5.conv1\": [64, 16, 4, 1]}",
    "layer3.5.conv1.C": 64,
    "layer3.5.conv1.H_size": 3072,
    "layer3.5.conv1.K": 4,
    "layer3.5.conv1.L_size": 262144,
    "layer3.5.conv1.encoding_algorithm": 1,
    "layer3.5.conv1.learned_a_shape": [
        3136,
        1024
    ],
    "layer3.5.conv1.learned_b_shape": [
        1024,
        256
    ],
    "layer3.5.conv1.learned_d": 1024,
    "layer3.5.conv1.learned_m": 256,
    "layer3.5.conv1.learned_n": 3136,
    "layer3.5.conv1.mae": 1.113589052886963,
    "layer3.5.conv1.mape": 0.4333232974243164,
    "layer3.5.conv1.mse": 2.1294026953125,
    "layer3.5.conv1.rows": 16,
    "layer3.5.conv1.scaled_error": 0.03888585520744324,
    "layer3.5.conv1.scaled_shift": 0.0027424033389776012,
    "layer3.5.conv1.stored_array_size": 32,
    "top_1_accuracy": 0.7831799983978271,
    "top_5_accuracy": 0.9424799680709839,
    "total_time": 108.47016964107752
}