{
    "halut_layers": "{\"layer4.0.conv2\": [16, 256, 16, 1]}",
    "layer4.0.conv2.C": 16,
    "layer4.0.conv2.H_size": 3072,
    "layer4.0.conv2.K": 16,
    "layer4.0.conv2.L_size": 524288,
    "layer4.0.conv2.encoding_algorithm": 1,
    "layer4.0.conv2.learned_a_shape": [
        12544,
        4608
    ],
    "layer4.0.conv2.learned_b_shape": [
        4608,
        512
    ],
    "layer4.0.conv2.learned_d": 4608,
    "layer4.0.conv2.learned_m": 512,
    "layer4.0.conv2.learned_n": 12544,
    "layer4.0.conv2.mae": 1.1174793667602538,
    "layer4.0.conv2.mape": 0.4621972166442871,
    "layer4.0.conv2.mse": 2.2701563995361327,
    "layer4.0.conv2.rows": 256,
    "layer4.0.conv2.scaled_error": 0.07083118708610535,
    "layer4.0.conv2.scaled_shift": 0.006955647741095163,
    "layer4.0.conv2.stored_array_size": 32,
    "top_1_accuracy": 0.575659990310669,
    "top_5_accuracy": 0.828499972820282,
    "total_time": 97.45927028078586
}