{
    "halut_layers": "{\"layer3.3.conv3\": [8, 8, 4, 2]}",
    "layer3.3.conv3.C": 8,
    "layer3.3.conv3.H_size": 4,
    "layer3.3.conv3.K": 4,
    "layer3.3.conv3.L_size": 131072,
    "layer3.3.conv3.encoding_algorithm": 2,
    "layer3.3.conv3.learned_a_shape": [
        1568,
        256
    ],
    "layer3.3.conv3.learned_b_shape": [
        256,
        1024
    ],
    "layer3.3.conv3.learned_d": 256,
    "layer3.3.conv3.learned_m": 1024,
    "layer3.3.conv3.learned_n": 1568,
    "layer3.3.conv3.mae": 0.2787480084991455,
    "layer3.3.conv3.mape": 0.1887174454307556,
    "layer3.3.conv3.mse": 0.13683627899169923,
    "layer3.3.conv3.rows": 8,
    "layer3.3.conv3.scaled_error": 0.014245068290233613,
    "layer3.3.conv3.scaled_shift": 0.0008617290549719473,
    "layer3.3.conv3.stored_array_size": 32,
    "top_1_accuracy": 0.7897799611091614,
    "top_5_accuracy": 0.9447199702262878,
    "total_time": 117.94397351890802
}