{
    "halut_layers": "{\"layer3.4.conv2\": [8, 8, 64, 1]}",
    "layer3.4.conv2.C": 8,
    "layer3.4.conv2.H_size": 6144,
    "layer3.4.conv2.K": 64,
    "layer3.4.conv2.L_size": 524288,
    "layer3.4.conv2.encoding_algorithm": 1,
    "layer3.4.conv2.learned_a_shape": [
        1568,
        2304
    ],
    "layer3.4.conv2.learned_b_shape": [
        2304,
        256
    ],
    "layer3.4.conv2.learned_d": 2304,
    "layer3.4.conv2.learned_m": 256,
    "layer3.4.conv2.learned_n": 1568,
    "layer3.4.conv2.mae": 0.8183255410766601,
    "layer3.4.conv2.mape": 0.38917218269348147,
    "layer3.4.conv2.mse": 1.1733279972839354,
    "layer3.4.conv2.rows": 8,
    "layer3.4.conv2.scaled_error": 0.022910419178009032,
    "layer3.4.conv2.scaled_shift": 0.0010526416574325413,
    "layer3.4.conv2.stored_array_size": 32,
    "top_1_accuracy": 0.7716599702835083,
    "top_5_accuracy": 0.9342599511146545,
    "total_time": 83.68743942119181
}