{
    "halut_layers": "{\"layer3.4.conv2\": [8, 8, 4, 2]}",
    "layer3.4.conv2.C": 8,
    "layer3.4.conv2.H_size": 4,
    "layer3.4.conv2.K": 4,
    "layer3.4.conv2.L_size": 32768,
    "layer3.4.conv2.encoding_algorithm": 2,
    "layer3.4.conv2.learned_a_shape": [
        1568,
        2304
    ],
    "layer3.4.conv2.learned_b_shape": [
        2304,
        256
    ],
    "layer3.4.conv2.learned_d": 2304,
    "layer3.4.conv2.learned_m": 256,
    "layer3.4.conv2.learned_n": 1568,
    "layer3.4.conv2.mae": 0.7963064547729493,
    "layer3.4.conv2.mape": 0.37429291412353516,
    "layer3.4.conv2.mse": 1.1166799198913575,
    "layer3.4.conv2.rows": 8,
    "layer3.4.conv2.scaled_error": 0.02229634382724762,
    "layer3.4.conv2.scaled_shift": 0.0017782989156641998,
    "layer3.4.conv2.stored_array_size": 32,
    "top_1_accuracy": 0.7747399806976318,
    "top_5_accuracy": 0.9363799691200256,
    "total_time": 86.43579743616283
}