{
    "halut_layers": "{\"layer1.0.conv2\": [64, 32, 24, 2]}",
    "layer1.0.conv2.C": 64,
    "layer1.0.conv2.H_size": 4,
    "layer1.0.conv2.K": 24,
    "layer1.0.conv2.L_size": 393216,
    "layer1.0.conv2.encoding_algorithm": 2,
    "layer1.0.conv2.learned_a_shape": [
        100352,
        576
    ],
    "layer1.0.conv2.learned_b_shape": [
        576,
        64
    ],
    "layer1.0.conv2.learned_d": 576,
    "layer1.0.conv2.learned_m": 64,
    "layer1.0.conv2.learned_n": 100352,
    "layer1.0.conv2.mae": 1.1505452516174317,
    "layer1.0.conv2.mape": 0.25902987766265867,
    "layer1.0.conv2.mse": 3.5613494158935546,
    "layer1.0.conv2.rows": 32,
    "layer1.0.conv2.scaled_error": 0.023907552852630614,
    "layer1.0.conv2.scaled_shift": -0.0007252328576613218,
    "layer1.0.conv2.stored_array_size": 32,
    "top_1_accuracy": 0.771619975566864,
    "top_5_accuracy": 0.9346799850463867,
    "total_time": 309.7236037161201
}