{
    "halut_layers": "{\"layer2.0.conv1\": [16, 2, 16, 0]}",
    "layer2.0.conv1.C": 16,
    "layer2.0.conv1.H_size": 2816,
    "layer2.0.conv1.K": 16,
    "layer2.0.conv1.L_size": 131072,
    "layer2.0.conv1.encoding_algorithm": 0,
    "layer2.0.conv1.learned_a_shape": [
        6272,
        256
    ],
    "layer2.0.conv1.learned_b_shape": [
        256,
        128
    ],
    "layer2.0.conv1.learned_d": 256,
    "layer2.0.conv1.learned_m": 128,
    "layer2.0.conv1.learned_n": 6272,
    "layer2.0.conv1.mae": 1.3855895362854005,
    "layer2.0.conv1.mape": 0.4811354278564453,
    "layer2.0.conv1.mse": 3.401367053222656,
    "layer2.0.conv1.rows": 2,
    "layer2.0.conv1.scaled_error": 0.03422122584342956,
    "layer2.0.conv1.scaled_shift": 0.003692562007308006,
    "layer2.0.conv1.stored_array_size": 32,
    "top_1_accuracy": 0.6894599795341492,
    "top_5_accuracy": 0.884119987487793,
    "total_time": 161.43253043666482
}