{
    "halut_layers": "{\"layer3.4.conv2\": [8, 64, 16, 2]}",
    "layer3.4.conv2.C": 8,
    "layer3.4.conv2.H_size": 4,
    "layer3.4.conv2.K": 16,
    "layer3.4.conv2.L_size": 131072,
    "layer3.4.conv2.encoding_algorithm": 2,
    "layer3.4.conv2.learned_a_shape": [
        12544,
        2304
    ],
    "layer3.4.conv2.learned_b_shape": [
        2304,
        256
    ],
    "layer3.4.conv2.learned_d": 2304,
    "layer3.4.conv2.learned_m": 256,
    "layer3.4.conv2.learned_n": 12544,
    "layer3.4.conv2.mae": 0.7093095649719239,
    "layer3.4.conv2.mape": 0.33932229988098145,
    "layer3.4.conv2.mse": 0.880022668762207,
    "layer3.4.conv2.rows": 64,
    "layer3.4.conv2.scaled_error": 0.019867848291397094,
    "layer3.4.conv2.scaled_shift": 0.001525923087927513,
    "layer3.4.conv2.stored_array_size": 32,
    "top_1_accuracy": 0.7822200059890747,
    "top_5_accuracy": 0.9406599998474121,
    "total_time": 92.61766342073679
}