{
    "halut_layers": "{\"layer3.4.conv2\": [32, 8, 8, 2]}",
    "layer3.4.conv2.C": 32,
    "layer3.4.conv2.H_size": 4,
    "layer3.4.conv2.K": 8,
    "layer3.4.conv2.L_size": 262144,
    "layer3.4.conv2.encoding_algorithm": 2,
    "layer3.4.conv2.learned_a_shape": [
        1568,
        2304
    ],
    "layer3.4.conv2.learned_b_shape": [
        2304,
        256
    ],
    "layer3.4.conv2.learned_d": 2304,
    "layer3.4.conv2.learned_m": 256,
    "layer3.4.conv2.learned_n": 1568,
    "layer3.4.conv2.mae": 0.7081621243286133,
    "layer3.4.conv2.mape": 0.34839201419830323,
    "layer3.4.conv2.mse": 0.8662761152648926,
    "layer3.4.conv2.rows": 8,
    "layer3.4.conv2.scaled_error": 0.01982932496070862,
    "layer3.4.conv2.scaled_shift": 0.0012111968649714253,
    "layer3.4.conv2.stored_array_size": 32,
    "top_1_accuracy": 0.786359965801239,
    "top_5_accuracy": 0.9432599544525146,
    "total_time": 130.00065398402512
}