{
    "halut_layers": "{\"layer4.1.conv1\": [64, 256, 8, 1]}",
    "layer4.1.conv1.C": 64,
    "layer4.1.conv1.H_size": 6144,
    "layer4.1.conv1.K": 8,
    "layer4.1.conv1.L_size": 1048576,
    "layer4.1.conv1.encoding_algorithm": 1,
    "layer4.1.conv1.learned_a_shape": [
        12544,
        2048
    ],
    "layer4.1.conv1.learned_b_shape": [
        2048,
        512
    ],
    "layer4.1.conv1.learned_d": 2048,
    "layer4.1.conv1.learned_m": 512,
    "layer4.1.conv1.learned_n": 12544,
    "layer4.1.conv1.mae": 1.1677200407409667,
    "layer4.1.conv1.mape": 0.42435029510498046,
    "layer4.1.conv1.mse": 2.508843680419922,
    "layer4.1.conv1.rows": 256,
    "layer4.1.conv1.scaled_error": 0.016789341292381285,
    "layer4.1.conv1.scaled_shift": 0.002793378628026694,
    "layer4.1.conv1.stored_array_size": 32,
    "top_1_accuracy": 0.7042199969291687,
    "top_5_accuracy": 0.8977400064468384,
    "total_time": 100.48025423660874
}