{
    "halut_layers": "{\"layer1.1.conv3\": [16, 32, 8, 1]}",
    "layer1.1.conv3.C": 16,
    "layer1.1.conv3.H_size": 1536,
    "layer1.1.conv3.K": 8,
    "layer1.1.conv3.L_size": 131072,
    "layer1.1.conv3.encoding_algorithm": 1,
    "layer1.1.conv3.learned_a_shape": [
        100352,
        64
    ],
    "layer1.1.conv3.learned_b_shape": [
        64,
        256
    ],
    "layer1.1.conv3.learned_d": 64,
    "layer1.1.conv3.learned_m": 256,
    "layer1.1.conv3.learned_n": 100352,
    "layer1.1.conv3.mae": 0.4140633438873291,
    "layer1.1.conv3.mape": 0.18611662197113038,
    "layer1.1.conv3.mse": 0.35830930614471435,
    "layer1.1.conv3.rows": 32,
    "layer1.1.conv3.scaled_error": 0.024234276943206786,
    "layer1.1.conv3.scaled_shift": 2.457291176659055e-05,
    "layer1.1.conv3.stored_array_size": 32,
    "top_1_accuracy": 0.7952799797058105,
    "top_5_accuracy": 0.9482799768447876,
    "total_time": 250.00198390893638
}