{
    "halut_layers": "{\"layer2.0.conv2\": [8, 2, 24, 2]}",
    "layer2.0.conv2.C": 8,
    "layer2.0.conv2.H_size": 4,
    "layer2.0.conv2.K": 24,
    "layer2.0.conv2.L_size": 98304,
    "layer2.0.conv2.encoding_algorithm": 2,
    "layer2.0.conv2.learned_a_shape": [
        1568,
        1152
    ],
    "layer2.0.conv2.learned_b_shape": [
        1152,
        128
    ],
    "layer2.0.conv2.learned_d": 1152,
    "layer2.0.conv2.learned_m": 128,
    "layer2.0.conv2.learned_n": 1568,
    "layer2.0.conv2.mae": 2.071327315063477,
    "layer2.0.conv2.mape": 0.6452445266723633,
    "layer2.0.conv2.mse": 7.587956796875,
    "layer2.0.conv2.rows": 2,
    "layer2.0.conv2.scaled_error": 0.04631022166252136,
    "layer2.0.conv2.scaled_shift": -0.000792774674781831,
    "layer2.0.conv2.stored_array_size": 32,
    "top_1_accuracy": 0.7154799699783325,
    "top_5_accuracy": 0.9020799994468689,
    "total_time": 129.3316048718989
}