{
    "halut_layers": "{\"layer4.1.conv1\": [32, 256, 4, 1]}",
    "layer4.1.conv1.C": 32,
    "layer4.1.conv1.H_size": 1536,
    "layer4.1.conv1.K": 4,
    "layer4.1.conv1.L_size": 262144,
    "layer4.1.conv1.encoding_algorithm": 1,
    "layer4.1.conv1.learned_a_shape": [
        12544,
        2048
    ],
    "layer4.1.conv1.learned_b_shape": [
        2048,
        512
    ],
    "layer4.1.conv1.learned_d": 2048,
    "layer4.1.conv1.learned_m": 512,
    "layer4.1.conv1.learned_n": 12544,
    "layer4.1.conv1.mae": 1.3402075903320312,
    "layer4.1.conv1.mape": 0.47487808586120606,
    "layer4.1.conv1.mse": 3.3018392767333986,
    "layer4.1.conv1.rows": 256,
    "layer4.1.conv1.scaled_error": 0.01926543125152588,
    "layer4.1.conv1.scaled_shift": 0.003404834723863751,
    "layer4.1.conv1.stored_array_size": 32,
    "top_1_accuracy": 0.6527999639511108,
    "top_5_accuracy": 0.8497599959373474,
    "total_time": 104.86498965788633
}