{
    "halut_layers": "{\"layer3.0.conv3\": [32, 2, 4, 2]}",
    "layer3.0.conv3.C": 32,
    "layer3.0.conv3.H_size": 4,
    "layer3.0.conv3.K": 4,
    "layer3.0.conv3.L_size": 524288,
    "layer3.0.conv3.encoding_algorithm": 2,
    "layer3.0.conv3.learned_a_shape": [
        392,
        256
    ],
    "layer3.0.conv3.learned_b_shape": [
        256,
        1024
    ],
    "layer3.0.conv3.learned_d": 256,
    "layer3.0.conv3.learned_m": 1024,
    "layer3.0.conv3.learned_n": 392,
    "layer3.0.conv3.mae": 0.6398800742340088,
    "layer3.0.conv3.mape": 0.3262202291107178,
    "layer3.0.conv3.mse": 0.7306226397705078,
    "layer3.0.conv3.rows": 2,
    "layer3.0.conv3.scaled_error": 0.04487810001850128,
    "layer3.0.conv3.scaled_shift": 0.0026462968619726597,
    "layer3.0.conv3.stored_array_size": 32,
    "top_1_accuracy": 0.6822400093078613,
    "top_5_accuracy": 0.8821799755096436,
    "total_time": 150.44313750974834
}