{
    "halut_layers": "{\"layer3.5.conv1\": [16, 16, 8, 0]}",
    "layer3.5.conv1.C": 16,
    "layer3.5.conv1.H_size": 1344,
    "layer3.5.conv1.K": 8,
    "layer3.5.conv1.L_size": 131072,
    "layer3.5.conv1.encoding_algorithm": 0,
    "layer3.5.conv1.learned_a_shape": [
        3136,
        1024
    ],
    "layer3.5.conv1.learned_b_shape": [
        1024,
        256
    ],
    "layer3.5.conv1.learned_d": 1024,
    "layer3.5.conv1.learned_m": 256,
    "layer3.5.conv1.learned_n": 3136,
    "layer3.5.conv1.mae": 2.375496886291504,
    "layer3.5.conv1.mape": 1.034723524017334,
    "layer3.5.conv1.mse": 9.004001922607422,
    "layer3.5.conv1.rows": 16,
    "layer3.5.conv1.scaled_error": 0.0828539142036438,
    "layer3.5.conv1.scaled_shift": -0.029777203669548034,
    "layer3.5.conv1.stored_array_size": 32,
    "top_1_accuracy": 0.7432799935340881,
    "top_5_accuracy": 0.9203199744224548,
    "total_time": 108.41676941514015
}