{
    "halut_layers": "{\"layer4.0.conv3\": [8, 64, 4, 2]}",
    "layer4.0.conv3.C": 8,
    "layer4.0.conv3.H_size": 4,
    "layer4.0.conv3.K": 4,
    "layer4.0.conv3.L_size": 262144,
    "layer4.0.conv3.encoding_algorithm": 2,
    "layer4.0.conv3.learned_a_shape": [
        3136,
        512
    ],
    "layer4.0.conv3.learned_b_shape": [
        512,
        2048
    ],
    "layer4.0.conv3.learned_d": 512,
    "layer4.0.conv3.learned_m": 2048,
    "layer4.0.conv3.learned_n": 3136,
    "layer4.0.conv3.mae": 0.5112478191375732,
    "layer4.0.conv3.mape": 0.284222357673645,
    "layer4.0.conv3.mse": 0.47051994346618653,
    "layer4.0.conv3.rows": 64,
    "layer4.0.conv3.scaled_error": 0.045022660269737245,
    "layer4.0.conv3.scaled_shift": 0.002772480333377607,
    "layer4.0.conv3.stored_array_size": 32,
    "top_1_accuracy": 0.39149999618530273,
    "top_5_accuracy": 0.6426399946212769,
    "total_time": 117.0415484700352
}