{
    "halut_layers": "{\"layer4.2.conv1\": [64, 32, 4, 2]}",
    "layer4.2.conv1.C": 64,
    "layer4.2.conv1.H_size": 4,
    "layer4.2.conv1.K": 4,
    "layer4.2.conv1.L_size": 524288,
    "layer4.2.conv1.encoding_algorithm": 2,
    "layer4.2.conv1.learned_a_shape": [
        1568,
        2048
    ],
    "layer4.2.conv1.learned_b_shape": [
        2048,
        512
    ],
    "layer4.2.conv1.learned_d": 2048,
    "layer4.2.conv1.learned_m": 512,
    "layer4.2.conv1.learned_n": 1568,
    "layer4.2.conv1.mae": 0.8989120265197754,
    "layer4.2.conv1.mape": 0.3580652724075317,
    "layer4.2.conv1.mse": 1.6419404389953614,
    "layer4.2.conv1.rows": 32,
    "layer4.2.conv1.scaled_error": 0.009265508375167847,
    "layer4.2.conv1.scaled_shift": 0.002137044357955456,
    "layer4.2.conv1.stored_array_size": 32,
    "top_1_accuracy": 0.7794399857521057,
    "top_5_accuracy": 0.9383599758148193,
    "total_time": 114.13486314285547
}