{
    "halut_layers": "{\"layer2.3.conv3\": [8, 16, 16, 0]}",
    "layer2.3.conv3.C": 8,
    "layer2.3.conv3.H_size": 1408,
    "layer2.3.conv3.K": 16,
    "layer2.3.conv3.L_size": 262144,
    "layer2.3.conv3.encoding_algorithm": 0,
    "layer2.3.conv3.learned_a_shape": [
        12544,
        128
    ],
    "layer2.3.conv3.learned_b_shape": [
        128,
        512
    ],
    "layer2.3.conv3.learned_d": 128,
    "layer2.3.conv3.learned_m": 512,
    "layer2.3.conv3.learned_n": 12544,
    "layer2.3.conv3.mae": 0.3102485108566284,
    "layer2.3.conv3.mape": 0.182349172706604,
    "layer2.3.conv3.mse": 0.190914592628479,
    "layer2.3.conv3.rows": 16,
    "layer2.3.conv3.scaled_error": 0.01857805858373642,
    "layer2.3.conv3.scaled_shift": 0.00010827106236189139,
    "layer2.3.conv3.stored_array_size": 32,
    "top_1_accuracy": 0.7892999649047852,
    "top_5_accuracy": 0.9445199966430664,
    "total_time": 160.78645452484488
}