{
    "halut_layers": "{\"layer2.0.downsample.0\": [64, 8, 8, 1]}",
    "layer2.0.downsample.0.C": 64,
    "layer2.0.downsample.0.H_size": 6144,
    "layer2.0.downsample.0.K": 8,
    "layer2.0.downsample.0.L_size": 1048576,
    "layer2.0.downsample.0.encoding_algorithm": 1,
    "layer2.0.downsample.0.learned_a_shape": [
        6272,
        256
    ],
    "layer2.0.downsample.0.learned_b_shape": [
        256,
        512
    ],
    "layer2.0.downsample.0.learned_d": 256,
    "layer2.0.downsample.0.learned_m": 512,
    "layer2.0.downsample.0.learned_n": 6272,
    "layer2.0.downsample.0.mae": 0.44712851776123047,
    "layer2.0.downsample.0.mape": 0.20152814712524414,
    "layer2.0.downsample.0.mse": 0.42599343925476074,
    "layer2.0.downsample.0.rows": 8,
    "layer2.0.downsample.0.scaled_error": 0.022516556062698364,
    "layer2.0.downsample.0.scaled_shift": -6.010057414678158e-05,
    "layer2.0.downsample.0.stored_array_size": 32,
    "top_1_accuracy": 0.7843199968338013,
    "top_5_accuracy": 0.9436399936676025,
    "total_time": 165.76751312240958
}