{
    "halut_layers": "{\"layer4.1.conv1\": [16, 32, 4, 1]}",
    "layer4.1.conv1.C": 16,
    "layer4.1.conv1.H_size": 768,
    "layer4.1.conv1.K": 4,
    "layer4.1.conv1.L_size": 131072,
    "layer4.1.conv1.encoding_algorithm": 1,
    "layer4.1.conv1.learned_a_shape": [
        1568,
        2048
    ],
    "layer4.1.conv1.learned_b_shape": [
        2048,
        512
    ],
    "layer4.1.conv1.learned_d": 2048,
    "layer4.1.conv1.learned_m": 512,
    "layer4.1.conv1.learned_n": 1568,
    "layer4.1.conv1.mae": 1.3896058277893066,
    "layer4.1.conv1.mape": 0.49683056518554686,
    "layer4.1.conv1.mse": 3.6654763482666017,
    "layer4.1.conv1.rows": 32,
    "layer4.1.conv1.scaled_error": 0.01996721608400345,
    "layer4.1.conv1.scaled_shift": 0.0024882860942091792,
    "layer4.1.conv1.stored_array_size": 32,
    "top_1_accuracy": 0.6147400140762329,
    "top_5_accuracy": 0.8142600059509277,
    "total_time": 101.6875873291865
}