{
    "halut_layers": "{\"layer3.0.conv3\": [16, 2, 4, 2]}",
    "layer3.0.conv3.C": 16,
    "layer3.0.conv3.H_size": 4,
    "layer3.0.conv3.K": 4,
    "layer3.0.conv3.L_size": 262144,
    "layer3.0.conv3.encoding_algorithm": 2,
    "layer3.0.conv3.learned_a_shape": [
        392,
        256
    ],
    "layer3.0.conv3.learned_b_shape": [
        256,
        1024
    ],
    "layer3.0.conv3.learned_d": 256,
    "layer3.0.conv3.learned_m": 1024,
    "layer3.0.conv3.learned_n": 392,
    "layer3.0.conv3.mae": 0.6575134201812745,
    "layer3.0.conv3.mape": 0.33061459732055665,
    "layer3.0.conv3.mse": 0.7787628271484375,
    "layer3.0.conv3.rows": 2,
    "layer3.0.conv3.scaled_error": 0.04610146126270294,
    "layer3.0.conv3.scaled_shift": 0.0022135101406183092,
    "layer3.0.conv3.stored_array_size": 32,
    "top_1_accuracy": 0.6034600138664246,
    "top_5_accuracy": 0.8264999985694885,
    "total_time": 147.5558993332088
}