{
    "halut_layers": "{\"layer1.1.conv3\": [64, 1, 16, 2]}",
    "layer1.1.conv3.C": 64,
    "layer1.1.conv3.H_size": 4,
    "layer1.1.conv3.K": 16,
    "layer1.1.conv3.L_size": 1048576,
    "layer1.1.conv3.encoding_algorithm": 2,
    "layer1.1.conv3.learned_a_shape": [
        3136,
        64
    ],
    "layer1.1.conv3.learned_b_shape": [
        64,
        256
    ],
    "layer1.1.conv3.learned_d": 64,
    "layer1.1.conv3.learned_m": 256,
    "layer1.1.conv3.learned_n": 3136,
    "layer1.1.conv3.mae": 0.1101303490447998,
    "layer1.1.conv3.mape": 0.04951337380409241,
    "layer1.1.conv3.mse": 0.03487765700817108,
    "layer1.1.conv3.rows": 1,
    "layer1.1.conv3.scaled_error": 0.006435626693964004,
    "layer1.1.conv3.scaled_shift": -1.2009855960932328e-05,
    "layer1.1.conv3.stored_array_size": 32,
    "top_1_accuracy": 0.8080399632453918,
    "top_5_accuracy": 0.9537599682807922,
    "total_time": 350.804150884971
}