{
    "halut_layers": "{\"layer3.0.conv3\": [16, 8, 32, 0]}",
    "layer3.0.conv3.C": 16,
    "layer3.0.conv3.H_size": 6080,
    "layer3.0.conv3.K": 32,
    "layer3.0.conv3.L_size": 2097152,
    "layer3.0.conv3.encoding_algorithm": 0,
    "layer3.0.conv3.learned_a_shape": [
        1568,
        256
    ],
    "layer3.0.conv3.learned_b_shape": [
        256,
        1024
    ],
    "layer3.0.conv3.learned_d": 256,
    "layer3.0.conv3.learned_m": 1024,
    "layer3.0.conv3.learned_n": 1568,
    "layer3.0.conv3.mae": 1.2797229454040526,
    "layer3.0.conv3.mape": 0.6722323780059815,
    "layer3.0.conv3.mse": 2.790498188171387,
    "layer3.0.conv3.rows": 8,
    "layer3.0.conv3.scaled_error": 0.08986199708938598,
    "layer3.0.conv3.scaled_shift": 0.0021383705481886864,
    "layer3.0.conv3.stored_array_size": 32,
    "top_1_accuracy": 0.01529999915510416,
    "top_5_accuracy": 0.05185999721288681,
    "total_time": 146.28522860258818
}