{
    "halut_layers": "{\"layer2.0.downsample.0\": [16, 4, 8, 0]}",
    "layer2.0.downsample.0.C": 16,
    "layer2.0.downsample.0.H_size": 1344,
    "layer2.0.downsample.0.K": 8,
    "layer2.0.downsample.0.L_size": 262144,
    "layer2.0.downsample.0.encoding_algorithm": 0,
    "layer2.0.downsample.0.learned_a_shape": [
        3136,
        256
    ],
    "layer2.0.downsample.0.learned_b_shape": [
        256,
        512
    ],
    "layer2.0.downsample.0.learned_d": 256,
    "layer2.0.downsample.0.learned_m": 512,
    "layer2.0.downsample.0.learned_n": 3136,
    "layer2.0.downsample.0.mae": 1.7500235244750977,
    "layer2.0.downsample.0.mape": 0.8178259001159668,
    "layer2.0.downsample.0.mse": 5.72529947631836,
    "layer2.0.downsample.0.rows": 4,
    "layer2.0.downsample.0.scaled_error": 0.08826662607192994,
    "layer2.0.downsample.0.scaled_shift": -0.02141292671918869,
    "layer2.0.downsample.0.stored_array_size": 32,
    "top_1_accuracy": 0.05867999792098999,
    "top_5_accuracy": 0.13269999623298645,
    "total_time": 153.85940801165998
}