{
    "halut_layers": "{\"layer3.3.conv3\": [16, 16, 24, 1]}",
    "layer3.3.conv3.C": 16,
    "layer3.3.conv3.H_size": 6144,
    "layer3.3.conv3.K": 24,
    "layer3.3.conv3.L_size": 1572864,
    "layer3.3.conv3.encoding_algorithm": 1,
    "layer3.3.conv3.learned_a_shape": [
        3136,
        256
    ],
    "layer3.3.conv3.learned_b_shape": [
        256,
        1024
    ],
    "layer3.3.conv3.learned_d": 256,
    "layer3.3.conv3.learned_m": 1024,
    "layer3.3.conv3.learned_n": 3136,
    "layer3.3.conv3.mae": 0.24552673217773438,
    "layer3.3.conv3.mape": 0.16839590349197386,
    "layer3.3.conv3.mse": 0.10669265161514283,
    "layer3.3.conv3.rows": 16,
    "layer3.3.conv3.scaled_error": 0.012548230953216553,
    "layer3.3.conv3.scaled_shift": 0.00027809901643864577,
    "layer3.3.conv3.stored_array_size": 32,
    "top_1_accuracy": 0.7966399788856506,
    "top_5_accuracy": 0.9484399557113647,
    "total_time": 142.34926273301244
}