{
    "halut_layers": "{\"layer3.4.conv2\": [8, 8, 8, 0]}",
    "layer3.4.conv2.C": 8,
    "layer3.4.conv2.H_size": 672,
    "layer3.4.conv2.K": 8,
    "layer3.4.conv2.L_size": 65536,
    "layer3.4.conv2.encoding_algorithm": 0,
    "layer3.4.conv2.learned_a_shape": [
        1568,
        2304
    ],
    "layer3.4.conv2.learned_b_shape": [
        2304,
        256
    ],
    "layer3.4.conv2.learned_d": 2304,
    "layer3.4.conv2.learned_m": 256,
    "layer3.4.conv2.learned_n": 1568,
    "layer3.4.conv2.mae": 1.826971207885742,
    "layer3.4.conv2.mape": 0.9838455349731445,
    "layer3.4.conv2.mse": 5.347372028198242,
    "layer3.4.conv2.rows": 8,
    "layer3.4.conv2.scaled_error": 0.05118552065849304,
    "layer3.4.conv2.scaled_shift": -0.021227935993671416,
    "layer3.4.conv2.stored_array_size": 32,
    "top_1_accuracy": 0.7172200083732605,
    "top_5_accuracy": 0.9057799577713013,
    "total_time": 85.17160578258336
}