{
    "halut_layers": "{\"layer2.0.conv2\": [16, 4, 24, 1]}",
    "layer2.0.conv2.C": 16,
    "layer2.0.conv2.H_size": 6144,
    "layer2.0.conv2.K": 24,
    "layer2.0.conv2.L_size": 196608,
    "layer2.0.conv2.encoding_algorithm": 1,
    "layer2.0.conv2.learned_a_shape": [
        3136,
        1152
    ],
    "layer2.0.conv2.learned_b_shape": [
        1152,
        128
    ],
    "layer2.0.conv2.learned_d": 1152,
    "layer2.0.conv2.learned_m": 128,
    "layer2.0.conv2.learned_n": 3136,
    "layer2.0.conv2.mae": 2.0774764987182617,
    "layer2.0.conv2.mape": 0.6364245088195801,
    "layer2.0.conv2.mse": 7.681983487548828,
    "layer2.0.conv2.rows": 4,
    "layer2.0.conv2.scaled_error": 0.04644694431304932,
    "layer2.0.conv2.scaled_shift": -0.0009578546714503318,
    "layer2.0.conv2.stored_array_size": 32,
    "top_1_accuracy": 0.6468200087547302,
    "top_5_accuracy": 0.8553799986839294,
    "total_time": 98.967545138672
}