{
    "halut_layers": "{\"layer3.5.conv1\": [64, 64, 32, 2]}",
    "layer3.5.conv1.C": 64,
    "layer3.5.conv1.H_size": 4,
    "layer3.5.conv1.K": 32,
    "layer3.5.conv1.L_size": 2097152,
    "layer3.5.conv1.encoding_algorithm": 2,
    "layer3.5.conv1.learned_a_shape": [
        12544,
        1024
    ],
    "layer3.5.conv1.learned_b_shape": [
        1024,
        256
    ],
    "layer3.5.conv1.learned_d": 1024,
    "layer3.5.conv1.learned_m": 256,
    "layer3.5.conv1.learned_n": 12544,
    "layer3.5.conv1.mae": 0.69924431350708,
    "layer3.5.conv1.mape": 0.29776774631500247,
    "layer3.5.conv1.mse": 0.822213472290039,
    "layer3.5.conv1.rows": 64,
    "layer3.5.conv1.scaled_error": 0.02441114914894104,
    "layer3.5.conv1.scaled_shift": -0.0018277487917244435,
    "layer3.5.conv1.stored_array_size": 32,
    "top_1_accuracy": 0.8034999966621399,
    "top_5_accuracy": 0.9518799781799316,
    "total_time": 164.92040453106165
}