{
    "halut_layers": "{\"layer4.0.conv2\": [32, 32, 16, 0]}",
    "layer4.0.conv2.C": 32,
    "layer4.0.conv2.H_size": 5632,
    "layer4.0.conv2.K": 16,
    "layer4.0.conv2.L_size": 1048576,
    "layer4.0.conv2.encoding_algorithm": 0,
    "layer4.0.conv2.learned_a_shape": [
        1568,
        4608
    ],
    "layer4.0.conv2.learned_b_shape": [
        4608,
        512
    ],
    "layer4.0.conv2.learned_d": 4608,
    "layer4.0.conv2.learned_m": 512,
    "layer4.0.conv2.learned_n": 1568,
    "layer4.0.conv2.mae": 1.1486674560546875,
    "layer4.0.conv2.mape": 0.4824131008911133,
    "layer4.0.conv2.mse": 2.379441946411133,
    "layer4.0.conv2.rows": 32,
    "layer4.0.conv2.scaled_error": 0.07281267449378967,
    "layer4.0.conv2.scaled_shift": 0.008911142877079547,
    "layer4.0.conv2.stored_array_size": 32,
    "top_1_accuracy": 0.5681999921798706,
    "top_5_accuracy": 0.8254599571228027,
    "total_time": 101.62523058988154
}