{
    "halut_layers": "{\"layer3.4.conv2\": [16, 64, 4, 2]}",
    "layer3.4.conv2.C": 16,
    "layer3.4.conv2.H_size": 4,
    "layer3.4.conv2.K": 4,
    "layer3.4.conv2.L_size": 65536,
    "layer3.4.conv2.encoding_algorithm": 2,
    "layer3.4.conv2.learned_a_shape": [
        12544,
        2304
    ],
    "layer3.4.conv2.learned_b_shape": [
        2304,
        256
    ],
    "layer3.4.conv2.learned_d": 2304,
    "layer3.4.conv2.learned_m": 256,
    "layer3.4.conv2.learned_n": 12544,
    "layer3.4.conv2.mae": 0.7387276656341553,
    "layer3.4.conv2.mape": 0.348205174407959,
    "layer3.4.conv2.mse": 0.9678508892822265,
    "layer3.4.conv2.rows": 64,
    "layer3.4.conv2.scaled_error": 0.02068762251853943,
    "layer3.4.conv2.scaled_shift": 0.0017952301361679566,
    "layer3.4.conv2.stored_array_size": 32,
    "top_1_accuracy": 0.7779600024223328,
    "top_5_accuracy": 0.938319981098175,
    "total_time": 118.38939834572375
}