{
    "halut_layers": "{\"layer2.0.downsample.0\": [64, 4, 32, 2]}",
    "layer2.0.downsample.0.C": 64,
    "layer2.0.downsample.0.H_size": 4,
    "layer2.0.downsample.0.K": 32,
    "layer2.0.downsample.0.L_size": 4194304,
    "layer2.0.downsample.0.encoding_algorithm": 2,
    "layer2.0.downsample.0.learned_a_shape": [
        3136,
        256
    ],
    "layer2.0.downsample.0.learned_b_shape": [
        256,
        512
    ],
    "layer2.0.downsample.0.learned_d": 256,
    "layer2.0.downsample.0.learned_m": 512,
    "layer2.0.downsample.0.learned_n": 3136,
    "layer2.0.downsample.0.mae": 0.3987921324539185,
    "layer2.0.downsample.0.mape": 0.1848632294845581,
    "layer2.0.downsample.0.mse": 0.31428112533569336,
    "layer2.0.downsample.0.rows": 4,
    "layer2.0.downsample.0.scaled_error": 0.020099011080265045,
    "layer2.0.downsample.0.scaled_shift": -0.0011168392153829336,
    "layer2.0.downsample.0.stored_array_size": 32,
    "top_1_accuracy": 0.7971599698066711,
    "top_5_accuracy": 0.9498800039291382,
    "total_time": 235.73755754716694
}