{
    "halut_layers": "{\"layer4.1.conv1\": [64, 128, 16, 2]}",
    "layer4.1.conv1.C": 64,
    "layer4.1.conv1.H_size": 4,
    "layer4.1.conv1.K": 16,
    "layer4.1.conv1.L_size": 2097152,
    "layer4.1.conv1.encoding_algorithm": 2,
    "layer4.1.conv1.learned_a_shape": [
        6272,
        2048
    ],
    "layer4.1.conv1.learned_b_shape": [
        2048,
        512
    ],
    "layer4.1.conv1.learned_d": 2048,
    "layer4.1.conv1.learned_m": 512,
    "layer4.1.conv1.learned_n": 6272,
    "layer4.1.conv1.mae": 0.9914746751403809,
    "layer4.1.conv1.mape": 0.3874629663085937,
    "layer4.1.conv1.mse": 1.8015567079162598,
    "layer4.1.conv1.rows": 128,
    "layer4.1.conv1.scaled_error": 0.014255959041118621,
    "layer4.1.conv1.scaled_shift": 0.0007247108484159252,
    "layer4.1.conv1.stored_array_size": 32,
    "top_1_accuracy": 0.7753599882125854,
    "top_5_accuracy": 0.9394799470901489,
    "total_time": 134.9295385843143
}