{
    "halut_layers": "{\"layer2.0.conv1\": [8, 8, 32, 2]}",
    "layer2.0.conv1.C": 8,
    "layer2.0.conv1.H_size": 4,
    "layer2.0.conv1.K": 32,
    "layer2.0.conv1.L_size": 131072,
    "layer2.0.conv1.encoding_algorithm": 2,
    "layer2.0.conv1.learned_a_shape": [
        25088,
        256
    ],
    "layer2.0.conv1.learned_b_shape": [
        256,
        128
    ],
    "layer2.0.conv1.learned_d": 256,
    "layer2.0.conv1.learned_m": 128,
    "layer2.0.conv1.learned_n": 25088,
    "layer2.0.conv1.mae": 1.2846745150756835,
    "layer2.0.conv1.mape": 0.4563609526062012,
    "layer2.0.conv1.mse": 2.8588466174316407,
    "layer2.0.conv1.rows": 8,
    "layer2.0.conv1.scaled_error": 0.03175676966190338,
    "layer2.0.conv1.scaled_shift": -0.0005598654369395809,
    "layer2.0.conv1.stored_array_size": 32,
    "top_1_accuracy": 0.7506200075149536,
    "top_5_accuracy": 0.9253199696540833,
    "total_time": 227.67968760058284
}