{
    "halut_layers": "{\"layer2.0.downsample.0\": [32, 16, 24, 1]}",
    "layer2.0.downsample.0.C": 32,
    "layer2.0.downsample.0.H_size": 12288,
    "layer2.0.downsample.0.K": 24,
    "layer2.0.downsample.0.L_size": 1572864,
    "layer2.0.downsample.0.encoding_algorithm": 1,
    "layer2.0.downsample.0.learned_a_shape": [
        12544,
        256
    ],
    "layer2.0.downsample.0.learned_b_shape": [
        256,
        512
    ],
    "layer2.0.downsample.0.learned_d": 256,
    "layer2.0.downsample.0.learned_m": 512,
    "layer2.0.downsample.0.learned_n": 12544,
    "layer2.0.downsample.0.mae": 0.48963138664245603,
    "layer2.0.downsample.0.mape": 0.21905679924011232,
    "layer2.0.downsample.0.mse": 0.5163929949188233,
    "layer2.0.downsample.0.rows": 16,
    "layer2.0.downsample.0.scaled_error": 0.0246618555355072,
    "layer2.0.downsample.0.scaled_shift": 1.313706900080433e-05,
    "layer2.0.downsample.0.stored_array_size": 32,
    "top_1_accuracy": 0.7720400094985962,
    "top_5_accuracy": 0.937720000743866,
    "total_time": 189.1117607895285
}