{
    "halut_layers": "{\"layer3.0.conv3\": [16, 1, 32, 0]}",
    "layer3.0.conv3.C": 16,
    "layer3.0.conv3.H_size": 6080,
    "layer3.0.conv3.K": 32,
    "layer3.0.conv3.L_size": 2097152,
    "layer3.0.conv3.encoding_algorithm": 0,
    "layer3.0.conv3.learned_a_shape": [
        196,
        256
    ],
    "layer3.0.conv3.learned_b_shape": [
        256,
        1024
    ],
    "layer3.0.conv3.learned_d": 256,
    "layer3.0.conv3.learned_m": 1024,
    "layer3.0.conv3.learned_n": 196,
    "layer3.0.conv3.mae": 1.2244843122863769,
    "layer3.0.conv3.mape": 0.6373145281982422,
    "layer3.0.conv3.mse": 2.5832698501586915,
    "layer3.0.conv3.rows": 1,
    "layer3.0.conv3.scaled_error": 0.08594615321159363,
    "layer3.0.conv3.scaled_shift": 0.0020908210051618515,
    "layer3.0.conv3.stored_array_size": 32,
    "top_1_accuracy": 0.009279999881982803,
    "top_5_accuracy": 0.031700000166893005,
    "total_time": 145.93575314246118
}