{
    "halut_layers": "{\"layer4.1.conv1\": [64, 256, 64, 1]}",
    "layer4.1.conv1.C": 64,
    "layer4.1.conv1.H_size": 49152,
    "layer4.1.conv1.K": 64,
    "layer4.1.conv1.L_size": 8388608,
    "layer4.1.conv1.encoding_algorithm": 1,
    "layer4.1.conv1.learned_a_shape": [
        12544,
        2048
    ],
    "layer4.1.conv1.learned_b_shape": [
        2048,
        512
    ],
    "layer4.1.conv1.learned_d": 2048,
    "layer4.1.conv1.learned_m": 512,
    "layer4.1.conv1.learned_n": 12544,
    "layer4.1.conv1.mae": 1.0583285092163086,
    "layer4.1.conv1.mape": 0.3962976823425293,
    "layer4.1.conv1.mse": 2.08958605758667,
    "layer4.1.conv1.rows": 256,
    "layer4.1.conv1.scaled_error": 0.015219245345592498,
    "layer4.1.conv1.scaled_shift": 0.0022394986116886137,
    "layer4.1.conv1.stored_array_size": 32,
    "top_1_accuracy": 0.753279983997345,
    "top_5_accuracy": 0.9275599718093872,
    "total_time": 106.43792441487312
}