{
    "halut_layers": "{\"layer2.0.conv2\": [64, 2, 8, 2]}",
    "layer2.0.conv2.C": 64,
    "layer2.0.conv2.H_size": 4,
    "layer2.0.conv2.K": 8,
    "layer2.0.conv2.L_size": 262144,
    "layer2.0.conv2.encoding_algorithm": 2,
    "layer2.0.conv2.learned_a_shape": [
        1568,
        1152
    ],
    "layer2.0.conv2.learned_b_shape": [
        1152,
        128
    ],
    "layer2.0.conv2.learned_d": 1152,
    "layer2.0.conv2.learned_m": 128,
    "layer2.0.conv2.learned_n": 1568,
    "layer2.0.conv2.mae": 1.6817748529052734,
    "layer2.0.conv2.mape": 0.5660337994384765,
    "layer2.0.conv2.mse": 4.871889626464844,
    "layer2.0.conv2.rows": 2,
    "layer2.0.conv2.scaled_error": 0.0376196534538269,
    "layer2.0.conv2.scaled_shift": -0.0005381296314124484,
    "layer2.0.conv2.stored_array_size": 32,
    "top_1_accuracy": 0.7832399606704712,
    "top_5_accuracy": 0.940339982509613,
    "total_time": 126.21625734679401
}