{
    "halut_layers": "{\"layer4.1.conv1\": [16, 256, 16, 0]}",
    "layer4.1.conv1.C": 16,
    "layer4.1.conv1.H_size": 2816,
    "layer4.1.conv1.K": 16,
    "layer4.1.conv1.L_size": 524288,
    "layer4.1.conv1.encoding_algorithm": 0,
    "layer4.1.conv1.learned_a_shape": [
        12544,
        2048
    ],
    "layer4.1.conv1.learned_b_shape": [
        2048,
        512
    ],
    "layer4.1.conv1.learned_d": 2048,
    "layer4.1.conv1.learned_m": 512,
    "layer4.1.conv1.learned_n": 12544,
    "layer4.1.conv1.mae": 1.3036137530517578,
    "layer4.1.conv1.mape": 0.4684945388031006,
    "layer4.1.conv1.mse": 3.083442833557129,
    "layer4.1.conv1.rows": 256,
    "layer4.1.conv1.scaled_error": 0.018741256227493286,
    "layer4.1.conv1.scaled_shift": 0.0026284877722826784,
    "layer4.1.conv1.stored_array_size": 32,
    "top_1_accuracy": 0.6294199824333191,
    "top_5_accuracy": 0.821899950504303,
    "total_time": 104.17181570921093
}