{
    "halut_layers": "{\"layer4.0.conv1\": [32, 64, 32, 2]}",
    "layer4.0.conv1.C": 32,
    "layer4.0.conv1.H_size": 4,
    "layer4.0.conv1.K": 32,
    "layer4.0.conv1.L_size": 2097152,
    "layer4.0.conv1.encoding_algorithm": 2,
    "layer4.0.conv1.learned_a_shape": [
        12544,
        1024
    ],
    "layer4.0.conv1.learned_b_shape": [
        1024,
        512
    ],
    "layer4.0.conv1.learned_d": 1024,
    "layer4.0.conv1.learned_m": 512,
    "layer4.0.conv1.learned_n": 12544,
    "layer4.0.conv1.mae": 0.8687059881591797,
    "layer4.0.conv1.mape": 0.3425331052398682,
    "layer4.0.conv1.mse": 1.2773517491149902,
    "layer4.0.conv1.rows": 64,
    "layer4.0.conv1.scaled_error": 0.04039344148635864,
    "layer4.0.conv1.scaled_shift": -0.0011511213377161766,
    "layer4.0.conv1.stored_array_size": 32,
    "top_1_accuracy": 0.7563799619674683,
    "top_5_accuracy": 0.930679976940155,
    "total_time": 169.00001574121416
}