{
    "halut_layers": "{\"layer3.0.conv2\": [64, 4, 4, 2]}",
    "layer3.0.conv2.C": 64,
    "layer3.0.conv2.H_size": 4,
    "layer3.0.conv2.K": 4,
    "layer3.0.conv2.L_size": 262144,
    "layer3.0.conv2.encoding_algorithm": 2,
    "layer3.0.conv2.learned_a_shape": [
        784,
        2304
    ],
    "layer3.0.conv2.learned_b_shape": [
        2304,
        256
    ],
    "layer3.0.conv2.learned_d": 2304,
    "layer3.0.conv2.learned_m": 256,
    "layer3.0.conv2.learned_n": 784,
    "layer3.0.conv2.mae": 1.6083982861328125,
    "layer3.0.conv2.mape": 0.601129771270752,
    "layer3.0.conv2.mse": 4.551287785034179,
    "layer3.0.conv2.rows": 4,
    "layer3.0.conv2.scaled_error": 0.047508706483840944,
    "layer3.0.conv2.scaled_shift": -0.0002663173255636502,
    "layer3.0.conv2.stored_array_size": 32,
    "top_1_accuracy": 0.7307599782943726,
    "top_5_accuracy": 0.9136599898338318,
    "total_time": 132.92759862542152
}