{
    "halut_layers": "{\"layer1.1.conv3\": [64, 1, 8, 1]}",
    "layer1.1.conv3.C": 64,
    "layer1.1.conv3.H_size": 6144,
    "layer1.1.conv3.K": 8,
    "layer1.1.conv3.L_size": 524288,
    "layer1.1.conv3.encoding_algorithm": 1,
    "layer1.1.conv3.learned_a_shape": [
        3136,
        64
    ],
    "layer1.1.conv3.learned_b_shape": [
        64,
        256
    ],
    "layer1.1.conv3.learned_d": 64,
    "layer1.1.conv3.learned_m": 256,
    "layer1.1.conv3.learned_n": 3136,
    "layer1.1.conv3.mae": 0.21858640941619872,
    "layer1.1.conv3.mape": 0.09716765146255493,
    "layer1.1.conv3.mse": 0.11642658140182495,
    "layer1.1.conv3.rows": 1,
    "layer1.1.conv3.scaled_error": 0.012778873772621154,
    "layer1.1.conv3.scaled_shift": 0.0005035523837967776,
    "layer1.1.conv3.stored_array_size": 32,
    "top_1_accuracy": 0.80513995885849,
    "top_5_accuracy": 0.9532399773597717,
    "total_time": 270.0147867500782
}