{
    "halut_layers": "{\"layer4.2.conv3\": [16, 32, 32, 1]}",
    "layer4.2.conv3.C": 16,
    "layer4.2.conv3.H_size": 6144,
    "layer4.2.conv3.K": 32,
    "layer4.2.conv3.L_size": 4194304,
    "layer4.2.conv3.encoding_algorithm": 1,
    "layer4.2.conv3.learned_a_shape": [
        1568,
        512
    ],
    "layer4.2.conv3.learned_b_shape": [
        512,
        2048
    ],
    "layer4.2.conv3.learned_d": 512,
    "layer4.2.conv3.learned_m": 2048,
    "layer4.2.conv3.learned_n": 1568,
    "layer4.2.conv3.mae": 0.2526121401977539,
    "layer4.2.conv3.mape": 0.16321755416870118,
    "layer4.2.conv3.mse": 0.13919130395889281,
    "layer4.2.conv3.rows": 32,
    "layer4.2.conv3.scaled_error": 0.049545023789405826,
    "layer4.2.conv3.scaled_shift": 0.023089021846055983,
    "layer4.2.conv3.stored_array_size": 32,
    "top_1_accuracy": 0.789139986038208,
    "top_5_accuracy": 0.9432399868965149,
    "total_time": 114.9435687623918
}