{
    "halut_layers": "{\"layer4.2.conv3\": [16, 32, 64, 1]}",
    "layer4.2.conv3.C": 16,
    "layer4.2.conv3.H_size": 12288,
    "layer4.2.conv3.K": 64,
    "layer4.2.conv3.L_size": 8388608,
    "layer4.2.conv3.encoding_algorithm": 1,
    "layer4.2.conv3.learned_a_shape": [
        1568,
        512
    ],
    "layer4.2.conv3.learned_b_shape": [
        512,
        2048
    ],
    "layer4.2.conv3.learned_d": 512,
    "layer4.2.conv3.learned_m": 2048,
    "layer4.2.conv3.learned_n": 1568,
    "layer4.2.conv3.mae": 0.25382931255340574,
    "layer4.2.conv3.mape": 0.16435867235183715,
    "layer4.2.conv3.mse": 0.1394306736755371,
    "layer4.2.conv3.rows": 32,
    "layer4.2.conv3.scaled_error": 0.04979281102180481,
    "layer4.2.conv3.scaled_shift": 0.02300435263991356,
    "layer4.2.conv3.stored_array_size": 32,
    "top_1_accuracy": 0.7885400056838989,
    "top_5_accuracy": 0.9442399740219116,
    "total_time": 117.79536238871515
}