{
    "halut_layers": "{\"layer4.0.conv2\": [32, 64, 4, 2]}",
    "layer4.0.conv2.C": 32,
    "layer4.0.conv2.H_size": 4,
    "layer4.0.conv2.K": 4,
    "layer4.0.conv2.L_size": 262144,
    "layer4.0.conv2.encoding_algorithm": 2,
    "layer4.0.conv2.learned_a_shape": [
        3136,
        4608
    ],
    "layer4.0.conv2.learned_b_shape": [
        4608,
        512
    ],
    "layer4.0.conv2.learned_d": 4608,
    "layer4.0.conv2.learned_m": 512,
    "layer4.0.conv2.learned_n": 3136,
    "layer4.0.conv2.mae": 1.0631109196472168,
    "layer4.0.conv2.mape": 0.4501752954101563,
    "layer4.0.conv2.mse": 2.034325003967285,
    "layer4.0.conv2.rows": 64,
    "layer4.0.conv2.scaled_error": 0.06739240862846374,
    "layer4.0.conv2.scaled_shift": 0.0059428763716481625,
    "layer4.0.conv2.stored_array_size": 32,
    "top_1_accuracy": 0.616599977016449,
    "top_5_accuracy": 0.8587999939918518,
    "total_time": 109.14983737748116
}