{
    "halut_layers": "{\"layer3.4.conv2\": [8, 64, 64, 1]}",
    "layer3.4.conv2.C": 8,
    "layer3.4.conv2.H_size": 6144,
    "layer3.4.conv2.K": 64,
    "layer3.4.conv2.L_size": 524288,
    "layer3.4.conv2.encoding_algorithm": 1,
    "layer3.4.conv2.learned_a_shape": [
        12544,
        2304
    ],
    "layer3.4.conv2.learned_b_shape": [
        2304,
        256
    ],
    "layer3.4.conv2.learned_d": 2304,
    "layer3.4.conv2.learned_m": 256,
    "layer3.4.conv2.learned_n": 12544,
    "layer3.4.conv2.mae": 0.7627699545288086,
    "layer3.4.conv2.mape": 0.36046501132965086,
    "layer3.4.conv2.mse": 1.0266219396972656,
    "layer3.4.conv2.rows": 64,
    "layer3.4.conv2.scaled_error": 0.021362761850357057,
    "layer3.4.conv2.scaled_shift": 0.0012356544647889678,
    "layer3.4.conv2.stored_array_size": 32,
    "top_1_accuracy": 0.7739399671554565,
    "top_5_accuracy": 0.9359399676322937,
    "total_time": 83.05248657800257
}