{
    "halut_layers": "{\"layer4.2.conv3\": [64, 32, 4, 1]}",
    "layer4.2.conv3.C": 64,
    "layer4.2.conv3.H_size": 3072,
    "layer4.2.conv3.K": 4,
    "layer4.2.conv3.L_size": 2097152,
    "layer4.2.conv3.encoding_algorithm": 1,
    "layer4.2.conv3.learned_a_shape": [
        1568,
        512
    ],
    "layer4.2.conv3.learned_b_shape": [
        512,
        2048
    ],
    "layer4.2.conv3.learned_d": 512,
    "layer4.2.conv3.learned_m": 2048,
    "layer4.2.conv3.learned_n": 1568,
    "layer4.2.conv3.mae": 0.23446665367126465,
    "layer4.2.conv3.mape": 0.1514799486351013,
    "layer4.2.conv3.mse": 0.12054591584205628,
    "layer4.2.conv3.rows": 32,
    "layer4.2.conv3.scaled_error": 0.045988700041770934,
    "layer4.2.conv3.scaled_shift": 0.023519639714360236,
    "layer4.2.conv3.stored_array_size": 32,
    "top_1_accuracy": 0.7906799912452698,
    "top_5_accuracy": 0.9454999566078186,
    "total_time": 117.04424919746816
}