{
    "halut_layers": "{\"layer3.0.conv2\": [32, 4, 64, 2]}",
    "layer3.0.conv2.C": 32,
    "layer3.0.conv2.H_size": 4,
    "layer3.0.conv2.K": 64,
    "layer3.0.conv2.L_size": 2097152,
    "layer3.0.conv2.encoding_algorithm": 2,
    "layer3.0.conv2.learned_a_shape": [
        784,
        2304
    ],
    "layer3.0.conv2.learned_b_shape": [
        2304,
        256
    ],
    "layer3.0.conv2.learned_d": 2304,
    "layer3.0.conv2.learned_m": 256,
    "layer3.0.conv2.learned_n": 784,
    "layer3.0.conv2.mae": 1.6143487866210937,
    "layer3.0.conv2.mape": 0.6132984213256836,
    "layer3.0.conv2.mse": 4.517523628540039,
    "layer3.0.conv2.rows": 4,
    "layer3.0.conv2.scaled_error": 0.0477043066740036,
    "layer3.0.conv2.scaled_shift": 0.00020601886271306283,
    "layer3.0.conv2.stored_array_size": 32,
    "top_1_accuracy": 0.7629599571228027,
    "top_5_accuracy": 0.9326199889183044,
    "total_time": 246.69729078561068
}