{
    "halut_layers": "{\"layer3.0.conv3\": [64, 64, 32, 2]}",
    "layer3.0.conv3.C": 64,
    "layer3.0.conv3.H_size": 4,
    "layer3.0.conv3.K": 32,
    "layer3.0.conv3.L_size": 8388608,
    "layer3.0.conv3.encoding_algorithm": 2,
    "layer3.0.conv3.learned_a_shape": [
        12544,
        256
    ],
    "layer3.0.conv3.learned_b_shape": [
        256,
        1024
    ],
    "layer3.0.conv3.learned_d": 256,
    "layer3.0.conv3.learned_m": 1024,
    "layer3.0.conv3.learned_n": 12544,
    "layer3.0.conv3.mae": 0.2675357344818115,
    "layer3.0.conv3.mape": 0.14148491659164428,
    "layer3.0.conv3.mse": 0.1274639135169983,
    "layer3.0.conv3.rows": 64,
    "layer3.0.conv3.scaled_error": 0.018758208532333374,
    "layer3.0.conv3.scaled_shift": -0.0006709238937869668,
    "layer3.0.conv3.stored_array_size": 32,
    "top_1_accuracy": 0.8054800033569336,
    "top_5_accuracy": 0.9530999660491943,
    "total_time": 211.8921386450529
}