{
    "halut_layers": "{\"layer3.0.conv1\": [32, 32, 16, 1]}",
    "layer3.0.conv1.C": 32,
    "layer3.0.conv1.H_size": 6144,
    "layer3.0.conv1.K": 16,
    "layer3.0.conv1.L_size": 524288,
    "layer3.0.conv1.encoding_algorithm": 1,
    "layer3.0.conv1.learned_a_shape": [
        25088,
        512
    ],
    "layer3.0.conv1.learned_b_shape": [
        512,
        256
    ],
    "layer3.0.conv1.learned_d": 512,
    "layer3.0.conv1.learned_m": 256,
    "layer3.0.conv1.learned_n": 25088,
    "layer3.0.conv1.mae": 1.2714012536621093,
    "layer3.0.conv1.mape": 0.44804539558410644,
    "layer3.0.conv1.mse": 2.793904301147461,
    "layer3.0.conv1.rows": 32,
    "layer3.0.conv1.scaled_error": 0.02583915543079376,
    "layer3.0.conv1.scaled_shift": 0.0007799850803310983,
    "layer3.0.conv1.stored_array_size": 32,
    "top_1_accuracy": 0.7119199633598328,
    "top_5_accuracy": 0.9001599550247192,
    "total_time": 144.30273884814233
}