{
    "halut_layers": "{\"layer1.0.conv2\": [8, 1, 32, 0]}",
    "layer1.0.conv2.C": 8,
    "layer1.0.conv2.H_size": 3040,
    "layer1.0.conv2.K": 32,
    "layer1.0.conv2.L_size": 65536,
    "layer1.0.conv2.encoding_algorithm": 0,
    "layer1.0.conv2.learned_a_shape": [
        3136,
        576
    ],
    "layer1.0.conv2.learned_b_shape": [
        576,
        64
    ],
    "layer1.0.conv2.learned_d": 576,
    "layer1.0.conv2.learned_m": 64,
    "layer1.0.conv2.learned_n": 3136,
    "layer1.0.conv2.mae": 4.9445454742431645,
    "layer1.0.conv2.mape": 1.0183204061889648,
    "layer1.0.conv2.mse": 54.312734462890624,
    "layer1.0.conv2.rows": 1,
    "layer1.0.conv2.scaled_error": 0.10269745292663575,
    "layer1.0.conv2.scaled_shift": -0.013326758093833923,
    "layer1.0.conv2.stored_array_size": 32,
    "top_1_accuracy": 0.2326200008392334,
    "top_5_accuracy": 0.39969998598098755,
    "total_time": 127.87985075265169
}