{
    "halut_layers": "{\"layer4.0.conv3\": [64, 64, 32, 0]}",
    "layer4.0.conv3.C": 64,
    "layer4.0.conv3.H_size": 24320,
    "layer4.0.conv3.K": 32,
    "layer4.0.conv3.L_size": 16777216,
    "layer4.0.conv3.encoding_algorithm": 0,
    "layer4.0.conv3.learned_a_shape": [
        3136,
        512
    ],
    "layer4.0.conv3.learned_b_shape": [
        512,
        2048
    ],
    "layer4.0.conv3.learned_d": 512,
    "layer4.0.conv3.learned_m": 2048,
    "layer4.0.conv3.learned_n": 3136,
    "layer4.0.conv3.mae": 1.7016348126220704,
    "layer4.0.conv3.mape": 1.071110869293213,
    "layer4.0.conv3.mse": 4.500402852172852,
    "layer4.0.conv3.rows": 64,
    "layer4.0.conv3.scaled_error": 0.1500325385093689,
    "layer4.0.conv3.scaled_shift": -0.1111486794090271,
    "layer4.0.conv3.stored_array_size": 32,
    "top_1_accuracy": 0.011419999413192272,
    "top_5_accuracy": 0.07129999995231628,
    "total_time": 129.31398010067642
}