{
    "halut_layers": "{\"layer3.0.conv2\": [32, 32, 32, 0]}",
    "layer3.0.conv2.C": 32,
    "layer3.0.conv2.H_size": 12160,
    "layer3.0.conv2.K": 32,
    "layer3.0.conv2.L_size": 1048576,
    "layer3.0.conv2.encoding_algorithm": 0,
    "layer3.0.conv2.learned_a_shape": [
        6272,
        2304
    ],
    "layer3.0.conv2.learned_b_shape": [
        2304,
        256
    ],
    "layer3.0.conv2.learned_d": 2304,
    "layer3.0.conv2.learned_m": 256,
    "layer3.0.conv2.learned_n": 6272,
    "layer3.0.conv2.mae": 4.711066897583008,
    "layer3.0.conv2.mape": 1.9875504418945313,
    "layer3.0.conv2.mse": 35.7961417578125,
    "layer3.0.conv2.rows": 32,
    "layer3.0.conv2.scaled_error": 0.1393285115814209,
    "layer3.0.conv2.scaled_shift": 0.0011325761474232422,
    "layer3.0.conv2.stored_array_size": 32,
    "top_1_accuracy": 0.004339999984949827,
    "top_5_accuracy": 0.018279999494552612,
    "total_time": 117.91414038650692
}