{
    "halut_layers": "{\"layer3.0.conv2\": [8, 8, 24, 2]}",
    "layer3.0.conv2.C": 8,
    "layer3.0.conv2.H_size": 4,
    "layer3.0.conv2.K": 24,
    "layer3.0.conv2.L_size": 196608,
    "layer3.0.conv2.encoding_algorithm": 2,
    "layer3.0.conv2.learned_a_shape": [
        1568,
        2304
    ],
    "layer3.0.conv2.learned_b_shape": [
        2304,
        256
    ],
    "layer3.0.conv2.learned_d": 2304,
    "layer3.0.conv2.learned_m": 256,
    "layer3.0.conv2.learned_n": 1568,
    "layer3.0.conv2.mae": 1.7486135177612305,
    "layer3.0.conv2.mape": 0.5960148487854003,
    "layer3.0.conv2.mse": 5.5130778845214845,
    "layer3.0.conv2.rows": 8,
    "layer3.0.conv2.scaled_error": 0.05164157331466675,
    "layer3.0.conv2.scaled_shift": 0.0001540198994277307,
    "layer3.0.conv2.stored_array_size": 32,
    "top_1_accuracy": 0.6066399812698364,
    "top_5_accuracy": 0.8274399638175964,
    "total_time": 98.88312605209649
}