{
    "halut_layers": "{\"layer3.5.conv1\": [8, 64, 64, 1]}",
    "layer3.5.conv1.C": 8,
    "layer3.5.conv1.H_size": 6144,
    "layer3.5.conv1.K": 64,
    "layer3.5.conv1.L_size": 524288,
    "layer3.5.conv1.encoding_algorithm": 1,
    "layer3.5.conv1.learned_a_shape": [
        12544,
        1024
    ],
    "layer3.5.conv1.learned_b_shape": [
        1024,
        256
    ],
    "layer3.5.conv1.learned_d": 1024,
    "layer3.5.conv1.learned_m": 256,
    "layer3.5.conv1.learned_n": 12544,
    "layer3.5.conv1.mae": 1.2346893382263184,
    "layer3.5.conv1.mape": 0.4651728276824951,
    "layer3.5.conv1.mse": 2.6336266986083983,
    "layer3.5.conv1.rows": 64,
    "layer3.5.conv1.scaled_error": 0.04311490262031555,
    "layer3.5.conv1.scaled_shift": 0.0024775768205011262,
    "layer3.5.conv1.stored_array_size": 32,
    "top_1_accuracy": 0.7747199535369873,
    "top_5_accuracy": 0.9382399916648865,
    "total_time": 82.40791579522192
}