{
    "halut_layers": "{\"layer1.1.conv3\": [16, 4, 32, 0]}",
    "layer1.1.conv3.C": 16,
    "layer1.1.conv3.H_size": 6080,
    "layer1.1.conv3.K": 32,
    "layer1.1.conv3.L_size": 524288,
    "layer1.1.conv3.encoding_algorithm": 0,
    "layer1.1.conv3.learned_a_shape": [
        12544,
        64
    ],
    "layer1.1.conv3.learned_b_shape": [
        64,
        256
    ],
    "layer1.1.conv3.learned_d": 64,
    "layer1.1.conv3.learned_m": 256,
    "layer1.1.conv3.learned_n": 12544,
    "layer1.1.conv3.mae": 1.5792157284545898,
    "layer1.1.conv3.mape": 0.7258958883666993,
    "layer1.1.conv3.mse": 4.592232746582031,
    "layer1.1.conv3.rows": 4,
    "layer1.1.conv3.scaled_error": 0.09254656833648682,
    "layer1.1.conv3.scaled_shift": -0.0167410058927536,
    "layer1.1.conv3.stored_array_size": 32,
    "top_1_accuracy": 0.3390199840068817,
    "top_5_accuracy": 0.5945799946784973,
    "total_time": 253.05854521133006
}