{
    "halut_layers": "{\"layer3.0.conv2\": [16, 1, 32, 1]}",
    "layer3.0.conv2.C": 16,
    "layer3.0.conv2.H_size": 6144,
    "layer3.0.conv2.K": 32,
    "layer3.0.conv2.L_size": 524288,
    "layer3.0.conv2.encoding_algorithm": 1,
    "layer3.0.conv2.learned_a_shape": [
        196,
        2304
    ],
    "layer3.0.conv2.learned_b_shape": [
        2304,
        256
    ],
    "layer3.0.conv2.learned_d": 2304,
    "layer3.0.conv2.learned_m": 256,
    "layer3.0.conv2.learned_n": 196,
    "layer3.0.conv2.mae": 2.1176303845214846,
    "layer3.0.conv2.mape": 0.7386053293609619,
    "layer3.0.conv2.mse": 7.937251518554688,
    "layer3.0.conv2.rows": 1,
    "layer3.0.conv2.scaled_error": 0.06254511079788208,
    "layer3.0.conv2.scaled_shift": -0.0024355171976890417,
    "layer3.0.conv2.stored_array_size": 32,
    "top_1_accuracy": 0.274399995803833,
    "top_5_accuracy": 0.5000399947166443,
    "total_time": 115.20460929721594
}