{
    "halut_layers": "{\"layer4.1.conv1\": [8, 128, 8, 2]}",
    "layer4.1.conv1.C": 8,
    "layer4.1.conv1.H_size": 4,
    "layer4.1.conv1.K": 8,
    "layer4.1.conv1.L_size": 131072,
    "layer4.1.conv1.encoding_algorithm": 2,
    "layer4.1.conv1.learned_a_shape": [
        6272,
        2048
    ],
    "layer4.1.conv1.learned_b_shape": [
        2048,
        512
    ],
    "layer4.1.conv1.learned_d": 2048,
    "layer4.1.conv1.learned_m": 512,
    "layer4.1.conv1.learned_n": 6272,
    "layer4.1.conv1.mae": 1.3175690795898438,
    "layer4.1.conv1.mape": 0.4735413550567627,
    "layer4.1.conv1.mse": 3.117476062011719,
    "layer4.1.conv1.rows": 128,
    "layer4.1.conv1.scaled_error": 0.01893919703245163,
    "layer4.1.conv1.scaled_shift": 0.0029824994190968575,
    "layer4.1.conv1.stored_array_size": 32,
    "top_1_accuracy": 0.6396399736404419,
    "top_5_accuracy": 0.8401399850845337,
    "total_time": 102.34281269367784
}