{
    "halut_layers": "{\"layer2.0.conv2\": [16, 8, 8, 1]}",
    "layer2.0.conv2.C": 16,
    "layer2.0.conv2.H_size": 1536,
    "layer2.0.conv2.K": 8,
    "layer2.0.conv2.L_size": 65536,
    "layer2.0.conv2.encoding_algorithm": 1,
    "layer2.0.conv2.learned_a_shape": [
        6272,
        1152
    ],
    "layer2.0.conv2.learned_b_shape": [
        1152,
        128
    ],
    "layer2.0.conv2.learned_d": 1152,
    "layer2.0.conv2.learned_m": 128,
    "layer2.0.conv2.learned_n": 6272,
    "layer2.0.conv2.mae": 2.150156947631836,
    "layer2.0.conv2.mape": 0.6389890982055664,
    "layer2.0.conv2.mse": 8.294217855224609,
    "layer2.0.conv2.rows": 8,
    "layer2.0.conv2.scaled_error": 0.04806384907722473,
    "layer2.0.conv2.scaled_shift": -0.0009695965706650167,
    "layer2.0.conv2.stored_array_size": 32,
    "top_1_accuracy": 0.5870400071144104,
    "top_5_accuracy": 0.8104599714279175,
    "total_time": 98.41564197093248
}