{
    "halut_layers": "{\"layer4.2.conv3\": [16, 64, 8, 1]}",
    "layer4.2.conv3.C": 16,
    "layer4.2.conv3.H_size": 1536,
    "layer4.2.conv3.K": 8,
    "layer4.2.conv3.L_size": 1048576,
    "layer4.2.conv3.encoding_algorithm": 1,
    "layer4.2.conv3.learned_a_shape": [
        3136,
        512
    ],
    "layer4.2.conv3.learned_b_shape": [
        512,
        2048
    ],
    "layer4.2.conv3.learned_d": 512,
    "layer4.2.conv3.learned_m": 2048,
    "layer4.2.conv3.learned_n": 3136,
    "layer4.2.conv3.mae": 0.2425000391769409,
    "layer4.2.conv3.mape": 0.15491526121139526,
    "layer4.2.conv3.mse": 0.1283480065059662,
    "layer4.2.conv3.rows": 64,
    "layer4.2.conv3.scaled_error": 0.04754832482337951,
    "layer4.2.conv3.scaled_shift": 0.024191297879219056,
    "layer4.2.conv3.stored_array_size": 32,
    "top_1_accuracy": 0.7890799641609192,
    "top_5_accuracy": 0.9449799656867981,
    "total_time": 115.36092013958842
}