{
    "halut_layers": "{\"layer2.0.downsample.0\": [64, 8, 16, 0]}",
    "layer2.0.downsample.0.C": 64,
    "layer2.0.downsample.0.H_size": 11264,
    "layer2.0.downsample.0.K": 16,
    "layer2.0.downsample.0.L_size": 2097152,
    "layer2.0.downsample.0.encoding_algorithm": 0,
    "layer2.0.downsample.0.learned_a_shape": [
        6272,
        256
    ],
    "layer2.0.downsample.0.learned_b_shape": [
        256,
        512
    ],
    "layer2.0.downsample.0.learned_d": 256,
    "layer2.0.downsample.0.learned_m": 512,
    "layer2.0.downsample.0.learned_n": 6272,
    "layer2.0.downsample.0.mae": 0.41120012115478516,
    "layer2.0.downsample.0.mape": 0.18463028652191163,
    "layer2.0.downsample.0.mse": 0.36558476928710937,
    "layer2.0.downsample.0.rows": 8,
    "layer2.0.downsample.0.scaled_error": 0.020708914630413057,
    "layer2.0.downsample.0.scaled_shift": 8.053720039009932e-05,
    "layer2.0.downsample.0.stored_array_size": 32,
    "top_1_accuracy": 0.7903599739074707,
    "top_5_accuracy": 0.9473199844360352,
    "total_time": 170.65680293180048
}