{
    "halut_layers": "{\"layer4.1.conv1\": [32, 32, 32, 0]}",
    "layer4.1.conv1.C": 32,
    "layer4.1.conv1.H_size": 12160,
    "layer4.1.conv1.K": 32,
    "layer4.1.conv1.L_size": 2097152,
    "layer4.1.conv1.encoding_algorithm": 0,
    "layer4.1.conv1.learned_a_shape": [
        1568,
        2048
    ],
    "layer4.1.conv1.learned_b_shape": [
        2048,
        512
    ],
    "layer4.1.conv1.learned_d": 2048,
    "layer4.1.conv1.learned_m": 512,
    "layer4.1.conv1.learned_n": 1568,
    "layer4.1.conv1.mae": 2.873416845703125,
    "layer4.1.conv1.mape": 1.244451533203125,
    "layer4.1.conv1.mse": 13.432364228515626,
    "layer4.1.conv1.rows": 32,
    "layer4.1.conv1.scaled_error": 0.041253747520446776,
    "layer4.1.conv1.scaled_shift": -0.015402820234298707,
    "layer4.1.conv1.stored_array_size": 32,
    "top_1_accuracy": 0.5925799608230591,
    "top_5_accuracy": 0.786080002784729,
    "total_time": 101.43983076140285
}