{
    "halut_layers": "{\"layer2.3.conv3\": [8, 2, 12, 1]}",
    "layer2.3.conv3.C": 8,
    "layer2.3.conv3.H_size": 1536,
    "layer2.3.conv3.K": 12,
    "layer2.3.conv3.L_size": 196608,
    "layer2.3.conv3.encoding_algorithm": 1,
    "layer2.3.conv3.learned_a_shape": [
        1568,
        128
    ],
    "layer2.3.conv3.learned_b_shape": [
        128,
        512
    ],
    "layer2.3.conv3.learned_d": 128,
    "layer2.3.conv3.learned_m": 512,
    "layer2.3.conv3.learned_n": 1568,
    "layer2.3.conv3.mae": 0.33434318965911863,
    "layer2.3.conv3.mape": 0.19479721481323242,
    "layer2.3.conv3.mse": 0.22406779273986815,
    "layer2.3.conv3.rows": 2,
    "layer2.3.conv3.scaled_error": 0.020026391813755037,
    "layer2.3.conv3.scaled_shift": 0.0010097062294627539,
    "layer2.3.conv3.stored_array_size": 32,
    "top_1_accuracy": 0.784779965877533,
    "top_5_accuracy": 0.9419800043106079,
    "total_time": 159.43719882518053
}