{
    "halut_layers": "{\"layer1.1.conv1\": [32, -1, 16], \"layer1.0.conv2\": [32, -1, 16], \"layer1.0.conv1\": [32, -1, 16]}",
    "layer1.0.conv1.C": 32,
    "layer1.0.conv1.H_size": 5632,
    "layer1.0.conv1.K": 16,
    "layer1.0.conv1.L_size": 131072,
    "layer1.0.conv1.learned_a_shape": [
        1,
        261970
    ],
    "layer1.0.conv1.learned_b_shape": [
        261970,
        64
    ],
    "layer1.0.conv1.learned_d": 261970,
    "layer1.0.conv1.learned_m": 64,
    "layer1.0.conv1.learned_n": 1,
    "layer1.0.conv1.mae": 0.56113828125,
    "layer1.0.conv1.mape": 0.1745091796875,
    "layer1.0.conv1.mse": 0.9617359375,
    "layer1.0.conv1.rows": -1,
    "layer1.0.conv1.scaled_error": 0.0092349853515625,
    "layer1.0.conv1.scaled_shift": 0.0011666122436523438,
    "layer1.0.conv1.stored_array_size": 48,
    "layer1.0.conv2.C": 32,
    "layer1.0.conv2.H_size": 5632,
    "layer1.0.conv2.K": 16,
    "layer1.0.conv2.L_size": 131072,
    "layer1.0.conv2.learned_a_shape": [
        1,
        261970
    ],
    "layer1.0.conv2.learned_b_shape": [
        261970,
        64
    ],
    "layer1.0.conv2.learned_d": 261970,
    "layer1.0.conv2.learned_m": 64,
    "layer1.0.conv2.learned_n": 1,
    "layer1.0.conv2.mae": 0.301775390625,
    "layer1.0.conv2.mape": 0.1518484375,
    "layer1.0.conv2.mse": 0.19731875,
    "layer1.0.conv2.rows": -1,
    "layer1.0.conv2.scaled_error": 0.0187656494140625,
    "layer1.0.conv2.scaled_shift": 0.00025146026611328127,
    "layer1.0.conv2.stored_array_size": 48,
    "layer1.1.conv1.C": 32,
    "layer1.1.conv1.H_size": 5632,
    "layer1.1.conv1.K": 16,
    "layer1.1.conv1.L_size": 131072,
    "layer1.1.conv1.learned_a_shape": [
        1,
        261970
    ],
    "layer1.1.conv1.learned_b_shape": [
        261970,
        64
    ],
    "layer1.1.conv1.learned_d": 261970,
    "layer1.1.conv1.learned_m": 64,
    "layer1.1.conv1.learned_n": 1,
    "layer1.1.conv1.mae": 0.4922,
    "layer1.1.conv1.mape": 0.169625390625,
    "layer1.1.conv1.mse": 0.51518984375,
    "layer1.1.conv1.rows": -1,
    "layer1.1.conv1.scaled_error": 0.0250538818359375,
    "layer1.1.conv1.scaled_shift": 0.003744000244140625,
    "layer1.1.conv1.stored_array_size": 48,
    "top_1_accuracy": 90.66,
    "top_5_accuracy": 99.68
}