{
    "halut_layers": "{\"layer4.0.conv2\": [256, -1, 16], \"layer4.0.conv1\": [256, -1, 16], \"layer3.1.conv2\": [128, -1, 16], \"layer3.1.conv1\": [128, -1, 16], \"layer3.0.downsample.0\": [32, -1, 16], \"layer3.0.conv2\": [128, -1, 16], \"layer3.0.conv1\": [128, -1, 16], \"layer2.1.conv2\": [64, -1, 16], \"layer2.1.conv1\": [64, -1, 16], \"layer2.0.downsample.0\": [32, -1, 16], \"layer2.0.conv2\": [64, -1, 16], \"layer2.0.conv1\": [64, -1, 16], \"layer1.1.conv2\": [32, -1, 16], \"layer1.1.conv1\": [32, -1, 16], \"layer1.0.conv2\": [32, -1, 16], \"layer1.0.conv1\": [32, -1, 16]}",
    "layer1.0.conv1.C": 32,
    "layer1.0.conv1.H_size": 5632,
    "layer1.0.conv1.K": 16,
    "layer1.0.conv1.L_size": 131072,
    "layer1.0.conv1.learned_a_shape": [
        1,
        261970
    ],
    "layer1.0.conv1.learned_b_shape": [
        261970,
        64
    ],
    "layer1.0.conv1.learned_d": 261970,
    "layer1.0.conv1.learned_m": 64,
    "layer1.0.conv1.learned_n": 1,
    "layer1.0.conv1.mae": 0.4646993489583333,
    "layer1.0.conv1.mape": 0.16228668619791667,
    "layer1.0.conv1.mse": 0.5850772135416666,
    "layer1.0.conv1.rows": -1,
    "layer1.0.conv1.scaled_error": 0.008186104329427084,
    "layer1.0.conv1.scaled_shift": 0.0004978703816731771,
    "layer1.0.conv1.stored_array_size": 48,
    "layer1.0.conv2.C": 32,
    "layer1.0.conv2.H_size": 5632,
    "layer1.0.conv2.K": 16,
    "layer1.0.conv2.L_size": 131072,
    "layer1.0.conv2.learned_a_shape": [
        1,
        261970
    ],
    "layer1.0.conv2.learned_b_shape": [
        261970,
        64
    ],
    "layer1.0.conv2.learned_d": 261970,
    "layer1.0.conv2.learned_m": 64,
    "layer1.0.conv2.learned_n": 1,
    "layer1.0.conv2.mae": 0.27210872395833335,
    "layer1.0.conv2.mape": 0.14362805989583333,
    "layer1.0.conv2.mse": 0.15626669921875,
    "layer1.0.conv2.rows": -1,
    "layer1.0.conv2.scaled_error": 0.017625065104166667,
    "layer1.0.conv2.scaled_shift": 3.107611338297526e-05,
    "layer1.0.conv2.stored_array_size": 48,
    "layer1.1.conv1.C": 32,
    "layer1.1.conv1.H_size": 5632,
    "layer1.1.conv1.K": 16,
    "layer1.1.conv1.L_size": 131072,
    "layer1.1.conv1.learned_a_shape": [
        1,
        261970
    ],
    "layer1.1.conv1.learned_b_shape": [
        261970,
        64
    ],
    "layer1.1.conv1.learned_d": 261970,
    "layer1.1.conv1.learned_m": 64,
    "layer1.1.conv1.learned_n": 1,
    "layer1.1.conv1.mae": 0.41983776041666665,
    "layer1.1.conv1.mape": 0.15960950520833334,
    "layer1.1.conv1.mse": 0.34691002604166665,
    "layer1.1.conv1.rows": -1,
    "layer1.1.conv1.scaled_error": 0.02326209716796875,
    "layer1.1.conv1.scaled_shift": 0.0012267544428507487,
    "layer1.1.conv1.stored_array_size": 48,
    "layer1.1.conv2.C": 32,
    "layer1.1.conv2.H_size": 5632,
    "layer1.1.conv2.K": 16,
    "layer1.1.conv2.L_size": 131072,
    "layer1.1.conv2.learned_a_shape": [
        1,
        261970
    ],
    "layer1.1.conv2.learned_b_shape": [
        261970,
        64
    ],
    "layer1.1.conv2.learned_d": 261970,
    "layer1.1.conv2.learned_m": 64,
    "layer1.1.conv2.learned_n": 1,
    "layer1.1.conv2.mae": 0.21921363932291665,
    "layer1.1.conv2.mape": 0.12558271484375,
    "layer1.1.conv2.mse": 0.09162937825520834,
    "layer1.1.conv2.rows": -1,
    "layer1.1.conv2.scaled_error": 0.023184224446614582,
    "layer1.1.conv2.scaled_shift": 0.0005323450088500977,
    "layer1.1.conv2.stored_array_size": 48,
    "layer2.0.conv1.C": 64,
    "layer2.0.conv1.H_size": 11264,
    "layer2.0.conv1.K": 16,
    "layer2.0.conv1.L_size": 524288,
    "layer2.0.conv1.learned_a_shape": [
        1,
        261970
    ],
    "layer2.0.conv1.learned_b_shape": [
        261970,
        128
    ],
    "layer2.0.conv1.learned_d": 261970,
    "layer2.0.conv1.learned_m": 128,
    "layer2.0.conv1.learned_n": 1,
    "layer2.0.conv1.mae": 0.32430774739583335,
    "layer2.0.conv1.mape": 0.14551526692708333,
    "layer2.0.conv1.mse": 0.20497666015625,
    "layer2.0.conv1.rows": -1,
    "layer2.0.conv1.scaled_error": 0.0178052978515625,
    "layer2.0.conv1.scaled_shift": 1.2261136372884114e-05,
    "layer2.0.conv1.stored_array_size": 48,
    "layer2.0.conv2.C": 64,
    "layer2.0.conv2.H_size": 11264,
    "layer2.0.conv2.K": 16,
    "layer2.0.conv2.L_size": 524288,
    "layer2.0.conv2.learned_a_shape": [
        1,
        261970
    ],
    "layer2.0.conv2.learned_b_shape": [
        261970,
        128
    ],
    "layer2.0.conv2.learned_d": 261970,
    "layer2.0.conv2.learned_m": 128,
    "layer2.0.conv2.learned_n": 1,
    "layer2.0.conv2.mae": 0.24653570963541666,
    "layer2.0.conv2.mape": 0.14617415364583333,
    "layer2.0.conv2.mse": 0.10669772135416666,
    "layer2.0.conv2.rows": -1,
    "layer2.0.conv2.scaled_error": 0.03445375162760417,
    "layer2.0.conv2.scaled_shift": 0.002247876485188802,
    "layer2.0.conv2.stored_array_size": 48,
    "layer2.0.downsample.0.C": 32,
    "layer2.0.downsample.0.H_size": 5632,
    "layer2.0.downsample.0.K": 16,
    "layer2.0.downsample.0.L_size": 262144,
    "layer2.0.downsample.0.learned_a_shape": [
        1,
        261970
    ],
    "layer2.0.downsample.0.learned_b_shape": [
        261970,
        128
    ],
    "layer2.0.downsample.0.learned_d": 261970,
    "layer2.0.downsample.0.learned_m": 128,
    "layer2.0.downsample.0.learned_n": 1,
    "layer2.0.downsample.0.mae": 0.08651531575520834,
    "layer2.0.downsample.0.mape": 0.0520733642578125,
    "layer2.0.downsample.0.mse": 0.014825980631510416,
    "layer2.0.downsample.0.rows": -1,
    "layer2.0.downsample.0.scaled_error": 0.009164697265625,
    "layer2.0.downsample.0.scaled_shift": 0.00023736170132954916,
    "layer2.0.downsample.0.stored_array_size": 48,
    "layer2.1.conv1.C": 64,
    "layer2.1.conv1.H_size": 11264,
    "layer2.1.conv1.K": 16,
    "layer2.1.conv1.L_size": 524288,
    "layer2.1.conv1.learned_a_shape": [
        1,
        261970
    ],
    "layer2.1.conv1.learned_b_shape": [
        261970,
        128
    ],
    "layer2.1.conv1.learned_d": 261970,
    "layer2.1.conv1.learned_m": 128,
    "layer2.1.conv1.learned_n": 1,
    "layer2.1.conv1.mae": 0.4137427083333333,
    "layer2.1.conv1.mape": 0.19547158203125,
    "layer2.1.conv1.mse": 0.3072182291666667,
    "layer2.1.conv1.rows": -1,
    "layer2.1.conv1.scaled_error": 0.030850927734375,
    "layer2.1.conv1.scaled_shift": 0.0038147725423177082,
    "layer2.1.conv1.stored_array_size": 48,
    "layer2.1.conv2.C": 64,
    "layer2.1.conv2.H_size": 11264,
    "layer2.1.conv2.K": 16,
    "layer2.1.conv2.L_size": 524288,
    "layer2.1.conv2.learned_a_shape": [
        1,
        261970
    ],
    "layer2.1.conv2.learned_b_shape": [
        261970,
        128
    ],
    "layer2.1.conv2.learned_d": 261970,
    "layer2.1.conv2.learned_m": 128,
    "layer2.1.conv2.learned_n": 1,
    "layer2.1.conv2.mae": 0.19822639973958334,
    "layer2.1.conv2.mape": 0.13145774739583332,
    "layer2.1.conv2.mse": 0.06523839518229167,
    "layer2.1.conv2.rows": -1,
    "layer2.1.conv2.scaled_error": 0.044778043619791666,
    "layer2.1.conv2.scaled_shift": 0.0005102820078531901,
    "layer2.1.conv2.stored_array_size": 48,
    "layer3.0.conv1.C": 128,
    "layer3.0.conv1.H_size": 22528,
    "layer3.0.conv1.K": 16,
    "layer3.0.conv1.L_size": 2097152,
    "layer3.0.conv1.learned_a_shape": [
        1,
        261970
    ],
    "layer3.0.conv1.learned_b_shape": [
        261970,
        256
    ],
    "layer3.0.conv1.learned_d": 261970,
    "layer3.0.conv1.learned_m": 256,
    "layer3.0.conv1.learned_n": 1,
    "layer3.0.conv1.mae": 0.28826295572916666,
    "layer3.0.conv1.mape": 0.15028577473958332,
    "layer3.0.conv1.mse": 0.140603515625,
    "layer3.0.conv1.rows": -1,
    "layer3.0.conv1.scaled_error": 0.030864298502604165,
    "layer3.0.conv1.scaled_shift": 0.003001622517903646,
    "layer3.0.conv1.stored_array_size": 48,
    "layer3.0.conv2.C": 128,
    "layer3.0.conv2.H_size": 22528,
    "layer3.0.conv2.K": 16,
    "layer3.0.conv2.L_size": 2097152,