{
    "halut_layers": "{\"layer2.0.conv1\": [64, -1, 16], \"layer1.1.conv2\": [32, -1, 16], \"layer1.1.conv1\": [32, -1, 16], \"layer1.0.conv2\": [32, -1, 16], \"layer1.0.conv1\": [32, -1, 16]}",
    "layer1.0.conv1.C": 32,
    "layer1.0.conv1.H_size": 5632,
    "layer1.0.conv1.K": 16,
    "layer1.0.conv1.L_size": 131072,
    "layer1.0.conv1.learned_a_shape": [
        1,
        261970
    ],
    "layer1.0.conv1.learned_b_shape": [
        261970,
        64
    ],
    "layer1.0.conv1.learned_d": 261970,
    "layer1.0.conv1.learned_m": 64,
    "layer1.0.conv1.learned_n": 1,
    "layer1.0.conv1.mae": 0.5953,
    "layer1.0.conv1.mape": 0.1827302734375,
    "layer1.0.conv1.mse": 1.0632890625,
    "layer1.0.conv1.rows": -1,
    "layer1.0.conv1.scaled_error": 0.00967080078125,
    "layer1.0.conv1.scaled_shift": 0.001351043701171875,
    "layer1.0.conv1.stored_array_size": 48,
    "layer1.0.conv2.C": 32,
    "layer1.0.conv2.H_size": 5632,
    "layer1.0.conv2.K": 16,
    "layer1.0.conv2.L_size": 131072,
    "layer1.0.conv2.learned_a_shape": [
        1,
        261970
    ],
    "layer1.0.conv2.learned_b_shape": [
        261970,
        64
    ],
    "layer1.0.conv2.learned_d": 261970,
    "layer1.0.conv2.learned_m": 64,
    "layer1.0.conv2.learned_n": 1,
    "layer1.0.conv2.mae": 0.308267578125,
    "layer1.0.conv2.mape": 0.1547259765625,
    "layer1.0.conv2.mse": 0.205257421875,
    "layer1.0.conv2.rows": -1,
    "layer1.0.conv2.scaled_error": 0.019080615234375,
    "layer1.0.conv2.scaled_shift": 0.00025740928649902345,
    "layer1.0.conv2.stored_array_size": 48,
    "layer1.1.conv1.C": 32,
    "layer1.1.conv1.H_size": 5632,
    "layer1.1.conv1.K": 16,
    "layer1.1.conv1.L_size": 131072,
    "layer1.1.conv1.learned_a_shape": [
        1,
        261970
    ],
    "layer1.1.conv1.learned_b_shape": [
        261970,
        64
    ],
    "layer1.1.conv1.learned_d": 261970,
    "layer1.1.conv1.learned_m": 64,
    "layer1.1.conv1.learned_n": 1,
    "layer1.1.conv1.mae": 0.51495,
    "layer1.1.conv1.mape": 0.1739068359375,
    "layer1.1.conv1.mse": 0.56976640625,
    "layer1.1.conv1.rows": -1,
    "layer1.1.conv1.scaled_error": 0.0253772705078125,
    "layer1.1.conv1.scaled_shift": 0.004316485595703125,
    "layer1.1.conv1.stored_array_size": 48,
    "layer1.1.conv2.C": 32,
    "layer1.1.conv2.H_size": 5632,
    "layer1.1.conv2.K": 16,
    "layer1.1.conv2.L_size": 131072,
    "layer1.1.conv2.learned_a_shape": [
        1,
        261970
    ],
    "layer1.1.conv2.learned_b_shape": [
        261970,
        64
    ],
    "layer1.1.conv2.learned_d": 261970,
    "layer1.1.conv2.learned_m": 64,
    "layer1.1.conv2.learned_n": 1,
    "layer1.1.conv2.mae": 0.246612890625,
    "layer1.1.conv2.mape": 0.1348369140625,
    "layer1.1.conv2.mse": 0.11800888671875,
    "layer1.1.conv2.rows": -1,
    "layer1.1.conv2.scaled_error": 0.02498369140625,
    "layer1.1.conv2.scaled_shift": 0.0011552978515625,
    "layer1.1.conv2.stored_array_size": 48,
    "layer2.0.conv1.C": 64,
    "layer2.0.conv1.H_size": 11264,
    "layer2.0.conv1.K": 16,
    "layer2.0.conv1.L_size": 524288,
    "layer2.0.conv1.learned_a_shape": [
        1,
        261970
    ],
    "layer2.0.conv1.learned_b_shape": [
        261970,
        128
    ],
    "layer2.0.conv1.learned_d": 261970,
    "layer2.0.conv1.learned_m": 128,
    "layer2.0.conv1.learned_n": 1,
    "layer2.0.conv1.mae": 0.41835234375,
    "layer2.0.conv1.mape": 0.1623953125,
    "layer2.0.conv1.mse": 0.374746875,
    "layer2.0.conv1.rows": -1,
    "layer2.0.conv1.scaled_error": 0.0207868408203125,
    "layer2.0.conv1.scaled_shift": 0.0031033538818359377,
    "layer2.0.conv1.stored_array_size": 48,
    "top_1_accuracy": 90.73,
    "top_5_accuracy": 99.65
}