{
    "halut_layers": "{\"layer4.1.conv1\": [256, -1, 16], \"layer4.0.downsample.0\": [32, -1, 16], \"layer4.0.conv2\": [256, -1, 16], \"layer4.0.conv1\": [256, -1, 16], \"layer3.1.conv2\": [128, -1, 16], \"layer3.1.conv1\": [128, -1, 16], \"layer3.0.downsample.0\": [32, -1, 16], \"layer3.0.conv2\": [128, -1, 16], \"layer3.0.conv1\": [128, -1, 16], \"layer2.1.conv2\": [64, -1, 16], \"layer2.1.conv1\": [64, -1, 16], \"layer2.0.downsample.0\": [32, -1, 16], \"layer2.0.conv2\": [64, -1, 16], \"layer2.0.conv1\": [64, -1, 16], \"layer1.1.conv2\": [32, -1, 16], \"layer1.1.conv1\": [32, -1, 16], \"layer1.0.conv2\": [32, -1, 16], \"layer1.0.conv1\": [32, -1, 16]}",
    "layer1.0.conv1.C": 32,
    "layer1.0.conv1.H_size": 5632,
    "layer1.0.conv1.K": 16,
    "layer1.0.conv1.L_size": 131072,
    "layer1.0.conv1.learned_a_shape": [
        1,
        261970
    ],
    "layer1.0.conv1.learned_b_shape": [
        261970,
        64
    ],
    "layer1.0.conv1.learned_d": 261970,
    "layer1.0.conv1.learned_m": 64,
    "layer1.0.conv1.learned_n": 1,
    "layer1.0.conv1.mae": 0.45538274739583334,
    "layer1.0.conv1.mape": 0.15893245442708334,
    "layer1.0.conv1.mse": 0.5678106770833333,
    "layer1.0.conv1.rows": -1,
    "layer1.0.conv1.scaled_error": 0.008083308919270834,
    "layer1.0.conv1.scaled_shift": 0.00041184590657552086,
    "layer1.0.conv1.stored_array_size": 48,
    "layer1.0.conv2.C": 32,
    "layer1.0.conv2.H_size": 5632,
    "layer1.0.conv2.K": 16,
    "layer1.0.conv2.L_size": 131072,
    "layer1.0.conv2.learned_a_shape": [
        1,
        261970
    ],
    "layer1.0.conv2.learned_b_shape": [
        261970,
        64
    ],
    "layer1.0.conv2.learned_d": 261970,
    "layer1.0.conv2.learned_m": 64,
    "layer1.0.conv2.learned_n": 1,
    "layer1.0.conv2.mae": 0.26969016927083334,
    "layer1.0.conv2.mape": 0.14257887369791666,
    "layer1.0.conv2.mse": 0.15273274739583334,
    "layer1.0.conv2.rows": -1,
    "layer1.0.conv2.scaled_error": 0.017621822102864584,
    "layer1.0.conv2.scaled_shift": 2.4430910746256512e-05,
    "layer1.0.conv2.stored_array_size": 48,
    "layer1.1.conv1.C": 32,
    "layer1.1.conv1.H_size": 5632,
    "layer1.1.conv1.K": 16,
    "layer1.1.conv1.L_size": 131072,
    "layer1.1.conv1.learned_a_shape": [
        1,
        261970
    ],
    "layer1.1.conv1.learned_b_shape": [
        261970,
        64
    ],
    "layer1.1.conv1.learned_d": 261970,
    "layer1.1.conv1.learned_m": 64,
    "layer1.1.conv1.learned_n": 1,
    "layer1.1.conv1.mae": 0.4123822265625,
    "layer1.1.conv1.mape": 0.15830589192708333,
    "layer1.1.conv1.mse": 0.3305026692708333,
    "layer1.1.conv1.rows": -1,
    "layer1.1.conv1.scaled_error": 0.023032621256510417,
    "layer1.1.conv1.scaled_shift": 0.0010333234151204426,
    "layer1.1.conv1.stored_array_size": 48,
    "layer1.1.conv2.C": 32,
    "layer1.1.conv2.H_size": 5632,
    "layer1.1.conv2.K": 16,
    "layer1.1.conv2.L_size": 131072,
    "layer1.1.conv2.learned_a_shape": [
        1,
        261970
    ],
    "layer1.1.conv2.learned_b_shape": [
        261970,
        64
    ],
    "layer1.1.conv2.learned_d": 261970,
    "layer1.1.conv2.learned_m": 64,
    "layer1.1.conv2.learned_n": 1,
    "layer1.1.conv2.mae": 0.21792239583333334,
    "layer1.1.conv2.mape": 0.12462473958333334,
    "layer1.1.conv2.mse": 0.08982060546875,
    "layer1.1.conv2.rows": -1,
    "layer1.1.conv2.scaled_error": 0.023949995930989582,
    "layer1.1.conv2.scaled_shift": 0.0005614423116048177,
    "layer1.1.conv2.stored_array_size": 48,
    "layer2.0.conv1.C": 64,
    "layer2.0.conv1.H_size": 11264,
    "layer2.0.conv1.K": 16,
    "layer2.0.conv1.L_size": 524288,
    "layer2.0.conv1.learned_a_shape": [
        1,
        261970
    ],
    "layer2.0.conv1.learned_b_shape": [
        261970,
        128
    ],
    "layer2.0.conv1.learned_d": 261970,
    "layer2.0.conv1.learned_m": 128,
    "layer2.0.conv1.learned_n": 1,
    "layer2.0.conv1.mae": 0.3199677734375,
    "layer2.0.conv1.mape": 0.14481256510416668,
    "layer2.0.conv1.mse": 0.19612483723958332,
    "layer2.0.conv1.rows": -1,
    "layer2.0.conv1.scaled_error": 0.0177726318359375,
    "layer2.0.conv1.scaled_shift": 0.00019317544301350912,
    "layer2.0.conv1.stored_array_size": 48,
    "layer2.0.conv2.C": 64,
    "layer2.0.conv2.H_size": 11264,
    "layer2.0.conv2.K": 16,
    "layer2.0.conv2.L_size": 524288,
    "layer2.0.conv2.learned_a_shape": [
        1,
        261970
    ],
    "layer2.0.conv2.learned_b_shape": [
        261970,
        128
    ],
    "layer2.0.conv2.learned_d": 261970,
    "layer2.0.conv2.learned_m": 128,
    "layer2.0.conv2.learned_n": 1,
    "layer2.0.conv2.mae": 0.24512513020833335,
    "layer2.0.conv2.mape": 0.14550738932291668,
    "layer2.0.conv2.mse": 0.10531287434895834,
    "layer2.0.conv2.rows": -1,
    "layer2.0.conv2.scaled_error": 0.03450066731770833,
    "layer2.0.conv2.scaled_shift": 0.0021063201904296877,
    "layer2.0.conv2.stored_array_size": 48,
    "layer2.0.downsample.0.C": 32,
    "layer2.0.downsample.0.H_size": 5632,
    "layer2.0.downsample.0.K": 16,
    "layer2.0.downsample.0.L_size": 262144,
    "layer2.0.downsample.0.learned_a_shape": [
        1,
        261970
    ],
    "layer2.0.downsample.0.learned_b_shape": [
        261970,
        128
    ],
    "layer2.0.downsample.0.learned_d": 261970,
    "layer2.0.downsample.0.learned_m": 128,
    "layer2.0.downsample.0.learned_n": 1,
    "layer2.0.downsample.0.mae": 0.08587013346354166,
    "layer2.0.downsample.0.mape": 0.05185397135416667,
    "layer2.0.downsample.0.mse": 0.014453299967447916,
    "layer2.0.downsample.0.rows": -1,
    "layer2.0.downsample.0.scaled_error": 0.009492777506510416,
    "layer2.0.downsample.0.scaled_shift": 0.00023163328170776367,
    "layer2.0.downsample.0.stored_array_size": 48,
    "layer2.1.conv1.C": 64,
    "layer2.1.conv1.H_size": 11264,
    "layer2.1.conv1.K": 16,
    "layer2.1.conv1.L_size": 524288,
    "layer2.1.conv1.learned_a_shape": [
        1,
        261970
    ],
    "layer2.1.conv1.learned_b_shape": [
        261970,
        128
    ],
    "layer2.1.conv1.learned_d": 261970,
    "layer2.1.conv1.learned_m": 128,
    "layer2.1.conv1.learned_n": 1,
    "layer2.1.conv1.mae": 0.41112024739583336,
    "layer2.1.conv1.mape": 0.19504140625,
    "layer2.1.conv1.mse": 0.3031349609375,
    "layer2.1.conv1.rows": -1,
    "layer2.1.conv1.scaled_error": 0.030970125325520834,
    "layer2.1.conv1.scaled_shift": 0.0037623494466145833,
    "layer2.1.conv1.stored_array_size": 48,
    "layer2.1.conv2.C": 64,
    "layer2.1.conv2.H_size": 11264,
    "layer2.1.conv2.K": 16,
    "layer2.1.conv2.L_size": 524288,
    "layer2.1.conv2.learned_a_shape": [
        1,
        261970
    ],
    "layer2.1.conv2.learned_b_shape": [
        261970,
        128
    ],
    "layer2.1.conv2.learned_d": 261970,
    "layer2.1.conv2.learned_m": 128,
    "layer2.1.conv2.learned_n": 1,
    "layer2.1.conv2.mae": 0.19775185546875,
    "layer2.1.conv2.mape": 0.13112496744791666,
    "layer2.1.conv2.mse": 0.06491051432291667,
    "layer2.1.conv2.rows": -1,
    "layer2.1.conv2.scaled_error": 0.0444368408203125,
    "layer2.1.conv2.scaled_shift": 0.000475859006245931,
    "layer2.1.conv2.stored_array_size": 48,
    "layer3.0.conv1.C": 128,
    "layer3.0.conv1.H_size": 22528,
    "layer3.0.conv1.K": 16,
    "layer3.0.conv1.L_size": 2097152,
    "layer3.0.conv1.learned_a_shape": [
        1,
        261970
    ],
    "layer3.0.conv1.learned_b_shape": [
        261970,
        256
    ],
    "layer3.0.conv1.learned_d": 261970,
    "layer3.0.conv1.learned_m": 256,
    "layer3.0.conv1.learned_n": 1,
    "layer3.0.conv1.mae": 0.2871041015625,
    "layer3.0.conv1.mape": 0.1499501953125,
    "layer3.0.conv1.mse": 0.139365625,
    "layer3.0.conv1.rows": -1,
    "layer3.0.conv1.scaled_error": 0.030479109700520833,
    "layer3.0.conv1.scaled_shift": 0.002935706075032552,
    "layer3.0.conv1.stored_array_size": 48,
    "layer3.0.conv2.C": 128,
    "layer3.0.conv2.H_size": 22528,