{
    "halut_layers": "{\"layer2.1.conv2\": [64, -1, 16], \"layer2.1.conv1\": [64, -1, 16], \"layer2.0.downsample.0\": [32, -1, 16], \"layer2.0.conv2\": [64, -1, 16], \"layer2.0.conv1\": [64, -1, 16], \"layer1.1.conv2\": [32, -1, 16], \"layer1.1.conv1\": [32, -1, 16], \"layer1.0.conv2\": [32, -1, 16], \"layer1.0.conv1\": [32, -1, 16]}",
    "layer1.0.conv1.C": 32,
    "layer1.0.conv1.H_size": 5632,
    "layer1.0.conv1.K": 16,
    "layer1.0.conv1.L_size": 131072,
    "layer1.0.conv1.learned_a_shape": [
        1,
        261970
    ],
    "layer1.0.conv1.learned_b_shape": [
        261970,
        64
    ],
    "layer1.0.conv1.learned_d": 261970,
    "layer1.0.conv1.learned_m": 64,
    "layer1.0.conv1.learned_n": 1,
    "layer1.0.conv1.mae": 0.60325,
    "layer1.0.conv1.mape": 0.1871982421875,
    "layer1.0.conv1.mse": 1.0820421875,
    "layer1.0.conv1.rows": -1,
    "layer1.0.conv1.scaled_error": 0.01018154296875,
    "layer1.0.conv1.scaled_shift": 0.001168505859375,
    "layer1.0.conv1.stored_array_size": 48,
    "layer1.0.conv2.C": 32,
    "layer1.0.conv2.H_size": 5632,
    "layer1.0.conv2.K": 16,
    "layer1.0.conv2.L_size": 131072,
    "layer1.0.conv2.learned_a_shape": [
        1,
        261970
    ],
    "layer1.0.conv2.learned_b_shape": [
        261970,
        64
    ],
    "layer1.0.conv2.learned_d": 261970,
    "layer1.0.conv2.learned_m": 64,
    "layer1.0.conv2.learned_n": 1,
    "layer1.0.conv2.mae": 0.31185078125,
    "layer1.0.conv2.mape": 0.1569423828125,
    "layer1.0.conv2.mse": 0.2098875,
    "layer1.0.conv2.rows": -1,
    "layer1.0.conv2.scaled_error": 0.0191624755859375,
    "layer1.0.conv2.scaled_shift": 0.00020679435729980468,
    "layer1.0.conv2.stored_array_size": 48,
    "layer1.1.conv1.C": 32,
    "layer1.1.conv1.H_size": 5632,
    "layer1.1.conv1.K": 16,
    "layer1.1.conv1.L_size": 131072,
    "layer1.1.conv1.learned_a_shape": [
        1,
        261970
    ],
    "layer1.1.conv1.learned_b_shape": [
        261970,
        64
    ],
    "layer1.1.conv1.learned_d": 261970,
    "layer1.1.conv1.learned_m": 64,
    "layer1.1.conv1.learned_n": 1,
    "layer1.1.conv1.mae": 0.5119125,
    "layer1.1.conv1.mape": 0.17660625,
    "layer1.1.conv1.mse": 0.55582109375,
    "layer1.1.conv1.rows": -1,
    "layer1.1.conv1.scaled_error": 0.0257731689453125,
    "layer1.1.conv1.scaled_shift": 0.0037330810546875,
    "layer1.1.conv1.stored_array_size": 48,
    "layer1.1.conv2.C": 32,
    "layer1.1.conv2.H_size": 5632,
    "layer1.1.conv2.K": 16,
    "layer1.1.conv2.L_size": 131072,
    "layer1.1.conv2.learned_a_shape": [
        1,
        261970
    ],
    "layer1.1.conv2.learned_b_shape": [
        261970,
        64
    ],
    "layer1.1.conv2.learned_d": 261970,
    "layer1.1.conv2.learned_m": 64,
    "layer1.1.conv2.learned_n": 1,
    "layer1.1.conv2.mae": 0.248549609375,
    "layer1.1.conv2.mape": 0.1366806640625,
    "layer1.1.conv2.mse": 0.11986826171875,
    "layer1.1.conv2.rows": -1,
    "layer1.1.conv2.scaled_error": 0.0250765380859375,
    "layer1.1.conv2.scaled_shift": 0.0011087051391601562,
    "layer1.1.conv2.stored_array_size": 48,
    "layer2.0.conv1.C": 64,
    "layer2.0.conv1.H_size": 11264,
    "layer2.0.conv1.K": 16,
    "layer2.0.conv1.L_size": 524288,
    "layer2.0.conv1.learned_a_shape": [
        1,
        261970
    ],
    "layer2.0.conv1.learned_b_shape": [
        261970,
        128
    ],
    "layer2.0.conv1.learned_d": 261970,
    "layer2.0.conv1.learned_m": 128,
    "layer2.0.conv1.learned_n": 1,
    "layer2.0.conv1.mae": 0.410628125,
    "layer2.0.conv1.mape": 0.1637671875,
    "layer2.0.conv1.mse": 0.355870703125,
    "layer2.0.conv1.rows": -1,
    "layer2.0.conv1.scaled_error": 0.021586279296875,
    "layer2.0.conv1.scaled_shift": 0.0019882049560546876,
    "layer2.0.conv1.stored_array_size": 48,
    "layer2.0.conv2.C": 64,
    "layer2.0.conv2.H_size": 11264,
    "layer2.0.conv2.K": 16,
    "layer2.0.conv2.L_size": 524288,
    "layer2.0.conv2.learned_a_shape": [
        1,
        261970
    ],
    "layer2.0.conv2.learned_b_shape": [
        261970,
        128
    ],
    "layer2.0.conv2.learned_d": 261970,
    "layer2.0.conv2.learned_m": 128,
    "layer2.0.conv2.learned_n": 1,
    "layer2.0.conv2.mae": 0.2672859375,
    "layer2.0.conv2.mape": 0.1553015625,
    "layer2.0.conv2.mse": 0.126108203125,
    "layer2.0.conv2.rows": -1,
    "layer2.0.conv2.scaled_error": 0.03658291015625,
    "layer2.0.conv2.scaled_shift": 0.0024994140625,
    "layer2.0.conv2.stored_array_size": 48,
    "layer2.0.downsample.0.C": 32,
    "layer2.0.downsample.0.H_size": 5632,
    "layer2.0.downsample.0.K": 16,
    "layer2.0.downsample.0.L_size": 262144,
    "layer2.0.downsample.0.learned_a_shape": [
        1,
        261970
    ],
    "layer2.0.downsample.0.learned_b_shape": [
        261970,
        128
    ],
    "layer2.0.downsample.0.learned_d": 261970,
    "layer2.0.downsample.0.learned_m": 128,
    "layer2.0.downsample.0.learned_n": 1,
    "layer2.0.downsample.0.mae": 0.0968900390625,
    "layer2.0.downsample.0.mape": 0.05537001953125,
    "layer2.0.downsample.0.mse": 0.0204880126953125,
    "layer2.0.downsample.0.rows": -1,
    "layer2.0.downsample.0.scaled_error": 0.00893787841796875,
    "layer2.0.downsample.0.scaled_shift": 0.00015198850631713867,
    "layer2.0.downsample.0.stored_array_size": 48,
    "layer2.1.conv1.C": 64,
    "layer2.1.conv1.H_size": 11264,
    "layer2.1.conv1.K": 16,
    "layer2.1.conv1.L_size": 524288,
    "layer2.1.conv1.learned_a_shape": [
        1,
        261970
    ],
    "layer2.1.conv1.learned_b_shape": [
        261970,
        128
    ],
    "layer2.1.conv1.learned_d": 261970,
    "layer2.1.conv1.learned_m": 128,
    "layer2.1.conv1.learned_n": 1,
    "layer2.1.conv1.mae": 0.45815703125,
    "layer2.1.conv1.mape": 0.2088841796875,
    "layer2.1.conv1.mse": 0.379188671875,
    "layer2.1.conv1.rows": -1,
    "layer2.1.conv1.scaled_error": 0.0316986328125,
    "layer2.1.conv1.scaled_shift": 0.00385946044921875,
    "layer2.1.conv1.stored_array_size": 48,
    "layer2.1.conv2.C": 64,
    "layer2.1.conv2.H_size": 11264,
    "layer2.1.conv2.K": 16,
    "layer2.1.conv2.L_size": 524288,
    "layer2.1.conv2.learned_a_shape": [
        1,
        261970
    ],
    "layer2.1.conv2.learned_b_shape": [
        261970,
        128
    ],
    "layer2.1.conv2.learned_d": 261970,
    "layer2.1.conv2.learned_m": 128,
    "layer2.1.conv2.learned_n": 1,
    "layer2.1.conv2.mae": 0.19838984375,
    "layer2.1.conv2.mape": 0.1331916015625,
    "layer2.1.conv2.mse": 0.06536025390625,
    "layer2.1.conv2.rows": -1,
    "layer2.1.conv2.scaled_error": 0.043582568359375,
    "layer2.1.conv2.scaled_shift": -0.0008906074523925781,
    "layer2.1.conv2.stored_array_size": 48,
    "top_1_accuracy": 89.46,
    "top_5_accuracy": 99.61
}