{
    "halut_layers": "{\"layer2.0.downsample.0\": [64, -1, 16], \"layer2.0.conv2\": [128, -1, 16], \"layer2.0.conv1\": [128, -1, 16], \"layer1.1.conv2\": [64, -1, 16], \"layer1.1.conv1\": [64, -1, 16], \"layer1.0.conv2\": [64, -1, 16], \"layer1.0.conv1\": [64, -1, 16]}",
    "layer1.0.conv1.C": 64,
    "layer1.0.conv1.H_size": 11264,
    "layer1.0.conv1.K": 16,
    "layer1.0.conv1.L_size": 262144,
    "layer1.0.conv1.learned_a_shape": [
        1,
        261970
    ],
    "layer1.0.conv1.learned_b_shape": [
        261970,
        64
    ],
    "layer1.0.conv1.learned_d": 261970,
    "layer1.0.conv1.learned_m": 64,
    "layer1.0.conv1.learned_n": 1,
    "layer1.0.conv1.mae": 0.42936295572916666,
    "layer1.0.conv1.mape": 0.13668544921875,
    "layer1.0.conv1.mse": 0.6630516927083333,
    "layer1.0.conv1.rows": -1,
    "layer1.0.conv1.scaled_error": 0.006750135294596354,
    "layer1.0.conv1.scaled_shift": 0.0005909845987955729,
    "layer1.0.conv1.stored_array_size": 48,
    "layer1.0.conv2.C": 64,
    "layer1.0.conv2.H_size": 11264,
    "layer1.0.conv2.K": 16,
    "layer1.0.conv2.L_size": 262144,
    "layer1.0.conv2.learned_a_shape": [
        1,
        261970
    ],
    "layer1.0.conv2.learned_b_shape": [
        261970,
        64
    ],
    "layer1.0.conv2.learned_d": 261970,
    "layer1.0.conv2.learned_m": 64,
    "layer1.0.conv2.learned_n": 1,
    "layer1.0.conv2.mae": 0.21810885416666667,
    "layer1.0.conv2.mape": 0.11551463216145834,
    "layer1.0.conv2.mse": 0.1040599609375,
    "layer1.0.conv2.rows": -1,
    "layer1.0.conv2.scaled_error": 0.015009541829427084,
    "layer1.0.conv2.scaled_shift": 0.0007767653147379558,
    "layer1.0.conv2.stored_array_size": 48,
    "layer1.1.conv1.C": 64,
    "layer1.1.conv1.H_size": 11264,
    "layer1.1.conv1.K": 16,
    "layer1.1.conv1.L_size": 262144,
    "layer1.1.conv1.learned_a_shape": [
        1,
        261970
    ],
    "layer1.1.conv1.learned_b_shape": [
        261970,
        64
    ],
    "layer1.1.conv1.learned_d": 261970,
    "layer1.1.conv1.learned_m": 64,
    "layer1.1.conv1.learned_n": 1,
    "layer1.1.conv1.mae": 0.40156764322916666,
    "layer1.1.conv1.mape": 0.135871875,
    "layer1.1.conv1.mse": 0.32545944010416666,
    "layer1.1.conv1.rows": -1,
    "layer1.1.conv1.scaled_error": 0.0192971435546875,
    "layer1.1.conv1.scaled_shift": 0.003475343322753906,
    "layer1.1.conv1.stored_array_size": 48,
    "layer1.1.conv2.C": 64,
    "layer1.1.conv2.H_size": 11264,
    "layer1.1.conv2.K": 16,
    "layer1.1.conv2.L_size": 262144,
    "layer1.1.conv2.learned_a_shape": [
        1,
        261970
    ],
    "layer1.1.conv2.learned_b_shape": [
        261970,
        64
    ],
    "layer1.1.conv2.learned_d": 261970,
    "layer1.1.conv2.learned_m": 64,
    "layer1.1.conv2.learned_n": 1,
    "layer1.1.conv2.mae": 0.17106311848958333,
    "layer1.1.conv2.mape": 0.09803382161458334,
    "layer1.1.conv2.mse": 0.0562957275390625,
    "layer1.1.conv2.rows": -1,
    "layer1.1.conv2.scaled_error": 0.017536002604166667,
    "layer1.1.conv2.scaled_shift": 0.00046541951497395834,
    "layer1.1.conv2.stored_array_size": 48,
    "layer2.0.conv1.C": 128,
    "layer2.0.conv1.H_size": 22528,
    "layer2.0.conv1.K": 16,
    "layer2.0.conv1.L_size": 1048576,
    "layer2.0.conv1.learned_a_shape": [
        1,
        261970
    ],
    "layer2.0.conv1.learned_b_shape": [
        261970,
        128
    ],
    "layer2.0.conv1.learned_d": 261970,
    "layer2.0.conv1.learned_m": 128,
    "layer2.0.conv1.learned_n": 1,
    "layer2.0.conv1.mae": 0.3175168619791667,
    "layer2.0.conv1.mape": 0.119678857421875,
    "layer2.0.conv1.mse": 0.19601005859375,
    "layer2.0.conv1.rows": -1,
    "layer2.0.conv1.scaled_error": 0.014445564778645833,
    "layer2.0.conv1.scaled_shift": 0.001375104268391927,
    "layer2.0.conv1.stored_array_size": 48,
    "layer2.0.conv2.C": 128,
    "layer2.0.conv2.H_size": 22528,
    "layer2.0.conv2.K": 16,
    "layer2.0.conv2.L_size": 1048576,
    "layer2.0.conv2.learned_a_shape": [
        1,
        261970
    ],
    "layer2.0.conv2.learned_b_shape": [
        261970,
        128
    ],
    "layer2.0.conv2.learned_d": 261970,
    "layer2.0.conv2.learned_m": 128,
    "layer2.0.conv2.learned_n": 1,
    "layer2.0.conv2.mae": 0.20148440755208333,
    "layer2.0.conv2.mape": 0.11406171875,
    "layer2.0.conv2.mse": 0.07236931966145833,
    "layer2.0.conv2.rows": -1,
    "layer2.0.conv2.scaled_error": 0.025899210611979168,
    "layer2.0.conv2.scaled_shift": 0.004431890869140625,
    "layer2.0.conv2.stored_array_size": 48,
    "layer2.0.downsample.0.C": 64,
    "layer2.0.downsample.0.H_size": 11264,
    "layer2.0.downsample.0.K": 16,
    "layer2.0.downsample.0.L_size": 524288,
    "layer2.0.downsample.0.learned_a_shape": [
        1,
        261970
    ],
    "layer2.0.downsample.0.learned_b_shape": [
        261970,
        128
    ],
    "layer2.0.downsample.0.learned_d": 261970,
    "layer2.0.downsample.0.learned_m": 128,
    "layer2.0.downsample.0.learned_n": 1,
    "layer2.0.downsample.0.mae": 0.0650376953125,
    "layer2.0.downsample.0.mape": 0.032606201171875,
    "layer2.0.downsample.0.mse": 0.00979029541015625,
    "layer2.0.downsample.0.rows": -1,
    "layer2.0.downsample.0.scaled_error": 0.0056732666015625,
    "layer2.0.downsample.0.scaled_shift": 0.0003482978820800781,
    "layer2.0.downsample.0.stored_array_size": 48,
    "top_1_accuracy": 89.9,
    "top_5_accuracy": 99.65
}