{
    "halut_layers": "{\"layer4.0.conv2\": [512, -1, 16], \"layer4.0.conv1\": [512, -1, 16], \"layer3.1.conv2\": [256, -1, 16], \"layer3.1.conv1\": [256, -1, 16], \"layer3.0.downsample.0\": [64, -1, 16], \"layer3.0.conv2\": [256, -1, 16], \"layer3.0.conv1\": [256, -1, 16], \"layer2.1.conv2\": [128, -1, 16], \"layer2.1.conv1\": [128, -1, 16], \"layer2.0.downsample.0\": [64, -1, 16], \"layer2.0.conv2\": [128, -1, 16], \"layer2.0.conv1\": [128, -1, 16], \"layer1.1.conv2\": [64, -1, 16], \"layer1.1.conv1\": [64, -1, 16], \"layer1.0.conv2\": [64, -1, 16], \"layer1.0.conv1\": [64, -1, 16]}",
    "layer1.0.conv1.C": 64,
    "layer1.0.conv1.H_size": 11264,
    "layer1.0.conv1.K": 16,
    "layer1.0.conv1.L_size": 262144,
    "layer1.0.conv1.learned_a_shape": [
        1,
        261970
    ],
    "layer1.0.conv1.learned_b_shape": [
        261970,
        64
    ],
    "layer1.0.conv1.learned_d": 261970,
    "layer1.0.conv1.learned_m": 64,
    "layer1.0.conv1.learned_n": 1,
    "layer1.0.conv1.mae": 0.539271875,
    "layer1.0.conv1.mape": 0.1691396484375,
    "layer1.0.conv1.mse": 0.7973109375,
    "layer1.0.conv1.rows": -1,
    "layer1.0.conv1.scaled_error": 0.0094712890625,
    "layer1.0.conv1.scaled_shift": 0.00134989013671875,
    "layer1.0.conv1.stored_array_size": 48,
    "layer1.0.conv2.C": 64,
    "layer1.0.conv2.H_size": 11264,
    "layer1.0.conv2.K": 16,
    "layer1.0.conv2.L_size": 262144,
    "layer1.0.conv2.learned_a_shape": [
        1,
        261970
    ],
    "layer1.0.conv2.learned_b_shape": [
        261970,
        64
    ],
    "layer1.0.conv2.learned_d": 261970,
    "layer1.0.conv2.learned_m": 64,
    "layer1.0.conv2.learned_n": 1,
    "layer1.0.conv2.mae": 0.25182265625,
    "layer1.0.conv2.mape": 0.1276802734375,
    "layer1.0.conv2.mse": 0.1402955078125,
    "layer1.0.conv2.rows": -1,
    "layer1.0.conv2.scaled_error": 0.016997802734375,
    "layer1.0.conv2.scaled_shift": 0.000971270751953125,
    "layer1.0.conv2.stored_array_size": 48,
    "layer1.1.conv1.C": 64,
    "layer1.1.conv1.H_size": 11264,
    "layer1.1.conv1.K": 16,
    "layer1.1.conv1.L_size": 262144,
    "layer1.1.conv1.learned_a_shape": [
        1,
        261970
    ],
    "layer1.1.conv1.learned_b_shape": [
        261970,
        64
    ],
    "layer1.1.conv1.learned_d": 261970,
    "layer1.1.conv1.learned_m": 64,
    "layer1.1.conv1.learned_n": 1,
    "layer1.1.conv1.mae": 0.500703125,
    "layer1.1.conv1.mape": 0.1580734375,
    "layer1.1.conv1.mse": 0.51597890625,
    "layer1.1.conv1.rows": -1,
    "layer1.1.conv1.scaled_error": 0.0232564208984375,
    "layer1.1.conv1.scaled_shift": 0.004886334228515625,
    "layer1.1.conv1.stored_array_size": 48,
    "layer1.1.conv2.C": 64,
    "layer1.1.conv2.H_size": 11264,
    "layer1.1.conv2.K": 16,
    "layer1.1.conv2.L_size": 262144,
    "layer1.1.conv2.learned_a_shape": [
        1,
        261970
    ],
    "layer1.1.conv2.learned_b_shape": [
        261970,
        64
    ],
    "layer1.1.conv2.learned_d": 261970,
    "layer1.1.conv2.learned_m": 64,
    "layer1.1.conv2.learned_n": 1,
    "layer1.1.conv2.mae": 0.1927166015625,
    "layer1.1.conv2.mape": 0.10648759765625,
    "layer1.1.conv2.mse": 0.07286962890625,
    "layer1.1.conv2.rows": -1,
    "layer1.1.conv2.scaled_error": 0.0196494384765625,
    "layer1.1.conv2.scaled_shift": 0.0010676254272460938,
    "layer1.1.conv2.stored_array_size": 48,
    "layer2.0.conv1.C": 128,
    "layer2.0.conv1.H_size": 22528,
    "layer2.0.conv1.K": 16,
    "layer2.0.conv1.L_size": 1048576,
    "layer2.0.conv1.learned_a_shape": [
        1,
        261970
    ],
    "layer2.0.conv1.learned_b_shape": [
        261970,
        128
    ],
    "layer2.0.conv1.learned_d": 261970,
    "layer2.0.conv1.learned_m": 128,
    "layer2.0.conv1.learned_n": 1,
    "layer2.0.conv1.mae": 0.3826046875,
    "layer2.0.conv1.mape": 0.133448828125,
    "layer2.0.conv1.mse": 0.29883125,
    "layer2.0.conv1.rows": -1,
    "layer2.0.conv1.scaled_error": 0.0159289306640625,
    "layer2.0.conv1.scaled_shift": 0.0024679779052734375,
    "layer2.0.conv1.stored_array_size": 48,
    "layer2.0.conv2.C": 128,
    "layer2.0.conv2.H_size": 22528,
    "layer2.0.conv2.K": 16,
    "layer2.0.conv2.L_size": 1048576,
    "layer2.0.conv2.learned_a_shape": [
        1,
        261970
    ],
    "layer2.0.conv2.learned_b_shape": [
        261970,
        128
    ],
    "layer2.0.conv2.learned_d": 261970,
    "layer2.0.conv2.learned_m": 128,
    "layer2.0.conv2.learned_n": 1,
    "layer2.0.conv2.mae": 0.229848046875,
    "layer2.0.conv2.mape": 0.1257228515625,
    "layer2.0.conv2.mse": 0.0941505859375,
    "layer2.0.conv2.rows": -1,
    "layer2.0.conv2.scaled_error": 0.0291109375,
    "layer2.0.conv2.scaled_shift": 0.005471905517578125,
    "layer2.0.conv2.stored_array_size": 48,
    "layer2.0.downsample.0.C": 64,
    "layer2.0.downsample.0.H_size": 11264,
    "layer2.0.downsample.0.K": 16,
    "layer2.0.downsample.0.L_size": 524288,
    "layer2.0.downsample.0.learned_a_shape": [
        1,
        261970
    ],
    "layer2.0.downsample.0.learned_b_shape": [
        261970,
        128
    ],
    "layer2.0.downsample.0.learned_d": 261970,
    "layer2.0.downsample.0.learned_m": 128,
    "layer2.0.downsample.0.learned_n": 1,
    "layer2.0.downsample.0.mae": 0.0638166015625,
    "layer2.0.downsample.0.mape": 0.03226240234375,
    "layer2.0.downsample.0.mse": 0.00937244873046875,
    "layer2.0.downsample.0.rows": -1,
    "layer2.0.downsample.0.scaled_error": 0.00583739013671875,
    "layer2.0.downsample.0.scaled_shift": 0.0003869865417480469,
    "layer2.0.downsample.0.stored_array_size": 48,
    "layer2.1.conv1.C": 128,
    "layer2.1.conv1.H_size": 22528,
    "layer2.1.conv1.K": 16,
    "layer2.1.conv1.L_size": 1048576,
    "layer2.1.conv1.learned_a_shape": [
        1,
        261970
    ],
    "layer2.1.conv1.learned_b_shape": [
        261970,
        128
    ],
    "layer2.1.conv1.learned_d": 261970,
    "layer2.1.conv1.learned_m": 128,
    "layer2.1.conv1.learned_n": 1,
    "layer2.1.conv1.mae": 0.3876921875,
    "layer2.1.conv1.mape": 0.165489453125,
    "layer2.1.conv1.mse": 0.270876953125,
    "layer2.1.conv1.rows": -1,
    "layer2.1.conv1.scaled_error": 0.024174951171875,
    "layer2.1.conv1.scaled_shift": 0.005056182861328125,
    "layer2.1.conv1.stored_array_size": 48,
    "layer2.1.conv2.C": 128,
    "layer2.1.conv2.H_size": 22528,
    "layer2.1.conv2.K": 16,
    "layer2.1.conv2.L_size": 1048576,
    "layer2.1.conv2.learned_a_shape": [
        1,
        261970
    ],
    "layer2.1.conv2.learned_b_shape": [
        261970,
        128
    ],
    "layer2.1.conv2.learned_d": 261970,
    "layer2.1.conv2.learned_m": 128,
    "layer2.1.conv2.learned_n": 1,
    "layer2.1.conv2.mae": 0.1769541015625,
    "layer2.1.conv2.mape": 0.11225712890625,
    "layer2.1.conv2.mse": 0.052607373046875,
    "layer2.1.conv2.rows": -1,
    "layer2.1.conv2.scaled_error": 0.03184892578125,
    "layer2.1.conv2.scaled_shift": 0.00023744888305664064,
    "layer2.1.conv2.stored_array_size": 48,
    "layer3.0.conv1.C": 256,
    "layer3.0.conv1.H_size": 45056,
    "layer3.0.conv1.K": 16,
    "layer3.0.conv1.L_size": 4194304,
    "layer3.0.conv1.learned_a_shape": [
        1,
        261970
    ],
    "layer3.0.conv1.learned_b_shape": [
        261970,
        256
    ],
    "layer3.0.conv1.learned_d": 261970,
    "layer3.0.conv1.learned_m": 256,
    "layer3.0.conv1.learned_n": 1,
    "layer3.0.conv1.mae": 0.299690625,
    "layer3.0.conv1.mape": 0.1340103515625,
    "layer3.0.conv1.mse": 0.160779296875,
    "layer3.0.conv1.rows": -1,
    "layer3.0.conv1.scaled_error": 0.024240478515625,
    "layer3.0.conv1.scaled_shift": 0.004468426513671875,
    "layer3.0.conv1.stored_array_size": 48,
    "layer3.0.conv2.C": 256,
    "layer3.0.conv2.H_size": 45056,
    "layer3.0.conv2.K": 16,
    "layer3.0.conv2.L_size": 4194304,
    "layer3.0.conv2.learned_a_shape": [
        1,
        261970
    ],