{
    "halut_layers": "{\"layer4.0.conv2\": [512, -1, 16], \"layer4.0.conv1\": [512, -1, 16], \"layer3.1.conv2\": [256, -1, 16], \"layer3.1.conv1\": [256, -1, 16], \"layer3.0.downsample.0\": [64, -1, 16], \"layer3.0.conv2\": [256, -1, 16], \"layer3.0.conv1\": [256, -1, 16], \"layer2.1.conv2\": [128, -1, 16], \"layer2.1.conv1\": [128, -1, 16], \"layer2.0.downsample.0\": [64, -1, 16], \"layer2.0.conv2\": [128, -1, 16], \"layer2.0.conv1\": [128, -1, 16], \"layer1.1.conv2\": [64, -1, 16], \"layer1.1.conv1\": [64, -1, 16], \"layer1.0.conv2\": [64, -1, 16], \"layer1.0.conv1\": [64, -1, 16]}",
    "layer1.0.conv1.C": 64,
    "layer1.0.conv1.H_size": 11264,
    "layer1.0.conv1.K": 16,
    "layer1.0.conv1.L_size": 262144,
    "layer1.0.conv1.learned_a_shape": [
        1,
        261970
    ],
    "layer1.0.conv1.learned_b_shape": [
        261970,
        64
    ],
    "layer1.0.conv1.learned_d": 261970,
    "layer1.0.conv1.learned_m": 64,
    "layer1.0.conv1.learned_n": 1,
    "layer1.0.conv1.mae": 0.43745891927083336,
    "layer1.0.conv1.mape": 0.15000315755208332,
    "layer1.0.conv1.mse": 0.4946877604166667,
    "layer1.0.conv1.rows": -1,
    "layer1.0.conv1.scaled_error": 0.008028741455078125,
    "layer1.0.conv1.scaled_shift": 0.0007714209238688151,
    "layer1.0.conv1.stored_array_size": 48,
    "layer1.0.conv2.C": 64,
    "layer1.0.conv2.H_size": 11264,
    "layer1.0.conv2.K": 16,
    "layer1.0.conv2.L_size": 262144,
    "layer1.0.conv2.learned_a_shape": [
        1,
        261970
    ],
    "layer1.0.conv2.learned_b_shape": [
        261970,
        64
    ],
    "layer1.0.conv2.learned_d": 261970,
    "layer1.0.conv2.learned_m": 64,
    "layer1.0.conv2.learned_n": 1,
    "layer1.0.conv2.mae": 0.22278795572916665,
    "layer1.0.conv2.mape": 0.11891027018229167,
    "layer1.0.conv2.mse": 0.10626871744791666,
    "layer1.0.conv2.rows": -1,
    "layer1.0.conv2.scaled_error": 0.015956982421875,
    "layer1.0.conv2.scaled_shift": 0.0008954625447591146,
    "layer1.0.conv2.stored_array_size": 48,
    "layer1.1.conv1.C": 64,
    "layer1.1.conv1.H_size": 11264,
    "layer1.1.conv1.K": 16,
    "layer1.1.conv1.L_size": 262144,
    "layer1.1.conv1.learned_a_shape": [
        1,
        261970
    ],
    "layer1.1.conv1.learned_b_shape": [
        261970,
        64
    ],
    "layer1.1.conv1.learned_d": 261970,
    "layer1.1.conv1.learned_m": 64,
    "layer1.1.conv1.learned_n": 1,
    "layer1.1.conv1.mae": 0.40667024739583335,
    "layer1.1.conv1.mape": 0.1414947265625,
    "layer1.1.conv1.mse": 0.3232091796875,
    "layer1.1.conv1.rows": -1,
    "layer1.1.conv1.scaled_error": 0.020047420247395833,
    "layer1.1.conv1.scaled_shift": 0.002880560811360677,
    "layer1.1.conv1.stored_array_size": 48,
    "layer1.1.conv2.C": 64,
    "layer1.1.conv2.H_size": 11264,
    "layer1.1.conv2.K": 16,
    "layer1.1.conv2.L_size": 262144,
    "layer1.1.conv2.learned_a_shape": [
        1,
        261970
    ],
    "layer1.1.conv2.learned_b_shape": [
        261970,
        64
    ],
    "layer1.1.conv2.learned_d": 261970,
    "layer1.1.conv2.learned_m": 64,
    "layer1.1.conv2.learned_n": 1,
    "layer1.1.conv2.mae": 0.17149446614583333,
    "layer1.1.conv2.mape": 0.09900646158854166,
    "layer1.1.conv2.mse": 0.05637921549479167,
    "layer1.1.conv2.rows": -1,
    "layer1.1.conv2.scaled_error": 0.017617159016927085,
    "layer1.1.conv2.scaled_shift": 0.0005052475611368815,
    "layer1.1.conv2.stored_array_size": 48,
    "layer2.0.conv1.C": 128,
    "layer2.0.conv1.H_size": 22528,
    "layer2.0.conv1.K": 16,
    "layer2.0.conv1.L_size": 1048576,
    "layer2.0.conv1.learned_a_shape": [
        1,
        261970
    ],
    "layer2.0.conv1.learned_b_shape": [
        261970,
        128
    ],
    "layer2.0.conv1.learned_d": 261970,
    "layer2.0.conv1.learned_m": 128,
    "layer2.0.conv1.learned_n": 1,
    "layer2.0.conv1.mae": 0.31268919270833334,
    "layer2.0.conv1.mape": 0.12063849283854167,
    "layer2.0.conv1.mse": 0.18990188802083333,
    "layer2.0.conv1.rows": -1,
    "layer2.0.conv1.scaled_error": 0.013431540934244791,
    "layer2.0.conv1.scaled_shift": 0.001342168172200521,
    "layer2.0.conv1.stored_array_size": 48,
    "layer2.0.conv2.C": 128,
    "layer2.0.conv2.H_size": 22528,
    "layer2.0.conv2.K": 16,
    "layer2.0.conv2.L_size": 1048576,
    "layer2.0.conv2.learned_a_shape": [
        1,
        261970
    ],
    "layer2.0.conv2.learned_b_shape": [
        261970,
        128
    ],
    "layer2.0.conv2.learned_d": 261970,
    "layer2.0.conv2.learned_m": 128,
    "layer2.0.conv2.learned_n": 1,
    "layer2.0.conv2.mae": 0.20375576171875,
    "layer2.0.conv2.mape": 0.11504581705729167,
    "layer2.0.conv2.mse": 0.073623779296875,
    "layer2.0.conv2.rows": -1,
    "layer2.0.conv2.scaled_error": 0.026604081217447915,
    "layer2.0.conv2.scaled_shift": 0.004743087768554688,
    "layer2.0.conv2.stored_array_size": 48,
    "layer2.0.downsample.0.C": 64,
    "layer2.0.downsample.0.H_size": 11264,
    "layer2.0.downsample.0.K": 16,
    "layer2.0.downsample.0.L_size": 524288,
    "layer2.0.downsample.0.learned_a_shape": [
        1,
        261970
    ],
    "layer2.0.downsample.0.learned_b_shape": [
        261970,
        128
    ],
    "layer2.0.downsample.0.learned_d": 261970,
    "layer2.0.downsample.0.learned_m": 128,
    "layer2.0.downsample.0.learned_n": 1,
    "layer2.0.downsample.0.mae": 0.0564139404296875,
    "layer2.0.downsample.0.mape": 0.029858406575520833,
    "layer2.0.downsample.0.mse": 0.0069052378336588545,
    "layer2.0.downsample.0.rows": -1,
    "layer2.0.downsample.0.scaled_error": 0.005725979614257812,
    "layer2.0.downsample.0.scaled_shift": 0.0004352437337239583,
    "layer2.0.downsample.0.stored_array_size": 48,
    "layer2.1.conv1.C": 128,
    "layer2.1.conv1.H_size": 22528,
    "layer2.1.conv1.K": 16,
    "layer2.1.conv1.L_size": 1048576,
    "layer2.1.conv1.learned_a_shape": [
        1,
        261970
    ],
    "layer2.1.conv1.learned_b_shape": [
        261970,
        128
    ],
    "layer2.1.conv1.learned_d": 261970,
    "layer2.1.conv1.learned_m": 128,
    "layer2.1.conv1.learned_n": 1,
    "layer2.1.conv1.mae": 0.33854127604166667,
    "layer2.1.conv1.mape": 0.15346575520833333,
    "layer2.1.conv1.mse": 0.20541689453125,
    "layer2.1.conv1.rows": -1,
    "layer2.1.conv1.scaled_error": 0.02258201904296875,
    "layer2.1.conv1.scaled_shift": 0.004112435913085938,
    "layer2.1.conv1.stored_array_size": 48,
    "layer2.1.conv2.C": 128,
    "layer2.1.conv2.H_size": 22528,
    "layer2.1.conv2.K": 16,
    "layer2.1.conv2.L_size": 1048576,
    "layer2.1.conv2.learned_a_shape": [
        1,
        261970
    ],
    "layer2.1.conv2.learned_b_shape": [
        261970,
        128
    ],
    "layer2.1.conv2.learned_d": 261970,
    "layer2.1.conv2.learned_m": 128,
    "layer2.1.conv2.learned_n": 1,
    "layer2.1.conv2.mae": 0.17448046875,
    "layer2.1.conv2.mape": 0.10992980143229167,
    "layer2.1.conv2.mse": 0.051095556640625,
    "layer2.1.conv2.rows": -1,
    "layer2.1.conv2.scaled_error": 0.03107579345703125,
    "layer2.1.conv2.scaled_shift": 0.0007354825973510742,
    "layer2.1.conv2.stored_array_size": 48,
    "layer3.0.conv1.C": 256,
    "layer3.0.conv1.H_size": 45056,
    "layer3.0.conv1.K": 16,
    "layer3.0.conv1.L_size": 4194304,
    "layer3.0.conv1.learned_a_shape": [
        1,
        261970
    ],
    "layer3.0.conv1.learned_b_shape": [
        261970,
        256
    ],
    "layer3.0.conv1.learned_d": 261970,
    "layer3.0.conv1.learned_m": 256,
    "layer3.0.conv1.learned_n": 1,
    "layer3.0.conv1.mae": 0.2736491536458333,
    "layer3.0.conv1.mape": 0.12569617513020834,
    "layer3.0.conv1.mse": 0.13337350260416667,
    "layer3.0.conv1.rows": -1,
    "layer3.0.conv1.scaled_error": 0.021814400227864583,
    "layer3.0.conv1.scaled_shift": 0.004488058471679687,
    "layer3.0.conv1.stored_array_size": 48,
    "layer3.0.conv2.C": 256,
    "layer3.0.conv2.H_size": 45056,
    "layer3.0.conv2.K": 16,