{
    "halut_layers": "{\"layer4.1.conv1\": [512, -1, 16], \"layer4.0.downsample.0\": [64, -1, 16], \"layer4.0.conv2\": [512, -1, 16], \"layer4.0.conv1\": [512, -1, 16], \"layer3.1.conv2\": [256, -1, 16], \"layer3.1.conv1\": [256, -1, 16], \"layer3.0.downsample.0\": [64, -1, 16], \"layer3.0.conv2\": [256, -1, 16], \"layer3.0.conv1\": [256, -1, 16], \"layer2.1.conv2\": [128, -1, 16], \"layer2.1.conv1\": [128, -1, 16], \"layer2.0.downsample.0\": [64, -1, 16], \"layer2.0.conv2\": [128, -1, 16], \"layer2.0.conv1\": [128, -1, 16], \"layer1.1.conv2\": [64, -1, 16], \"layer1.1.conv1\": [64, -1, 16], \"layer1.0.conv2\": [64, -1, 16], \"layer1.0.conv1\": [64, -1, 16]}",
    "layer1.0.conv1.C": 64,
    "layer1.0.conv1.H_size": 11264,
    "layer1.0.conv1.K": 16,
    "layer1.0.conv1.L_size": 262144,
    "layer1.0.conv1.learned_a_shape": [
        1,
        523940
    ],
    "layer1.0.conv1.learned_b_shape": [
        523940,
        64
    ],
    "layer1.0.conv1.learned_d": 523940,
    "layer1.0.conv1.learned_m": 64,
    "layer1.0.conv1.learned_n": 1,
    "layer1.0.conv1.mae": 0.40892018229166666,
    "layer1.0.conv1.mape": 0.152251171875,
    "layer1.0.conv1.mse": 0.35981673177083334,
    "layer1.0.conv1.rows": -1,
    "layer1.0.conv1.scaled_error": 0.019598286946614585,
    "layer1.0.conv1.scaled_shift": 0.0045292999267578125,
    "layer1.0.conv1.stored_array_size": 48,
    "layer1.0.conv2.C": 64,
    "layer1.0.conv2.H_size": 11264,
    "layer1.0.conv2.K": 16,
    "layer1.0.conv2.L_size": 262144,
    "layer1.0.conv2.learned_a_shape": [
        1,
        523940
    ],
    "layer1.0.conv2.learned_b_shape": [
        523940,
        64
    ],
    "layer1.0.conv2.learned_d": 523940,
    "layer1.0.conv2.learned_m": 64,
    "layer1.0.conv2.learned_n": 1,
    "layer1.0.conv2.mae": 0.20916839192708334,
    "layer1.0.conv2.mape": 0.10732898763020833,
    "layer1.0.conv2.mse": 0.08952340494791666,
    "layer1.0.conv2.rows": -1,
    "layer1.0.conv2.scaled_error": 0.0136755859375,
    "layer1.0.conv2.scaled_shift": 0.0006249732971191406,
    "layer1.0.conv2.stored_array_size": 48,
    "layer1.1.conv1.C": 64,
    "layer1.1.conv1.H_size": 11264,
    "layer1.1.conv1.K": 16,
    "layer1.1.conv1.L_size": 262144,
    "layer1.1.conv1.learned_a_shape": [
        1,
        523940
    ],
    "layer1.1.conv1.learned_b_shape": [
        523940,
        64
    ],
    "layer1.1.conv1.learned_d": 523940,
    "layer1.1.conv1.learned_m": 64,
    "layer1.1.conv1.learned_n": 1,
    "layer1.1.conv1.mae": 0.35446028645833333,
    "layer1.1.conv1.mape": 0.13562828776041666,
    "layer1.1.conv1.mse": 0.2522195638020833,
    "layer1.1.conv1.rows": -1,
    "layer1.1.conv1.scaled_error": 0.01608377685546875,
    "layer1.1.conv1.scaled_shift": 0.0009712666829427083,
    "layer1.1.conv1.stored_array_size": 48,
    "layer1.1.conv2.C": 64,
    "layer1.1.conv2.H_size": 11264,
    "layer1.1.conv2.K": 16,
    "layer1.1.conv2.L_size": 262144,
    "layer1.1.conv2.learned_a_shape": [
        1,
        523940
    ],
    "layer1.1.conv2.learned_b_shape": [
        523940,
        64
    ],
    "layer1.1.conv2.learned_d": 523940,
    "layer1.1.conv2.learned_m": 64,
    "layer1.1.conv2.learned_n": 1,
    "layer1.1.conv2.mae": 0.13192293294270832,
    "layer1.1.conv2.mape": 0.08399716796875,
    "layer1.1.conv2.mse": 0.032832621256510416,
    "layer1.1.conv2.rows": -1,
    "layer1.1.conv2.scaled_error": 0.011229954020182292,
    "layer1.1.conv2.scaled_shift": 0.00026030327479044596,
    "layer1.1.conv2.stored_array_size": 48,
    "layer2.0.conv1.C": 128,
    "layer2.0.conv1.H_size": 22528,
    "layer2.0.conv1.K": 16,
    "layer2.0.conv1.L_size": 1048576,
    "layer2.0.conv1.learned_a_shape": [
        1,
        523940
    ],
    "layer2.0.conv1.learned_b_shape": [
        523940,
        128
    ],
    "layer2.0.conv1.learned_d": 523940,
    "layer2.0.conv1.learned_m": 128,
    "layer2.0.conv1.learned_n": 1,
    "layer2.0.conv1.mae": 0.2919258463541667,
    "layer2.0.conv1.mape": 0.11760087890625,
    "layer2.0.conv1.mse": 0.17920950520833334,
    "layer2.0.conv1.rows": -1,
    "layer2.0.conv1.scaled_error": 0.0121640380859375,
    "layer2.0.conv1.scaled_shift": 0.001305810546875,
    "layer2.0.conv1.stored_array_size": 48,
    "layer2.0.conv2.C": 128,
    "layer2.0.conv2.H_size": 22528,
    "layer2.0.conv2.K": 16,
    "layer2.0.conv2.L_size": 1048576,
    "layer2.0.conv2.learned_a_shape": [
        1,
        523940
    ],
    "layer2.0.conv2.learned_b_shape": [
        523940,
        128
    ],
    "layer2.0.conv2.learned_d": 523940,
    "layer2.0.conv2.learned_m": 128,
    "layer2.0.conv2.learned_n": 1,
    "layer2.0.conv2.mae": 0.22430849609375,
    "layer2.0.conv2.mape": 0.12187887369791667,
    "layer2.0.conv2.mse": 0.10103043619791667,
    "layer2.0.conv2.rows": -1,
    "layer2.0.conv2.scaled_error": 0.014367045084635417,
    "layer2.0.conv2.scaled_shift": 0.0026950505574544273,
    "layer2.0.conv2.stored_array_size": 48,
    "layer2.0.downsample.0.C": 64,
    "layer2.0.downsample.0.H_size": 11264,
    "layer2.0.downsample.0.K": 16,
    "layer2.0.downsample.0.L_size": 524288,
    "layer2.0.downsample.0.learned_a_shape": [
        1,
        523940
    ],
    "layer2.0.downsample.0.learned_b_shape": [
        523940,
        128
    ],
    "layer2.0.downsample.0.learned_d": 523940,
    "layer2.0.downsample.0.learned_m": 128,
    "layer2.0.downsample.0.learned_n": 1,
    "layer2.0.downsample.0.mae": 0.04985030924479167,
    "layer2.0.downsample.0.mape": 0.027631392415364584,
    "layer2.0.downsample.0.mse": 0.005449435424804688,
    "layer2.0.downsample.0.rows": -1,
    "layer2.0.downsample.0.scaled_error": 0.005768575032552083,
    "layer2.0.downsample.0.scaled_shift": 0.0010275042215983072,
    "layer2.0.downsample.0.stored_array_size": 48,
    "layer2.1.conv1.C": 128,
    "layer2.1.conv1.H_size": 22528,
    "layer2.1.conv1.K": 16,
    "layer2.1.conv1.L_size": 1048576,
    "layer2.1.conv1.learned_a_shape": [
        1,
        523940
    ],
    "layer2.1.conv1.learned_b_shape": [
        523940,
        128
    ],
    "layer2.1.conv1.learned_d": 523940,
    "layer2.1.conv1.learned_m": 128,
    "layer2.1.conv1.learned_n": 1,
    "layer2.1.conv1.mae": 0.3166517578125,
    "layer2.1.conv1.mape": 0.15669759114583334,
    "layer2.1.conv1.mse": 0.19147180989583334,
    "layer2.1.conv1.rows": -1,
    "layer2.1.conv1.scaled_error": 0.018838232421875,
    "layer2.1.conv1.scaled_shift": 0.0019483881632486979,
    "layer2.1.conv1.stored_array_size": 48,
    "layer2.1.conv2.C": 128,
    "layer2.1.conv2.H_size": 22528,
    "layer2.1.conv2.K": 16,
    "layer2.1.conv2.L_size": 1048576,
    "layer2.1.conv2.learned_a_shape": [
        1,
        523940
    ],
    "layer2.1.conv2.learned_b_shape": [
        523940,
        128
    ],
    "layer2.1.conv2.learned_d": 523940,
    "layer2.1.conv2.learned_m": 128,
    "layer2.1.conv2.learned_n": 1,
    "layer2.1.conv2.mae": 0.193517578125,
    "layer2.1.conv2.mape": 0.11766481119791666,
    "layer2.1.conv2.mse": 0.06688152669270833,
    "layer2.1.conv2.rows": -1,
    "layer2.1.conv2.scaled_error": 0.0189377685546875,
    "layer2.1.conv2.scaled_shift": 0.0006382125854492187,
    "layer2.1.conv2.stored_array_size": 48,
    "layer3.0.conv1.C": 256,
    "layer3.0.conv1.H_size": 45056,
    "layer3.0.conv1.K": 16,
    "layer3.0.conv1.L_size": 4194304,
    "layer3.0.conv1.learned_a_shape": [
        1,
        523940
    ],
    "layer3.0.conv1.learned_b_shape": [
        523940,
        256
    ],
    "layer3.0.conv1.learned_d": 523940,
    "layer3.0.conv1.learned_m": 256,
    "layer3.0.conv1.learned_n": 1,
    "layer3.0.conv1.mae": 0.263216015625,
    "layer3.0.conv1.mape": 0.12090978190104167,
    "layer3.0.conv1.mse": 0.12945930989583335,
    "layer3.0.conv1.rows": -1,
    "layer3.0.conv1.scaled_error": 0.0130864990234375,
    "layer3.0.conv1.scaled_shift": 0.0032291702270507813,
    "layer3.0.conv1.stored_array_size": 48,
    "layer3.0.conv2.C": 256,