{
    "halut_layers": "{\"layer4.0.conv1\": [512, -1, 16], \"layer3.1.conv2\": [256, -1, 16], \"layer3.1.conv1\": [256, -1, 16], \"layer3.0.downsample.0\": [64, -1, 16], \"layer3.0.conv2\": [256, -1, 16], \"layer3.0.conv1\": [256, -1, 16], \"layer2.1.conv2\": [128, -1, 16], \"layer2.1.conv1\": [128, -1, 16], \"layer2.0.downsample.0\": [64, -1, 16], \"layer2.0.conv2\": [128, -1, 16], \"layer2.0.conv1\": [128, -1, 16], \"layer1.1.conv2\": [64, -1, 16], \"layer1.1.conv1\": [64, -1, 16], \"layer1.0.conv2\": [64, -1, 16], \"layer1.0.conv1\": [64, -1, 16]}",
    "layer1.0.conv1.C": 64,
    "layer1.0.conv1.H_size": 11264,
    "layer1.0.conv1.K": 16,
    "layer1.0.conv1.L_size": 262144,
    "layer1.0.conv1.learned_a_shape": [
        1,
        523940
    ],
    "layer1.0.conv1.learned_b_shape": [
        523940,
        64
    ],
    "layer1.0.conv1.learned_d": 523940,
    "layer1.0.conv1.learned_m": 64,
    "layer1.0.conv1.learned_n": 1,
    "layer1.0.conv1.mae": 0.51328125,
    "layer1.0.conv1.mape": 0.1728478515625,
    "layer1.0.conv1.mse": 0.596765625,
    "layer1.0.conv1.rows": -1,
    "layer1.0.conv1.scaled_error": 0.0214556396484375,
    "layer1.0.conv1.scaled_shift": 0.005983282470703125,
    "layer1.0.conv1.stored_array_size": 48,
    "layer1.0.conv2.C": 64,
    "layer1.0.conv2.H_size": 11264,
    "layer1.0.conv2.K": 16,
    "layer1.0.conv2.L_size": 262144,
    "layer1.0.conv2.learned_a_shape": [
        1,
        523940
    ],
    "layer1.0.conv2.learned_b_shape": [
        523940,
        64
    ],
    "layer1.0.conv2.learned_d": 523940,
    "layer1.0.conv2.learned_m": 64,
    "layer1.0.conv2.learned_n": 1,
    "layer1.0.conv2.mae": 0.248504296875,
    "layer1.0.conv2.mape": 0.11922109375,
    "layer1.0.conv2.mse": 0.1290638671875,
    "layer1.0.conv2.rows": -1,
    "layer1.0.conv2.scaled_error": 0.016218212890625,
    "layer1.0.conv2.scaled_shift": 0.001165936279296875,
    "layer1.0.conv2.stored_array_size": 48,
    "layer1.1.conv1.C": 64,
    "layer1.1.conv1.H_size": 11264,
    "layer1.1.conv1.K": 16,
    "layer1.1.conv1.L_size": 262144,
    "layer1.1.conv1.learned_a_shape": [
        1,
        523940
    ],
    "layer1.1.conv1.learned_b_shape": [
        523940,
        64
    ],
    "layer1.1.conv1.learned_d": 523940,
    "layer1.1.conv1.learned_m": 64,
    "layer1.1.conv1.learned_n": 1,
    "layer1.1.conv1.mae": 0.4363640625,
    "layer1.1.conv1.mape": 0.1545919921875,
    "layer1.1.conv1.mse": 0.399615625,
    "layer1.1.conv1.rows": -1,
    "layer1.1.conv1.scaled_error": 0.01883193359375,
    "layer1.1.conv1.scaled_shift": 0.0016817138671875,
    "layer1.1.conv1.stored_array_size": 48,
    "layer1.1.conv2.C": 64,
    "layer1.1.conv2.H_size": 11264,
    "layer1.1.conv2.K": 16,
    "layer1.1.conv2.L_size": 262144,
    "layer1.1.conv2.learned_a_shape": [
        1,
        523940
    ],
    "layer1.1.conv2.learned_b_shape": [
        523940,
        64
    ],
    "layer1.1.conv2.learned_d": 523940,
    "layer1.1.conv2.learned_m": 64,
    "layer1.1.conv2.learned_n": 1,
    "layer1.1.conv2.mae": 0.1494490234375,
    "layer1.1.conv2.mape": 0.0924703125,
    "layer1.1.conv2.mse": 0.042231982421875,
    "layer1.1.conv2.rows": -1,
    "layer1.1.conv2.scaled_error": 0.012762890625,
    "layer1.1.conv2.scaled_shift": 0.0004494705200195312,
    "layer1.1.conv2.stored_array_size": 48,
    "layer2.0.conv1.C": 128,
    "layer2.0.conv1.H_size": 22528,
    "layer2.0.conv1.K": 16,
    "layer2.0.conv1.L_size": 1048576,
    "layer2.0.conv1.learned_a_shape": [
        1,
        523940
    ],
    "layer2.0.conv1.learned_b_shape": [
        523940,
        128
    ],
    "layer2.0.conv1.learned_d": 523940,
    "layer2.0.conv1.learned_m": 128,
    "layer2.0.conv1.learned_n": 1,
    "layer2.0.conv1.mae": 0.357194140625,
    "layer2.0.conv1.mape": 0.13358359375,
    "layer2.0.conv1.mse": 0.28015703125,
    "layer2.0.conv1.rows": -1,
    "layer2.0.conv1.scaled_error": 0.0150732666015625,
    "layer2.0.conv1.scaled_shift": 0.002361968994140625,
    "layer2.0.conv1.stored_array_size": 48,
    "layer2.0.conv2.C": 128,
    "layer2.0.conv2.H_size": 22528,
    "layer2.0.conv2.K": 16,
    "layer2.0.conv2.L_size": 1048576,
    "layer2.0.conv2.learned_a_shape": [
        1,
        523940
    ],
    "layer2.0.conv2.learned_b_shape": [
        523940,
        128
    ],
    "layer2.0.conv2.learned_d": 523940,
    "layer2.0.conv2.learned_m": 128,
    "layer2.0.conv2.learned_n": 1,
    "layer2.0.conv2.mae": 0.260806640625,
    "layer2.0.conv2.mape": 0.1344025390625,
    "layer2.0.conv2.mse": 0.1378896484375,
    "layer2.0.conv2.rows": -1,
    "layer2.0.conv2.scaled_error": 0.0166994140625,
    "layer2.0.conv2.scaled_shift": 0.003623175048828125,
    "layer2.0.conv2.stored_array_size": 48,
    "layer2.0.downsample.0.C": 64,
    "layer2.0.downsample.0.H_size": 11264,
    "layer2.0.downsample.0.K": 16,
    "layer2.0.downsample.0.L_size": 524288,
    "layer2.0.downsample.0.learned_a_shape": [
        1,
        523940
    ],
    "layer2.0.downsample.0.learned_b_shape": [
        523940,
        128
    ],
    "layer2.0.downsample.0.learned_d": 523940,
    "layer2.0.downsample.0.learned_m": 128,
    "layer2.0.downsample.0.learned_n": 1,
    "layer2.0.downsample.0.mae": 0.055236474609375,
    "layer2.0.downsample.0.mape": 0.0291346435546875,
    "layer2.0.downsample.0.mse": 0.00734144287109375,
    "layer2.0.downsample.0.rows": -1,
    "layer2.0.downsample.0.scaled_error": 0.00548193359375,
    "layer2.0.downsample.0.scaled_shift": 0.0009159759521484375,
    "layer2.0.downsample.0.stored_array_size": 48,
    "layer2.1.conv1.C": 128,
    "layer2.1.conv1.H_size": 22528,
    "layer2.1.conv1.K": 16,
    "layer2.1.conv1.L_size": 1048576,
    "layer2.1.conv1.learned_a_shape": [
        1,
        523940
    ],
    "layer2.1.conv1.learned_b_shape": [
        523940,
        128
    ],
    "layer2.1.conv1.learned_d": 523940,
    "layer2.1.conv1.learned_m": 128,
    "layer2.1.conv1.learned_n": 1,
    "layer2.1.conv1.mae": 0.360938671875,
    "layer2.1.conv1.mape": 0.1707046875,
    "layer2.1.conv1.mse": 0.250702734375,
    "layer2.1.conv1.rows": -1,
    "layer2.1.conv1.scaled_error": 0.0196635009765625,
    "layer2.1.conv1.scaled_shift": 0.002257672119140625,
    "layer2.1.conv1.stored_array_size": 48,
    "layer2.1.conv2.C": 128,
    "layer2.1.conv2.H_size": 22528,
    "layer2.1.conv2.K": 16,
    "layer2.1.conv2.L_size": 1048576,
    "layer2.1.conv2.learned_a_shape": [
        1,
        523940
    ],
    "layer2.1.conv2.learned_b_shape": [
        523940,
        128
    ],
    "layer2.1.conv2.learned_d": 523940,
    "layer2.1.conv2.learned_m": 128,
    "layer2.1.conv2.learned_n": 1,
    "layer2.1.conv2.mae": 0.2005818359375,
    "layer2.1.conv2.mape": 0.12147177734375,
    "layer2.1.conv2.mse": 0.07184052734375,
    "layer2.1.conv2.rows": -1,
    "layer2.1.conv2.scaled_error": 0.0193049560546875,
    "layer2.1.conv2.scaled_shift": 0.0002535022735595703,
    "layer2.1.conv2.stored_array_size": 48,
    "layer3.0.conv1.C": 256,
    "layer3.0.conv1.H_size": 45056,
    "layer3.0.conv1.K": 16,
    "layer3.0.conv1.L_size": 4194304,
    "layer3.0.conv1.learned_a_shape": [
        1,
        523940
    ],
    "layer3.0.conv1.learned_b_shape": [
        523940,
        256
    ],
    "layer3.0.conv1.learned_d": 523940,
    "layer3.0.conv1.learned_m": 256,
    "layer3.0.conv1.learned_n": 1,
    "layer3.0.conv1.mae": 0.29466875,
    "layer3.0.conv1.mape": 0.1300638671875,
    "layer3.0.conv1.mse": 0.162583203125,
    "layer3.0.conv1.rows": -1,
    "layer3.0.conv1.scaled_error": 0.01414462890625,
    "layer3.0.conv1.scaled_shift": 0.0035179779052734376,
    "layer3.0.conv1.stored_array_size": 48,
    "layer3.0.conv2.C": 256,
    "layer3.0.conv2.H_size": 45056,
    "layer3.0.conv2.K": 16,
    "layer3.0.conv2.L_size": 4194304,
    "layer3.0.conv2.learned_a_shape": [
        1,
        523940
    ],
    "layer3.0.conv2.learned_b_shape": [
        523940,
        256
    ],