{
    "halut_layers": "{\"layer1.1.conv2\": [64, -1, 16], \"layer1.1.conv1\": [64, -1, 16], \"layer1.0.conv2\": [64, -1, 16], \"layer1.0.conv1\": [64, -1, 16]}",
    "layer1.0.conv1.C": 64,
    "layer1.0.conv1.H_size": 11264,
    "layer1.0.conv1.K": 16,
    "layer1.0.conv1.L_size": 262144,
    "layer1.0.conv1.learned_a_shape": [
        1,
        523940
    ],
    "layer1.0.conv1.learned_b_shape": [
        523940,
        64
    ],
    "layer1.0.conv1.learned_d": 523940,
    "layer1.0.conv1.learned_m": 64,
    "layer1.0.conv1.learned_n": 1,
    "layer1.0.conv1.mae": 0.39061647135416666,
    "layer1.0.conv1.mape": 0.14212298177083332,
    "layer1.0.conv1.mse": 0.33701184895833336,
    "layer1.0.conv1.rows": -1,
    "layer1.0.conv1.scaled_error": 0.01822413330078125,
    "layer1.0.conv1.scaled_shift": 0.004372411092122396,
    "layer1.0.conv1.stored_array_size": 48,
    "layer1.0.conv2.C": 64,
    "layer1.0.conv2.H_size": 11264,
    "layer1.0.conv2.K": 16,
    "layer1.0.conv2.L_size": 262144,
    "layer1.0.conv2.learned_a_shape": [
        1,
        523940
    ],
    "layer1.0.conv2.learned_b_shape": [
        523940,
        64
    ],
    "layer1.0.conv2.learned_d": 523940,
    "layer1.0.conv2.learned_m": 64,
    "layer1.0.conv2.learned_n": 1,
    "layer1.0.conv2.mae": 0.20861910807291667,
    "layer1.0.conv2.mape": 0.1063783203125,
    "layer1.0.conv2.mse": 0.09028356119791667,
    "layer1.0.conv2.rows": -1,
    "layer1.0.conv2.scaled_error": 0.013627054850260417,
    "layer1.0.conv2.scaled_shift": 0.000566671625773112,
    "layer1.0.conv2.stored_array_size": 48,
    "layer1.1.conv1.C": 64,
    "layer1.1.conv1.H_size": 11264,
    "layer1.1.conv1.K": 16,
    "layer1.1.conv1.L_size": 262144,
    "layer1.1.conv1.learned_a_shape": [
        1,
        523940
    ],
    "layer1.1.conv1.learned_b_shape": [
        523940,
        64
    ],
    "layer1.1.conv1.learned_d": 523940,
    "layer1.1.conv1.learned_m": 64,
    "layer1.1.conv1.learned_n": 1,
    "layer1.1.conv1.mae": 0.34800234375,
    "layer1.1.conv1.mape": 0.13027783203125,
    "layer1.1.conv1.mse": 0.24683255208333332,
    "layer1.1.conv1.rows": -1,
    "layer1.1.conv1.scaled_error": 0.01553590087890625,
    "layer1.1.conv1.scaled_shift": 0.001179504140218099,
    "layer1.1.conv1.stored_array_size": 48,
    "layer1.1.conv2.C": 64,
    "layer1.1.conv2.H_size": 11264,
    "layer1.1.conv2.K": 16,
    "layer1.1.conv2.L_size": 262144,
    "layer1.1.conv2.learned_a_shape": [
        1,
        523940
    ],
    "layer1.1.conv2.learned_b_shape": [
        523940,
        64
    ],
    "layer1.1.conv2.learned_d": 523940,
    "layer1.1.conv2.learned_m": 64,
    "layer1.1.conv2.learned_n": 1,
    "layer1.1.conv2.mae": 0.14520546875,
    "layer1.1.conv2.mape": 0.09012919921875,
    "layer1.1.conv2.mse": 0.039950830078125,
    "layer1.1.conv2.rows": -1,
    "layer1.1.conv2.scaled_error": 0.0125793212890625,
    "layer1.1.conv2.scaled_shift": 0.00041560821533203127,
    "layer1.1.conv2.stored_array_size": 48,
    "top_1_accuracy": 90.08,
    "top_5_accuracy": 99.51
}