{
    "halut_layers": "{\"layer3.0.conv1\": [256, -1, 16], \"layer2.1.conv2\": [128, -1, 16], \"layer2.1.conv1\": [128, -1, 16], \"layer2.0.downsample.0\": [64, -1, 16], \"layer2.0.conv2\": [128, -1, 16], \"layer2.0.conv1\": [128, -1, 16], \"layer1.1.conv2\": [64, -1, 16], \"layer1.1.conv1\": [64, -1, 16], \"layer1.0.conv2\": [64, -1, 16], \"layer1.0.conv1\": [64, -1, 16]}",
    "layer1.0.conv1.C": 64,
    "layer1.0.conv1.H_size": 11264,
    "layer1.0.conv1.K": 16,
    "layer1.0.conv1.L_size": 262144,
    "layer1.0.conv1.learned_a_shape": [
        1,
        523940
    ],
    "layer1.0.conv1.learned_b_shape": [
        523940,
        64
    ],
    "layer1.0.conv1.learned_d": 523940,
    "layer1.0.conv1.learned_m": 64,
    "layer1.0.conv1.learned_n": 1,
    "layer1.0.conv1.mae": 0.39551432291666666,
    "layer1.0.conv1.mape": 0.14592916666666667,
    "layer1.0.conv1.mse": 0.33536126302083336,
    "layer1.0.conv1.rows": -1,
    "layer1.0.conv1.scaled_error": 0.018982242838541667,
    "layer1.0.conv1.scaled_shift": 0.0038005223592122396,
    "layer1.0.conv1.stored_array_size": 48,
    "layer1.0.conv2.C": 64,
    "layer1.0.conv2.H_size": 11264,
    "layer1.0.conv2.K": 16,
    "layer1.0.conv2.L_size": 262144,
    "layer1.0.conv2.learned_a_shape": [
        1,
        523940
    ],
    "layer1.0.conv2.learned_b_shape": [
        523940,
        64
    ],
    "layer1.0.conv2.learned_d": 523940,
    "layer1.0.conv2.learned_m": 64,
    "layer1.0.conv2.learned_n": 1,
    "layer1.0.conv2.mae": 0.20921767578125,
    "layer1.0.conv2.mape": 0.10676129557291666,
    "layer1.0.conv2.mse": 0.089896923828125,
    "layer1.0.conv2.rows": -1,
    "layer1.0.conv2.scaled_error": 0.013604742431640626,
    "layer1.0.conv2.scaled_shift": 0.0006425479253133137,
    "layer1.0.conv2.stored_array_size": 48,
    "layer1.1.conv1.C": 64,
    "layer1.1.conv1.H_size": 11264,
    "layer1.1.conv1.K": 16,
    "layer1.1.conv1.L_size": 262144,
    "layer1.1.conv1.learned_a_shape": [
        1,
        523940
    ],
    "layer1.1.conv1.learned_b_shape": [
        523940,
        64
    ],
    "layer1.1.conv1.learned_d": 523940,
    "layer1.1.conv1.learned_m": 64,
    "layer1.1.conv1.learned_n": 1,
    "layer1.1.conv1.mae": 0.3510973958333333,
    "layer1.1.conv1.mape": 0.13335032552083334,
    "layer1.1.conv1.mse": 0.24661630859375,
    "layer1.1.conv1.rows": -1,
    "layer1.1.conv1.scaled_error": 0.01574493408203125,
    "layer1.1.conv1.scaled_shift": 0.0007941533406575521,
    "layer1.1.conv1.stored_array_size": 48,
    "layer1.1.conv2.C": 64,
    "layer1.1.conv2.H_size": 11264,
    "layer1.1.conv2.K": 16,
    "layer1.1.conv2.L_size": 262144,
    "layer1.1.conv2.learned_a_shape": [
        1,
        523940
    ],
    "layer1.1.conv2.learned_b_shape": [
        523940,
        64
    ],
    "layer1.1.conv2.learned_d": 523940,
    "layer1.1.conv2.learned_m": 64,
    "layer1.1.conv2.learned_n": 1,
    "layer1.1.conv2.mae": 0.13194104817708333,
    "layer1.1.conv2.mape": 0.08376884765625,
    "layer1.1.conv2.mse": 0.03267262776692708,
    "layer1.1.conv2.rows": -1,
    "layer1.1.conv2.scaled_error": 0.011549820963541667,
    "layer1.1.conv2.scaled_shift": 0.0002943584760030111,
    "layer1.1.conv2.stored_array_size": 48,
    "layer2.0.conv1.C": 128,
    "layer2.0.conv1.H_size": 22528,
    "layer2.0.conv1.K": 16,
    "layer2.0.conv1.L_size": 1048576,
    "layer2.0.conv1.learned_a_shape": [
        1,
        523940
    ],
    "layer2.0.conv1.learned_b_shape": [
        523940,
        128
    ],
    "layer2.0.conv1.learned_d": 523940,
    "layer2.0.conv1.learned_m": 128,
    "layer2.0.conv1.learned_n": 1,
    "layer2.0.conv1.mae": 0.2911178385416667,
    "layer2.0.conv1.mape": 0.116226611328125,
    "layer2.0.conv1.mse": 0.17828177083333333,
    "layer2.0.conv1.rows": -1,
    "layer2.0.conv1.scaled_error": 0.011910237630208334,
    "layer2.0.conv1.scaled_shift": 0.0011750897725423177,
    "layer2.0.conv1.stored_array_size": 48,
    "layer2.0.conv2.C": 128,
    "layer2.0.conv2.H_size": 22528,
    "layer2.0.conv2.K": 16,
    "layer2.0.conv2.L_size": 1048576,
    "layer2.0.conv2.learned_a_shape": [
        1,
        523940
    ],
    "layer2.0.conv2.learned_b_shape": [
        523940,
        128
    ],
    "layer2.0.conv2.learned_d": 523940,
    "layer2.0.conv2.learned_m": 128,
    "layer2.0.conv2.learned_n": 1,
    "layer2.0.conv2.mae": 0.22233766276041667,
    "layer2.0.conv2.mape": 0.121013916015625,
    "layer2.0.conv2.mse": 0.09931769205729167,
    "layer2.0.conv2.rows": -1,
    "layer2.0.conv2.scaled_error": 0.014443855794270833,
    "layer2.0.conv2.scaled_shift": 0.002666705322265625,
    "layer2.0.conv2.stored_array_size": 48,
    "layer2.0.downsample.0.C": 64,
    "layer2.0.downsample.0.H_size": 11264,
    "layer2.0.downsample.0.K": 16,
    "layer2.0.downsample.0.L_size": 524288,
    "layer2.0.downsample.0.learned_a_shape": [
        1,
        523940
    ],
    "layer2.0.downsample.0.learned_b_shape": [
        523940,
        128
    ],
    "layer2.0.downsample.0.learned_d": 523940,
    "layer2.0.downsample.0.learned_m": 128,
    "layer2.0.downsample.0.learned_n": 1,
    "layer2.0.downsample.0.mae": 0.05091995442708333,
    "layer2.0.downsample.0.mape": 0.027893208821614585,
    "layer2.0.downsample.0.mse": 0.005668777465820313,
    "layer2.0.downsample.0.rows": -1,
    "layer2.0.downsample.0.scaled_error": 0.005894646199544271,
    "layer2.0.downsample.0.scaled_shift": 0.0010560438791910808,
    "layer2.0.downsample.0.stored_array_size": 48,
    "layer2.1.conv1.C": 128,
    "layer2.1.conv1.H_size": 22528,
    "layer2.1.conv1.K": 16,
    "layer2.1.conv1.L_size": 1048576,
    "layer2.1.conv1.learned_a_shape": [
        1,
        523940
    ],
    "layer2.1.conv1.learned_b_shape": [
        523940,
        128
    ],
    "layer2.1.conv1.learned_d": 523940,
    "layer2.1.conv1.learned_m": 128,
    "layer2.1.conv1.learned_n": 1,
    "layer2.1.conv1.mae": 0.3144208333333333,
    "layer2.1.conv1.mape": 0.15589313151041667,
    "layer2.1.conv1.mse": 0.18932513020833333,
    "layer2.1.conv1.rows": -1,
    "layer2.1.conv1.scaled_error": 0.018126387532552083,
    "layer2.1.conv1.scaled_shift": 0.0018529307047526042,
    "layer2.1.conv1.stored_array_size": 48,
    "layer2.1.conv2.C": 128,
    "layer2.1.conv2.H_size": 22528,
    "layer2.1.conv2.K": 16,
    "layer2.1.conv2.L_size": 1048576,
    "layer2.1.conv2.learned_a_shape": [
        1,
        523940
    ],
    "layer2.1.conv2.learned_b_shape": [
        523940,
        128
    ],
    "layer2.1.conv2.learned_d": 523940,
    "layer2.1.conv2.learned_m": 128,
    "layer2.1.conv2.learned_n": 1,
    "layer2.1.conv2.mae": 0.1948193359375,
    "layer2.1.conv2.mape": 0.11783006184895833,
    "layer2.1.conv2.mse": 0.06801002604166667,
    "layer2.1.conv2.rows": -1,
    "layer2.1.conv2.scaled_error": 0.01889852294921875,
    "layer2.1.conv2.scaled_shift": 0.0007134044647216797,
    "layer2.1.conv2.stored_array_size": 48,
    "layer3.0.conv1.C": 256,
    "layer3.0.conv1.H_size": 45056,
    "layer3.0.conv1.K": 16,
    "layer3.0.conv1.L_size": 4194304,
    "layer3.0.conv1.learned_a_shape": [
        1,
        523940
    ],
    "layer3.0.conv1.learned_b_shape": [
        523940,
        256
    ],
    "layer3.0.conv1.learned_d": 523940,
    "layer3.0.conv1.learned_m": 256,
    "layer3.0.conv1.learned_n": 1,
    "layer3.0.conv1.mae": 0.290916796875,
    "layer3.0.conv1.mape": 0.1288201171875,
    "layer3.0.conv1.mse": 0.158724609375,
    "layer3.0.conv1.rows": -1,
    "layer3.0.conv1.scaled_error": 0.01398638916015625,
    "layer3.0.conv1.scaled_shift": 0.0035303009033203123,
    "layer3.0.conv1.stored_array_size": 48,
    "top_1_accuracy": 86.5,
    "top_5_accuracy": 99.19
}