{
    "halut_layers": "{\"layer3.1.conv2\": [256, -1, 16], \"layer3.1.conv1\": [256, -1, 16], \"layer3.0.downsample.0\": [64, -1, 16], \"layer3.0.conv2\": [256, -1, 16], \"layer3.0.conv1\": [256, -1, 16], \"layer2.1.conv2\": [128, -1, 16], \"layer2.1.conv1\": [128, -1, 16], \"layer2.0.downsample.0\": [64, -1, 16], \"layer2.0.conv2\": [128, -1, 16], \"layer2.0.conv1\": [128, -1, 16], \"layer1.1.conv2\": [64, -1, 16], \"layer1.1.conv1\": [64, -1, 16], \"layer1.0.conv2\": [64, -1, 16], \"layer1.0.conv1\": [64, -1, 16]}",
    "layer1.0.conv1.C": 64,
    "layer1.0.conv1.H_size": 11264,
    "layer1.0.conv1.K": 16,
    "layer1.0.conv1.L_size": 262144,
    "layer1.0.conv1.learned_a_shape": [
        1,
        261970
    ],
    "layer1.0.conv1.learned_b_shape": [
        261970,
        64
    ],
    "layer1.0.conv1.learned_d": 261970,
    "layer1.0.conv1.learned_m": 64,
    "layer1.0.conv1.learned_n": 1,
    "layer1.0.conv1.mae": 0.510040625,
    "layer1.0.conv1.mape": 0.16420703125,
    "layer1.0.conv1.mse": 0.68002265625,
    "layer1.0.conv1.rows": -1,
    "layer1.0.conv1.scaled_error": 0.0093250244140625,
    "layer1.0.conv1.scaled_shift": 0.00131011962890625,
    "layer1.0.conv1.stored_array_size": 48,
    "layer1.0.conv2.C": 64,
    "layer1.0.conv2.H_size": 11264,
    "layer1.0.conv2.K": 16,
    "layer1.0.conv2.L_size": 262144,
    "layer1.0.conv2.learned_a_shape": [
        1,
        261970
    ],
    "layer1.0.conv2.learned_b_shape": [
        261970,
        64
    ],
    "layer1.0.conv2.learned_d": 261970,
    "layer1.0.conv2.learned_m": 64,
    "layer1.0.conv2.learned_n": 1,
    "layer1.0.conv2.mae": 0.2528796875,
    "layer1.0.conv2.mape": 0.1294583984375,
    "layer1.0.conv2.mse": 0.142210546875,
    "layer1.0.conv2.rows": -1,
    "layer1.0.conv2.scaled_error": 0.017469580078125,
    "layer1.0.conv2.scaled_shift": 0.000935772705078125,
    "layer1.0.conv2.stored_array_size": 48,
    "layer1.1.conv1.C": 64,
    "layer1.1.conv1.H_size": 11264,
    "layer1.1.conv1.K": 16,
    "layer1.1.conv1.L_size": 262144,
    "layer1.1.conv1.learned_a_shape": [
        1,
        261970
    ],
    "layer1.1.conv1.learned_b_shape": [
        261970,
        64
    ],
    "layer1.1.conv1.learned_d": 261970,
    "layer1.1.conv1.learned_m": 64,
    "layer1.1.conv1.learned_n": 1,
    "layer1.1.conv1.mae": 0.49089140625,
    "layer1.1.conv1.mape": 0.155792578125,
    "layer1.1.conv1.mse": 0.49741015625,
    "layer1.1.conv1.rows": -1,
    "layer1.1.conv1.scaled_error": 0.022904833984375,
    "layer1.1.conv1.scaled_shift": 0.0045912841796875,
    "layer1.1.conv1.stored_array_size": 48,
    "layer1.1.conv2.C": 64,
    "layer1.1.conv2.H_size": 11264,
    "layer1.1.conv2.K": 16,
    "layer1.1.conv2.L_size": 262144,
    "layer1.1.conv2.learned_a_shape": [
        1,
        261970
    ],
    "layer1.1.conv2.learned_b_shape": [
        261970,
        64
    ],
    "layer1.1.conv2.learned_d": 261970,
    "layer1.1.conv2.learned_m": 64,
    "layer1.1.conv2.learned_n": 1,
    "layer1.1.conv2.mae": 0.1913,
    "layer1.1.conv2.mape": 0.10625869140625,
    "layer1.1.conv2.mse": 0.07141875,
    "layer1.1.conv2.rows": -1,
    "layer1.1.conv2.scaled_error": 0.0195323486328125,
    "layer1.1.conv2.scaled_shift": 0.000904827880859375,
    "layer1.1.conv2.stored_array_size": 48,
    "layer2.0.conv1.C": 128,
    "layer2.0.conv1.H_size": 22528,
    "layer2.0.conv1.K": 16,
    "layer2.0.conv1.L_size": 1048576,
    "layer2.0.conv1.learned_a_shape": [
        1,
        261970
    ],
    "layer2.0.conv1.learned_b_shape": [
        261970,
        128
    ],
    "layer2.0.conv1.learned_d": 261970,
    "layer2.0.conv1.learned_m": 128,
    "layer2.0.conv1.learned_n": 1,
    "layer2.0.conv1.mae": 0.37738828125,
    "layer2.0.conv1.mape": 0.1325685546875,
    "layer2.0.conv1.mse": 0.2883546875,
    "layer2.0.conv1.rows": -1,
    "layer2.0.conv1.scaled_error": 0.0163634765625,
    "layer2.0.conv1.scaled_shift": 0.0024612457275390623,
    "layer2.0.conv1.stored_array_size": 48,
    "layer2.0.conv2.C": 128,
    "layer2.0.conv2.H_size": 22528,
    "layer2.0.conv2.K": 16,
    "layer2.0.conv2.L_size": 1048576,
    "layer2.0.conv2.learned_a_shape": [
        1,
        261970
    ],
    "layer2.0.conv2.learned_b_shape": [
        261970,
        128
    ],
    "layer2.0.conv2.learned_d": 261970,
    "layer2.0.conv2.learned_m": 128,
    "layer2.0.conv2.learned_n": 1,
    "layer2.0.conv2.mae": 0.2285451171875,
    "layer2.0.conv2.mape": 0.125450390625,
    "layer2.0.conv2.mse": 0.09310302734375,
    "layer2.0.conv2.rows": -1,
    "layer2.0.conv2.scaled_error": 0.028987646484375,
    "layer2.0.conv2.scaled_shift": 0.005451239013671875,
    "layer2.0.conv2.stored_array_size": 48,
    "layer2.0.downsample.0.C": 64,
    "layer2.0.downsample.0.H_size": 11264,
    "layer2.0.downsample.0.K": 16,
    "layer2.0.downsample.0.L_size": 524288,
    "layer2.0.downsample.0.learned_a_shape": [
        1,
        261970
    ],
    "layer2.0.downsample.0.learned_b_shape": [
        261970,
        128
    ],
    "layer2.0.downsample.0.learned_d": 261970,
    "layer2.0.downsample.0.learned_m": 128,
    "layer2.0.downsample.0.learned_n": 1,
    "layer2.0.downsample.0.mae": 0.062546875,
    "layer2.0.downsample.0.mape": 0.031808642578125,
    "layer2.0.downsample.0.mse": 0.0088994384765625,
    "layer2.0.downsample.0.rows": -1,
    "layer2.0.downsample.0.scaled_error": 0.005760955810546875,
    "layer2.0.downsample.0.scaled_shift": 0.0003757354736328125,
    "layer2.0.downsample.0.stored_array_size": 48,
    "layer2.1.conv1.C": 128,
    "layer2.1.conv1.H_size": 22528,
    "layer2.1.conv1.K": 16,
    "layer2.1.conv1.L_size": 1048576,
    "layer2.1.conv1.learned_a_shape": [
        1,
        261970
    ],
    "layer2.1.conv1.learned_b_shape": [
        261970,
        128
    ],
    "layer2.1.conv1.learned_d": 261970,
    "layer2.1.conv1.learned_m": 128,
    "layer2.1.conv1.learned_n": 1,
    "layer2.1.conv1.mae": 0.38484609375,
    "layer2.1.conv1.mape": 0.165242578125,
    "layer2.1.conv1.mse": 0.2661734375,
    "layer2.1.conv1.rows": -1,
    "layer2.1.conv1.scaled_error": 0.02422783203125,
    "layer2.1.conv1.scaled_shift": 0.004743182373046875,
    "layer2.1.conv1.stored_array_size": 48,
    "layer2.1.conv2.C": 128,
    "layer2.1.conv2.H_size": 22528,
    "layer2.1.conv2.K": 16,
    "layer2.1.conv2.L_size": 1048576,
    "layer2.1.conv2.learned_a_shape": [
        1,
        261970
    ],
    "layer2.1.conv2.learned_b_shape": [
        261970,
        128
    ],
    "layer2.1.conv2.learned_d": 261970,
    "layer2.1.conv2.learned_m": 128,
    "layer2.1.conv2.learned_n": 1,
    "layer2.1.conv2.mae": 0.1767689453125,
    "layer2.1.conv2.mape": 0.1121671875,
    "layer2.1.conv2.mse": 0.052460546875,
    "layer2.1.conv2.rows": -1,
    "layer2.1.conv2.scaled_error": 0.03110166015625,
    "layer2.1.conv2.scaled_shift": 0.0001932891845703125,
    "layer2.1.conv2.stored_array_size": 48,
    "layer3.0.conv1.C": 256,
    "layer3.0.conv1.H_size": 45056,
    "layer3.0.conv1.K": 16,
    "layer3.0.conv1.L_size": 4194304,
    "layer3.0.conv1.learned_a_shape": [
        1,
        261970
    ],
    "layer3.0.conv1.learned_b_shape": [
        261970,
        256
    ],
    "layer3.0.conv1.learned_d": 261970,
    "layer3.0.conv1.learned_m": 256,
    "layer3.0.conv1.learned_n": 1,
    "layer3.0.conv1.mae": 0.2981484375,
    "layer3.0.conv1.mape": 0.1337654296875,
    "layer3.0.conv1.mse": 0.1590486328125,
    "layer3.0.conv1.rows": -1,
    "layer3.0.conv1.scaled_error": 0.0233684814453125,
    "layer3.0.conv1.scaled_shift": 0.004329522705078125,
    "layer3.0.conv1.stored_array_size": 48,
    "layer3.0.conv2.C": 256,
    "layer3.0.conv2.H_size": 45056,
    "layer3.0.conv2.K": 16,
    "layer3.0.conv2.L_size": 4194304,
    "layer3.0.conv2.learned_a_shape": [
        1,
        261970
    ],
    "layer3.0.conv2.learned_b_shape": [
        261970,
        256
    ],
    "layer3.0.conv2.learned_d": 261970,
    "layer3.0.conv2.learned_m": 256,