{
    "halut_layers": "{\"layer4.0.downsample.0\": [64, -1, 16], \"layer4.0.conv2\": [512, -1, 16], \"layer4.0.conv1\": [512, -1, 16], \"layer3.1.conv2\": [256, -1, 16], \"layer3.1.conv1\": [256, -1, 16], \"layer3.0.downsample.0\": [64, -1, 16], \"layer3.0.conv2\": [256, -1, 16], \"layer3.0.conv1\": [256, -1, 16], \"layer2.1.conv2\": [128, -1, 16], \"layer2.1.conv1\": [128, -1, 16], \"layer2.0.downsample.0\": [64, -1, 16], \"layer2.0.conv2\": [128, -1, 16], \"layer2.0.conv1\": [128, -1, 16], \"layer1.1.conv2\": [64, -1, 16], \"layer1.1.conv1\": [64, -1, 16], \"layer1.0.conv2\": [64, -1, 16], \"layer1.0.conv1\": [64, -1, 16]}",
    "layer1.0.conv1.C": 64,
    "layer1.0.conv1.H_size": 11264,
    "layer1.0.conv1.K": 16,
    "layer1.0.conv1.L_size": 262144,
    "layer1.0.conv1.learned_a_shape": [
        1,
        261970
    ],
    "layer1.0.conv1.learned_b_shape": [
        261970,
        64
    ],
    "layer1.0.conv1.learned_d": 261970,
    "layer1.0.conv1.learned_m": 64,
    "layer1.0.conv1.learned_n": 1,
    "layer1.0.conv1.mae": 0.5322671875,
    "layer1.0.conv1.mape": 0.1677029296875,
    "layer1.0.conv1.mse": 0.76639765625,
    "layer1.0.conv1.rows": -1,
    "layer1.0.conv1.scaled_error": 0.00930894775390625,
    "layer1.0.conv1.scaled_shift": 0.0012479995727539062,
    "layer1.0.conv1.stored_array_size": 48,
    "layer1.0.conv2.C": 64,
    "layer1.0.conv2.H_size": 11264,
    "layer1.0.conv2.K": 16,
    "layer1.0.conv2.L_size": 262144,
    "layer1.0.conv2.learned_a_shape": [
        1,
        261970
    ],
    "layer1.0.conv2.learned_b_shape": [
        261970,
        64
    ],
    "layer1.0.conv2.learned_d": 261970,
    "layer1.0.conv2.learned_m": 64,
    "layer1.0.conv2.learned_n": 1,
    "layer1.0.conv2.mae": 0.251037890625,
    "layer1.0.conv2.mape": 0.127776171875,
    "layer1.0.conv2.mse": 0.1390525390625,
    "layer1.0.conv2.rows": -1,
    "layer1.0.conv2.scaled_error": 0.017205078125,
    "layer1.0.conv2.scaled_shift": 0.0009003219604492188,
    "layer1.0.conv2.stored_array_size": 48,
    "layer1.1.conv1.C": 64,
    "layer1.1.conv1.H_size": 11264,
    "layer1.1.conv1.K": 16,
    "layer1.1.conv1.L_size": 262144,
    "layer1.1.conv1.learned_a_shape": [
        1,
        261970
    ],
    "layer1.1.conv1.learned_b_shape": [
        261970,
        64
    ],
    "layer1.1.conv1.learned_d": 261970,
    "layer1.1.conv1.learned_m": 64,
    "layer1.1.conv1.learned_n": 1,
    "layer1.1.conv1.mae": 0.50241015625,
    "layer1.1.conv1.mape": 0.1588193359375,
    "layer1.1.conv1.mse": 0.5122125,
    "layer1.1.conv1.rows": -1,
    "layer1.1.conv1.scaled_error": 0.02370400390625,
    "layer1.1.conv1.scaled_shift": 0.004748443603515625,
    "layer1.1.conv1.stored_array_size": 48,
    "layer1.1.conv2.C": 64,
    "layer1.1.conv2.H_size": 11264,
    "layer1.1.conv2.K": 16,
    "layer1.1.conv2.L_size": 262144,
    "layer1.1.conv2.learned_a_shape": [
        1,
        261970
    ],
    "layer1.1.conv2.learned_b_shape": [
        261970,
        64
    ],
    "layer1.1.conv2.learned_d": 261970,
    "layer1.1.conv2.learned_m": 64,
    "layer1.1.conv2.learned_n": 1,
    "layer1.1.conv2.mae": 0.1916029296875,
    "layer1.1.conv2.mape": 0.10613994140625,
    "layer1.1.conv2.mse": 0.071840625,
    "layer1.1.conv2.rows": -1,
    "layer1.1.conv2.scaled_error": 0.019739697265625,
    "layer1.1.conv2.scaled_shift": 0.0010662185668945312,
    "layer1.1.conv2.stored_array_size": 48,
    "layer2.0.conv1.C": 128,
    "layer2.0.conv1.H_size": 22528,
    "layer2.0.conv1.K": 16,
    "layer2.0.conv1.L_size": 1048576,
    "layer2.0.conv1.learned_a_shape": [
        1,
        261970
    ],
    "layer2.0.conv1.learned_b_shape": [
        261970,
        128
    ],
    "layer2.0.conv1.learned_d": 261970,
    "layer2.0.conv1.learned_m": 128,
    "layer2.0.conv1.learned_n": 1,
    "layer2.0.conv1.mae": 0.380351171875,
    "layer2.0.conv1.mape": 0.1329033203125,
    "layer2.0.conv1.mse": 0.292415234375,
    "layer2.0.conv1.rows": -1,
    "layer2.0.conv1.scaled_error": 0.016117626953125,
    "layer2.0.conv1.scaled_shift": 0.0024648956298828125,
    "layer2.0.conv1.stored_array_size": 48,
    "layer2.0.conv2.C": 128,
    "layer2.0.conv2.H_size": 22528,
    "layer2.0.conv2.K": 16,
    "layer2.0.conv2.L_size": 1048576,
    "layer2.0.conv2.learned_a_shape": [
        1,
        261970
    ],
    "layer2.0.conv2.learned_b_shape": [
        261970,
        128
    ],
    "layer2.0.conv2.learned_d": 261970,
    "layer2.0.conv2.learned_m": 128,
    "layer2.0.conv2.learned_n": 1,
    "layer2.0.conv2.mae": 0.228041796875,
    "layer2.0.conv2.mape": 0.1253048828125,
    "layer2.0.conv2.mse": 0.0926775390625,
    "layer2.0.conv2.rows": -1,
    "layer2.0.conv2.scaled_error": 0.02895751953125,
    "layer2.0.conv2.scaled_shift": 0.005307196044921875,
    "layer2.0.conv2.stored_array_size": 48,
    "layer2.0.downsample.0.C": 64,
    "layer2.0.downsample.0.H_size": 11264,
    "layer2.0.downsample.0.K": 16,
    "layer2.0.downsample.0.L_size": 524288,
    "layer2.0.downsample.0.learned_a_shape": [
        1,
        261970
    ],
    "layer2.0.downsample.0.learned_b_shape": [
        261970,
        128
    ],
    "layer2.0.downsample.0.learned_d": 261970,
    "layer2.0.downsample.0.learned_m": 128,
    "layer2.0.downsample.0.learned_n": 1,
    "layer2.0.downsample.0.mae": 0.06385849609375,
    "layer2.0.downsample.0.mape": 0.03227958984375,
    "layer2.0.downsample.0.mse": 0.009268115234375,
    "layer2.0.downsample.0.rows": -1,
    "layer2.0.downsample.0.scaled_error": 0.005858306884765625,
    "layer2.0.downsample.0.scaled_shift": 0.0003909610748291016,
    "layer2.0.downsample.0.stored_array_size": 48,
    "layer2.1.conv1.C": 128,
    "layer2.1.conv1.H_size": 22528,
    "layer2.1.conv1.K": 16,
    "layer2.1.conv1.L_size": 1048576,
    "layer2.1.conv1.learned_a_shape": [
        1,
        261970
    ],
    "layer2.1.conv1.learned_b_shape": [
        261970,
        128
    ],
    "layer2.1.conv1.learned_d": 261970,
    "layer2.1.conv1.learned_m": 128,
    "layer2.1.conv1.learned_n": 1,
    "layer2.1.conv1.mae": 0.38752890625,
    "layer2.1.conv1.mape": 0.1655466796875,
    "layer2.1.conv1.mse": 0.27029375,
    "layer2.1.conv1.rows": -1,
    "layer2.1.conv1.scaled_error": 0.02425908203125,
    "layer2.1.conv1.scaled_shift": 0.005039752197265625,
    "layer2.1.conv1.stored_array_size": 48,
    "layer2.1.conv2.C": 128,
    "layer2.1.conv2.H_size": 22528,
    "layer2.1.conv2.K": 16,
    "layer2.1.conv2.L_size": 1048576,
    "layer2.1.conv2.learned_a_shape": [
        1,
        261970
    ],
    "layer2.1.conv2.learned_b_shape": [
        261970,
        128
    ],
    "layer2.1.conv2.learned_d": 261970,
    "layer2.1.conv2.learned_m": 128,
    "layer2.1.conv2.learned_n": 1,
    "layer2.1.conv2.mae": 0.1769251953125,
    "layer2.1.conv2.mape": 0.1122298828125,
    "layer2.1.conv2.mse": 0.05256494140625,
    "layer2.1.conv2.rows": -1,
    "layer2.1.conv2.scaled_error": 0.032413134765625,
    "layer2.1.conv2.scaled_shift": 0.00024246788024902345,
    "layer2.1.conv2.stored_array_size": 48,
    "layer3.0.conv1.C": 256,
    "layer3.0.conv1.H_size": 45056,
    "layer3.0.conv1.K": 16,
    "layer3.0.conv1.L_size": 4194304,
    "layer3.0.conv1.learned_a_shape": [
        1,
        261970
    ],
    "layer3.0.conv1.learned_b_shape": [
        261970,
        256
    ],
    "layer3.0.conv1.learned_d": 261970,
    "layer3.0.conv1.learned_m": 256,
    "layer3.0.conv1.learned_n": 1,
    "layer3.0.conv1.mae": 0.300937890625,
    "layer3.0.conv1.mape": 0.1344265625,
    "layer3.0.conv1.mse": 0.1619205078125,
    "layer3.0.conv1.rows": -1,
    "layer3.0.conv1.scaled_error": 0.0247009765625,
    "layer3.0.conv1.scaled_shift": 0.004606524658203125,
    "layer3.0.conv1.stored_array_size": 48,
    "layer3.0.conv2.C": 256,
    "layer3.0.conv2.H_size": 45056,
    "layer3.0.conv2.K": 16,
    "layer3.0.conv2.L_size": 4194304,
    "layer3.0.conv2.learned_a_shape": [
        1,
        261970
    ],