{
    "halut_layers": "{\"layer2.1.conv1\": [128, -1, 16], \"layer2.0.downsample.0\": [64, -1, 16], \"layer2.0.conv2\": [128, -1, 16], \"layer2.0.conv1\": [128, -1, 16], \"layer1.1.conv2\": [64, -1, 16], \"layer1.1.conv1\": [64, -1, 16], \"layer1.0.conv2\": [64, -1, 16], \"layer1.0.conv1\": [64, -1, 16]}",
    "layer1.0.conv1.C": 64,
    "layer1.0.conv1.H_size": 11264,
    "layer1.0.conv1.K": 16,
    "layer1.0.conv1.L_size": 262144,
    "layer1.0.conv1.learned_a_shape": [
        1,
        261970
    ],
    "layer1.0.conv1.learned_b_shape": [
        261970,
        64
    ],
    "layer1.0.conv1.learned_d": 261970,
    "layer1.0.conv1.learned_m": 64,
    "layer1.0.conv1.learned_n": 1,
    "layer1.0.conv1.mae": 0.433500390625,
    "layer1.0.conv1.mape": 0.13826168619791668,
    "layer1.0.conv1.mse": 0.68865625,
    "layer1.0.conv1.rows": -1,
    "layer1.0.conv1.scaled_error": 0.006771379597981771,
    "layer1.0.conv1.scaled_shift": 0.0004950693766276042,
    "layer1.0.conv1.stored_array_size": 48,
    "layer1.0.conv2.C": 64,
    "layer1.0.conv2.H_size": 11264,
    "layer1.0.conv2.K": 16,
    "layer1.0.conv2.L_size": 262144,
    "layer1.0.conv2.learned_a_shape": [
        1,
        261970
    ],
    "layer1.0.conv2.learned_b_shape": [
        261970,
        64
    ],
    "layer1.0.conv2.learned_d": 261970,
    "layer1.0.conv2.learned_m": 64,
    "layer1.0.conv2.learned_n": 1,
    "layer1.0.conv2.mae": 0.220533203125,
    "layer1.0.conv2.mape": 0.11576910807291667,
    "layer1.0.conv2.mse": 0.10675397135416667,
    "layer1.0.conv2.rows": -1,
    "layer1.0.conv2.scaled_error": 0.015214558919270833,
    "layer1.0.conv2.scaled_shift": 0.0007964714050292969,
    "layer1.0.conv2.stored_array_size": 48,
    "layer1.1.conv1.C": 64,
    "layer1.1.conv1.H_size": 11264,
    "layer1.1.conv1.K": 16,
    "layer1.1.conv1.L_size": 262144,
    "layer1.1.conv1.learned_a_shape": [
        1,
        261970
    ],
    "layer1.1.conv1.learned_b_shape": [
        261970,
        64
    ],
    "layer1.1.conv1.learned_d": 261970,
    "layer1.1.conv1.learned_m": 64,
    "layer1.1.conv1.learned_n": 1,
    "layer1.1.conv1.mae": 0.40511276041666666,
    "layer1.1.conv1.mape": 0.1358560546875,
    "layer1.1.conv1.mse": 0.3347090494791667,
    "layer1.1.conv1.rows": -1,
    "layer1.1.conv1.scaled_error": 0.019600101725260416,
    "layer1.1.conv1.scaled_shift": 0.0035899729410807293,
    "layer1.1.conv1.stored_array_size": 48,
    "layer1.1.conv2.C": 64,
    "layer1.1.conv2.H_size": 11264,
    "layer1.1.conv2.K": 16,
    "layer1.1.conv2.L_size": 262144,
    "layer1.1.conv2.learned_a_shape": [
        1,
        261970
    ],
    "layer1.1.conv2.learned_b_shape": [
        261970,
        64
    ],
    "layer1.1.conv2.learned_d": 261970,
    "layer1.1.conv2.learned_m": 64,
    "layer1.1.conv2.learned_n": 1,
    "layer1.1.conv2.mae": 0.17067526041666667,
    "layer1.1.conv2.mape": 0.097730859375,
    "layer1.1.conv2.mse": 0.056053133138020836,
    "layer1.1.conv2.rows": -1,
    "layer1.1.conv2.scaled_error": 0.017808683268229167,
    "layer1.1.conv2.scaled_shift": 0.00045963268280029294,
    "layer1.1.conv2.stored_array_size": 48,
    "layer2.0.conv1.C": 128,
    "layer2.0.conv1.H_size": 22528,
    "layer2.0.conv1.K": 16,
    "layer2.0.conv1.L_size": 1048576,
    "layer2.0.conv1.learned_a_shape": [
        1,
        261970
    ],
    "layer2.0.conv1.learned_b_shape": [
        261970,
        128
    ],
    "layer2.0.conv1.learned_d": 261970,
    "layer2.0.conv1.learned_m": 128,
    "layer2.0.conv1.learned_n": 1,
    "layer2.0.conv1.mae": 0.318730859375,
    "layer2.0.conv1.mape": 0.119716943359375,
    "layer2.0.conv1.mse": 0.19865263671875,
    "layer2.0.conv1.rows": -1,
    "layer2.0.conv1.scaled_error": 0.014317704264322917,
    "layer2.0.conv1.scaled_shift": 0.0014173316955566407,
    "layer2.0.conv1.stored_array_size": 48,
    "layer2.0.conv2.C": 128,
    "layer2.0.conv2.H_size": 22528,
    "layer2.0.conv2.K": 16,
    "layer2.0.conv2.L_size": 1048576,
    "layer2.0.conv2.learned_a_shape": [
        1,
        261970
    ],
    "layer2.0.conv2.learned_b_shape": [
        261970,
        128
    ],
    "layer2.0.conv2.learned_d": 261970,
    "layer2.0.conv2.learned_m": 128,
    "layer2.0.conv2.learned_n": 1,
    "layer2.0.conv2.mae": 0.20209563802083333,
    "layer2.0.conv2.mape": 0.114175537109375,
    "layer2.0.conv2.mse": 0.072778564453125,
    "layer2.0.conv2.rows": -1,
    "layer2.0.conv2.scaled_error": 0.025946407063802083,
    "layer2.0.conv2.scaled_shift": 0.004534308878580729,
    "layer2.0.conv2.stored_array_size": 48,
    "layer2.0.downsample.0.C": 64,
    "layer2.0.downsample.0.H_size": 11264,
    "layer2.0.downsample.0.K": 16,
    "layer2.0.downsample.0.L_size": 524288,
    "layer2.0.downsample.0.learned_a_shape": [
        1,
        261970
    ],
    "layer2.0.downsample.0.learned_b_shape": [
        261970,
        128
    ],
    "layer2.0.downsample.0.learned_d": 261970,
    "layer2.0.downsample.0.learned_m": 128,
    "layer2.0.downsample.0.learned_n": 1,
    "layer2.0.downsample.0.mae": 0.057650862630208334,
    "layer2.0.downsample.0.mape": 0.03027108561197917,
    "layer2.0.downsample.0.mse": 0.00718587646484375,
    "layer2.0.downsample.0.rows": -1,
    "layer2.0.downsample.0.scaled_error": 0.005687343343098958,
    "layer2.0.downsample.0.scaled_shift": 0.0004114186604817708,
    "layer2.0.downsample.0.stored_array_size": 48,
    "layer2.1.conv1.C": 128,
    "layer2.1.conv1.H_size": 22528,
    "layer2.1.conv1.K": 16,
    "layer2.1.conv1.L_size": 1048576,
    "layer2.1.conv1.learned_a_shape": [
        1,
        261970
    ],
    "layer2.1.conv1.learned_b_shape": [
        261970,
        128
    ],
    "layer2.1.conv1.learned_d": 261970,
    "layer2.1.conv1.learned_m": 128,
    "layer2.1.conv1.learned_n": 1,
    "layer2.1.conv1.mae": 0.3749,
    "layer2.1.conv1.mape": 0.163480859375,
    "layer2.1.conv1.mse": 0.253226171875,
    "layer2.1.conv1.rows": -1,
    "layer2.1.conv1.scaled_error": 0.0242286376953125,
    "layer2.1.conv1.scaled_shift": 0.00465517578125,
    "layer2.1.conv1.stored_array_size": 48,
    "top_1_accuracy": 88.1,
    "top_5_accuracy": 99.57
}