{
    "halut_layers": "{\"layer3.0.downsample.0\": [64, -1, 16], \"layer3.0.conv2\": [256, -1, 16], \"layer3.0.conv1\": [256, -1, 16], \"layer2.1.conv2\": [128, -1, 16], \"layer2.1.conv1\": [128, -1, 16], \"layer2.0.downsample.0\": [64, -1, 16], \"layer2.0.conv2\": [128, -1, 16], \"layer2.0.conv1\": [128, -1, 16], \"layer1.1.conv2\": [64, -1, 16], \"layer1.1.conv1\": [64, -1, 16], \"layer1.0.conv2\": [64, -1, 16], \"layer1.0.conv1\": [64, -1, 16]}",
    "layer1.0.conv1.C": 64,
    "layer1.0.conv1.H_size": 11264,
    "layer1.0.conv1.K": 16,
    "layer1.0.conv1.L_size": 262144,
    "layer1.0.conv1.learned_a_shape": [
        1,
        261970
    ],
    "layer1.0.conv1.learned_b_shape": [
        261970,
        64
    ],
    "layer1.0.conv1.learned_d": 261970,
    "layer1.0.conv1.learned_m": 64,
    "layer1.0.conv1.learned_n": 1,
    "layer1.0.conv1.mae": 0.30033287477493287,
    "layer1.0.conv1.mape": 0.13273869267702101,
    "layer1.0.conv1.mse": 0.20521788733005525,
    "layer1.0.conv1.rows": -1,
    "layer1.0.conv1.scaled_error": 0.01832746295183897,
    "layer1.0.conv1.scaled_shift": -3.6515161272836846e-05,
    "layer1.0.conv1.stored_array_size": 48,
    "layer1.0.conv2.C": 64,
    "layer1.0.conv2.H_size": 11264,
    "layer1.0.conv2.K": 16,
    "layer1.0.conv2.L_size": 262144,
    "layer1.0.conv2.learned_a_shape": [
        1,
        261970
    ],
    "layer1.0.conv2.learned_b_shape": [
        261970,
        64
    ],
    "layer1.0.conv2.learned_d": 261970,
    "layer1.0.conv2.learned_m": 64,
    "layer1.0.conv2.learned_n": 1,
    "layer1.0.conv2.mae": 0.1888808454434077,
    "layer1.0.conv2.mape": 0.11409160740176837,
    "layer1.0.conv2.mse": 0.06934495839476586,
    "layer1.0.conv2.rows": -1,
    "layer1.0.conv2.scaled_error": 0.021671383663018545,
    "layer1.0.conv2.scaled_shift": -0.00025723669927877685,
    "layer1.0.conv2.stored_array_size": 48,
    "layer1.1.conv1.C": 64,
    "layer1.1.conv1.H_size": 11264,
    "layer1.1.conv1.K": 16,
    "layer1.1.conv1.L_size": 262144,
    "layer1.1.conv1.learned_a_shape": [
        1,
        261970
    ],
    "layer1.1.conv1.learned_b_shape": [
        261970,
        64
    ],
    "layer1.1.conv1.learned_d": 261970,
    "layer1.1.conv1.learned_m": 64,
    "layer1.1.conv1.learned_n": 1,
    "layer1.1.conv1.mae": 0.29447846675713857,
    "layer1.1.conv1.mape": 0.14264880602757135,
    "layer1.1.conv1.mse": 0.16520946239233017,
    "layer1.1.conv1.rows": -1,
    "layer1.1.conv1.scaled_error": 0.02510081789692243,
    "layer1.1.conv1.scaled_shift": -0.0012759205064852722,
    "layer1.1.conv1.stored_array_size": 48,
    "layer1.1.conv2.C": 64,
    "layer1.1.conv2.H_size": 11264,
    "layer1.1.conv2.K": 16,
    "layer1.1.conv2.L_size": 262144,
    "layer1.1.conv2.learned_a_shape": [
        1,
        261970
    ],
    "layer1.1.conv2.learned_b_shape": [
        261970,
        64
    ],
    "layer1.1.conv2.learned_d": 261970,
    "layer1.1.conv2.learned_m": 64,
    "layer1.1.conv2.learned_n": 1,
    "layer1.1.conv2.mae": 0.11860739942193031,
    "layer1.1.conv2.mape": 0.08457692505319914,
    "layer1.1.conv2.mse": 0.024219582245250542,
    "layer1.1.conv2.rows": -1,
    "layer1.1.conv2.scaled_error": 0.027928795895973843,
    "layer1.1.conv2.scaled_shift": 0.000976996942361196,
    "layer1.1.conv2.stored_array_size": 48,
    "layer2.0.conv1.C": 128,
    "layer2.0.conv1.H_size": 22528,
    "layer2.0.conv1.K": 16,
    "layer2.0.conv1.L_size": 1048576,
    "layer2.0.conv1.learned_a_shape": [
        1,
        261970
    ],
    "layer2.0.conv1.learned_b_shape": [
        261970,
        128
    ],
    "layer2.0.conv1.learned_d": 261970,
    "layer2.0.conv1.learned_m": 128,
    "layer2.0.conv1.learned_n": 1,
    "layer2.0.conv1.mae": 0.24686528305212657,
    "layer2.0.conv1.mape": 0.1109347582300504,
    "layer2.0.conv1.mse": 0.11343486463626226,
    "layer2.0.conv1.rows": -1,
    "layer2.0.conv1.scaled_error": 0.018565893433988095,
    "layer2.0.conv1.scaled_shift": 0.002820529590609173,
    "layer2.0.conv1.stored_array_size": 48,
    "layer2.0.conv2.C": 128,
    "layer2.0.conv2.H_size": 22528,
    "layer2.0.conv2.K": 16,
    "layer2.0.conv2.L_size": 1048576,
    "layer2.0.conv2.learned_a_shape": [
        1,
        261970
    ],
    "layer2.0.conv2.learned_b_shape": [
        261970,
        128
    ],
    "layer2.0.conv2.learned_d": 261970,
    "layer2.0.conv2.learned_m": 128,
    "layer2.0.conv2.learned_n": 1,
    "layer2.0.conv2.mae": 0.15625305333534875,
    "layer2.0.conv2.mape": 0.1019151745001475,
    "layer2.0.conv2.mse": 0.04156214055220286,
    "layer2.0.conv2.rows": -1,
    "layer2.0.conv2.scaled_error": 0.037456113780538244,
    "layer2.0.conv2.scaled_shift": 0.004516115335623423,
    "layer2.0.conv2.stored_array_size": 48,
    "layer2.0.downsample.0.C": 64,
    "layer2.0.downsample.0.H_size": 11264,
    "layer2.0.downsample.0.K": 16,
    "layer2.0.downsample.0.L_size": 524288,
    "layer2.0.downsample.0.learned_a_shape": [
        1,
        261970
    ],
    "layer2.0.downsample.0.learned_b_shape": [
        261970,
        128
    ],
    "layer2.0.downsample.0.learned_d": 261970,
    "layer2.0.downsample.0.learned_m": 128,
    "layer2.0.downsample.0.learned_n": 1,
    "layer2.0.downsample.0.mae": 0.04073785269757112,
    "layer2.0.downsample.0.mape": 0.0249312890663743,
    "layer2.0.downsample.0.mse": 0.003438524418945114,
    "layer2.0.downsample.0.rows": -1,
    "layer2.0.downsample.0.scaled_error": 0.007752134448538224,
    "layer2.0.downsample.0.scaled_shift": 0.0011249453337863087,
    "layer2.0.downsample.0.stored_array_size": 48,
    "layer2.1.conv1.C": 128,
    "layer2.1.conv1.H_size": 22528,
    "layer2.1.conv1.K": 16,
    "layer2.1.conv1.L_size": 1048576,
    "layer2.1.conv1.learned_a_shape": [
        1,
        261970
    ],
    "layer2.1.conv1.learned_b_shape": [
        261970,
        128
    ],
    "layer2.1.conv1.learned_d": 261970,
    "layer2.1.conv1.learned_m": 128,
    "layer2.1.conv1.learned_n": 1,
    "layer2.1.conv1.mae": 0.2494105950832367,
    "layer2.1.conv1.mape": 0.1386787592848142,
    "layer2.1.conv1.mse": 0.106839304236571,
    "layer2.1.conv1.rows": -1,
    "layer2.1.conv1.scaled_error": 0.031446950553854304,
    "layer2.1.conv1.scaled_shift": 0.0033197729549681145,
    "layer2.1.conv1.stored_array_size": 48,
    "layer2.1.conv2.C": 128,
    "layer2.1.conv2.H_size": 22528,
    "layer2.1.conv2.K": 16,
    "layer2.1.conv2.L_size": 1048576,
    "layer2.1.conv2.learned_a_shape": [
        1,
        261970
    ],
    "layer2.1.conv2.learned_b_shape": [
        261970,
        128
    ],
    "layer2.1.conv2.learned_d": 261970,
    "layer2.1.conv2.learned_m": 128,
    "layer2.1.conv2.learned_n": 1,
    "layer2.1.conv2.mae": 0.10877479059696198,
    "layer2.1.conv2.mape": 0.0779060963233312,
    "layer2.1.conv2.mse": 0.0195914390857021,
    "layer2.1.conv2.rows": -1,
    "layer2.1.conv2.scaled_error": 0.037053691818316775,
    "layer2.1.conv2.scaled_shift": 0.0029480785669138035,
    "layer2.1.conv2.stored_array_size": 48,
    "layer3.0.conv1.C": 256,
    "layer3.0.conv1.H_size": 45056,
    "layer3.0.conv1.K": 16,
    "layer3.0.conv1.L_size": 4194304,
    "layer3.0.conv1.learned_a_shape": [
        1,
        261970
    ],
    "layer3.0.conv1.learned_b_shape": [
        261970,
        256
    ],
    "layer3.0.conv1.learned_d": 261970,
    "layer3.0.conv1.learned_m": 256,
    "layer3.0.conv1.learned_n": 1,
    "layer3.0.conv1.mae": 0.2123354841351509,
    "layer3.0.conv1.mape": 0.10910424152811368,
    "layer3.0.conv1.mse": 0.0774771411259969,
    "layer3.0.conv1.rows": -1,
    "layer3.0.conv1.scaled_error": 0.032554616583387055,
    "layer3.0.conv1.scaled_shift": 0.010037789203971624,
    "layer3.0.conv1.stored_array_size": 48,
    "layer3.0.conv2.C": 256,
    "layer3.0.conv2.H_size": 45056,
    "layer3.0.conv2.K": 16,
    "layer3.0.conv2.L_size": 4194304,
    "layer3.0.conv2.learned_a_shape": [
        1,
        261970
    ],