{
    "halut_layers": "{\"layer3.1.conv2\": [128, -1, 16, 0], \"layer3.1.conv1\": [128, -1, 16, 0], \"layer3.0.downsample.0\": [128, -1, 16, 0], \"layer3.0.conv2\": [128, -1, 16, 0], \"layer3.0.conv1\": [128, -1, 16, 0], \"layer2.1.conv2\": [64, -1, 16, 0], \"layer2.1.conv1\": [64, -1, 16, 0], \"layer2.0.downsample.0\": [64, -1, 16, 0], \"layer2.0.conv2\": [64, -1, 16, 0], \"layer2.0.conv1\": [64, -1, 16, 0], \"layer1.1.conv2\": [32, -1, 16, 0], \"layer1.1.conv1\": [32, -1, 16, 0], \"layer1.0.conv2\": [32, -1, 16, 0], \"layer1.0.conv1\": [32, -1, 16, 0]}",
    "layer1.0.conv1.C": 32,
    "layer1.0.conv1.H_size": 5632,
    "layer1.0.conv1.K": 16,
    "layer1.0.conv1.L_size": 131072,
    "layer1.0.conv1.encoding_algorithm": 0,
    "layer1.0.conv1.learned_a_shape": [
        1,
        261970
    ],
    "layer1.0.conv1.learned_b_shape": [
        261970,
        64
    ],
    "layer1.0.conv1.learned_d": 261970,
    "layer1.0.conv1.learned_m": 64,
    "layer1.0.conv1.learned_n": 1,
    "layer1.0.conv1.mae": 0.367028325398763,
    "layer1.0.conv1.mape": 0.18301225424607595,
    "layer1.0.conv1.mse": 0.2592551636139552,
    "layer1.0.conv1.rows": -1,
    "layer1.0.conv1.scaled_error": 0.023483980036278565,
    "layer1.0.conv1.scaled_shift": -0.006522050374125441,
    "layer1.0.conv1.stored_array_size": 48,
    "layer1.0.conv2.C": 32,
    "layer1.0.conv2.H_size": 5632,
    "layer1.0.conv2.K": 16,
    "layer1.0.conv2.L_size": 131072,
    "layer1.0.conv2.encoding_algorithm": 0,
    "layer1.0.conv2.learned_a_shape": [
        1,
        261970
    ],
    "layer1.0.conv2.learned_b_shape": [
        261970,
        64
    ],
    "layer1.0.conv2.learned_d": 261970,
    "layer1.0.conv2.learned_m": 64,
    "layer1.0.conv2.learned_n": 1,
    "layer1.0.conv2.mae": 0.187444433093071,
    "layer1.0.conv2.mape": 0.12976012646357218,
    "layer1.0.conv2.mse": 0.06193814361492793,
    "layer1.0.conv2.rows": -1,
    "layer1.0.conv2.scaled_error": 0.02283536528448264,
    "layer1.0.conv2.scaled_shift": 0.0014380248689092696,
    "layer1.0.conv2.stored_array_size": 48,
    "layer1.1.conv1.C": 32,
    "layer1.1.conv1.H_size": 5632,
    "layer1.1.conv1.K": 16,
    "layer1.1.conv1.L_size": 131072,
    "layer1.1.conv1.encoding_algorithm": 0,
    "layer1.1.conv1.learned_a_shape": [
        1,
        261970
    ],
    "layer1.1.conv1.learned_b_shape": [
        261970,
        64
    ],
    "layer1.1.conv1.learned_d": 261970,
    "layer1.1.conv1.learned_m": 64,
    "layer1.1.conv1.learned_n": 1,
    "layer1.1.conv1.mae": 0.3386442692836126,
    "layer1.1.conv1.mape": 0.17149766537745795,
    "layer1.1.conv1.mse": 0.2047178061246872,
    "layer1.1.conv1.rows": -1,
    "layer1.1.conv1.scaled_error": 0.026410680100818474,
    "layer1.1.conv1.scaled_shift": -0.00025263197454817904,
    "layer1.1.conv1.stored_array_size": 48,
    "layer1.1.conv2.C": 32,
    "layer1.1.conv2.H_size": 5632,
    "layer1.1.conv2.K": 16,
    "layer1.1.conv2.L_size": 131072,
    "layer1.1.conv2.encoding_algorithm": 0,
    "layer1.1.conv2.learned_a_shape": [
        1,
        261970
    ],
    "layer1.1.conv2.learned_b_shape": [
        261970,
        64
    ],
    "layer1.1.conv2.learned_d": 261970,
    "layer1.1.conv2.learned_m": 64,
    "layer1.1.conv2.learned_n": 1,
    "layer1.1.conv2.mae": 0.13573993968168893,
    "layer1.1.conv2.mape": 0.09615490339597066,
    "layer1.1.conv2.mse": 0.03423711387415727,
    "layer1.1.conv2.rows": -1,
    "layer1.1.conv2.scaled_error": 0.01233076601078113,
    "layer1.1.conv2.scaled_shift": 0.0007278456096847852,
    "layer1.1.conv2.stored_array_size": 48,
    "layer2.0.conv1.C": 64,
    "layer2.0.conv1.H_size": 11264,
    "layer2.0.conv1.K": 16,
    "layer2.0.conv1.L_size": 524288,
    "layer2.0.conv1.encoding_algorithm": 0,
    "layer2.0.conv1.learned_a_shape": [
        1,
        261970
    ],
    "layer2.0.conv1.learned_b_shape": [
        261970,
        128
    ],
    "layer2.0.conv1.learned_d": 261970,
    "layer2.0.conv1.learned_m": 128,
    "layer2.0.conv1.learned_n": 1,
    "layer2.0.conv1.mae": 0.24771184143225353,
    "layer2.0.conv1.mape": 0.14660067630211512,
    "layer2.0.conv1.mse": 0.11162473704814911,
    "layer2.0.conv1.rows": -1,
    "layer2.0.conv1.scaled_error": 0.024781945119301478,
    "layer2.0.conv1.scaled_shift": -0.0049672149356454615,
    "layer2.0.conv1.stored_array_size": 48,
    "layer2.0.conv2.C": 64,
    "layer2.0.conv2.H_size": 11264,
    "layer2.0.conv2.K": 16,
    "layer2.0.conv2.L_size": 524288,
    "layer2.0.conv2.encoding_algorithm": 0,
    "layer2.0.conv2.learned_a_shape": [
        1,
        261970
    ],
    "layer2.0.conv2.learned_b_shape": [
        261970,
        128
    ],
    "layer2.0.conv2.learned_d": 261970,
    "layer2.0.conv2.learned_m": 128,
    "layer2.0.conv2.learned_n": 1,
    "layer2.0.conv2.mae": 0.14031306284268696,
    "layer2.0.conv2.mape": 0.09872669268250465,
    "layer2.0.conv2.mse": 0.03731624300082525,
    "layer2.0.conv2.rows": -1,
    "layer2.0.conv2.scaled_error": 0.023148090184728305,
    "layer2.0.conv2.scaled_shift": -0.0024330989975482227,
    "layer2.0.conv2.stored_array_size": 48,
    "layer2.0.downsample.0.C": 64,
    "layer2.0.downsample.0.H_size": 11264,
    "layer2.0.downsample.0.K": 16,
    "layer2.0.downsample.0.L_size": 524288,
    "layer2.0.downsample.0.encoding_algorithm": 0,
    "layer2.0.downsample.0.learned_a_shape": [
        1,
        261970
    ],
    "layer2.0.downsample.0.learned_b_shape": [
        261970,
        128
    ],
    "layer2.0.downsample.0.learned_d": 261970,
    "layer2.0.downsample.0.learned_m": 128,
    "layer2.0.downsample.0.learned_n": 1,
    "layer2.0.downsample.0.mae": 0.030505753345787524,
    "layer2.0.downsample.0.mape": 0.02110254753132661,
    "layer2.0.downsample.0.mse": 0.001836479554573695,
    "layer2.0.downsample.0.rows": -1,
    "layer2.0.downsample.0.scaled_error": 0.004871452963228027,
    "layer2.0.downsample.0.scaled_shift": 0.00014582689635766048,
    "layer2.0.downsample.0.stored_array_size": 48,
    "layer2.1.conv1.C": 64,
    "layer2.1.conv1.H_size": 11264,
    "layer2.1.conv1.K": 16,
    "layer2.1.conv1.L_size": 524288,
    "layer2.1.conv1.encoding_algorithm": 0,
    "layer2.1.conv1.learned_a_shape": [
        1,
        261970
    ],
    "layer2.1.conv1.learned_b_shape": [
        261970,
        128
    ],
    "layer2.1.conv1.learned_d": 261970,
    "layer2.1.conv1.learned_m": 128,
    "layer2.1.conv1.learned_n": 1,
    "layer2.1.conv1.mae": 0.2650861755847931,
    "layer2.1.conv1.mape": 0.1530325097680092,
    "layer2.1.conv1.mse": 0.1403316135764122,
    "layer2.1.conv1.rows": -1,
    "layer2.1.conv1.scaled_error": 0.025888941218455634,
    "layer2.1.conv1.scaled_shift": -0.00013293340450472896,
    "layer2.1.conv1.stored_array_size": 48,
    "layer2.1.conv2.C": 64,
    "layer2.1.conv2.H_size": 11264,
    "layer2.1.conv2.K": 16,
    "layer2.1.conv2.L_size": 524288,
    "layer2.1.conv2.encoding_algorithm": 0,
    "layer2.1.conv2.learned_a_shape": [
        1,
        261970
    ],
    "layer2.1.conv2.learned_b_shape": [
        261970,
        128
    ],
    "layer2.1.conv2.learned_d": 261970,
    "layer2.1.conv2.learned_m": 128,
    "layer2.1.conv2.learned_n": 1,
    "layer2.1.conv2.mae": 0.12573030334711074,
    "layer2.1.conv2.mape": 0.09349998344580332,
    "layer2.1.conv2.mse": 0.02697489028672377,
    "layer2.1.conv2.rows": -1,
    "layer2.1.conv2.scaled_error": 0.04086873346567154,
    "layer2.1.conv2.scaled_shift": -0.0027492567188416917,
    "layer2.1.conv2.stored_array_size": 48,
    "layer3.0.conv1.C": 128,
    "layer3.0.conv1.H_size": 22528,
    "layer3.0.conv1.K": 16,
    "layer3.0.conv1.L_size": 2097152,
    "layer3.0.conv1.encoding_algorithm": 0,
    "layer3.0.conv1.learned_a_shape": [
        1,
        261970
    ],
    "layer3.0.conv1.learned_b_shape": [
        261970,
        256
    ],
    "layer3.0.conv1.learned_d": 261970,
    "layer3.0.conv1.learned_m": 256,
    "layer3.0.conv1.learned_n": 1,