{
    "halut_layers": "{\"layer1.1.conv3\": [64, 32, 16], \"layer1.2.conv3\": [64, 256, 16], \"layer1.0.conv3\": [64, 16, 16], \"layer2.1.conv3\": [64, 256, 16], \"layer1.0.conv1\": [64, 512, 16], \"layer1.0.downsample.0\": [64, 32, 16], \"layer2.3.conv3\": [64, 2048, 16], \"layer2.0.conv3\": [64, 16, 16], \"layer2.2.conv3\": [64, 64, 16], \"layer1.1.conv1\": [64, 32, 16], \"layer1.2.conv1\": [64, 32, 16], \"layer2.1.conv1\": [64, 2048, 16], \"layer3.1.conv3\": [64, 4096, 16], \"layer3.3.conv3\": [64, 2048, 16], \"layer3.2.conv3\": [64, 64, 16], \"layer2.2.conv1\": [64, 16, 16], \"layer2.3.conv1\": [64, 32, 16], \"layer3.1.conv1\": [64, 1024, 16], \"layer3.2.conv1\": [64, 1024, 16], \"layer3.4.conv3\": [64, 512, 16], \"layer2.2.conv2\": [64, 16, 16], \"layer3.0.downsample.0\": [64, 1024, 16], \"layer1.2.conv2\": [64, 4, 16]}",
    "layer1.0.conv1.C": 64,
    "layer1.0.conv1.H_size": 11264,
    "layer1.0.conv1.K": 16,
    "layer1.0.conv1.L_size": 262144,
    "layer1.0.conv1.learned_a_shape": [
        1605632,
        64
    ],
    "layer1.0.conv1.learned_b_shape": [
        64,
        64
    ],
    "layer1.0.conv1.learned_d": 64,
    "layer1.0.conv1.learned_m": 64,
    "layer1.0.conv1.learned_n": 1605632,
    "layer1.0.conv1.mae": 0.31279508716583254,
    "layer1.0.conv1.mape": 0.045482398376464846,
    "layer1.0.conv1.mse": 0.20437357975006104,
    "layer1.0.conv1.rows": 512,
    "layer1.0.conv1.scaled_error": 0.002993145220279694,
    "layer1.0.conv1.scaled_shift": -0.0005323572953790426,
    "layer1.0.conv1.stored_array_size": 24,
    "layer1.0.conv3.C": 64,
    "layer1.0.conv3.H_size": 11264,
    "layer1.0.conv3.K": 16,
    "layer1.0.conv3.L_size": 1048576,
    "layer1.0.conv3.learned_a_shape": [
        50176,
        64
    ],
    "layer1.0.conv3.learned_b_shape": [
        64,
        256
    ],
    "layer1.0.conv3.learned_d": 64,
    "layer1.0.conv3.learned_m": 256,
    "layer1.0.conv3.learned_n": 50176,
    "layer1.0.conv3.mae": 0.09359424833297729,
    "layer1.0.conv3.mape": 0.028194885478019713,
    "layer1.0.conv3.mse": 0.01683568990945816,
    "layer1.0.conv3.rows": 16,
    "layer1.0.conv3.scaled_error": 0.004933075269162655,
    "layer1.0.conv3.scaled_shift": -0.00016943029342219234,
    "layer1.0.conv3.stored_array_size": 24,
    "layer1.0.downsample.0.C": 64,
    "layer1.0.downsample.0.H_size": 11264,
    "layer1.0.downsample.0.K": 16,
    "layer1.0.downsample.0.L_size": 1048576,
    "layer1.0.downsample.0.learned_a_shape": [
        100352,
        64
    ],
    "layer1.0.downsample.0.learned_b_shape": [
        64,
        256
    ],
    "layer1.0.downsample.0.learned_d": 64,
    "layer1.0.downsample.0.learned_m": 256,
    "layer1.0.downsample.0.learned_n": 100352,
    "layer1.0.downsample.0.mae": 0.28182302474975585,
    "layer1.0.downsample.0.mape": 0.05320262988567352,
    "layer1.0.downsample.0.mse": 0.17634857097625734,
    "layer1.0.downsample.0.rows": 32,
    "layer1.0.downsample.0.scaled_error": 0.00242743282020092,
    "layer1.0.downsample.0.scaled_shift": -0.00021832437612116337,
    "layer1.0.downsample.0.stored_array_size": 24,
    "layer1.1.conv1.C": 64,
    "layer1.1.conv1.H_size": 11264,
    "layer1.1.conv1.K": 16,
    "layer1.1.conv1.L_size": 262144,
    "layer1.1.conv1.learned_a_shape": [
        100352,
        256
    ],
    "layer1.1.conv1.learned_b_shape": [
        256,
        64
    ],
    "layer1.1.conv1.learned_d": 256,
    "layer1.1.conv1.learned_m": 64,
    "layer1.1.conv1.learned_n": 100352,
    "layer1.1.conv1.mae": 0.41634893253326416,
    "layer1.1.conv1.mape": 0.17314925745010376,
    "layer1.1.conv1.mse": 0.3254867951774597,
    "layer1.1.conv1.rows": 32,
    "layer1.1.conv1.scaled_error": 0.019576526293754577,
    "layer1.1.conv1.scaled_shift": -0.0009644836261868477,
    "layer1.1.conv1.stored_array_size": 24,
    "layer1.1.conv3.C": 64,
    "layer1.1.conv3.H_size": 11264,
    "layer1.1.conv3.K": 16,
    "layer1.1.conv3.L_size": 1048576,
    "layer1.1.conv3.learned_a_shape": [
        100352,
        64
    ],
    "layer1.1.conv3.learned_b_shape": [
        64,
        256
    ],
    "layer1.1.conv3.learned_d": 64,
    "layer1.1.conv3.learned_m": 256,
    "layer1.1.conv3.learned_n": 100352,
    "layer1.1.conv3.mae": 0.052312394733428955,
    "layer1.1.conv3.mape": 0.02412016551733017,
    "layer1.1.conv3.mse": 0.005293110521435738,
    "layer1.1.conv3.rows": 32,
    "layer1.1.conv3.scaled_error": 0.003856154842674732,
    "layer1.1.conv3.scaled_shift": -0.00036692903105169534,
    "layer1.1.conv3.stored_array_size": 24,
    "layer1.2.conv1.C": 64,
    "layer1.2.conv1.H_size": 11264,
    "layer1.2.conv1.K": 16,
    "layer1.2.conv1.L_size": 262144,
    "layer1.2.conv1.learned_a_shape": [
        100352,
        256
    ],
    "layer1.2.conv1.learned_b_shape": [
        256,
        64
    ],
    "layer1.2.conv1.learned_d": 256,
    "layer1.2.conv1.learned_m": 64,
    "layer1.2.conv1.learned_n": 100352,
    "layer1.2.conv1.mae": 0.5348760725784302,
    "layer1.2.conv1.mape": 0.2135125368118286,
    "layer1.2.conv1.mse": 0.4887824760437012,
    "layer1.2.conv1.rows": 32,
    "layer1.2.conv1.scaled_error": 0.03041240849018097,
    "layer1.2.conv1.scaled_shift": -0.0009011721665039659,
    "layer1.2.conv1.stored_array_size": 24,
    "layer1.2.conv2.C": 64,
    "layer1.2.conv2.H_size": 11264,
    "layer1.2.conv2.K": 16,
    "layer1.2.conv2.L_size": 262144,
    "layer1.2.conv2.learned_a_shape": [
        12544,
        576
    ],
    "layer1.2.conv2.learned_b_shape": [
        576,
        64
    ],
    "layer1.2.conv2.learned_d": 576,
    "layer1.2.conv2.learned_m": 64,
    "layer1.2.conv2.learned_n": 12544,
    "layer1.2.conv2.mae": 1.0036939344024658,
    "layer1.2.conv2.mape": 0.4048698169708252,
    "layer1.2.conv2.mse": 1.6530422000122071,
    "layer1.2.conv2.rows": 4,
    "layer1.2.conv2.scaled_error": 0.05617216721534729,
    "layer1.2.conv2.scaled_shift": -0.0021827085456252097,
    "layer1.2.conv2.stored_array_size": 24,
    "layer1.2.conv3.C": 64,
    "layer1.2.conv3.H_size": 11264,
    "layer1.2.conv3.K": 16,
    "layer1.2.conv3.L_size": 1048576,
    "layer1.2.conv3.learned_a_shape": [
        802816,
        64
    ],
    "layer1.2.conv3.learned_b_shape": [
        64,
        256
    ],
    "layer1.2.conv3.learned_d": 64,
    "layer1.2.conv3.learned_m": 256,
    "layer1.2.conv3.learned_n": 802816,
    "layer1.2.conv3.mae": 0.03511895721435547,
    "layer1.2.conv3.mape": 0.018450735385417937,
    "layer1.2.conv3.mse": 0.0024912507864832878,
    "layer1.2.conv3.rows": 256,
    "layer1.2.conv3.scaled_error": 0.0036376415321230887,
    "layer1.2.conv3.scaled_shift": -0.00029696245349943636,
    "layer1.2.conv3.stored_array_size": 24,
    "layer2.0.conv3.C": 64,
    "layer2.0.conv3.H_size": 11264,
    "layer2.0.conv3.K": 16,
    "layer2.0.conv3.L_size": 2097152,
    "layer2.0.conv3.learned_a_shape": [
        12544,
        128
    ],
    "layer2.0.conv3.learned_b_shape": [
        128,
        512
    ],
    "layer2.0.conv3.learned_d": 128,
    "layer2.0.conv3.learned_m": 512,
    "layer2.0.conv3.learned_n": 12544,
    "layer2.0.conv3.mae": 0.20168344156265258,
    "layer2.0.conv3.mape": 0.09903746004104615,
    "layer2.0.conv3.mse": 0.0790793030834198,
    "layer2.0.conv3.rows": 16,
    "layer2.0.conv3.scaled_error": 0.013451310131549835,
    "layer2.0.conv3.scaled_shift": 0.0002016251828777604,
    "layer2.0.conv3.stored_array_size": 24,
    "layer2.1.conv1.C": 64,
    "layer2.1.conv1.H_size": 11264,
    "layer2.1.conv1.K": 16,
    "layer2.1.conv1.L_size": 524288,
    "layer2.1.conv1.learned_a_shape": [
        1605632,
        512
    ],
    "layer2.1.conv1.learned_b_shape": [
        512,
        128
    ],
    "layer2.1.conv1.learned_d": 512,
    "layer2.1.conv1.learned_m": 128,
    "layer2.1.conv1.learned_n": 1605632,
    "layer2.1.conv1.mae": 0.7142281677246094,
    "layer2.1.conv1.mape": 0.24092175567626953,
    "layer2.1.conv1.mse": 0.8746051133728028,