{
    "halut_layers": "{\"layer3.1.conv2\": [256, -1, 16], \"layer3.1.conv1\": [256, -1, 16], \"layer3.0.downsample.0\": [64, -1, 16], \"layer3.0.conv2\": [256, -1, 16], \"layer3.0.conv1\": [256, -1, 16], \"layer2.1.conv2\": [128, -1, 16], \"layer2.1.conv1\": [128, -1, 16], \"layer2.0.downsample.0\": [64, -1, 16], \"layer2.0.conv2\": [128, -1, 16], \"layer2.0.conv1\": [128, -1, 16], \"layer1.1.conv2\": [64, -1, 16], \"layer1.1.conv1\": [64, -1, 16], \"layer1.0.conv2\": [64, -1, 16], \"layer1.0.conv1\": [64, -1, 16]}",
    "layer1.0.conv1.C": 64,
    "layer1.0.conv1.H_size": 11264,
    "layer1.0.conv1.K": 16,
    "layer1.0.conv1.L_size": 262144,
    "layer1.0.conv1.learned_a_shape": [
        1,
        576
    ],
    "layer1.0.conv1.learned_b_shape": [
        576,
        64
    ],
    "layer1.0.conv1.learned_d": 576,
    "layer1.0.conv1.learned_m": 64,
    "layer1.0.conv1.learned_n": 1,
    "layer1.0.conv1.mae": 0.2751431038850844,
    "layer1.0.conv1.mape": 0.1133156432569931,
    "layer1.0.conv1.mse": 0.23474285056314267,
    "layer1.0.conv1.rows": -1,
    "layer1.0.conv1.scaled_error": 0.01912938692514769,
    "layer1.0.conv1.scaled_shift": 0.006243762810868326,
    "layer1.0.conv1.stored_array_size": 48,
    "layer1.0.conv2.C": 64,
    "layer1.0.conv2.H_size": 11264,
    "layer1.0.conv2.K": 16,
    "layer1.0.conv2.L_size": 262144,
    "layer1.0.conv2.learned_a_shape": [
        1,
        576
    ],
    "layer1.0.conv2.learned_b_shape": [
        576,
        64
    ],
    "layer1.0.conv2.learned_d": 576,
    "layer1.0.conv2.learned_m": 64,
    "layer1.0.conv2.learned_n": 1,
    "layer1.0.conv2.mae": 0.08673376163475421,
    "layer1.0.conv2.mape": 0.06496447105098681,
    "layer1.0.conv2.mse": 0.013485023885332749,
    "layer1.0.conv2.rows": -1,
    "layer1.0.conv2.scaled_error": 0.03292388281440153,
    "layer1.0.conv2.scaled_shift": -9.013722328564396e-05,
    "layer1.0.conv2.stored_array_size": 48,
    "layer1.1.conv1.C": 64,
    "layer1.1.conv1.H_size": 11264,
    "layer1.1.conv1.K": 16,
    "layer1.1.conv1.L_size": 262144,
    "layer1.1.conv1.learned_a_shape": [
        1,
        576
    ],
    "layer1.1.conv1.learned_b_shape": [
        576,
        64
    ],
    "layer1.1.conv1.learned_d": 576,
    "layer1.1.conv1.learned_m": 64,
    "layer1.1.conv1.learned_n": 1,
    "layer1.1.conv1.mae": 0.2427256640174268,
    "layer1.1.conv1.mape": 0.1271085835193229,
    "layer1.1.conv1.mse": 0.12263754520935749,
    "layer1.1.conv1.rows": -1,
    "layer1.1.conv1.scaled_error": 0.023891365250995743,
    "layer1.1.conv1.scaled_shift": 0.003409344873914593,
    "layer1.1.conv1.stored_array_size": 48,
    "layer1.1.conv2.C": 64,
    "layer1.1.conv2.H_size": 11264,
    "layer1.1.conv2.K": 16,
    "layer1.1.conv2.L_size": 262144,
    "layer1.1.conv2.learned_a_shape": [
        1,
        576
    ],
    "layer1.1.conv2.learned_b_shape": [
        576,
        64
    ],
    "layer1.1.conv2.learned_d": 576,
    "layer1.1.conv2.learned_m": 64,
    "layer1.1.conv2.learned_n": 1,
    "layer1.1.conv2.mae": 0.08884443155019689,
    "layer1.1.conv2.mape": 0.07016112257125885,
    "layer1.1.conv2.mse": 0.013493509865050138,
    "layer1.1.conv2.rows": -1,
    "layer1.1.conv2.scaled_error": 0.036054445363606434,
    "layer1.1.conv2.scaled_shift": 0.0002596428662029154,
    "layer1.1.conv2.stored_array_size": 48,
    "layer2.0.conv1.C": 128,
    "layer2.0.conv1.H_size": 22528,
    "layer2.0.conv1.K": 16,
    "layer2.0.conv1.L_size": 1048576,
    "layer2.0.conv1.learned_a_shape": [
        1,
        576
    ],
    "layer2.0.conv1.learned_b_shape": [
        576,
        128
    ],
    "layer2.0.conv1.learned_d": 576,
    "layer2.0.conv1.learned_m": 128,
    "layer2.0.conv1.learned_n": 1,
    "layer2.0.conv1.mae": 0.22267747636614987,
    "layer2.0.conv1.mape": 0.13157781714066144,
    "layer2.0.conv1.mse": 0.08508176360440606,
    "layer2.0.conv1.rows": -1,
    "layer2.0.conv1.scaled_error": 0.030077071237909113,
    "layer2.0.conv1.scaled_shift": 0.005378335154816813,
    "layer2.0.conv1.stored_array_size": 48,
    "layer2.0.conv2.C": 128,
    "layer2.0.conv2.H_size": 22528,
    "layer2.0.conv2.K": 16,
    "layer2.0.conv2.L_size": 1048576,
    "layer2.0.conv2.learned_a_shape": [
        1,
        1152
    ],
    "layer2.0.conv2.learned_b_shape": [
        1152,
        128
    ],
    "layer2.0.conv2.learned_d": 1152,
    "layer2.0.conv2.learned_m": 128,
    "layer2.0.conv2.learned_n": 1,
    "layer2.0.conv2.mae": 0.09987363863680242,
    "layer2.0.conv2.mape": 0.07574994833601957,
    "layer2.0.conv2.mse": 0.016969543829706786,
    "layer2.0.conv2.rows": -1,
    "layer2.0.conv2.scaled_error": 0.038443525180400784,
    "layer2.0.conv2.scaled_shift": 0.002856677161801586,
    "layer2.0.conv2.stored_array_size": 48,
    "layer2.0.downsample.0.C": 64,
    "layer2.0.downsample.0.H_size": 11264,
    "layer2.0.downsample.0.K": 16,
    "layer2.0.downsample.0.L_size": 524288,
    "layer2.0.downsample.0.learned_a_shape": [
        1,
        64
    ],
    "layer2.0.downsample.0.learned_b_shape": [
        64,
        128
    ],
    "layer2.0.downsample.0.learned_d": 64,
    "layer2.0.downsample.0.learned_m": 128,
    "layer2.0.downsample.0.learned_n": 1,
    "layer2.0.downsample.0.mae": 0.02942810117282811,
    "layer2.0.downsample.0.mape": 0.020472847574871746,
    "layer2.0.downsample.0.mse": 0.0019686020848590532,
    "layer2.0.downsample.0.rows": -1,
    "layer2.0.downsample.0.scaled_error": 0.0070676892310221175,
    "layer2.0.downsample.0.scaled_shift": 0.0018650064697867189,
    "layer2.0.downsample.0.stored_array_size": 48,
    "layer2.1.conv1.C": 128,
    "layer2.1.conv1.H_size": 22528,
    "layer2.1.conv1.K": 16,
    "layer2.1.conv1.L_size": 1048576,
    "layer2.1.conv1.learned_a_shape": [
        1,
        1152
    ],
    "layer2.1.conv1.learned_b_shape": [
        1152,
        128
    ],
    "layer2.1.conv1.learned_d": 1152,
    "layer2.1.conv1.learned_m": 128,
    "layer2.1.conv1.learned_n": 1,
    "layer2.1.conv1.mae": 0.18462639576672515,
    "layer2.1.conv1.mape": 0.12308069677226127,
    "layer2.1.conv1.mse": 0.05711201957310704,
    "layer2.1.conv1.rows": -1,
    "layer2.1.conv1.scaled_error": 0.04870149931594378,
    "layer2.1.conv1.scaled_shift": 0.006474834253141555,
    "layer2.1.conv1.stored_array_size": 48,
    "layer2.1.conv2.C": 128,
    "layer2.1.conv2.H_size": 22528,
    "layer2.1.conv2.K": 16,
    "layer2.1.conv2.L_size": 1048576,
    "layer2.1.conv2.learned_a_shape": [
        1,
        1152
    ],
    "layer2.1.conv2.learned_b_shape": [
        1152,
        128
    ],
    "layer2.1.conv2.learned_d": 1152,
    "layer2.1.conv2.learned_m": 128,
    "layer2.1.conv2.learned_n": 1,
    "layer2.1.conv2.mae": 0.06752157398145839,
    "layer2.1.conv2.mape": 0.05757647599877983,
    "layer2.1.conv2.mse": 0.007545979952204098,
    "layer2.1.conv2.rows": -1,
    "layer2.1.conv2.scaled_error": 0.0395847046276982,
    "layer2.1.conv2.scaled_shift": 0.0014796623080598468,
    "layer2.1.conv2.stored_array_size": 48,
    "layer3.0.conv1.C": 256,
    "layer3.0.conv1.H_size": 45056,
    "layer3.0.conv1.K": 16,
    "layer3.0.conv1.L_size": 4194304,
    "layer3.0.conv1.learned_a_shape": [
        1,
        1152
    ],
    "layer3.0.conv1.learned_b_shape": [
        1152,
        256
    ],
    "layer3.0.conv1.learned_d": 1152,
    "layer3.0.conv1.learned_m": 256,
    "layer3.0.conv1.learned_n": 1,
    "layer3.0.conv1.mae": 0.13680425409302208,
    "layer3.0.conv1.mape": 0.08862413115540263,
    "layer3.0.conv1.mse": 0.03146008556372111,
    "layer3.0.conv1.rows": -1,
    "layer3.0.conv1.scaled_error": 0.03207570997154848,
    "layer3.0.conv1.scaled_shift": 0.007679818613563192,
    "layer3.0.conv1.stored_array_size": 48,
    "layer3.0.conv2.C": 256,
    "layer3.0.conv2.H_size": 45056,
    "layer3.0.conv2.K": 16,
    "layer3.0.conv2.L_size": 4194304,
    "layer3.0.conv2.learned_a_shape": [
        1,
        2304
    ],