{
    "halut_layers": "{\"layer3.0.conv2\": [256, -1, 16], \"layer3.0.conv1\": [256, -1, 16], \"layer2.1.conv2\": [128, -1, 16], \"layer2.1.conv1\": [128, -1, 16], \"layer2.0.downsample.0\": [64, -1, 16], \"layer2.0.conv2\": [128, -1, 16], \"layer2.0.conv1\": [128, -1, 16], \"layer1.1.conv2\": [64, -1, 16], \"layer1.1.conv1\": [64, -1, 16], \"layer1.0.conv2\": [64, -1, 16], \"layer1.0.conv1\": [64, -1, 16]}",
    "layer1.0.conv1.C": 64,
    "layer1.0.conv1.H_size": 11264,
    "layer1.0.conv1.K": 16,
    "layer1.0.conv1.L_size": 262144,
    "layer1.0.conv1.learned_a_shape": [
        1,
        576
    ],
    "layer1.0.conv1.learned_b_shape": [
        576,
        64
    ],
    "layer1.0.conv1.learned_d": 576,
    "layer1.0.conv1.learned_m": 64,
    "layer1.0.conv1.learned_n": 1,
    "layer1.0.conv1.mae": 0.27497685244743714,
    "layer1.0.conv1.mape": 0.11313188413882583,
    "layer1.0.conv1.mse": 0.23441773810785904,
    "layer1.0.conv1.rows": -1,
    "layer1.0.conv1.scaled_error": 0.019044384073387526,
    "layer1.0.conv1.scaled_shift": 0.0062476234048137146,
    "layer1.0.conv1.stored_array_size": 48,
    "layer1.0.conv2.C": 64,
    "layer1.0.conv2.H_size": 11264,
    "layer1.0.conv2.K": 16,
    "layer1.0.conv2.L_size": 262144,
    "layer1.0.conv2.learned_a_shape": [
        1,
        576
    ],
    "layer1.0.conv2.learned_b_shape": [
        576,
        64
    ],
    "layer1.0.conv2.learned_d": 576,
    "layer1.0.conv2.learned_m": 64,
    "layer1.0.conv2.learned_n": 1,
    "layer1.0.conv2.mae": 0.08815461353182881,
    "layer1.0.conv2.mape": 0.06553300885833907,
    "layer1.0.conv2.mse": 0.013882449975469146,
    "layer1.0.conv2.rows": -1,
    "layer1.0.conv2.scaled_error": 0.03354838504313035,
    "layer1.0.conv2.scaled_shift": -0.0006792875029048701,
    "layer1.0.conv2.stored_array_size": 48,
    "layer1.1.conv1.C": 64,
    "layer1.1.conv1.H_size": 11264,
    "layer1.1.conv1.K": 16,
    "layer1.1.conv1.L_size": 262144,
    "layer1.1.conv1.learned_a_shape": [
        1,
        576
    ],
    "layer1.1.conv1.learned_b_shape": [
        576,
        64
    ],
    "layer1.1.conv1.learned_d": 576,
    "layer1.1.conv1.learned_m": 64,
    "layer1.1.conv1.learned_n": 1,
    "layer1.1.conv1.mae": 0.24445533628644167,
    "layer1.1.conv1.mape": 0.12775171145518446,
    "layer1.1.conv1.mse": 0.12391287317791594,
    "layer1.1.conv1.rows": -1,
    "layer1.1.conv1.scaled_error": 0.023686817183586614,
    "layer1.1.conv1.scaled_shift": 0.0034991174040054133,
    "layer1.1.conv1.stored_array_size": 48,
    "layer1.1.conv2.C": 64,
    "layer1.1.conv2.H_size": 11264,
    "layer1.1.conv2.K": 16,
    "layer1.1.conv2.L_size": 262144,
    "layer1.1.conv2.learned_a_shape": [
        1,
        576
    ],
    "layer1.1.conv2.learned_b_shape": [
        576,
        64
    ],
    "layer1.1.conv2.learned_d": 576,
    "layer1.1.conv2.learned_m": 64,
    "layer1.1.conv2.learned_n": 1,
    "layer1.1.conv2.mae": 0.08951133002300424,
    "layer1.1.conv2.mape": 0.07046370136155805,
    "layer1.1.conv2.mse": 0.013673003572303374,
    "layer1.1.conv2.rows": -1,
    "layer1.1.conv2.scaled_error": 0.036623256075092515,
    "layer1.1.conv2.scaled_shift": 0.0004955399434449979,
    "layer1.1.conv2.stored_array_size": 48,
    "layer2.0.conv1.C": 128,
    "layer2.0.conv1.H_size": 22528,
    "layer2.0.conv1.K": 16,
    "layer2.0.conv1.L_size": 1048576,
    "layer2.0.conv1.learned_a_shape": [
        1,
        576
    ],
    "layer2.0.conv1.learned_b_shape": [
        576,
        128
    ],
    "layer2.0.conv1.learned_d": 576,
    "layer2.0.conv1.learned_m": 128,
    "layer2.0.conv1.learned_n": 1,
    "layer2.0.conv1.mae": 0.22240099219961343,
    "layer2.0.conv1.mape": 0.13166720938397708,
    "layer2.0.conv1.mse": 0.0848205708727223,
    "layer2.0.conv1.rows": -1,
    "layer2.0.conv1.scaled_error": 0.03044083997685679,
    "layer2.0.conv1.scaled_shift": 0.005436405550617132,
    "layer2.0.conv1.stored_array_size": 48,
    "layer2.0.conv2.C": 128,
    "layer2.0.conv2.H_size": 22528,
    "layer2.0.conv2.K": 16,
    "layer2.0.conv2.L_size": 1048576,
    "layer2.0.conv2.learned_a_shape": [
        1,
        1152
    ],
    "layer2.0.conv2.learned_b_shape": [
        1152,
        128
    ],
    "layer2.0.conv2.learned_d": 1152,
    "layer2.0.conv2.learned_m": 128,
    "layer2.0.conv2.learned_n": 1,
    "layer2.0.conv2.mae": 0.09906196232016733,
    "layer2.0.conv2.mape": 0.07524693979976607,
    "layer2.0.conv2.mse": 0.016694127620677856,
    "layer2.0.conv2.rows": -1,
    "layer2.0.conv2.scaled_error": 0.038246970379701324,
    "layer2.0.conv2.scaled_shift": 0.0027763911796798526,
    "layer2.0.conv2.stored_array_size": 48,
    "layer2.0.downsample.0.C": 64,
    "layer2.0.downsample.0.H_size": 11264,
    "layer2.0.downsample.0.K": 16,
    "layer2.0.downsample.0.L_size": 524288,
    "layer2.0.downsample.0.learned_a_shape": [
        1,
        64
    ],
    "layer2.0.downsample.0.learned_b_shape": [
        64,
        128
    ],
    "layer2.0.downsample.0.learned_d": 64,
    "layer2.0.downsample.0.learned_m": 128,
    "layer2.0.downsample.0.learned_n": 1,
    "layer2.0.downsample.0.mae": 0.029418789786488257,
    "layer2.0.downsample.0.mape": 0.020448144432065486,
    "layer2.0.downsample.0.mse": 0.0019639412907844077,
    "layer2.0.downsample.0.rows": -1,
    "layer2.0.downsample.0.scaled_error": 0.0070720161278977605,
    "layer2.0.downsample.0.scaled_shift": 0.0018702893564456293,
    "layer2.0.downsample.0.stored_array_size": 48,
    "layer2.1.conv1.C": 128,
    "layer2.1.conv1.H_size": 22528,
    "layer2.1.conv1.K": 16,
    "layer2.1.conv1.L_size": 1048576,
    "layer2.1.conv1.learned_a_shape": [
        1,
        1152
    ],
    "layer2.1.conv1.learned_b_shape": [
        1152,
        128
    ],
    "layer2.1.conv1.learned_d": 1152,
    "layer2.1.conv1.learned_m": 128,
    "layer2.1.conv1.learned_n": 1,
    "layer2.1.conv1.mae": 0.1845575490964514,
    "layer2.1.conv1.mape": 0.12296102244067804,
    "layer2.1.conv1.mse": 0.05717903477786988,
    "layer2.1.conv1.rows": -1,
    "layer2.1.conv1.scaled_error": 0.04827470329393059,
    "layer2.1.conv1.scaled_shift": 0.006435249260937458,
    "layer2.1.conv1.stored_array_size": 48,
    "layer2.1.conv2.C": 128,
    "layer2.1.conv2.H_size": 22528,
    "layer2.1.conv2.K": 16,
    "layer2.1.conv2.L_size": 1048576,
    "layer2.1.conv2.learned_a_shape": [
        1,
        1152
    ],
    "layer2.1.conv2.learned_b_shape": [
        1152,
        128
    ],
    "layer2.1.conv2.learned_d": 1152,
    "layer2.1.conv2.learned_m": 128,
    "layer2.1.conv2.learned_n": 1,
    "layer2.1.conv2.mae": 0.06768628776570651,
    "layer2.1.conv2.mape": 0.05766668622088365,
    "layer2.1.conv2.mse": 0.007594007457539756,
    "layer2.1.conv2.rows": -1,
    "layer2.1.conv2.scaled_error": 0.039681540111179615,
    "layer2.1.conv2.scaled_shift": 0.001397619571487257,
    "layer2.1.conv2.stored_array_size": 48,
    "layer3.0.conv1.C": 256,
    "layer3.0.conv1.H_size": 45056,
    "layer3.0.conv1.K": 16,
    "layer3.0.conv1.L_size": 4194304,
    "layer3.0.conv1.learned_a_shape": [
        1,
        1152
    ],
    "layer3.0.conv1.learned_b_shape": [
        1152,
        256
    ],
    "layer3.0.conv1.learned_d": 1152,
    "layer3.0.conv1.learned_m": 256,
    "layer3.0.conv1.learned_n": 1,
    "layer3.0.conv1.mae": 0.13674232539581782,
    "layer3.0.conv1.mape": 0.0885162166444243,
    "layer3.0.conv1.mse": 0.03147693702717745,
    "layer3.0.conv1.rows": -1,
    "layer3.0.conv1.scaled_error": 0.03223411578215522,
    "layer3.0.conv1.scaled_shift": 0.008060347206010999,
    "layer3.0.conv1.stored_array_size": 48,
    "layer3.0.conv2.C": 256,
    "layer3.0.conv2.H_size": 45056,
    "layer3.0.conv2.K": 16,
    "layer3.0.conv2.L_size": 4194304,
    "layer3.0.conv2.learned_a_shape": [
        1,
        2304
    ],
    "layer3.0.conv2.learned_b_shape": [
        2304,
        256
    ],
    "layer3.0.conv2.learned_d": 2304,