{
    "halut_layers": "{\"layer1.0.conv2\": [64, -1, 16], \"layer1.0.conv1\": [64, -1, 16]}",
    "layer1.0.conv1.C": 64,
    "layer1.0.conv1.H_size": 11264,
    "layer1.0.conv1.K": 16,
    "layer1.0.conv1.L_size": 262144,
    "layer1.0.conv1.learned_a_shape": [
        1,
        261970
    ],
    "layer1.0.conv1.learned_b_shape": [
        261970,
        64
    ],
    "layer1.0.conv1.learned_d": 261970,
    "layer1.0.conv1.learned_m": 64,
    "layer1.0.conv1.learned_n": 1,
    "layer1.0.conv1.mae": 0.2799929344415665,
    "layer1.0.conv1.mape": 0.11998644882043202,
    "layer1.0.conv1.mse": 0.1789783079902331,
    "layer1.0.conv1.rows": -1,
    "layer1.0.conv1.scaled_error": 0.017618839134275914,
    "layer1.0.conv1.scaled_shift": 0.0020856215035542844,
    "layer1.0.conv1.stored_array_size": 48,
    "layer1.0.conv2.C": 64,
    "layer1.0.conv2.H_size": 11264,
    "layer1.0.conv2.K": 16,
    "layer1.0.conv2.L_size": 262144,
    "layer1.0.conv2.learned_a_shape": [
        1,
        261970
    ],
    "layer1.0.conv2.learned_b_shape": [
        261970,
        64
    ],
    "layer1.0.conv2.learned_d": 261970,
    "layer1.0.conv2.learned_m": 64,
    "layer1.0.conv2.learned_n": 1,
    "layer1.0.conv2.mae": 0.2350402529001236,
    "layer1.0.conv2.mape": 0.12856436414718628,
    "layer1.0.conv2.mse": 0.11157899188995361,
    "layer1.0.conv2.rows": -1,
    "layer1.0.conv2.scaled_error": 0.023719871747493744,
    "layer1.0.conv2.scaled_shift": 0.0013304730867967009,
    "layer1.0.conv2.stored_array_size": 48,
    "top_1_accuracy": 91.31,
    "top_5_accuracy": 99.69
}