{
    "halut_layers": "{\"layer3.0.conv1\": [256, -1, 16], \"layer2.1.conv2\": [128, -1, 16], \"layer2.1.conv1\": [128, -1, 16], \"layer2.0.downsample.0\": [64, -1, 16], \"layer2.0.conv2\": [128, -1, 16], \"layer2.0.conv1\": [128, -1, 16], \"layer1.1.conv2\": [64, -1, 16], \"layer1.1.conv1\": [64, -1, 16], \"layer1.0.conv2\": [64, -1, 16], \"layer1.0.conv1\": [64, -1, 16]}",
    "layer1.0.conv1.C": 64,
    "layer1.0.conv1.H_size": 11264,
    "layer1.0.conv1.K": 16,
    "layer1.0.conv1.L_size": 262144,
    "layer1.0.conv1.learned_a_shape": [
        1,
        261970
    ],
    "layer1.0.conv1.learned_b_shape": [
        261970,
        64
    ],
    "layer1.0.conv1.learned_d": 261970,
    "layer1.0.conv1.learned_m": 64,
    "layer1.0.conv1.learned_n": 1,
    "layer1.0.conv1.mae": 0.28599769210020703,
    "layer1.0.conv1.mape": 0.13856047490437826,
    "layer1.0.conv1.mse": 0.17144392288923263,
    "layer1.0.conv1.rows": -1,
    "layer1.0.conv1.scaled_error": 0.020442643301685652,
    "layer1.0.conv1.scaled_shift": -0.0011277689292503055,
    "layer1.0.conv1.stored_array_size": 48,
    "layer1.0.conv2.C": 64,
    "layer1.0.conv2.H_size": 11264,
    "layer1.0.conv2.K": 16,
    "layer1.0.conv2.L_size": 262144,
    "layer1.0.conv2.learned_a_shape": [
        1,
        261970
    ],
    "layer1.0.conv2.learned_b_shape": [
        261970,
        64
    ],
    "layer1.0.conv2.learned_d": 261970,
    "layer1.0.conv2.learned_m": 64,
    "layer1.0.conv2.learned_n": 1,
    "layer1.0.conv2.mae": 0.17291921352148057,
    "layer1.0.conv2.mape": 0.11272364378770193,
    "layer1.0.conv2.mse": 0.05581365373432636,
    "layer1.0.conv2.rows": -1,
    "layer1.0.conv2.scaled_error": 0.023220205082496007,
    "layer1.0.conv2.scaled_shift": -0.0013482132276520134,
    "layer1.0.conv2.stored_array_size": 48,
    "layer1.1.conv1.C": 64,
    "layer1.1.conv1.H_size": 11264,
    "layer1.1.conv1.K": 16,
    "layer1.1.conv1.L_size": 262144,
    "layer1.1.conv1.learned_a_shape": [
        1,
        261970
    ],
    "layer1.1.conv1.learned_b_shape": [
        261970,
        64
    ],
    "layer1.1.conv1.learned_d": 261970,
    "layer1.1.conv1.learned_m": 64,
    "layer1.1.conv1.learned_n": 1,
    "layer1.1.conv1.mae": 0.26822265241146087,
    "layer1.1.conv1.mape": 0.1432477916955948,
    "layer1.1.conv1.mse": 0.1321426376303037,
    "layer1.1.conv1.rows": -1,
    "layer1.1.conv1.scaled_error": 0.026074937968949476,
    "layer1.1.conv1.scaled_shift": -0.0027245378392127652,
    "layer1.1.conv1.stored_array_size": 48,
    "layer1.1.conv2.C": 64,
    "layer1.1.conv2.H_size": 11264,
    "layer1.1.conv2.K": 16,
    "layer1.1.conv2.L_size": 262144,
    "layer1.1.conv2.learned_a_shape": [
        1,
        261970
    ],
    "layer1.1.conv2.learned_b_shape": [
        261970,
        64
    ],
    "layer1.1.conv2.learned_d": 261970,
    "layer1.1.conv2.learned_m": 64,
    "layer1.1.conv2.learned_n": 1,
    "layer1.1.conv2.mae": 0.10636570331652959,
    "layer1.1.conv2.mape": 0.08003542679548263,
    "layer1.1.conv2.mse": 0.019600038454433283,
    "layer1.1.conv2.rows": -1,
    "layer1.1.conv2.scaled_error": 0.027105899784962337,
    "layer1.1.conv2.scaled_shift": -0.0007200128478172701,
    "layer1.1.conv2.stored_array_size": 48,
    "layer2.0.conv1.C": 128,
    "layer2.0.conv1.H_size": 22528,
    "layer2.0.conv1.K": 16,
    "layer2.0.conv1.L_size": 1048576,
    "layer2.0.conv1.learned_a_shape": [
        1,
        261970
    ],
    "layer2.0.conv1.learned_b_shape": [
        261970,
        128
    ],
    "layer2.0.conv1.learned_d": 261970,
    "layer2.0.conv1.learned_m": 128,
    "layer2.0.conv1.learned_n": 1,
    "layer2.0.conv1.mae": 0.21094670245647432,
    "layer2.0.conv1.mape": 0.10690620631972948,
    "layer2.0.conv1.mse": 0.07977700521151225,
    "layer2.0.conv1.rows": -1,
    "layer2.0.conv1.scaled_error": 0.018816852385302386,
    "layer2.0.conv1.scaled_shift": 0.0010420138326163093,
    "layer2.0.conv1.stored_array_size": 48,
    "layer2.0.conv2.C": 128,
    "layer2.0.conv2.H_size": 22528,
    "layer2.0.conv2.K": 16,
    "layer2.0.conv2.L_size": 1048576,
    "layer2.0.conv2.learned_a_shape": [
        1,
        261970
    ],
    "layer2.0.conv2.learned_b_shape": [
        261970,
        128
    ],
    "layer2.0.conv2.learned_d": 261970,
    "layer2.0.conv2.learned_m": 128,
    "layer2.0.conv2.learned_n": 1,
    "layer2.0.conv2.mae": 0.13491433372100195,
    "layer2.0.conv2.mape": 0.09339864572882653,
    "layer2.0.conv2.mse": 0.0311685400168101,
    "layer2.0.conv2.rows": -1,
    "layer2.0.conv2.scaled_error": 0.03673565773864587,
    "layer2.0.conv2.scaled_shift": 0.003097604560976227,
    "layer2.0.conv2.stored_array_size": 48,
    "layer2.0.downsample.0.C": 64,
    "layer2.0.downsample.0.H_size": 11264,
    "layer2.0.downsample.0.K": 16,
    "layer2.0.downsample.0.L_size": 524288,
    "layer2.0.downsample.0.learned_a_shape": [
        1,
        261970
    ],
    "layer2.0.downsample.0.learned_b_shape": [
        261970,
        128
    ],
    "layer2.0.downsample.0.learned_d": 261970,
    "layer2.0.downsample.0.learned_m": 128,
    "layer2.0.downsample.0.learned_n": 1,
    "layer2.0.downsample.0.mae": 0.031590131116906804,
    "layer2.0.downsample.0.mape": 0.020875160604715347,
    "layer2.0.downsample.0.mse": 0.002036716556859513,
    "layer2.0.downsample.0.rows": -1,
    "layer2.0.downsample.0.scaled_error": 0.0070456416892508665,
    "layer2.0.downsample.0.scaled_shift": 0.0005583755089435727,
    "layer2.0.downsample.0.stored_array_size": 48,
    "layer2.1.conv1.C": 128,
    "layer2.1.conv1.H_size": 22528,
    "layer2.1.conv1.K": 16,
    "layer2.1.conv1.L_size": 1048576,
    "layer2.1.conv1.learned_a_shape": [
        1,
        261970
    ],
    "layer2.1.conv1.learned_b_shape": [
        261970,
        128
    ],
    "layer2.1.conv1.learned_d": 261970,
    "layer2.1.conv1.learned_m": 128,
    "layer2.1.conv1.learned_n": 1,
    "layer2.1.conv1.mae": 0.23983095364570617,
    "layer2.1.conv1.mape": 0.13750158168872198,
    "layer2.1.conv1.mse": 0.09972634199062984,
    "layer2.1.conv1.rows": -1,
    "layer2.1.conv1.scaled_error": 0.03037004459500313,
    "layer2.1.conv1.scaled_shift": 0.003324491989736756,
    "layer2.1.conv1.stored_array_size": 48,
    "layer2.1.conv2.C": 128,
    "layer2.1.conv2.H_size": 22528,
    "layer2.1.conv2.K": 16,
    "layer2.1.conv2.L_size": 1048576,
    "layer2.1.conv2.learned_a_shape": [
        1,
        261970
    ],
    "layer2.1.conv2.learned_b_shape": [
        261970,
        128
    ],
    "layer2.1.conv2.learned_d": 261970,
    "layer2.1.conv2.learned_m": 128,
    "layer2.1.conv2.learned_n": 1,
    "layer2.1.conv2.mae": 0.0991791411459446,
    "layer2.1.conv2.mape": 0.07355606408715248,
    "layer2.1.conv2.mse": 0.016351985312998293,
    "layer2.1.conv2.rows": -1,
    "layer2.1.conv2.scaled_error": 0.04038179273207983,
    "layer2.1.conv2.scaled_shift": 0.0039022946678722898,
    "layer2.1.conv2.stored_array_size": 48,
    "layer3.0.conv1.C": 256,
    "layer3.0.conv1.H_size": 45056,
    "layer3.0.conv1.K": 16,
    "layer3.0.conv1.L_size": 4194304,
    "layer3.0.conv1.learned_a_shape": [
        1,
        261970
    ],
    "layer3.0.conv1.learned_b_shape": [
        261970,
        256
    ],
    "layer3.0.conv1.learned_d": 261970,
    "layer3.0.conv1.learned_m": 256,
    "layer3.0.conv1.learned_n": 1,
    "layer3.0.conv1.mae": 0.21858033454418183,
    "layer3.0.conv1.mape": 0.11334958151578903,
    "layer3.0.conv1.mse": 0.08238518354892731,
    "layer3.0.conv1.rows": -1,
    "layer3.0.conv1.scaled_error": 0.03802691345214844,
    "layer3.0.conv1.scaled_shift": 0.013699353003501892,
    "layer3.0.conv1.stored_array_size": 48,
    "top_1_accuracy": 88.22,
    "top_5_accuracy": 99.41
}