{
    "halut_layers": "{\"layer2.0.downsample.0\": [64, -1, 16], \"layer2.0.conv2\": [128, -1, 16], \"layer2.0.conv1\": [128, -1, 16], \"layer1.1.conv2\": [64, -1, 16], \"layer1.1.conv1\": [64, -1, 16], \"layer1.0.conv2\": [64, -1, 16], \"layer1.0.conv1\": [64, -1, 16]}",
    "layer1.0.conv1.C": 64,
    "layer1.0.conv1.H_size": 11264,
    "layer1.0.conv1.K": 16,
    "layer1.0.conv1.L_size": 262144,
    "layer1.0.conv1.learned_a_shape": [
        1,
        261970
    ],
    "layer1.0.conv1.learned_b_shape": [
        261970,
        64
    ],
    "layer1.0.conv1.learned_d": 261970,
    "layer1.0.conv1.learned_m": 64,
    "layer1.0.conv1.learned_n": 1,
    "layer1.0.conv1.mae": 0.53581328125,
    "layer1.0.conv1.mape": 0.1622484375,
    "layer1.0.conv1.mse": 0.91646796875,
    "layer1.0.conv1.rows": -1,
    "layer1.0.conv1.scaled_error": 0.0082481201171875,
    "layer1.0.conv1.scaled_shift": 0.00125372314453125,
    "layer1.0.conv1.stored_array_size": 48,
    "layer1.0.conv2.C": 64,
    "layer1.0.conv2.H_size": 11264,
    "layer1.0.conv2.K": 16,
    "layer1.0.conv2.L_size": 262144,
    "layer1.0.conv2.learned_a_shape": [
        1,
        261970
    ],
    "layer1.0.conv2.learned_b_shape": [
        261970,
        64
    ],
    "layer1.0.conv2.learned_d": 261970,
    "layer1.0.conv2.learned_m": 64,
    "layer1.0.conv2.learned_n": 1,
    "layer1.0.conv2.mae": 0.268213671875,
    "layer1.0.conv2.mape": 0.128521484375,
    "layer1.0.conv2.mse": 0.163712890625,
    "layer1.0.conv2.rows": -1,
    "layer1.0.conv2.scaled_error": 0.0157337890625,
    "layer1.0.conv2.scaled_shift": 0.0009157669067382813,
    "layer1.0.conv2.stored_array_size": 48,
    "layer1.1.conv1.C": 64,
    "layer1.1.conv1.H_size": 11264,
    "layer1.1.conv1.K": 16,
    "layer1.1.conv1.L_size": 262144,
    "layer1.1.conv1.learned_a_shape": [
        1,
        261970
    ],
    "layer1.1.conv1.learned_b_shape": [
        261970,
        64
    ],
    "layer1.1.conv1.learned_d": 261970,
    "layer1.1.conv1.learned_m": 64,
    "layer1.1.conv1.learned_n": 1,
    "layer1.1.conv1.mae": 0.4916796875,
    "layer1.1.conv1.mape": 0.152991796875,
    "layer1.1.conv1.mse": 0.52791640625,
    "layer1.1.conv1.rows": -1,
    "layer1.1.conv1.scaled_error": 0.023131689453125,
    "layer1.1.conv1.scaled_shift": 0.00655811767578125,
    "layer1.1.conv1.stored_array_size": 48,
    "layer1.1.conv2.C": 64,
    "layer1.1.conv2.H_size": 11264,
    "layer1.1.conv2.K": 16,
    "layer1.1.conv2.L_size": 262144,
    "layer1.1.conv2.learned_a_shape": [
        1,
        261970
    ],
    "layer1.1.conv2.learned_b_shape": [
        261970,
        64
    ],
    "layer1.1.conv2.learned_d": 261970,
    "layer1.1.conv2.learned_m": 64,
    "layer1.1.conv2.learned_n": 1,
    "layer1.1.conv2.mae": 0.21616171875,
    "layer1.1.conv2.mape": 0.1110126953125,
    "layer1.1.conv2.mse": 0.09473056640625,
    "layer1.1.conv2.rows": -1,
    "layer1.1.conv2.scaled_error": 0.01836748046875,
    "layer1.1.conv2.scaled_shift": 0.00185828857421875,
    "layer1.1.conv2.stored_array_size": 48,
    "layer2.0.conv1.C": 128,
    "layer2.0.conv1.H_size": 22528,
    "layer2.0.conv1.K": 16,
    "layer2.0.conv1.L_size": 1048576,
    "layer2.0.conv1.learned_a_shape": [
        1,
        261970
    ],
    "layer2.0.conv1.learned_b_shape": [
        261970,
        128
    ],
    "layer2.0.conv1.learned_d": 261970,
    "layer2.0.conv1.learned_m": 128,
    "layer2.0.conv1.learned_n": 1,
    "layer2.0.conv1.mae": 0.372521484375,
    "layer2.0.conv1.mape": 0.132531640625,
    "layer2.0.conv1.mse": 0.287895703125,
    "layer2.0.conv1.rows": -1,
    "layer2.0.conv1.scaled_error": 0.0171617431640625,
    "layer2.0.conv1.scaled_shift": 0.0023600067138671876,
    "layer2.0.conv1.stored_array_size": 48,
    "layer2.0.conv2.C": 128,
    "layer2.0.conv2.H_size": 22528,
    "layer2.0.conv2.K": 16,
    "layer2.0.conv2.L_size": 1048576,
    "layer2.0.conv2.learned_a_shape": [
        1,
        261970
    ],
    "layer2.0.conv2.learned_b_shape": [
        261970,
        128
    ],
    "layer2.0.conv2.learned_d": 261970,
    "layer2.0.conv2.learned_m": 128,
    "layer2.0.conv2.learned_n": 1,
    "layer2.0.conv2.mae": 0.2235384765625,
    "layer2.0.conv2.mape": 0.124330078125,
    "layer2.0.conv2.mse": 0.0899337890625,
    "layer2.0.conv2.rows": -1,
    "layer2.0.conv2.scaled_error": 0.029299072265625,
    "layer2.0.conv2.scaled_shift": 0.00568521728515625,
    "layer2.0.conv2.stored_array_size": 48,
    "layer2.0.downsample.0.C": 64,
    "layer2.0.downsample.0.H_size": 11264,
    "layer2.0.downsample.0.K": 16,
    "layer2.0.downsample.0.L_size": 524288,
    "layer2.0.downsample.0.learned_a_shape": [
        1,
        261970
    ],
    "layer2.0.downsample.0.learned_b_shape": [
        261970,
        128
    ],
    "layer2.0.downsample.0.learned_d": 261970,
    "layer2.0.downsample.0.learned_m": 128,
    "layer2.0.downsample.0.learned_n": 1,
    "layer2.0.downsample.0.mae": 0.059193408203125,
    "layer2.0.downsample.0.mape": 0.030803662109375,
    "layer2.0.downsample.0.mse": 0.0081157958984375,
    "layer2.0.downsample.0.rows": -1,
    "layer2.0.downsample.0.scaled_error": 0.0052286865234375,
    "layer2.0.downsample.0.scaled_shift": 0.00028999290466308596,
    "layer2.0.downsample.0.stored_array_size": 48,
    "top_1_accuracy": 90.94,
    "top_5_accuracy": 99.61
}