{
    "halut_layers": "{\"layer2.0.conv2\": [128, -1, 16], \"layer2.0.conv1\": [128, -1, 16], \"layer1.1.conv2\": [64, -1, 16], \"layer1.1.conv1\": [64, -1, 16], \"layer1.0.conv2\": [64, -1, 16], \"layer1.0.conv1\": [64, -1, 16]}",
    "layer1.0.conv1.C": 64,
    "layer1.0.conv1.H_size": 11264,
    "layer1.0.conv1.K": 16,
    "layer1.0.conv1.L_size": 262144,
    "layer1.0.conv1.learned_a_shape": [
        1,
        261970
    ],
    "layer1.0.conv1.learned_b_shape": [
        261970,
        64
    ],
    "layer1.0.conv1.learned_d": 261970,
    "layer1.0.conv1.learned_m": 64,
    "layer1.0.conv1.learned_n": 1,
    "layer1.0.conv1.mae": 0.553115625,
    "layer1.0.conv1.mape": 0.164282421875,
    "layer1.0.conv1.mse": 0.97002421875,
    "layer1.0.conv1.rows": -1,
    "layer1.0.conv1.scaled_error": 0.00845615234375,
    "layer1.0.conv1.scaled_shift": 0.0013384414672851562,
    "layer1.0.conv1.stored_array_size": 48,
    "layer1.0.conv2.C": 64,
    "layer1.0.conv2.H_size": 11264,
    "layer1.0.conv2.K": 16,
    "layer1.0.conv2.L_size": 262144,
    "layer1.0.conv2.learned_a_shape": [
        1,
        261970
    ],
    "layer1.0.conv2.learned_b_shape": [
        261970,
        64
    ],
    "layer1.0.conv2.learned_d": 261970,
    "layer1.0.conv2.learned_m": 64,
    "layer1.0.conv2.learned_n": 1,
    "layer1.0.conv2.mae": 0.26751640625,
    "layer1.0.conv2.mape": 0.1278697265625,
    "layer1.0.conv2.mse": 0.163455859375,
    "layer1.0.conv2.rows": -1,
    "layer1.0.conv2.scaled_error": 0.0156598388671875,
    "layer1.0.conv2.scaled_shift": 0.0009694564819335938,
    "layer1.0.conv2.stored_array_size": 48,
    "layer1.1.conv1.C": 64,
    "layer1.1.conv1.H_size": 11264,
    "layer1.1.conv1.K": 16,
    "layer1.1.conv1.L_size": 262144,
    "layer1.1.conv1.learned_a_shape": [
        1,
        261970
    ],
    "layer1.1.conv1.learned_b_shape": [
        261970,
        64
    ],
    "layer1.1.conv1.learned_d": 261970,
    "layer1.1.conv1.learned_m": 64,
    "layer1.1.conv1.learned_n": 1,
    "layer1.1.conv1.mae": 0.49865078125,
    "layer1.1.conv1.mape": 0.153003125,
    "layer1.1.conv1.mse": 0.55318984375,
    "layer1.1.conv1.rows": -1,
    "layer1.1.conv1.scaled_error": 0.02309189453125,
    "layer1.1.conv1.scaled_shift": 0.00659925537109375,
    "layer1.1.conv1.stored_array_size": 48,
    "layer1.1.conv2.C": 64,
    "layer1.1.conv2.H_size": 11264,
    "layer1.1.conv2.K": 16,
    "layer1.1.conv2.L_size": 262144,
    "layer1.1.conv2.learned_a_shape": [
        1,
        261970
    ],
    "layer1.1.conv2.learned_b_shape": [
        261970,
        64
    ],
    "layer1.1.conv2.learned_d": 261970,
    "layer1.1.conv2.learned_m": 64,
    "layer1.1.conv2.learned_n": 1,
    "layer1.1.conv2.mae": 0.2171701171875,
    "layer1.1.conv2.mape": 0.11121669921875,
    "layer1.1.conv2.mse": 0.09504296875,
    "layer1.1.conv2.rows": -1,
    "layer1.1.conv2.scaled_error": 0.0186234619140625,
    "layer1.1.conv2.scaled_shift": 0.0019138275146484375,
    "layer1.1.conv2.stored_array_size": 48,
    "layer2.0.conv1.C": 128,
    "layer2.0.conv1.H_size": 22528,
    "layer2.0.conv1.K": 16,
    "layer2.0.conv1.L_size": 1048576,
    "layer2.0.conv1.learned_a_shape": [
        1,
        261970
    ],
    "layer2.0.conv1.learned_b_shape": [
        261970,
        128
    ],
    "layer2.0.conv1.learned_d": 261970,
    "layer2.0.conv1.learned_m": 128,
    "layer2.0.conv1.learned_n": 1,
    "layer2.0.conv1.mae": 0.385428125,
    "layer2.0.conv1.mape": 0.1343044921875,
    "layer2.0.conv1.mse": 0.31053828125,
    "layer2.0.conv1.rows": -1,
    "layer2.0.conv1.scaled_error": 0.01736416015625,
    "layer2.0.conv1.scaled_shift": 0.00257244873046875,
    "layer2.0.conv1.stored_array_size": 48,
    "layer2.0.conv2.C": 128,
    "layer2.0.conv2.H_size": 22528,
    "layer2.0.conv2.K": 16,
    "layer2.0.conv2.L_size": 1048576,
    "layer2.0.conv2.learned_a_shape": [
        1,
        261970
    ],
    "layer2.0.conv2.learned_b_shape": [
        261970,
        128
    ],
    "layer2.0.conv2.learned_d": 261970,
    "layer2.0.conv2.learned_m": 128,
    "layer2.0.conv2.learned_n": 1,
    "layer2.0.conv2.mae": 0.2235119140625,
    "layer2.0.conv2.mape": 0.1240927734375,
    "layer2.0.conv2.mse": 0.089937109375,
    "layer2.0.conv2.rows": -1,
    "layer2.0.conv2.scaled_error": 0.029312841796875,
    "layer2.0.conv2.scaled_shift": 0.005699420166015625,
    "layer2.0.conv2.stored_array_size": 48,
    "top_1_accuracy": 90.74,
    "top_5_accuracy": 99.68
}