{
    "halut_layers": "{\"layer1.0.conv1\": [64, -1, 16]}",
    "layer1.0.conv1.C": 64,
    "layer1.0.conv1.H_size": 11264,
    "layer1.0.conv1.K": 16,
    "layer1.0.conv1.L_size": 262144,
    "layer1.0.conv1.learned_a_shape": [
        1,
        576
    ],
    "layer1.0.conv1.learned_b_shape": [
        576,
        64
    ],
    "layer1.0.conv1.learned_d": 576,
    "layer1.0.conv1.learned_m": 64,
    "layer1.0.conv1.learned_n": 1,
    "layer1.0.conv1.mae": 0.47306953125,
    "layer1.0.conv1.mape": 0.1716634765625,
    "layer1.0.conv1.mse": 0.5396171875,
    "layer1.0.conv1.rows": -1,
    "layer1.0.conv1.scaled_error": 0.0200329833984375,
    "layer1.0.conv1.scaled_shift": 0.002432470703125,
    "layer1.0.conv1.stored_array_size": 48,
    "top_1_accuracy": 90.96,
    "top_5_accuracy": 99.6
}