{
    "halut_layers": "{\"layer3.0.conv1\": [128, -1, 16], \"layer2.1.conv2\": [128, -1, 16], \"layer2.1.conv1\": [128, -1, 16], \"layer2.0.downsample.0\": [64, -1, 16], \"layer2.0.conv2\": [128, -1, 16], \"layer2.0.conv1\": [64, -1, 16], \"layer1.1.conv2\": [64, -1, 16], \"layer1.1.conv1\": [64, -1, 16], \"layer1.0.conv2\": [64, -1, 16], \"layer1.0.conv1\": [64, -1, 16]}",
    "layer1.0.conv1.C": 64,
    "layer1.0.conv1.H_size": 11264,
    "layer1.0.conv1.K": 16,
    "layer1.0.conv1.L_size": 262144,
    "layer1.0.conv1.learned_a_shape": [
        1,
        576
    ],
    "layer1.0.conv1.learned_b_shape": [
        576,
        64
    ],
    "layer1.0.conv1.learned_d": 576,
    "layer1.0.conv1.learned_m": 64,
    "layer1.0.conv1.learned_n": 1,
    "layer1.0.conv1.mae": 0.5741203125,
    "layer1.0.conv1.mape": 0.2067306640625,
    "layer1.0.conv1.mse": 0.73638671875,
    "layer1.0.conv1.rows": -1,
    "layer1.0.conv1.scaled_error": 0.0235416015625,
    "layer1.0.conv1.scaled_shift": 0.0019937957763671876,
    "layer1.0.conv1.stored_array_size": 48,
    "layer1.0.conv2.C": 64,
    "layer1.0.conv2.H_size": 11264,
    "layer1.0.conv2.K": 16,
    "layer1.0.conv2.L_size": 262144,
    "layer1.0.conv2.learned_a_shape": [
        1,
        576
    ],
    "layer1.0.conv2.learned_b_shape": [
        576,
        64
    ],
    "layer1.0.conv2.learned_d": 576,
    "layer1.0.conv2.learned_m": 64,
    "layer1.0.conv2.learned_n": 1,
    "layer1.0.conv2.mae": 0.245002734375,
    "layer1.0.conv2.mape": 0.1285615234375,
    "layer1.0.conv2.mse": 0.123373046875,
    "layer1.0.conv2.rows": -1,
    "layer1.0.conv2.scaled_error": 0.01590693359375,
    "layer1.0.conv2.scaled_shift": 0.000905694580078125,
    "layer1.0.conv2.stored_array_size": 48,
    "layer1.1.conv1.C": 64,
    "layer1.1.conv1.H_size": 11264,
    "layer1.1.conv1.K": 16,
    "layer1.1.conv1.L_size": 262144,
    "layer1.1.conv1.learned_a_shape": [
        1,
        576
    ],
    "layer1.1.conv1.learned_b_shape": [
        576,
        64
    ],
    "layer1.1.conv1.learned_d": 576,
    "layer1.1.conv1.learned_m": 64,
    "layer1.1.conv1.learned_n": 1,
    "layer1.1.conv1.mae": 0.53256640625,
    "layer1.1.conv1.mape": 0.1792517578125,
    "layer1.1.conv1.mse": 0.644325,
    "layer1.1.conv1.rows": -1,
    "layer1.1.conv1.scaled_error": 0.0190833740234375,
    "layer1.1.conv1.scaled_shift": 0.00367451171875,
    "layer1.1.conv1.stored_array_size": 48,
    "layer1.1.conv2.C": 64,
    "layer1.1.conv2.H_size": 11264,
    "layer1.1.conv2.K": 16,
    "layer1.1.conv2.L_size": 262144,
    "layer1.1.conv2.learned_a_shape": [
        1,
        576
    ],
    "layer1.1.conv2.learned_b_shape": [
        576,
        64
    ],
    "layer1.1.conv2.learned_d": 576,
    "layer1.1.conv2.learned_m": 64,
    "layer1.1.conv2.learned_n": 1,
    "layer1.1.conv2.mae": 0.1642392578125,
    "layer1.1.conv2.mape": 0.10413486328125,
    "layer1.1.conv2.mse": 0.049527978515625,
    "layer1.1.conv2.rows": -1,
    "layer1.1.conv2.scaled_error": 0.027353759765625,
    "layer1.1.conv2.scaled_shift": 0.002560357666015625,
    "layer1.1.conv2.stored_array_size": 48,
    "layer2.0.conv1.C": 64,
    "layer2.0.conv1.H_size": 11264,
    "layer2.0.conv1.K": 16,
    "layer2.0.conv1.L_size": 524288,
    "layer2.0.conv1.learned_a_shape": [
        1,
        576
    ],
    "layer2.0.conv1.learned_b_shape": [
        576,
        128
    ],
    "layer2.0.conv1.learned_d": 576,
    "layer2.0.conv1.learned_m": 128,
    "layer2.0.conv1.learned_n": 1,
    "layer2.0.conv1.mae": 0.44465,
    "layer2.0.conv1.mape": 0.1775431640625,
    "layer2.0.conv1.mse": 0.395695703125,
    "layer2.0.conv1.rows": -1,
    "layer2.0.conv1.scaled_error": 0.023319287109375,
    "layer2.0.conv1.scaled_shift": 0.003145526123046875,
    "layer2.0.conv1.stored_array_size": 48,
    "layer2.0.conv2.C": 128,
    "layer2.0.conv2.H_size": 22528,
    "layer2.0.conv2.K": 16,
    "layer2.0.conv2.L_size": 1048576,
    "layer2.0.conv2.learned_a_shape": [
        1,
        1152
    ],
    "layer2.0.conv2.learned_b_shape": [
        1152,
        128
    ],
    "layer2.0.conv2.learned_d": 1152,
    "layer2.0.conv2.learned_m": 128,
    "layer2.0.conv2.learned_n": 1,
    "layer2.0.conv2.mae": 0.203205078125,
    "layer2.0.conv2.mape": 0.1215615234375,
    "layer2.0.conv2.mse": 0.07204482421875,
    "layer2.0.conv2.rows": -1,
    "layer2.0.conv2.scaled_error": 0.03263955078125,
    "layer2.0.conv2.scaled_shift": 0.005420538330078125,
    "layer2.0.conv2.stored_array_size": 48,
    "layer2.0.downsample.0.C": 64,
    "layer2.0.downsample.0.H_size": 11264,
    "layer2.0.downsample.0.K": 16,
    "layer2.0.downsample.0.L_size": 524288,
    "layer2.0.downsample.0.learned_a_shape": [
        1,
        64
    ],
    "layer2.0.downsample.0.learned_b_shape": [
        64,
        128
    ],
    "layer2.0.downsample.0.learned_d": 64,
    "layer2.0.downsample.0.learned_m": 128,
    "layer2.0.downsample.0.learned_n": 1,
    "layer2.0.downsample.0.mae": 0.052610546875,
    "layer2.0.downsample.0.mape": 0.0295673828125,
    "layer2.0.downsample.0.mse": 0.00605517578125,
    "layer2.0.downsample.0.rows": -1,
    "layer2.0.downsample.0.scaled_error": 0.006995849609375,
    "layer2.0.downsample.0.scaled_shift": 0.00073897705078125,
    "layer2.0.downsample.0.stored_array_size": 48,
    "layer2.1.conv1.C": 128,
    "layer2.1.conv1.H_size": 22528,
    "layer2.1.conv1.K": 16,
    "layer2.1.conv1.L_size": 1048576,
    "layer2.1.conv1.learned_a_shape": [
        1,
        1152
    ],
    "layer2.1.conv1.learned_b_shape": [
        1152,
        128
    ],
    "layer2.1.conv1.learned_d": 1152,
    "layer2.1.conv1.learned_m": 128,
    "layer2.1.conv1.learned_n": 1,
    "layer2.1.conv1.mae": 0.32347578125,
    "layer2.1.conv1.mape": 0.160768359375,
    "layer2.1.conv1.mse": 0.1820236328125,
    "layer2.1.conv1.rows": -1,
    "layer2.1.conv1.scaled_error": 0.03716416015625,
    "layer2.1.conv1.scaled_shift": 0.00586910400390625,
    "layer2.1.conv1.stored_array_size": 48,
    "layer2.1.conv2.C": 128,
    "layer2.1.conv2.H_size": 22528,
    "layer2.1.conv2.K": 16,
    "layer2.1.conv2.L_size": 1048576,
    "layer2.1.conv2.learned_a_shape": [
        1,
        1152
    ],
    "layer2.1.conv2.learned_b_shape": [
        1152,
        128
    ],
    "layer2.1.conv2.learned_d": 1152,
    "layer2.1.conv2.learned_m": 128,
    "layer2.1.conv2.learned_n": 1,
    "layer2.1.conv2.mae": 0.1383576171875,
    "layer2.1.conv2.mape": 0.098851953125,
    "layer2.1.conv2.mse": 0.031937939453125,
    "layer2.1.conv2.rows": -1,
    "layer2.1.conv2.scaled_error": 0.04057314453125,
    "layer2.1.conv2.scaled_shift": 0.0004111083984375,
    "layer2.1.conv2.stored_array_size": 48,
    "layer3.0.conv1.C": 128,
    "layer3.0.conv1.H_size": 22528,
    "layer3.0.conv1.K": 16,
    "layer3.0.conv1.L_size": 2097152,
    "layer3.0.conv1.learned_a_shape": [
        1,
        1152
    ],
    "layer3.0.conv1.learned_b_shape": [
        1152,
        256
    ],
    "layer3.0.conv1.learned_d": 1152,
    "layer3.0.conv1.learned_m": 256,
    "layer3.0.conv1.learned_n": 1,
    "layer3.0.conv1.mae": 0.29798046875,
    "layer3.0.conv1.mape": 0.153748828125,
    "layer3.0.conv1.mse": 0.15010234375,
    "layer3.0.conv1.rows": -1,
    "layer3.0.conv1.scaled_error": 0.037431201171875,
    "layer3.0.conv1.scaled_shift": 0.005505364990234375,
    "layer3.0.conv1.stored_array_size": 48,
    "top_1_accuracy": 90.0,
    "top_5_accuracy": 99.36
}