{
    "halut_layers": "{\"layer1.1.conv1\": [64, -1, 16], \"layer1.0.conv2\": [64, -1, 16], \"layer1.0.conv1\": [64, -1, 16]}",
    "layer1.0.conv1.C": 64,
    "layer1.0.conv1.H_size": 11264,
    "layer1.0.conv1.K": 16,
    "layer1.0.conv1.L_size": 262144,
    "layer1.0.conv1.learned_a_shape": [
        1,
        576
    ],
    "layer1.0.conv1.learned_b_shape": [
        576,
        64
    ],
    "layer1.0.conv1.learned_d": 576,
    "layer1.0.conv1.learned_m": 64,
    "layer1.0.conv1.learned_n": 1,
    "layer1.0.conv1.mae": 0.37868671875,
    "layer1.0.conv1.mape": 0.15332392578125,
    "layer1.0.conv1.mse": 0.32795325520833335,
    "layer1.0.conv1.rows": -1,
    "layer1.0.conv1.scaled_error": 0.018408235677083332,
    "layer1.0.conv1.scaled_shift": 0.0013766446431477865,
    "layer1.0.conv1.stored_array_size": 48,
    "layer1.0.conv2.C": 64,
    "layer1.0.conv2.H_size": 11264,
    "layer1.0.conv2.K": 16,
    "layer1.0.conv2.L_size": 262144,
    "layer1.0.conv2.learned_a_shape": [
        1,
        576
    ],
    "layer1.0.conv2.learned_b_shape": [
        576,
        64
    ],
    "layer1.0.conv2.learned_d": 576,
    "layer1.0.conv2.learned_m": 64,
    "layer1.0.conv2.learned_n": 1,
    "layer1.0.conv2.mae": 0.20478229166666667,
    "layer1.0.conv2.mape": 0.11322724609375,
    "layer1.0.conv2.mse": 0.08416393229166666,
    "layer1.0.conv2.rows": -1,
    "layer1.0.conv2.scaled_error": 0.01385760498046875,
    "layer1.0.conv2.scaled_shift": 0.0006073549906412761,
    "layer1.0.conv2.stored_array_size": 48,
    "layer1.1.conv1.C": 64,
    "layer1.1.conv1.H_size": 11264,
    "layer1.1.conv1.K": 16,
    "layer1.1.conv1.L_size": 262144,
    "layer1.1.conv1.learned_a_shape": [
        1,
        576
    ],
    "layer1.1.conv1.learned_b_shape": [
        576,
        64
    ],
    "layer1.1.conv1.learned_d": 576,
    "layer1.1.conv1.learned_m": 64,
    "layer1.1.conv1.learned_n": 1,
    "layer1.1.conv1.mae": 0.50725234375,
    "layer1.1.conv1.mape": 0.170844921875,
    "layer1.1.conv1.mse": 0.60646484375,
    "layer1.1.conv1.rows": -1,
    "layer1.1.conv1.scaled_error": 0.0176477294921875,
    "layer1.1.conv1.scaled_shift": 0.0034761566162109375,
    "layer1.1.conv1.stored_array_size": 48,
    "top_1_accuracy": 90.48,
    "top_5_accuracy": 99.72
}