{
    "halut_layers": "{\"layer1.1.conv2\": [64, -1, 16], \"layer1.1.conv1\": [64, -1, 16], \"layer1.0.conv2\": [64, -1, 16], \"layer1.0.conv1\": [64, -1, 16]}",
    "layer1.0.conv1.C": 64,
    "layer1.0.conv1.H_size": 11264,
    "layer1.0.conv1.K": 16,
    "layer1.0.conv1.L_size": 262144,
    "layer1.0.conv1.learned_a_shape": [
        1,
        576
    ],
    "layer1.0.conv1.learned_b_shape": [
        576,
        64
    ],
    "layer1.0.conv1.learned_d": 576,
    "layer1.0.conv1.learned_m": 64,
    "layer1.0.conv1.learned_n": 1,
    "layer1.0.conv1.mae": 0.53962109375,
    "layer1.0.conv1.mape": 0.1957046875,
    "layer1.0.conv1.mse": 0.672278125,
    "layer1.0.conv1.rows": -1,
    "layer1.0.conv1.scaled_error": 0.0221285400390625,
    "layer1.0.conv1.scaled_shift": 0.0020245880126953126,
    "layer1.0.conv1.stored_array_size": 48,
    "layer1.0.conv2.C": 64,
    "layer1.0.conv2.H_size": 11264,
    "layer1.0.conv2.K": 16,
    "layer1.0.conv2.L_size": 262144,
    "layer1.0.conv2.learned_a_shape": [
        1,
        576
    ],
    "layer1.0.conv2.learned_b_shape": [
        576,
        64
    ],
    "layer1.0.conv2.learned_d": 576,
    "layer1.0.conv2.learned_m": 64,
    "layer1.0.conv2.learned_n": 1,
    "layer1.0.conv2.mae": 0.2403796875,
    "layer1.0.conv2.mape": 0.1262712890625,
    "layer1.0.conv2.mse": 0.11826416015625,
    "layer1.0.conv2.rows": -1,
    "layer1.0.conv2.scaled_error": 0.0156473388671875,
    "layer1.0.conv2.scaled_shift": 0.0010227081298828124,
    "layer1.0.conv2.stored_array_size": 48,
    "layer1.1.conv1.C": 64,
    "layer1.1.conv1.H_size": 11264,
    "layer1.1.conv1.K": 16,
    "layer1.1.conv1.L_size": 262144,
    "layer1.1.conv1.learned_a_shape": [
        1,
        576
    ],
    "layer1.1.conv1.learned_b_shape": [
        576,
        64
    ],
    "layer1.1.conv1.learned_d": 576,
    "layer1.1.conv1.learned_m": 64,
    "layer1.1.conv1.learned_n": 1,
    "layer1.1.conv1.mae": 0.5225828125,
    "layer1.1.conv1.mape": 0.173912109375,
    "layer1.1.conv1.mse": 0.6393859375,
    "layer1.1.conv1.rows": -1,
    "layer1.1.conv1.scaled_error": 0.0180267578125,
    "layer1.1.conv1.scaled_shift": 0.003924664306640625,
    "layer1.1.conv1.stored_array_size": 48,
    "layer1.1.conv2.C": 64,
    "layer1.1.conv2.H_size": 11264,
    "layer1.1.conv2.K": 16,
    "layer1.1.conv2.L_size": 262144,
    "layer1.1.conv2.learned_a_shape": [
        1,
        576
    ],
    "layer1.1.conv2.learned_b_shape": [
        576,
        64
    ],
    "layer1.1.conv2.learned_d": 576,
    "layer1.1.conv2.learned_m": 64,
    "layer1.1.conv2.learned_n": 1,
    "layer1.1.conv2.mae": 0.160432421875,
    "layer1.1.conv2.mape": 0.1025361328125,
    "layer1.1.conv2.mse": 0.047280029296875,
    "layer1.1.conv2.rows": -1,
    "layer1.1.conv2.scaled_error": 0.027101513671875,
    "layer1.1.conv2.scaled_shift": 0.002352862548828125,
    "layer1.1.conv2.stored_array_size": 48,
    "top_1_accuracy": 90.88,
    "top_5_accuracy": 99.76
}