{
    "halut_layers": "{\"layer4.0.conv1\": [256, -1, 16], \"layer3.1.conv2\": [256, -1, 16], \"layer3.1.conv1\": [256, -1, 16], \"layer3.0.downsample.0\": [64, -1, 16], \"layer3.0.conv2\": [256, -1, 16], \"layer3.0.conv1\": [128, -1, 16], \"layer2.1.conv2\": [128, -1, 16], \"layer2.1.conv1\": [128, -1, 16], \"layer2.0.downsample.0\": [64, -1, 16], \"layer2.0.conv2\": [128, -1, 16], \"layer2.0.conv1\": [64, -1, 16], \"layer1.1.conv2\": [64, -1, 16], \"layer1.1.conv1\": [64, -1, 16], \"layer1.0.conv2\": [64, -1, 16], \"layer1.0.conv1\": [64, -1, 16]}",
    "layer1.0.conv1.C": 64,
    "layer1.0.conv1.H_size": 11264,
    "layer1.0.conv1.K": 16,
    "layer1.0.conv1.L_size": 262144,
    "layer1.0.conv1.learned_a_shape": [
        1,
        576
    ],
    "layer1.0.conv1.learned_b_shape": [
        576,
        64
    ],
    "layer1.0.conv1.learned_d": 576,
    "layer1.0.conv1.learned_m": 64,
    "layer1.0.conv1.learned_n": 1,
    "layer1.0.conv1.mae": 0.4719076822916667,
    "layer1.0.conv1.mape": 0.19204684244791667,
    "layer1.0.conv1.mse": 0.47314908854166665,
    "layer1.0.conv1.rows": -1,
    "layer1.0.conv1.scaled_error": 0.023217045084635415,
    "layer1.0.conv1.scaled_shift": 0.0009355714162190755,
    "layer1.0.conv1.stored_array_size": 48,
    "layer1.0.conv2.C": 64,
    "layer1.0.conv2.H_size": 11264,
    "layer1.0.conv2.K": 16,
    "layer1.0.conv2.L_size": 262144,
    "layer1.0.conv2.learned_a_shape": [
        1,
        576
    ],
    "layer1.0.conv2.learned_b_shape": [
        576,
        64
    ],
    "layer1.0.conv2.learned_d": 576,
    "layer1.0.conv2.learned_m": 64,
    "layer1.0.conv2.learned_n": 1,
    "layer1.0.conv2.mae": 0.21864720052083333,
    "layer1.0.conv2.mape": 0.11983190104166666,
    "layer1.0.conv2.mse": 0.09569781901041667,
    "layer1.0.conv2.rows": -1,
    "layer1.0.conv2.scaled_error": 0.015034891764322917,
    "layer1.0.conv2.scaled_shift": 0.0005116519927978515,
    "layer1.0.conv2.stored_array_size": 48,
    "layer1.1.conv1.C": 64,
    "layer1.1.conv1.H_size": 11264,
    "layer1.1.conv1.K": 16,
    "layer1.1.conv1.L_size": 262144,
    "layer1.1.conv1.learned_a_shape": [
        1,
        576
    ],
    "layer1.1.conv1.learned_b_shape": [
        576,
        64
    ],
    "layer1.1.conv1.learned_d": 576,
    "layer1.1.conv1.learned_m": 64,
    "layer1.1.conv1.learned_n": 1,
    "layer1.1.conv1.mae": 0.4369930989583333,
    "layer1.1.conv1.mape": 0.16599075520833334,
    "layer1.1.conv1.mse": 0.3919571614583333,
    "layer1.1.conv1.rows": -1,
    "layer1.1.conv1.scaled_error": 0.020276631673177083,
    "layer1.1.conv1.scaled_shift": 0.0019748789469401042,
    "layer1.1.conv1.stored_array_size": 48,
    "layer1.1.conv2.C": 64,
    "layer1.1.conv2.H_size": 11264,
    "layer1.1.conv2.K": 16,
    "layer1.1.conv2.L_size": 262144,
    "layer1.1.conv2.learned_a_shape": [
        1,
        576
    ],
    "layer1.1.conv2.learned_b_shape": [
        576,
        64
    ],
    "layer1.1.conv2.learned_d": 576,
    "layer1.1.conv2.learned_m": 64,
    "layer1.1.conv2.learned_n": 1,
    "layer1.1.conv2.mae": 0.14941334635416667,
    "layer1.1.conv2.mape": 0.098567333984375,
    "layer1.1.conv2.mse": 0.040034724934895835,
    "layer1.1.conv2.rows": -1,
    "layer1.1.conv2.scaled_error": 0.026162410481770832,
    "layer1.1.conv2.scaled_shift": 0.00177706298828125,
    "layer1.1.conv2.stored_array_size": 48,
    "layer2.0.conv1.C": 64,
    "layer2.0.conv1.H_size": 11264,
    "layer2.0.conv1.K": 16,
    "layer2.0.conv1.L_size": 524288,
    "layer2.0.conv1.learned_a_shape": [
        1,
        576
    ],
    "layer2.0.conv1.learned_b_shape": [
        576,
        128
    ],
    "layer2.0.conv1.learned_d": 576,
    "layer2.0.conv1.learned_m": 128,
    "layer2.0.conv1.learned_n": 1,
    "layer2.0.conv1.mae": 0.3598095052083333,
    "layer2.0.conv1.mape": 0.16138473307291668,
    "layer2.0.conv1.mse": 0.23992473958333332,
    "layer2.0.conv1.rows": -1,
    "layer2.0.conv1.scaled_error": 0.021393937174479166,
    "layer2.0.conv1.scaled_shift": 0.0010014821370442708,
    "layer2.0.conv1.stored_array_size": 48,
    "layer2.0.conv2.C": 128,
    "layer2.0.conv2.H_size": 22528,
    "layer2.0.conv2.K": 16,
    "layer2.0.conv2.L_size": 1048576,
    "layer2.0.conv2.learned_a_shape": [
        1,
        1152
    ],
    "layer2.0.conv2.learned_b_shape": [
        1152,
        128
    ],
    "layer2.0.conv2.learned_d": 1152,
    "layer2.0.conv2.learned_m": 128,
    "layer2.0.conv2.learned_n": 1,
    "layer2.0.conv2.mae": 0.18614671223958335,
    "layer2.0.conv2.mape": 0.11418479817708334,
    "layer2.0.conv2.mse": 0.060074186197916664,
    "layer2.0.conv2.rows": -1,
    "layer2.0.conv2.scaled_error": 0.032926399739583334,
    "layer2.0.conv2.scaled_shift": 0.005126936848958334,
    "layer2.0.conv2.stored_array_size": 48,
    "layer2.0.downsample.0.C": 64,
    "layer2.0.downsample.0.H_size": 11264,
    "layer2.0.downsample.0.K": 16,
    "layer2.0.downsample.0.L_size": 524288,
    "layer2.0.downsample.0.learned_a_shape": [
        1,
        64
    ],
    "layer2.0.downsample.0.learned_b_shape": [
        64,
        128
    ],
    "layer2.0.downsample.0.learned_d": 64,
    "layer2.0.downsample.0.learned_m": 128,
    "layer2.0.downsample.0.learned_n": 1,
    "layer2.0.downsample.0.mae": 0.045849169921875,
    "layer2.0.downsample.0.mape": 0.02701158447265625,
    "layer2.0.downsample.0.mse": 0.004225490315755209,
    "layer2.0.downsample.0.rows": -1,
    "layer2.0.downsample.0.scaled_error": 0.0070443033854166665,
    "layer2.0.downsample.0.scaled_shift": 0.0008770139058430989,
    "layer2.0.downsample.0.stored_array_size": 48,
    "layer2.1.conv1.C": 128,
    "layer2.1.conv1.H_size": 22528,
    "layer2.1.conv1.K": 16,
    "layer2.1.conv1.L_size": 1048576,
    "layer2.1.conv1.learned_a_shape": [
        1,
        1152
    ],
    "layer2.1.conv1.learned_b_shape": [
        1152,
        128
    ],
    "layer2.1.conv1.learned_d": 1152,
    "layer2.1.conv1.learned_m": 128,
    "layer2.1.conv1.learned_n": 1,
    "layer2.1.conv1.mae": 0.2902573567708333,
    "layer2.1.conv1.mape": 0.14947386067708332,
    "layer2.1.conv1.mse": 0.14476647135416668,
    "layer2.1.conv1.rows": -1,
    "layer2.1.conv1.scaled_error": 0.03589305013020833,
    "layer2.1.conv1.scaled_shift": 0.005680723063151042,
    "layer2.1.conv1.stored_array_size": 48,
    "layer2.1.conv2.C": 128,
    "layer2.1.conv2.H_size": 22528,
    "layer2.1.conv2.K": 16,
    "layer2.1.conv2.L_size": 1048576,
    "layer2.1.conv2.learned_a_shape": [
        1,
        1152
    ],
    "layer2.1.conv2.learned_b_shape": [
        1152,
        128
    ],
    "layer2.1.conv2.learned_d": 1152,
    "layer2.1.conv2.learned_m": 128,
    "layer2.1.conv2.learned_n": 1,
    "layer2.1.conv2.mae": 0.13385143229166666,
    "layer2.1.conv2.mape": 0.09588160807291667,
    "layer2.1.conv2.mse": 0.029898087565104165,
    "layer2.1.conv2.rows": -1,
    "layer2.1.conv2.scaled_error": 0.03910204264322917,
    "layer2.1.conv2.scaled_shift": 0.0008106815338134765,
    "layer2.1.conv2.stored_array_size": 48,
    "layer3.0.conv1.C": 128,
    "layer3.0.conv1.H_size": 22528,
    "layer3.0.conv1.K": 16,
    "layer3.0.conv1.L_size": 2097152,
    "layer3.0.conv1.learned_a_shape": [
        1,
        1152
    ],
    "layer3.0.conv1.learned_b_shape": [
        1152,
        256
    ],
    "layer3.0.conv1.learned_d": 1152,
    "layer3.0.conv1.learned_m": 256,
    "layer3.0.conv1.learned_n": 1,
    "layer3.0.conv1.mae": 0.2788427734375,
    "layer3.0.conv1.mape": 0.14620462239583334,
    "layer3.0.conv1.mse": 0.13031552734375,
    "layer3.0.conv1.rows": -1,
    "layer3.0.conv1.scaled_error": 0.036265323893229166,
    "layer3.0.conv1.scaled_shift": 0.00540546875,
    "layer3.0.conv1.stored_array_size": 48,
    "layer3.0.conv2.C": 256,
    "layer3.0.conv2.H_size": 45056,
    "layer3.0.conv2.K": 16,
    "layer3.0.conv2.L_size": 4194304,
    "layer3.0.conv2.learned_a_shape": [
        1,
        2304
    ],