{
    "halut_layers": "{\"layer4.1.conv1\": [512, -1, 16], \"layer4.0.downsample.0\": [64, -1, 16], \"layer4.0.conv2\": [512, -1, 16], \"layer4.0.conv1\": [256, -1, 16], \"layer3.1.conv2\": [256, -1, 16], \"layer3.1.conv1\": [256, -1, 16], \"layer3.0.downsample.0\": [64, -1, 16], \"layer3.0.conv2\": [256, -1, 16], \"layer3.0.conv1\": [128, -1, 16], \"layer2.1.conv2\": [128, -1, 16], \"layer2.1.conv1\": [128, -1, 16], \"layer2.0.downsample.0\": [64, -1, 16], \"layer2.0.conv2\": [128, -1, 16], \"layer2.0.conv1\": [64, -1, 16], \"layer1.1.conv2\": [64, -1, 16], \"layer1.1.conv1\": [64, -1, 16], \"layer1.0.conv2\": [64, -1, 16], \"layer1.0.conv1\": [64, -1, 16]}",
    "layer1.0.conv1.C": 64,
    "layer1.0.conv1.H_size": 11264,
    "layer1.0.conv1.K": 16,
    "layer1.0.conv1.L_size": 262144,
    "layer1.0.conv1.learned_a_shape": [
        1,
        576
    ],
    "layer1.0.conv1.learned_b_shape": [
        576,
        64
    ],
    "layer1.0.conv1.learned_d": 576,
    "layer1.0.conv1.learned_m": 64,
    "layer1.0.conv1.learned_n": 1,
    "layer1.0.conv1.mae": 0.46874921875,
    "layer1.0.conv1.mape": 0.19329534505208334,
    "layer1.0.conv1.mse": 0.4653602864583333,
    "layer1.0.conv1.rows": -1,
    "layer1.0.conv1.scaled_error": 0.023625105794270834,
    "layer1.0.conv1.scaled_shift": 0.0007232662836710612,
    "layer1.0.conv1.stored_array_size": 48,
    "layer1.0.conv2.C": 64,
    "layer1.0.conv2.H_size": 11264,
    "layer1.0.conv2.K": 16,
    "layer1.0.conv2.L_size": 262144,
    "layer1.0.conv2.learned_a_shape": [
        1,
        576
    ],
    "layer1.0.conv2.learned_b_shape": [
        576,
        64
    ],
    "layer1.0.conv2.learned_d": 576,
    "layer1.0.conv2.learned_m": 64,
    "layer1.0.conv2.learned_n": 1,
    "layer1.0.conv2.mae": 0.21940520833333332,
    "layer1.0.conv2.mape": 0.11989091796875,
    "layer1.0.conv2.mse": 0.09577923177083333,
    "layer1.0.conv2.rows": -1,
    "layer1.0.conv2.scaled_error": 0.015378926595052083,
    "layer1.0.conv2.scaled_shift": 0.00048634122212727865,
    "layer1.0.conv2.stored_array_size": 48,
    "layer1.1.conv1.C": 64,
    "layer1.1.conv1.H_size": 11264,
    "layer1.1.conv1.K": 16,
    "layer1.1.conv1.L_size": 262144,
    "layer1.1.conv1.learned_a_shape": [
        1,
        576
    ],
    "layer1.1.conv1.learned_b_shape": [
        576,
        64
    ],
    "layer1.1.conv1.learned_d": 576,
    "layer1.1.conv1.learned_m": 64,
    "layer1.1.conv1.learned_n": 1,
    "layer1.1.conv1.mae": 0.43841536458333336,
    "layer1.1.conv1.mape": 0.16693427734375,
    "layer1.1.conv1.mse": 0.388836328125,
    "layer1.1.conv1.rows": -1,
    "layer1.1.conv1.scaled_error": 0.020839029947916667,
    "layer1.1.conv1.scaled_shift": 0.0019022047678629557,
    "layer1.1.conv1.stored_array_size": 48,
    "layer1.1.conv2.C": 64,
    "layer1.1.conv2.H_size": 11264,
    "layer1.1.conv2.K": 16,
    "layer1.1.conv2.L_size": 262144,
    "layer1.1.conv2.learned_a_shape": [
        1,
        576
    ],
    "layer1.1.conv2.learned_b_shape": [
        576,
        64
    ],
    "layer1.1.conv2.learned_d": 576,
    "layer1.1.conv2.learned_m": 64,
    "layer1.1.conv2.learned_n": 1,
    "layer1.1.conv2.mae": 0.14920276692708334,
    "layer1.1.conv2.mape": 0.09862229817708333,
    "layer1.1.conv2.mse": 0.03977823893229167,
    "layer1.1.conv2.rows": -1,
    "layer1.1.conv2.scaled_error": 0.026354361979166668,
    "layer1.1.conv2.scaled_shift": 0.001815009053548177,
    "layer1.1.conv2.stored_array_size": 48,
    "layer2.0.conv1.C": 64,
    "layer2.0.conv1.H_size": 11264,
    "layer2.0.conv1.K": 16,
    "layer2.0.conv1.L_size": 524288,
    "layer2.0.conv1.learned_a_shape": [
        1,
        576
    ],
    "layer2.0.conv1.learned_b_shape": [
        576,
        128
    ],
    "layer2.0.conv1.learned_d": 576,
    "layer2.0.conv1.learned_m": 128,
    "layer2.0.conv1.learned_n": 1,
    "layer2.0.conv1.mae": 0.3627763671875,
    "layer2.0.conv1.mape": 0.16171910807291667,
    "layer2.0.conv1.mse": 0.24204850260416666,
    "layer2.0.conv1.rows": -1,
    "layer2.0.conv1.scaled_error": 0.021834431966145835,
    "layer2.0.conv1.scaled_shift": 0.0012489891052246095,
    "layer2.0.conv1.stored_array_size": 48,
    "layer2.0.conv2.C": 128,
    "layer2.0.conv2.H_size": 22528,
    "layer2.0.conv2.K": 16,
    "layer2.0.conv2.L_size": 1048576,
    "layer2.0.conv2.learned_a_shape": [
        1,
        1152
    ],
    "layer2.0.conv2.learned_b_shape": [
        1152,
        128
    ],
    "layer2.0.conv2.learned_d": 1152,
    "layer2.0.conv2.learned_m": 128,
    "layer2.0.conv2.learned_n": 1,
    "layer2.0.conv2.mae": 0.18618714192708333,
    "layer2.0.conv2.mape": 0.114062353515625,
    "layer2.0.conv2.mse": 0.06002410481770833,
    "layer2.0.conv2.rows": -1,
    "layer2.0.conv2.scaled_error": 0.03281103515625,
    "layer2.0.conv2.scaled_shift": 0.00526146240234375,
    "layer2.0.conv2.stored_array_size": 48,
    "layer2.0.downsample.0.C": 64,
    "layer2.0.downsample.0.H_size": 11264,
    "layer2.0.downsample.0.K": 16,
    "layer2.0.downsample.0.L_size": 524288,
    "layer2.0.downsample.0.learned_a_shape": [
        1,
        64
    ],
    "layer2.0.downsample.0.learned_b_shape": [
        64,
        128
    ],
    "layer2.0.downsample.0.learned_d": 64,
    "layer2.0.downsample.0.learned_m": 128,
    "layer2.0.downsample.0.learned_n": 1,
    "layer2.0.downsample.0.mae": 0.046968513997395836,
    "layer2.0.downsample.0.mape": 0.027590608723958333,
    "layer2.0.downsample.0.mse": 0.004390574137369791,
    "layer2.0.downsample.0.rows": -1,
    "layer2.0.downsample.0.scaled_error": 0.007340376790364584,
    "layer2.0.downsample.0.scaled_shift": 0.0009694282531738281,
    "layer2.0.downsample.0.stored_array_size": 48,
    "layer2.1.conv1.C": 128,
    "layer2.1.conv1.H_size": 22528,
    "layer2.1.conv1.K": 16,
    "layer2.1.conv1.L_size": 1048576,
    "layer2.1.conv1.learned_a_shape": [
        1,
        1152
    ],
    "layer2.1.conv1.learned_b_shape": [
        1152,
        128
    ],
    "layer2.1.conv1.learned_d": 1152,
    "layer2.1.conv1.learned_m": 128,
    "layer2.1.conv1.learned_n": 1,
    "layer2.1.conv1.mae": 0.29064049479166665,
    "layer2.1.conv1.mape": 0.14936175130208335,
    "layer2.1.conv1.mse": 0.14499108072916667,
    "layer2.1.conv1.rows": -1,
    "layer2.1.conv1.scaled_error": 0.035870735677083335,
    "layer2.1.conv1.scaled_shift": 0.00600662841796875,
    "layer2.1.conv1.stored_array_size": 48,
    "layer2.1.conv2.C": 128,
    "layer2.1.conv2.H_size": 22528,
    "layer2.1.conv2.K": 16,
    "layer2.1.conv2.L_size": 1048576,
    "layer2.1.conv2.learned_a_shape": [
        1,
        1152
    ],
    "layer2.1.conv2.learned_b_shape": [
        1152,
        128
    ],
    "layer2.1.conv2.learned_d": 1152,
    "layer2.1.conv2.learned_m": 128,
    "layer2.1.conv2.learned_n": 1,
    "layer2.1.conv2.mae": 0.13367434895833333,
    "layer2.1.conv2.mape": 0.09574305013020833,
    "layer2.1.conv2.mse": 0.029815283203125,
    "layer2.1.conv2.rows": -1,
    "layer2.1.conv2.scaled_error": 0.03864434407552084,
    "layer2.1.conv2.scaled_shift": 0.0007731647491455078,
    "layer2.1.conv2.stored_array_size": 48,
    "layer3.0.conv1.C": 128,
    "layer3.0.conv1.H_size": 22528,
    "layer3.0.conv1.K": 16,
    "layer3.0.conv1.L_size": 2097152,
    "layer3.0.conv1.learned_a_shape": [
        1,
        1152
    ],
    "layer3.0.conv1.learned_b_shape": [
        1152,
        256
    ],
    "layer3.0.conv1.learned_d": 1152,
    "layer3.0.conv1.learned_m": 256,
    "layer3.0.conv1.learned_n": 1,
    "layer3.0.conv1.mae": 0.27998190104166665,
    "layer3.0.conv1.mape": 0.14627086588541666,
    "layer3.0.conv1.mse": 0.131316015625,
    "layer3.0.conv1.rows": -1,
    "layer3.0.conv1.scaled_error": 0.035661083984375,
    "layer3.0.conv1.scaled_shift": 0.0056644968668619795,
    "layer3.0.conv1.stored_array_size": 48,
    "layer3.0.conv2.C": 256,
    "layer3.0.conv2.H_size": 45056,
    "layer3.0.conv2.K": 16,
    "layer3.0.conv2.L_size": 4194304,