{
    "halut_layers": "{\"layer4.0.conv2\": [512, -1, 16], \"layer4.0.conv1\": [256, -1, 16], \"layer3.1.conv2\": [256, -1, 16], \"layer3.1.conv1\": [256, -1, 16], \"layer3.0.downsample.0\": [64, -1, 16], \"layer3.0.conv2\": [256, -1, 16], \"layer3.0.conv1\": [128, -1, 16], \"layer2.1.conv2\": [128, -1, 16], \"layer2.1.conv1\": [128, -1, 16], \"layer2.0.downsample.0\": [64, -1, 16], \"layer2.0.conv2\": [128, -1, 16], \"layer2.0.conv1\": [64, -1, 16], \"layer1.1.conv2\": [64, -1, 16], \"layer1.1.conv1\": [64, -1, 16], \"layer1.0.conv2\": [64, -1, 16], \"layer1.0.conv1\": [64, -1, 16]}",
    "layer1.0.conv1.C": 64,
    "layer1.0.conv1.H_size": 11264,
    "layer1.0.conv1.K": 16,
    "layer1.0.conv1.L_size": 262144,
    "layer1.0.conv1.learned_a_shape": [
        1,
        576
    ],
    "layer1.0.conv1.learned_b_shape": [
        576,
        64
    ],
    "layer1.0.conv1.learned_d": 576,
    "layer1.0.conv1.learned_m": 64,
    "layer1.0.conv1.learned_n": 1,
    "layer1.0.conv1.mae": 0.4550958333333333,
    "layer1.0.conv1.mape": 0.18819811197916667,
    "layer1.0.conv1.mse": 0.43714114583333336,
    "layer1.0.conv1.rows": -1,
    "layer1.0.conv1.scaled_error": 0.023141035970052085,
    "layer1.0.conv1.scaled_shift": 0.0008949693044026693,
    "layer1.0.conv1.stored_array_size": 48,
    "layer1.0.conv2.C": 64,
    "layer1.0.conv2.H_size": 11264,
    "layer1.0.conv2.K": 16,
    "layer1.0.conv2.L_size": 262144,
    "layer1.0.conv2.learned_a_shape": [
        1,
        576
    ],
    "layer1.0.conv2.learned_b_shape": [
        576,
        64
    ],
    "layer1.0.conv2.learned_d": 576,
    "layer1.0.conv2.learned_m": 64,
    "layer1.0.conv2.learned_n": 1,
    "layer1.0.conv2.mae": 0.21650559895833332,
    "layer1.0.conv2.mape": 0.11899469401041667,
    "layer1.0.conv2.mse": 0.09343225911458333,
    "layer1.0.conv2.rows": -1,
    "layer1.0.conv2.scaled_error": 0.015095109049479166,
    "layer1.0.conv2.scaled_shift": 0.0005019814809163411,
    "layer1.0.conv2.stored_array_size": 48,
    "layer1.1.conv1.C": 64,
    "layer1.1.conv1.H_size": 11264,
    "layer1.1.conv1.K": 16,
    "layer1.1.conv1.L_size": 262144,
    "layer1.1.conv1.learned_a_shape": [
        1,
        576
    ],
    "layer1.1.conv1.learned_b_shape": [
        576,
        64
    ],
    "layer1.1.conv1.learned_d": 576,
    "layer1.1.conv1.learned_m": 64,
    "layer1.1.conv1.learned_n": 1,
    "layer1.1.conv1.mae": 0.42638424479166664,
    "layer1.1.conv1.mape": 0.163762109375,
    "layer1.1.conv1.mse": 0.37169270833333334,
    "layer1.1.conv1.rows": -1,
    "layer1.1.conv1.scaled_error": 0.0201892578125,
    "layer1.1.conv1.scaled_shift": 0.001981495666503906,
    "layer1.1.conv1.stored_array_size": 48,
    "layer1.1.conv2.C": 64,
    "layer1.1.conv2.H_size": 11264,
    "layer1.1.conv2.K": 16,
    "layer1.1.conv2.L_size": 262144,
    "layer1.1.conv2.learned_a_shape": [
        1,
        576
    ],
    "layer1.1.conv2.learned_b_shape": [
        576,
        64
    ],
    "layer1.1.conv2.learned_d": 576,
    "layer1.1.conv2.learned_m": 64,
    "layer1.1.conv2.learned_n": 1,
    "layer1.1.conv2.mae": 0.14797796223958334,
    "layer1.1.conv2.mape": 0.09801560872395833,
    "layer1.1.conv2.mse": 0.0393414794921875,
    "layer1.1.conv2.rows": -1,
    "layer1.1.conv2.scaled_error": 0.025870271809895835,
    "layer1.1.conv2.scaled_shift": 0.0019027359008789062,
    "layer1.1.conv2.stored_array_size": 48,
    "layer2.0.conv1.C": 64,
    "layer2.0.conv1.H_size": 11264,
    "layer2.0.conv1.K": 16,
    "layer2.0.conv1.L_size": 524288,
    "layer2.0.conv1.learned_a_shape": [
        1,
        576
    ],
    "layer2.0.conv1.learned_b_shape": [
        576,
        128
    ],
    "layer2.0.conv1.learned_d": 576,
    "layer2.0.conv1.learned_m": 128,
    "layer2.0.conv1.learned_n": 1,
    "layer2.0.conv1.mae": 0.3547131510416667,
    "layer2.0.conv1.mape": 0.16032197265625,
    "layer2.0.conv1.mse": 0.23156419270833334,
    "layer2.0.conv1.rows": -1,
    "layer2.0.conv1.scaled_error": 0.021507560221354166,
    "layer2.0.conv1.scaled_shift": 0.0010173929850260416,
    "layer2.0.conv1.stored_array_size": 48,
    "layer2.0.conv2.C": 128,
    "layer2.0.conv2.H_size": 22528,
    "layer2.0.conv2.K": 16,
    "layer2.0.conv2.L_size": 1048576,
    "layer2.0.conv2.learned_a_shape": [
        1,
        1152
    ],
    "layer2.0.conv2.learned_b_shape": [
        1152,
        128
    ],
    "layer2.0.conv2.learned_d": 1152,
    "layer2.0.conv2.learned_m": 128,
    "layer2.0.conv2.learned_n": 1,
    "layer2.0.conv2.mae": 0.18478076171875,
    "layer2.0.conv2.mape": 0.113718994140625,
    "layer2.0.conv2.mse": 0.059101432291666665,
    "layer2.0.conv2.rows": -1,
    "layer2.0.conv2.scaled_error": 0.03282491048177083,
    "layer2.0.conv2.scaled_shift": 0.005195849609375,
    "layer2.0.conv2.stored_array_size": 48,
    "layer2.0.downsample.0.C": 64,
    "layer2.0.downsample.0.H_size": 11264,
    "layer2.0.downsample.0.K": 16,
    "layer2.0.downsample.0.L_size": 524288,
    "layer2.0.downsample.0.learned_a_shape": [
        1,
        64
    ],
    "layer2.0.downsample.0.learned_b_shape": [
        64,
        128
    ],
    "layer2.0.downsample.0.learned_d": 64,
    "layer2.0.downsample.0.learned_m": 128,
    "layer2.0.downsample.0.learned_n": 1,
    "layer2.0.downsample.0.mae": 0.04512537434895833,
    "layer2.0.downsample.0.mape": 0.026757552083333334,
    "layer2.0.downsample.0.mse": 0.004065107218424479,
    "layer2.0.downsample.0.rows": -1,
    "layer2.0.downsample.0.scaled_error": 0.007134678141276041,
    "layer2.0.downsample.0.scaled_shift": 0.0008987523396809896,
    "layer2.0.downsample.0.stored_array_size": 48,
    "layer2.1.conv1.C": 128,
    "layer2.1.conv1.H_size": 22528,
    "layer2.1.conv1.K": 16,
    "layer2.1.conv1.L_size": 1048576,
    "layer2.1.conv1.learned_a_shape": [
        1,
        1152
    ],
    "layer2.1.conv1.learned_b_shape": [
        1152,
        128
    ],
    "layer2.1.conv1.learned_d": 1152,
    "layer2.1.conv1.learned_m": 128,
    "layer2.1.conv1.learned_n": 1,
    "layer2.1.conv1.mae": 0.28716829427083335,
    "layer2.1.conv1.mape": 0.14876240234375,
    "layer2.1.conv1.mse": 0.14150791015625,
    "layer2.1.conv1.rows": -1,
    "layer2.1.conv1.scaled_error": 0.035755265299479165,
    "layer2.1.conv1.scaled_shift": 0.005555021158854167,
    "layer2.1.conv1.stored_array_size": 48,
    "layer2.1.conv2.C": 128,
    "layer2.1.conv2.H_size": 22528,
    "layer2.1.conv2.K": 16,
    "layer2.1.conv2.L_size": 1048576,
    "layer2.1.conv2.learned_a_shape": [
        1,
        1152
    ],
    "layer2.1.conv2.learned_b_shape": [
        1152,
        128
    ],
    "layer2.1.conv2.learned_d": 1152,
    "layer2.1.conv2.learned_m": 128,
    "layer2.1.conv2.learned_n": 1,
    "layer2.1.conv2.mae": 0.1329623046875,
    "layer2.1.conv2.mape": 0.09549013671875,
    "layer2.1.conv2.mse": 0.0294927734375,
    "layer2.1.conv2.rows": -1,
    "layer2.1.conv2.scaled_error": 0.0394271240234375,
    "layer2.1.conv2.scaled_shift": 0.0007168677012125651,
    "layer2.1.conv2.stored_array_size": 48,
    "layer3.0.conv1.C": 128,
    "layer3.0.conv1.H_size": 22528,
    "layer3.0.conv1.K": 16,
    "layer3.0.conv1.L_size": 2097152,
    "layer3.0.conv1.learned_a_shape": [
        1,
        1152
    ],
    "layer3.0.conv1.learned_b_shape": [
        1152,
        256
    ],
    "layer3.0.conv1.learned_d": 1152,
    "layer3.0.conv1.learned_m": 256,
    "layer3.0.conv1.learned_n": 1,
    "layer3.0.conv1.mae": 0.275993359375,
    "layer3.0.conv1.mape": 0.14544853515625,
    "layer3.0.conv1.mse": 0.12748011067708334,
    "layer3.0.conv1.rows": -1,
    "layer3.0.conv1.scaled_error": 0.03657906087239583,
    "layer3.0.conv1.scaled_shift": 0.005487810262044271,
    "layer3.0.conv1.stored_array_size": 48,
    "layer3.0.conv2.C": 256,
    "layer3.0.conv2.H_size": 45056,
    "layer3.0.conv2.K": 16,
    "layer3.0.conv2.L_size": 4194304,
    "layer3.0.conv2.learned_a_shape": [
        1,
        2304
    ],