{
    "halut_layers": "{\"layer3.0.downsample.0\": [64, -1, 16], \"layer3.0.conv2\": [256, -1, 16], \"layer3.0.conv1\": [128, -1, 16], \"layer2.1.conv2\": [128, -1, 16], \"layer2.1.conv1\": [128, -1, 16], \"layer2.0.downsample.0\": [64, -1, 16], \"layer2.0.conv2\": [128, -1, 16], \"layer2.0.conv1\": [64, -1, 16], \"layer1.1.conv2\": [64, -1, 16], \"layer1.1.conv1\": [64, -1, 16], \"layer1.0.conv2\": [64, -1, 16], \"layer1.0.conv1\": [64, -1, 16]}",
    "layer1.0.conv1.C": 64,
    "layer1.0.conv1.H_size": 11264,
    "layer1.0.conv1.K": 16,
    "layer1.0.conv1.L_size": 262144,
    "layer1.0.conv1.learned_a_shape": [
        1,
        576
    ],
    "layer1.0.conv1.learned_b_shape": [
        576,
        64
    ],
    "layer1.0.conv1.learned_d": 576,
    "layer1.0.conv1.learned_m": 64,
    "layer1.0.conv1.learned_n": 1,
    "layer1.0.conv1.mae": 0.45176471354166664,
    "layer1.0.conv1.mape": 0.18112526041666666,
    "layer1.0.conv1.mse": 0.440771875,
    "layer1.0.conv1.rows": -1,
    "layer1.0.conv1.scaled_error": 0.02112933349609375,
    "layer1.0.conv1.scaled_shift": 0.001052727508544922,
    "layer1.0.conv1.stored_array_size": 48,
    "layer1.0.conv2.C": 64,
    "layer1.0.conv2.H_size": 11264,
    "layer1.0.conv2.K": 16,
    "layer1.0.conv2.L_size": 262144,
    "layer1.0.conv2.learned_a_shape": [
        1,
        576
    ],
    "layer1.0.conv2.learned_b_shape": [
        576,
        64
    ],
    "layer1.0.conv2.learned_d": 576,
    "layer1.0.conv2.learned_m": 64,
    "layer1.0.conv2.learned_n": 1,
    "layer1.0.conv2.mae": 0.2143193359375,
    "layer1.0.conv2.mape": 0.1174185546875,
    "layer1.0.conv2.mse": 0.09149723307291667,
    "layer1.0.conv2.rows": -1,
    "layer1.0.conv2.scaled_error": 0.01463218994140625,
    "layer1.0.conv2.scaled_shift": 0.0006072527567545573,
    "layer1.0.conv2.stored_array_size": 48,
    "layer1.1.conv1.C": 64,
    "layer1.1.conv1.H_size": 11264,
    "layer1.1.conv1.K": 16,
    "layer1.1.conv1.L_size": 262144,
    "layer1.1.conv1.learned_a_shape": [
        1,
        576
    ],
    "layer1.1.conv1.learned_b_shape": [
        576,
        64
    ],
    "layer1.1.conv1.learned_d": 576,
    "layer1.1.conv1.learned_m": 64,
    "layer1.1.conv1.learned_n": 1,
    "layer1.1.conv1.mae": 0.42832916666666665,
    "layer1.1.conv1.mape": 0.1590875,
    "layer1.1.conv1.mse": 0.3956614583333333,
    "layer1.1.conv1.rows": -1,
    "layer1.1.conv1.scaled_error": 0.018083610026041665,
    "layer1.1.conv1.scaled_shift": 0.0022759328206380207,
    "layer1.1.conv1.stored_array_size": 48,
    "layer1.1.conv2.C": 64,
    "layer1.1.conv2.H_size": 11264,
    "layer1.1.conv2.K": 16,
    "layer1.1.conv2.L_size": 262144,
    "layer1.1.conv2.learned_a_shape": [
        1,
        576
    ],
    "layer1.1.conv2.learned_b_shape": [
        576,
        64
    ],
    "layer1.1.conv2.learned_d": 576,
    "layer1.1.conv2.learned_m": 64,
    "layer1.1.conv2.learned_n": 1,
    "layer1.1.conv2.mae": 0.14673333333333333,
    "layer1.1.conv2.mape": 0.09697833658854167,
    "layer1.1.conv2.mse": 0.03878287760416667,
    "layer1.1.conv2.rows": -1,
    "layer1.1.conv2.scaled_error": 0.025922005208333335,
    "layer1.1.conv2.scaled_shift": 0.0016394663492838542,
    "layer1.1.conv2.stored_array_size": 48,
    "layer2.0.conv1.C": 64,
    "layer2.0.conv1.H_size": 11264,
    "layer2.0.conv1.K": 16,
    "layer2.0.conv1.L_size": 524288,
    "layer2.0.conv1.learned_a_shape": [
        1,
        576
    ],
    "layer2.0.conv1.learned_b_shape": [
        576,
        128
    ],
    "layer2.0.conv1.learned_d": 576,
    "layer2.0.conv1.learned_m": 128,
    "layer2.0.conv1.learned_n": 1,
    "layer2.0.conv1.mae": 0.3617551432291667,
    "layer2.0.conv1.mape": 0.1587421875,
    "layer2.0.conv1.mse": 0.24926516927083334,
    "layer2.0.conv1.rows": -1,
    "layer2.0.conv1.scaled_error": 0.020674137369791668,
    "layer2.0.conv1.scaled_shift": 0.0015763834635416666,
    "layer2.0.conv1.stored_array_size": 48,
    "layer2.0.conv2.C": 128,
    "layer2.0.conv2.H_size": 22528,
    "layer2.0.conv2.K": 16,
    "layer2.0.conv2.L_size": 1048576,
    "layer2.0.conv2.learned_a_shape": [
        1,
        1152
    ],
    "layer2.0.conv2.learned_b_shape": [
        1152,
        128
    ],
    "layer2.0.conv2.learned_d": 1152,
    "layer2.0.conv2.learned_m": 128,
    "layer2.0.conv2.learned_n": 1,
    "layer2.0.conv2.mae": 0.18408063151041668,
    "layer2.0.conv2.mape": 0.11310703125,
    "layer2.0.conv2.mse": 0.058848779296875,
    "layer2.0.conv2.rows": -1,
    "layer2.0.conv2.scaled_error": 0.032174064127604166,
    "layer2.0.conv2.scaled_shift": 0.004869590250651042,
    "layer2.0.conv2.stored_array_size": 48,
    "layer2.0.downsample.0.C": 64,
    "layer2.0.downsample.0.H_size": 11264,
    "layer2.0.downsample.0.K": 16,
    "layer2.0.downsample.0.L_size": 524288,
    "layer2.0.downsample.0.learned_a_shape": [
        1,
        64
    ],
    "layer2.0.downsample.0.learned_b_shape": [
        64,
        128
    ],
    "layer2.0.downsample.0.learned_d": 64,
    "layer2.0.downsample.0.learned_m": 128,
    "layer2.0.downsample.0.learned_n": 1,
    "layer2.0.downsample.0.mae": 0.04754825032552083,
    "layer2.0.downsample.0.mape": 0.027633430989583332,
    "layer2.0.downsample.0.mse": 0.004634117635091146,
    "layer2.0.downsample.0.rows": -1,
    "layer2.0.downsample.0.scaled_error": 0.007078883870442709,
    "layer2.0.downsample.0.scaled_shift": 0.0008953015645345052,
    "layer2.0.downsample.0.stored_array_size": 48,
    "layer2.1.conv1.C": 128,
    "layer2.1.conv1.H_size": 22528,
    "layer2.1.conv1.K": 16,
    "layer2.1.conv1.L_size": 1048576,
    "layer2.1.conv1.learned_a_shape": [
        1,
        1152
    ],
    "layer2.1.conv1.learned_b_shape": [
        1152,
        128
    ],
    "layer2.1.conv1.learned_d": 1152,
    "layer2.1.conv1.learned_m": 128,
    "layer2.1.conv1.learned_n": 1,
    "layer2.1.conv1.mae": 0.2887168619791667,
    "layer2.1.conv1.mape": 0.14884703776041666,
    "layer2.1.conv1.mse": 0.14364026692708334,
    "layer2.1.conv1.rows": -1,
    "layer2.1.conv1.scaled_error": 0.0353677001953125,
    "layer2.1.conv1.scaled_shift": 0.005451920572916667,
    "layer2.1.conv1.stored_array_size": 48,
    "layer2.1.conv2.C": 128,
    "layer2.1.conv2.H_size": 22528,
    "layer2.1.conv2.K": 16,
    "layer2.1.conv2.L_size": 1048576,
    "layer2.1.conv2.learned_a_shape": [
        1,
        1152
    ],
    "layer2.1.conv2.learned_b_shape": [
        1152,
        128
    ],
    "layer2.1.conv2.learned_d": 1152,
    "layer2.1.conv2.learned_m": 128,
    "layer2.1.conv2.learned_n": 1,
    "layer2.1.conv2.mae": 0.13396044921875,
    "layer2.1.conv2.mape": 0.09576759440104167,
    "layer2.1.conv2.mse": 0.0299448486328125,
    "layer2.1.conv2.rows": -1,
    "layer2.1.conv2.scaled_error": 0.037771394856770835,
    "layer2.1.conv2.scaled_shift": 0.0007857877095540364,
    "layer2.1.conv2.stored_array_size": 48,
    "layer3.0.conv1.C": 128,
    "layer3.0.conv1.H_size": 22528,
    "layer3.0.conv1.K": 16,
    "layer3.0.conv1.L_size": 2097152,
    "layer3.0.conv1.learned_a_shape": [
        1,
        1152
    ],
    "layer3.0.conv1.learned_b_shape": [
        1152,
        256
    ],
    "layer3.0.conv1.learned_d": 1152,
    "layer3.0.conv1.learned_m": 256,
    "layer3.0.conv1.learned_n": 1,
    "layer3.0.conv1.mae": 0.2786099609375,
    "layer3.0.conv1.mape": 0.14599801432291667,
    "layer3.0.conv1.mse": 0.13010833333333333,
    "layer3.0.conv1.rows": -1,
    "layer3.0.conv1.scaled_error": 0.033165096028645834,
    "layer3.0.conv1.scaled_shift": 0.005145053100585937,
    "layer3.0.conv1.stored_array_size": 48,
    "layer3.0.conv2.C": 256,
    "layer3.0.conv2.H_size": 45056,
    "layer3.0.conv2.K": 16,
    "layer3.0.conv2.L_size": 4194304,
    "layer3.0.conv2.learned_a_shape": [
        1,
        2304
    ],
    "layer3.0.conv2.learned_b_shape": [
        2304,
        256
    ],
    "layer3.0.conv2.learned_d": 2304,
    "layer3.0.conv2.learned_m": 256,