{
    "halut_layers": "{\"layer3.1.conv2\": [256, -1, 16], \"layer3.1.conv1\": [256, -1, 16], \"layer3.0.downsample.0\": [64, -1, 16], \"layer3.0.conv2\": [256, -1, 16], \"layer3.0.conv1\": [128, -1, 16], \"layer2.1.conv2\": [128, -1, 16], \"layer2.1.conv1\": [128, -1, 16], \"layer2.0.downsample.0\": [64, -1, 16], \"layer2.0.conv2\": [128, -1, 16], \"layer2.0.conv1\": [64, -1, 16], \"layer1.1.conv2\": [64, -1, 16], \"layer1.1.conv1\": [64, -1, 16], \"layer1.0.conv2\": [64, -1, 16], \"layer1.0.conv1\": [64, -1, 16]}",
    "layer1.0.conv1.C": 64,
    "layer1.0.conv1.H_size": 11264,
    "layer1.0.conv1.K": 16,
    "layer1.0.conv1.L_size": 262144,
    "layer1.0.conv1.learned_a_shape": [
        1,
        576
    ],
    "layer1.0.conv1.learned_b_shape": [
        576,
        64
    ],
    "layer1.0.conv1.learned_d": 576,
    "layer1.0.conv1.learned_m": 64,
    "layer1.0.conv1.learned_n": 1,
    "layer1.0.conv1.mae": 0.5872578125,
    "layer1.0.conv1.mape": 0.2136373046875,
    "layer1.0.conv1.mse": 0.760071875,
    "layer1.0.conv1.rows": -1,
    "layer1.0.conv1.scaled_error": 0.024807421875,
    "layer1.0.conv1.scaled_shift": 0.0019127311706542969,
    "layer1.0.conv1.stored_array_size": 48,
    "layer1.0.conv2.C": 64,
    "layer1.0.conv2.H_size": 11264,
    "layer1.0.conv2.K": 16,
    "layer1.0.conv2.L_size": 262144,
    "layer1.0.conv2.learned_a_shape": [
        1,
        576
    ],
    "layer1.0.conv2.learned_b_shape": [
        576,
        64
    ],
    "layer1.0.conv2.learned_d": 576,
    "layer1.0.conv2.learned_m": 64,
    "layer1.0.conv2.learned_n": 1,
    "layer1.0.conv2.mae": 0.255697265625,
    "layer1.0.conv2.mape": 0.1325708984375,
    "layer1.0.conv2.mse": 0.135708203125,
    "layer1.0.conv2.rows": -1,
    "layer1.0.conv2.scaled_error": 0.0165420166015625,
    "layer1.0.conv2.scaled_shift": 0.0009166885375976562,
    "layer1.0.conv2.stored_array_size": 48,
    "layer1.1.conv1.C": 64,
    "layer1.1.conv1.H_size": 11264,
    "layer1.1.conv1.K": 16,
    "layer1.1.conv1.L_size": 262144,
    "layer1.1.conv1.learned_a_shape": [
        1,
        576
    ],
    "layer1.1.conv1.learned_b_shape": [
        576,
        64
    ],
    "layer1.1.conv1.learned_d": 576,
    "layer1.1.conv1.learned_m": 64,
    "layer1.1.conv1.learned_n": 1,
    "layer1.1.conv1.mae": 0.5357,
    "layer1.1.conv1.mape": 0.18357109375,
    "layer1.1.conv1.mse": 0.62681328125,
    "layer1.1.conv1.rows": -1,
    "layer1.1.conv1.scaled_error": 0.0204134033203125,
    "layer1.1.conv1.scaled_shift": 0.0034428558349609375,
    "layer1.1.conv1.stored_array_size": 48,
    "layer1.1.conv2.C": 64,
    "layer1.1.conv2.H_size": 11264,
    "layer1.1.conv2.K": 16,
    "layer1.1.conv2.L_size": 262144,
    "layer1.1.conv2.learned_a_shape": [
        1,
        576
    ],
    "layer1.1.conv2.learned_b_shape": [
        576,
        64
    ],
    "layer1.1.conv2.learned_d": 576,
    "layer1.1.conv2.learned_m": 64,
    "layer1.1.conv2.learned_n": 1,
    "layer1.1.conv2.mae": 0.1683375,
    "layer1.1.conv2.mape": 0.10584375,
    "layer1.1.conv2.mse": 0.051898779296875,
    "layer1.1.conv2.rows": -1,
    "layer1.1.conv2.scaled_error": 0.0276603515625,
    "layer1.1.conv2.scaled_shift": 0.002802850341796875,
    "layer1.1.conv2.stored_array_size": 48,
    "layer2.0.conv1.C": 64,
    "layer2.0.conv1.H_size": 11264,
    "layer2.0.conv1.K": 16,
    "layer2.0.conv1.L_size": 524288,
    "layer2.0.conv1.learned_a_shape": [
        1,
        576
    ],
    "layer2.0.conv1.learned_b_shape": [
        576,
        128
    ],
    "layer2.0.conv1.learned_d": 576,
    "layer2.0.conv1.learned_m": 128,
    "layer2.0.conv1.learned_n": 1,
    "layer2.0.conv1.mae": 0.4416640625,
    "layer2.0.conv1.mape": 0.1794890625,
    "layer2.0.conv1.mse": 0.381659375,
    "layer2.0.conv1.rows": -1,
    "layer2.0.conv1.scaled_error": 0.0235926025390625,
    "layer2.0.conv1.scaled_shift": 0.002593487548828125,
    "layer2.0.conv1.stored_array_size": 48,
    "layer2.0.conv2.C": 128,
    "layer2.0.conv2.H_size": 22528,
    "layer2.0.conv2.K": 16,
    "layer2.0.conv2.L_size": 1048576,
    "layer2.0.conv2.learned_a_shape": [
        1,
        1152
    ],
    "layer2.0.conv2.learned_b_shape": [
        1152,
        128
    ],
    "layer2.0.conv2.learned_d": 1152,
    "layer2.0.conv2.learned_m": 128,
    "layer2.0.conv2.learned_n": 1,
    "layer2.0.conv2.mae": 0.205905859375,
    "layer2.0.conv2.mape": 0.122621484375,
    "layer2.0.conv2.mse": 0.07387998046875,
    "layer2.0.conv2.rows": -1,
    "layer2.0.conv2.scaled_error": 0.03340634765625,
    "layer2.0.conv2.scaled_shift": 0.00562550048828125,
    "layer2.0.conv2.stored_array_size": 48,
    "layer2.0.downsample.0.C": 64,
    "layer2.0.downsample.0.H_size": 11264,
    "layer2.0.downsample.0.K": 16,
    "layer2.0.downsample.0.L_size": 524288,
    "layer2.0.downsample.0.learned_a_shape": [
        1,
        64
    ],
    "layer2.0.downsample.0.learned_b_shape": [
        64,
        128
    ],
    "layer2.0.downsample.0.learned_d": 64,
    "layer2.0.downsample.0.learned_m": 128,
    "layer2.0.downsample.0.learned_n": 1,
    "layer2.0.downsample.0.mae": 0.051840771484375,
    "layer2.0.downsample.0.mape": 0.0292197265625,
    "layer2.0.downsample.0.mse": 0.0058328369140625,
    "layer2.0.downsample.0.rows": -1,
    "layer2.0.downsample.0.scaled_error": 0.006933740234375,
    "layer2.0.downsample.0.scaled_shift": 0.0007282546997070313,
    "layer2.0.downsample.0.stored_array_size": 48,
    "layer2.1.conv1.C": 128,
    "layer2.1.conv1.H_size": 22528,
    "layer2.1.conv1.K": 16,
    "layer2.1.conv1.L_size": 1048576,
    "layer2.1.conv1.learned_a_shape": [
        1,
        1152
    ],
    "layer2.1.conv1.learned_b_shape": [
        1152,
        128
    ],
    "layer2.1.conv1.learned_d": 1152,
    "layer2.1.conv1.learned_m": 128,
    "layer2.1.conv1.learned_n": 1,
    "layer2.1.conv1.mae": 0.33016484375,
    "layer2.1.conv1.mape": 0.1618111328125,
    "layer2.1.conv1.mse": 0.1892099609375,
    "layer2.1.conv1.rows": -1,
    "layer2.1.conv1.scaled_error": 0.037823779296875,
    "layer2.1.conv1.scaled_shift": 0.00690517578125,
    "layer2.1.conv1.stored_array_size": 48,
    "layer2.1.conv2.C": 128,
    "layer2.1.conv2.H_size": 22528,
    "layer2.1.conv2.K": 16,
    "layer2.1.conv2.L_size": 1048576,
    "layer2.1.conv2.learned_a_shape": [
        1,
        1152
    ],
    "layer2.1.conv2.learned_b_shape": [
        1152,
        128
    ],
    "layer2.1.conv2.learned_d": 1152,
    "layer2.1.conv2.learned_m": 128,
    "layer2.1.conv2.learned_n": 1,
    "layer2.1.conv2.mae": 0.13857890625,
    "layer2.1.conv2.mape": 0.09901259765625,
    "layer2.1.conv2.mse": 0.032020263671875,
    "layer2.1.conv2.rows": -1,
    "layer2.1.conv2.scaled_error": 0.041154931640625,
    "layer2.1.conv2.scaled_shift": 0.0003811676025390625,
    "layer2.1.conv2.stored_array_size": 48,
    "layer3.0.conv1.C": 128,
    "layer3.0.conv1.H_size": 22528,
    "layer3.0.conv1.K": 16,
    "layer3.0.conv1.L_size": 2097152,
    "layer3.0.conv1.learned_a_shape": [
        1,
        1152
    ],
    "layer3.0.conv1.learned_b_shape": [
        1152,
        256
    ],
    "layer3.0.conv1.learned_d": 1152,
    "layer3.0.conv1.learned_m": 256,
    "layer3.0.conv1.learned_n": 1,
    "layer3.0.conv1.mae": 0.30596640625,
    "layer3.0.conv1.mape": 0.1556708984375,
    "layer3.0.conv1.mse": 0.1580697265625,
    "layer3.0.conv1.rows": -1,
    "layer3.0.conv1.scaled_error": 0.03850234375,
    "layer3.0.conv1.scaled_shift": 0.00617747802734375,
    "layer3.0.conv1.stored_array_size": 48,
    "layer3.0.conv2.C": 256,
    "layer3.0.conv2.H_size": 45056,
    "layer3.0.conv2.K": 16,
    "layer3.0.conv2.L_size": 4194304,
    "layer3.0.conv2.learned_a_shape": [
        1,
        2304
    ],
    "layer3.0.conv2.learned_b_shape": [
        2304,
        256
    ],
    "layer3.0.conv2.learned_d": 2304,
    "layer3.0.conv2.learned_m": 256,
    "layer3.0.conv2.learned_n": 1,
    "layer3.0.conv2.mae": 0.2393279296875,