{
    "halut_layers": "{\"layer2.1.conv1\": [128, -1, 16], \"layer2.0.downsample.0\": [64, -1, 16], \"layer2.0.conv2\": [128, -1, 16], \"layer2.0.conv1\": [64, -1, 16], \"layer1.1.conv2\": [64, -1, 16], \"layer1.1.conv1\": [64, -1, 16], \"layer1.0.conv2\": [64, -1, 16], \"layer1.0.conv1\": [64, -1, 16]}",
    "layer1.0.conv1.C": 64,
    "layer1.0.conv1.H_size": 11264,
    "layer1.0.conv1.K": 16,
    "layer1.0.conv1.L_size": 262144,
    "layer1.0.conv1.learned_a_shape": [
        1,
        576
    ],
    "layer1.0.conv1.learned_b_shape": [
        576,
        64
    ],
    "layer1.0.conv1.learned_d": 576,
    "layer1.0.conv1.learned_m": 64,
    "layer1.0.conv1.learned_n": 1,
    "layer1.0.conv1.mae": 0.56026328125,
    "layer1.0.conv1.mape": 0.2016412109375,
    "layer1.0.conv1.mse": 0.71155078125,
    "layer1.0.conv1.rows": -1,
    "layer1.0.conv1.scaled_error": 0.02280458984375,
    "layer1.0.conv1.scaled_shift": 0.0020372177124023437,
    "layer1.0.conv1.stored_array_size": 48,
    "layer1.0.conv2.C": 64,
    "layer1.0.conv2.H_size": 11264,
    "layer1.0.conv2.K": 16,
    "layer1.0.conv2.L_size": 262144,
    "layer1.0.conv2.learned_a_shape": [
        1,
        576
    ],
    "layer1.0.conv2.learned_b_shape": [
        576,
        64
    ],
    "layer1.0.conv2.learned_d": 576,
    "layer1.0.conv2.learned_m": 64,
    "layer1.0.conv2.learned_n": 1,
    "layer1.0.conv2.mae": 0.245123046875,
    "layer1.0.conv2.mape": 0.1285830078125,
    "layer1.0.conv2.mse": 0.1236583984375,
    "layer1.0.conv2.rows": -1,
    "layer1.0.conv2.scaled_error": 0.01595009765625,
    "layer1.0.conv2.scaled_shift": 0.0009610336303710938,
    "layer1.0.conv2.stored_array_size": 48,
    "layer1.1.conv1.C": 64,
    "layer1.1.conv1.H_size": 11264,
    "layer1.1.conv1.K": 16,
    "layer1.1.conv1.L_size": 262144,
    "layer1.1.conv1.learned_a_shape": [
        1,
        576
    ],
    "layer1.1.conv1.learned_b_shape": [
        576,
        64
    ],
    "layer1.1.conv1.learned_d": 576,
    "layer1.1.conv1.learned_m": 64,
    "layer1.1.conv1.learned_n": 1,
    "layer1.1.conv1.mae": 0.5263078125,
    "layer1.1.conv1.mape": 0.17694765625,
    "layer1.1.conv1.mse": 0.6350703125,
    "layer1.1.conv1.rows": -1,
    "layer1.1.conv1.scaled_error": 0.01882666015625,
    "layer1.1.conv1.scaled_shift": 0.003553155517578125,
    "layer1.1.conv1.stored_array_size": 48,
    "layer1.1.conv2.C": 64,
    "layer1.1.conv2.H_size": 11264,
    "layer1.1.conv2.K": 16,
    "layer1.1.conv2.L_size": 262144,
    "layer1.1.conv2.learned_a_shape": [
        1,
        576
    ],
    "layer1.1.conv2.learned_b_shape": [
        576,
        64
    ],
    "layer1.1.conv2.learned_d": 576,
    "layer1.1.conv2.learned_m": 64,
    "layer1.1.conv2.learned_n": 1,
    "layer1.1.conv2.mae": 0.1630560546875,
    "layer1.1.conv2.mape": 0.10354755859375,
    "layer1.1.conv2.mse": 0.048764599609375,
    "layer1.1.conv2.rows": -1,
    "layer1.1.conv2.scaled_error": 0.027283544921875,
    "layer1.1.conv2.scaled_shift": 0.002523114013671875,
    "layer1.1.conv2.stored_array_size": 48,
    "layer2.0.conv1.C": 64,
    "layer2.0.conv1.H_size": 11264,
    "layer2.0.conv1.K": 16,
    "layer2.0.conv1.L_size": 524288,
    "layer2.0.conv1.learned_a_shape": [
        1,
        576
    ],
    "layer2.0.conv1.learned_b_shape": [
        576,
        128
    ],
    "layer2.0.conv1.learned_d": 576,
    "layer2.0.conv1.learned_m": 128,
    "layer2.0.conv1.learned_n": 1,
    "layer2.0.conv1.mae": 0.443498046875,
    "layer2.0.conv1.mape": 0.177098046875,
    "layer2.0.conv1.mse": 0.393402734375,
    "layer2.0.conv1.rows": -1,
    "layer2.0.conv1.scaled_error": 0.02275791015625,
    "layer2.0.conv1.scaled_shift": 0.003200201416015625,
    "layer2.0.conv1.stored_array_size": 48,
    "layer2.0.conv2.C": 128,
    "layer2.0.conv2.H_size": 22528,
    "layer2.0.conv2.K": 16,
    "layer2.0.conv2.L_size": 1048576,
    "layer2.0.conv2.learned_a_shape": [
        1,
        1152
    ],
    "layer2.0.conv2.learned_b_shape": [
        1152,
        128
    ],
    "layer2.0.conv2.learned_d": 1152,
    "layer2.0.conv2.learned_m": 128,
    "layer2.0.conv2.learned_n": 1,
    "layer2.0.conv2.mae": 0.20217578125,
    "layer2.0.conv2.mape": 0.121111328125,
    "layer2.0.conv2.mse": 0.0712869140625,
    "layer2.0.conv2.rows": -1,
    "layer2.0.conv2.scaled_error": 0.03246298828125,
    "layer2.0.conv2.scaled_shift": 0.00528118896484375,
    "layer2.0.conv2.stored_array_size": 48,
    "layer2.0.downsample.0.C": 64,
    "layer2.0.downsample.0.H_size": 11264,
    "layer2.0.downsample.0.K": 16,
    "layer2.0.downsample.0.L_size": 524288,
    "layer2.0.downsample.0.learned_a_shape": [
        1,
        64
    ],
    "layer2.0.downsample.0.learned_b_shape": [
        64,
        128
    ],
    "layer2.0.downsample.0.learned_d": 64,
    "layer2.0.downsample.0.learned_m": 128,
    "layer2.0.downsample.0.learned_n": 1,
    "layer2.0.downsample.0.mae": 0.052446923828125,
    "layer2.0.downsample.0.mape": 0.0294653564453125,
    "layer2.0.downsample.0.mse": 0.005937225341796875,
    "layer2.0.downsample.0.rows": -1,
    "layer2.0.downsample.0.scaled_error": 0.00704227294921875,
    "layer2.0.downsample.0.scaled_shift": 0.0007649856567382812,
    "layer2.0.downsample.0.stored_array_size": 48,
    "layer2.1.conv1.C": 128,
    "layer2.1.conv1.H_size": 22528,
    "layer2.1.conv1.K": 16,
    "layer2.1.conv1.L_size": 1048576,
    "layer2.1.conv1.learned_a_shape": [
        1,
        1152
    ],
    "layer2.1.conv1.learned_b_shape": [
        1152,
        128
    ],
    "layer2.1.conv1.learned_d": 1152,
    "layer2.1.conv1.learned_m": 128,
    "layer2.1.conv1.learned_n": 1,
    "layer2.1.conv1.mae": 0.328078515625,
    "layer2.1.conv1.mape": 0.1619109375,
    "layer2.1.conv1.mse": 0.18795859375,
    "layer2.1.conv1.rows": -1,
    "layer2.1.conv1.scaled_error": 0.036930224609375,
    "layer2.1.conv1.scaled_shift": 0.006142620849609375,
    "layer2.1.conv1.stored_array_size": 48,
    "top_1_accuracy": 90.32,
    "top_5_accuracy": 99.68
}