{
    "halut_layers": "{\"layer1.1.conv1\": [64, -1, 16], \"layer1.0.conv2\": [64, -1, 16], \"layer1.0.conv1\": [64, -1, 16]}",
    "layer1.0.conv1.C": 64,
    "layer1.0.conv1.H_size": 11264,
    "layer1.0.conv1.K": 16,
    "layer1.0.conv1.L_size": 262144,
    "layer1.0.conv1.learned_a_shape": [
        1,
        576
    ],
    "layer1.0.conv1.learned_b_shape": [
        576,
        64
    ],
    "layer1.0.conv1.learned_d": 576,
    "layer1.0.conv1.learned_m": 64,
    "layer1.0.conv1.learned_n": 1,
    "layer1.0.conv1.mae": 0.52426015625,
    "layer1.0.conv1.mape": 0.1869638671875,
    "layer1.0.conv1.mse": 0.65069453125,
    "layer1.0.conv1.rows": -1,
    "layer1.0.conv1.scaled_error": 0.0213250244140625,
    "layer1.0.conv1.scaled_shift": 0.002205909729003906,
    "layer1.0.conv1.stored_array_size": 48,
    "layer1.0.conv2.C": 64,
    "layer1.0.conv2.H_size": 11264,
    "layer1.0.conv2.K": 16,
    "layer1.0.conv2.L_size": 262144,
    "layer1.0.conv2.learned_a_shape": [
        1,
        576
    ],
    "layer1.0.conv2.learned_b_shape": [
        576,
        64
    ],
    "layer1.0.conv2.learned_d": 576,
    "layer1.0.conv2.learned_m": 64,
    "layer1.0.conv2.learned_n": 1,
    "layer1.0.conv2.mae": 0.24059921875,
    "layer1.0.conv2.mape": 0.1264919921875,
    "layer1.0.conv2.mse": 0.1191236328125,
    "layer1.0.conv2.rows": -1,
    "layer1.0.conv2.scaled_error": 0.0158666748046875,
    "layer1.0.conv2.scaled_shift": 0.0010044052124023439,
    "layer1.0.conv2.stored_array_size": 48,
    "layer1.1.conv1.C": 64,
    "layer1.1.conv1.H_size": 11264,
    "layer1.1.conv1.K": 16,
    "layer1.1.conv1.L_size": 262144,
    "layer1.1.conv1.learned_a_shape": [
        1,
        576
    ],
    "layer1.1.conv1.learned_b_shape": [
        576,
        64
    ],
    "layer1.1.conv1.learned_d": 576,
    "layer1.1.conv1.learned_m": 64,
    "layer1.1.conv1.learned_n": 1,
    "layer1.1.conv1.mae": 0.52544296875,
    "layer1.1.conv1.mape": 0.17365703125,
    "layer1.1.conv1.mse": 0.6426546875,
    "layer1.1.conv1.rows": -1,
    "layer1.1.conv1.scaled_error": 0.018261376953125,
    "layer1.1.conv1.scaled_shift": 0.004214410400390625,
    "layer1.1.conv1.stored_array_size": 48,
    "top_1_accuracy": 91.2,
    "top_5_accuracy": 99.84
}