{
    "halut_layers": "{\"layer3.3.conv1\": 32}",
    "layer3.3.conv1.halut_learning_time": 76.64738435670733,
    "layer3.3.conv1.input_a_shape": [
        150528,
        1024
    ],
    "layer3.3.conv1.input_b_shape": [
        1024,
        256
    ],
    "top_1_accuracy": 0.79749995470047,
    "top_5_accuracy": 0.9487199783325195,
    "total_time": 101.45354606490582
}