{
    "halut_layers": "{\"layer2.1.conv1\": 64}",
    "layer2.1.conv1.halut_learning_time": 319.7679999573156,
    "layer2.1.conv1.input_a_shape": [
        602112,
        512
    ],
    "layer2.1.conv1.input_b_shape": [
        512,
        128
    ],
    "top_1_accuracy": 0.8051599860191345,
    "top_5_accuracy": 0.9533799886703491,
    "total_time": 116.92327197268605
}