{
    "halut_layers": "{\"layer3.4.conv1\": 32}",
    "layer3.4.conv1.halut_learning_time": 86.3639688519761,
    "layer3.4.conv1.input_a_shape": [
        150528,
        1024
    ],
    "layer3.4.conv1.input_b_shape": [
        1024,
        256
    ],
    "top_1_accuracy": 0.7922199964523315,
    "top_5_accuracy": 0.9453799724578857,
    "total_time": 100.31826999038458
}