{
    "halut_layers": "{\"layer2.1.conv1\": [64, -1, 16, 0], \"layer2.0.downsample.0\": [64, -1, 16, 0], \"layer2.0.conv2\": [64, -1, 16, 0], \"layer2.0.conv1\": [64, -1, 16, 0], \"layer1.1.conv2\": [64, -1, 16, 0], \"layer1.1.conv1\": [64, -1, 16, 0], \"layer1.0.conv2\": [64, -1, 16, 0], \"layer1.0.conv1\": [64, -1, 16, 0]}",
    "layer1.0.conv1.C": 64,
    "layer1.0.conv1.H_size": 11264,
    "layer1.0.conv1.K": 16,
    "layer1.0.conv1.L_size": 262144,
    "layer1.0.conv1.encoding_algorithm": 0,
    "layer1.0.conv1.learned_a_shape": [
        1,
        261970
    ],
    "layer1.0.conv1.learned_b_shape": [
        261970,
        64
    ],
    "layer1.0.conv1.learned_d": 261970,
    "layer1.0.conv1.learned_m": 64,
    "layer1.0.conv1.learned_n": 1,
    "layer1.0.conv1.mae": 0.2809453218460083,
    "layer1.0.conv1.mape": 0.12963655126094817,
    "layer1.0.conv1.mse": 0.2164775201320648,
    "layer1.0.conv1.rows": -1,
    "layer1.0.conv1.scaled_error": 0.016268628990650177,
    "layer1.0.conv1.scaled_shift": 0.0010022883277386427,
    "layer1.0.conv1.stored_array_size": 32,
    "layer1.0.conv2.C": 64,
    "layer1.0.conv2.H_size": 11264,
    "layer1.0.conv2.K": 16,
    "layer1.0.conv2.L_size": 262144,
    "layer1.0.conv2.encoding_algorithm": 0,
    "layer1.0.conv2.learned_a_shape": [
        1,
        261970
    ],
    "layer1.0.conv2.learned_b_shape": [
        261970,
        64
    ],
    "layer1.0.conv2.learned_d": 261970,
    "layer1.0.conv2.learned_m": 64,
    "layer1.0.conv2.learned_n": 1,
    "layer1.0.conv2.mae": 0.24304908275604248,
    "layer1.0.conv2.mape": 0.1351340196609497,
    "layer1.0.conv2.mse": 0.12230725947618484,
    "layer1.0.conv2.rows": -1,
    "layer1.0.conv2.scaled_error": 0.023966581317782402,
    "layer1.0.conv2.scaled_shift": 3.4893014963017776e-06,
    "layer1.0.conv2.stored_array_size": 32,
    "layer1.1.conv1.C": 64,
    "layer1.1.conv1.H_size": 11264,
    "layer1.1.conv1.K": 16,
    "layer1.1.conv1.L_size": 262144,
    "layer1.1.conv1.encoding_algorithm": 0,
    "layer1.1.conv1.learned_a_shape": [
        1,
        261970
    ],
    "layer1.1.conv1.learned_b_shape": [
        261970,
        64
    ],
    "layer1.1.conv1.learned_d": 261970,
    "layer1.1.conv1.learned_m": 64,
    "layer1.1.conv1.learned_n": 1,
    "layer1.1.conv1.mae": 0.3313429730415344,
    "layer1.1.conv1.mape": 0.13884744765758514,
    "layer1.1.conv1.mse": 0.23262919416427613,
    "layer1.1.conv1.rows": -1,
    "layer1.1.conv1.scaled_error": 0.023831860077381133,
    "layer1.1.conv1.scaled_shift": 0.0016677245799452066,
    "layer1.1.conv1.stored_array_size": 32,
    "layer1.1.conv2.C": 64,
    "layer1.1.conv2.H_size": 11264,
    "layer1.1.conv2.K": 16,
    "layer1.1.conv2.L_size": 262144,
    "layer1.1.conv2.encoding_algorithm": 0,
    "layer1.1.conv2.learned_a_shape": [
        1,
        261970
    ],
    "layer1.1.conv2.learned_b_shape": [
        261970,
        64
    ],
    "layer1.1.conv2.learned_d": 261970,
    "layer1.1.conv2.learned_m": 64,
    "layer1.1.conv2.learned_n": 1,
    "layer1.1.conv2.mae": 0.09928924816846847,
    "layer1.1.conv2.mape": 0.07222962141036987,
    "layer1.1.conv2.mse": 0.01815593976378441,
    "layer1.1.conv2.rows": -1,
    "layer1.1.conv2.scaled_error": 0.030016239976882936,
    "layer1.1.conv2.scaled_shift": 0.000757924860343337,
    "layer1.1.conv2.stored_array_size": 32,
    "layer2.0.conv1.C": 64,
    "layer2.0.conv1.H_size": 11264,
    "layer2.0.conv1.K": 16,
    "layer2.0.conv1.L_size": 524288,
    "layer2.0.conv1.encoding_algorithm": 0,
    "layer2.0.conv1.learned_a_shape": [
        1,
        261970
    ],
    "layer2.0.conv1.learned_b_shape": [
        261970,
        128
    ],
    "layer2.0.conv1.learned_d": 261970,
    "layer2.0.conv1.learned_m": 128,
    "layer2.0.conv1.learned_n": 1,
    "layer2.0.conv1.mae": 0.37856684494018555,
    "layer2.0.conv1.mape": 0.1553107614994049,
    "layer2.0.conv1.mse": 0.29466279072761536,
    "layer2.0.conv1.rows": -1,
    "layer2.0.conv1.scaled_error": 0.023564807134866715,
    "layer2.0.conv1.scaled_shift": 0.0019202923852950334,
    "layer2.0.conv1.stored_array_size": 32,
    "layer2.0.conv2.C": 64,
    "layer2.0.conv2.H_size": 11264,
    "layer2.0.conv2.K": 16,
    "layer2.0.conv2.L_size": 524288,
    "layer2.0.conv2.encoding_algorithm": 0,
    "layer2.0.conv2.learned_a_shape": [
        1,
        261970
    ],
    "layer2.0.conv2.learned_b_shape": [
        261970,
        128
    ],
    "layer2.0.conv2.learned_d": 261970,
    "layer2.0.conv2.learned_m": 128,
    "layer2.0.conv2.learned_n": 1,
    "layer2.0.conv2.mae": 0.19249550318717956,
    "layer2.0.conv2.mape": 0.1270346568107605,
    "layer2.0.conv2.mse": 0.06637715163230896,
    "layer2.0.conv2.rows": -1,
    "layer2.0.conv2.scaled_error": 0.03839576198458672,
    "layer2.0.conv2.scaled_shift": 0.00020546084188972598,
    "layer2.0.conv2.stored_array_size": 32,
    "layer2.0.downsample.0.C": 64,
    "layer2.0.downsample.0.H_size": 11264,
    "layer2.0.downsample.0.K": 16,
    "layer2.0.downsample.0.L_size": 524288,
    "layer2.0.downsample.0.encoding_algorithm": 0,
    "layer2.0.downsample.0.learned_a_shape": [
        1,
        261970
    ],
    "layer2.0.downsample.0.learned_b_shape": [
        261970,
        128
    ],
    "layer2.0.downsample.0.learned_d": 261970,
    "layer2.0.downsample.0.learned_m": 128,
    "layer2.0.downsample.0.learned_n": 1,
    "layer2.0.downsample.0.mae": 0.02621298191547394,
    "layer2.0.downsample.0.mape": 0.016084574577212334,
    "layer2.0.downsample.0.mse": 0.0016840817149728537,
    "layer2.0.downsample.0.rows": -1,
    "layer2.0.downsample.0.scaled_error": 0.003938944418728351,
    "layer2.0.downsample.0.scaled_shift": 1.3785297658614581e-05,
    "layer2.0.downsample.0.stored_array_size": 32,
    "layer2.1.conv1.C": 64,
    "layer2.1.conv1.H_size": 11264,
    "layer2.1.conv1.K": 16,
    "layer2.1.conv1.L_size": 524288,
    "layer2.1.conv1.encoding_algorithm": 0,
    "layer2.1.conv1.learned_a_shape": [
        1,
        261970
    ],
    "layer2.1.conv1.learned_b_shape": [
        261970,
        128
    ],
    "layer2.1.conv1.learned_d": 261970,
    "layer2.1.conv1.learned_m": 128,
    "layer2.1.conv1.learned_n": 1,
    "layer2.1.conv1.mae": 0.40177126784324646,
    "layer2.1.conv1.mape": 0.19704414987564087,
    "layer2.1.conv1.mse": 0.28297600440979004,
    "layer2.1.conv1.rows": -1,
    "layer2.1.conv1.scaled_error": 0.042632323640584946,
    "layer2.1.conv1.scaled_shift": 0.0015226844917982816,
    "layer2.1.conv1.stored_array_size": 32,
    "top_1_accuracy": 88.26,
    "top_5_accuracy": 99.54
}