{
    "halut_layers": "{\"layer2.1.conv2\": [64, -1, 16, 0], \"layer2.1.conv1\": [64, -1, 16, 0], \"layer2.0.downsample.0\": [64, -1, 16, 0], \"layer2.0.conv2\": [64, -1, 16, 0], \"layer2.0.conv1\": [64, -1, 16, 0], \"layer1.1.conv2\": [64, -1, 16, 0], \"layer1.1.conv1\": [64, -1, 16, 0], \"layer1.0.conv2\": [64, -1, 16, 0], \"layer1.0.conv1\": [64, -1, 16, 0]}",
    "layer1.0.conv1.C": 64,
    "layer1.0.conv1.H_size": 11264,
    "layer1.0.conv1.K": 16,
    "layer1.0.conv1.L_size": 262144,
    "layer1.0.conv1.encoding_algorithm": 0,
    "layer1.0.conv1.learned_a_shape": [
        1,
        261970
    ],
    "layer1.0.conv1.learned_b_shape": [
        261970,
        64
    ],
    "layer1.0.conv1.learned_d": 261970,
    "layer1.0.conv1.learned_m": 64,
    "layer1.0.conv1.learned_n": 1,
    "layer1.0.conv1.mae": 0.2171547765135765,
    "layer1.0.conv1.mape": 0.10863027489980062,
    "layer1.0.conv1.mse": 0.12827408554355305,
    "layer1.0.conv1.rows": -1,
    "layer1.0.conv1.scaled_error": 0.013853951607644558,
    "layer1.0.conv1.scaled_shift": 0.00034960353649318373,
    "layer1.0.conv1.stored_array_size": 32,
    "layer1.0.conv2.C": 64,
    "layer1.0.conv2.H_size": 11264,
    "layer1.0.conv2.K": 16,
    "layer1.0.conv2.L_size": 262144,
    "layer1.0.conv2.encoding_algorithm": 0,
    "layer1.0.conv2.learned_a_shape": [
        1,
        261970
    ],
    "layer1.0.conv2.learned_b_shape": [
        261970,
        64
    ],
    "layer1.0.conv2.learned_d": 261970,
    "layer1.0.conv2.learned_m": 64,
    "layer1.0.conv2.learned_n": 1,
    "layer1.0.conv2.mae": 0.20425224180618923,
    "layer1.0.conv2.mape": 0.11925426296591758,
    "layer1.0.conv2.mse": 0.08567628433108329,
    "layer1.0.conv2.rows": -1,
    "layer1.0.conv2.scaled_error": 0.022006745230654875,
    "layer1.0.conv2.scaled_shift": -0.00021290918628753084,
    "layer1.0.conv2.stored_array_size": 32,
    "layer1.1.conv1.C": 64,
    "layer1.1.conv1.H_size": 11264,
    "layer1.1.conv1.K": 16,
    "layer1.1.conv1.L_size": 262144,
    "layer1.1.conv1.encoding_algorithm": 0,
    "layer1.1.conv1.learned_a_shape": [
        1,
        261970
    ],
    "layer1.1.conv1.learned_b_shape": [
        261970,
        64
    ],
    "layer1.1.conv1.learned_d": 261970,
    "layer1.1.conv1.learned_m": 64,
    "layer1.1.conv1.learned_n": 1,
    "layer1.1.conv1.mae": 0.26626391902367275,
    "layer1.1.conv1.mape": 0.12059528792103132,
    "layer1.1.conv1.mse": 0.1431495865682761,
    "layer1.1.conv1.rows": -1,
    "layer1.1.conv1.scaled_error": 0.02174519079575936,
    "layer1.1.conv1.scaled_shift": 3.367785975666872e-05,
    "layer1.1.conv1.stored_array_size": 32,
    "layer1.1.conv2.C": 64,
    "layer1.1.conv2.H_size": 11264,
    "layer1.1.conv2.K": 16,
    "layer1.1.conv2.L_size": 262144,
    "layer1.1.conv2.encoding_algorithm": 0,
    "layer1.1.conv2.learned_a_shape": [
        1,
        261970
    ],
    "layer1.1.conv2.learned_b_shape": [
        261970,
        64
    ],
    "layer1.1.conv2.learned_d": 261970,
    "layer1.1.conv2.learned_m": 64,
    "layer1.1.conv2.learned_n": 1,
    "layer1.1.conv2.mae": 0.09028297577897708,
    "layer1.1.conv2.mape": 0.06728030014634133,
    "layer1.1.conv2.mse": 0.014819126479576032,
    "layer1.1.conv2.rows": -1,
    "layer1.1.conv2.scaled_error": 0.02788385211129983,
    "layer1.1.conv2.scaled_shift": 4.349427545578995e-05,
    "layer1.1.conv2.stored_array_size": 32,
    "layer2.0.conv1.C": 64,
    "layer2.0.conv1.H_size": 11264,
    "layer2.0.conv1.K": 16,
    "layer2.0.conv1.L_size": 524288,
    "layer2.0.conv1.encoding_algorithm": 0,
    "layer2.0.conv1.learned_a_shape": [
        1,
        261970
    ],
    "layer2.0.conv1.learned_b_shape": [
        261970,
        128
    ],
    "layer2.0.conv1.learned_d": 261970,
    "layer2.0.conv1.learned_m": 128,
    "layer2.0.conv1.learned_n": 1,
    "layer2.0.conv1.mae": 0.3129019698460897,
    "layer2.0.conv1.mape": 0.1409302320679029,
    "layer2.0.conv1.mse": 0.19062077785332998,
    "layer2.0.conv1.rows": -1,
    "layer2.0.conv1.scaled_error": 0.023011946149667104,
    "layer2.0.conv1.scaled_shift": 0.00023596872601580496,
    "layer2.0.conv1.stored_array_size": 32,
    "layer2.0.conv2.C": 64,
    "layer2.0.conv2.H_size": 11264,
    "layer2.0.conv2.K": 16,
    "layer2.0.conv2.L_size": 524288,
    "layer2.0.conv2.encoding_algorithm": 0,
    "layer2.0.conv2.learned_a_shape": [
        1,
        261970
    ],
    "layer2.0.conv2.learned_b_shape": [
        261970,
        128
    ],
    "layer2.0.conv2.learned_d": 261970,
    "layer2.0.conv2.learned_m": 128,
    "layer2.0.conv2.learned_n": 1,
    "layer2.0.conv2.mae": 0.17801826588710148,
    "layer2.0.conv2.mape": 0.11952572065790494,
    "layer2.0.conv2.mse": 0.05662468432486057,
    "layer2.0.conv2.rows": -1,
    "layer2.0.conv2.scaled_error": 0.036814171634117765,
    "layer2.0.conv2.scaled_shift": -6.71145754652874e-05,
    "layer2.0.conv2.stored_array_size": 32,
    "layer2.0.downsample.0.C": 64,
    "layer2.0.downsample.0.H_size": 11264,
    "layer2.0.downsample.0.K": 16,
    "layer2.0.downsample.0.L_size": 524288,
    "layer2.0.downsample.0.encoding_algorithm": 0,
    "layer2.0.downsample.0.learned_a_shape": [
        1,
        261970
    ],
    "layer2.0.downsample.0.learned_b_shape": [
        261970,
        128
    ],
    "layer2.0.downsample.0.learned_d": 261970,
    "layer2.0.downsample.0.learned_m": 128,
    "layer2.0.downsample.0.learned_n": 1,
    "layer2.0.downsample.0.mae": 0.02298732934097449,
    "layer2.0.downsample.0.mape": 0.014757200692594051,
    "layer2.0.downsample.0.mse": 0.0011137018109982212,
    "layer2.0.downsample.0.rows": -1,
    "layer2.0.downsample.0.scaled_error": 0.0038660623220105965,
    "layer2.0.downsample.0.scaled_shift": 3.4993842625832866e-06,
    "layer2.0.downsample.0.stored_array_size": 32,
    "layer2.1.conv1.C": 64,
    "layer2.1.conv1.H_size": 11264,
    "layer2.1.conv1.K": 16,
    "layer2.1.conv1.L_size": 524288,
    "layer2.1.conv1.encoding_algorithm": 0,
    "layer2.1.conv1.learned_a_shape": [
        1,
        261970
    ],
    "layer2.1.conv1.learned_b_shape": [
        261970,
        128
    ],
    "layer2.1.conv1.learned_d": 261970,
    "layer2.1.conv1.learned_m": 128,
    "layer2.1.conv1.learned_n": 1,
    "layer2.1.conv1.mae": 0.36825972952047986,
    "layer2.1.conv1.mape": 0.18584257040023805,
    "layer2.1.conv1.mse": 0.23731167418162027,
    "layer2.1.conv1.rows": -1,
    "layer2.1.conv1.scaled_error": 0.0411919935832421,
    "layer2.1.conv1.scaled_shift": 0.0006644510813173837,
    "layer2.1.conv1.stored_array_size": 32,
    "layer2.1.conv2.C": 64,
    "layer2.1.conv2.H_size": 11264,
    "layer2.1.conv2.K": 16,
    "layer2.1.conv2.L_size": 524288,
    "layer2.1.conv2.encoding_algorithm": 0,
    "layer2.1.conv2.learned_a_shape": [
        1,
        261970
    ],
    "layer2.1.conv2.learned_b_shape": [
        261970,
        128
    ],
    "layer2.1.conv2.learned_d": 261970,
    "layer2.1.conv2.learned_m": 128,
    "layer2.1.conv2.learned_n": 1,
    "layer2.1.conv2.mae": 0.13494300739765167,
    "layer2.1.conv2.mape": 0.10055265421867371,
    "layer2.1.conv2.mse": 0.03061345245838165,
    "layer2.1.conv2.rows": -1,
    "layer2.1.conv2.scaled_error": 0.047736439192295074,
    "layer2.1.conv2.scaled_shift": -0.0017771735429763793,
    "layer2.1.conv2.stored_array_size": 32,
    "top_1_accuracy": 86.66,
    "top_5_accuracy": 99.5
}