{
    "halut_layers": "{\"layer4.0.conv2\": [64, -1, 16, 0], \"layer4.0.conv1\": [64, -1, 16, 0], \"layer3.1.conv2\": [64, -1, 16, 0], \"layer3.1.conv1\": [64, -1, 16, 0], \"layer3.0.downsample.0\": [64, -1, 16, 0], \"layer3.0.conv2\": [64, -1, 16, 0], \"layer3.0.conv1\": [64, -1, 16, 0], \"layer2.1.conv2\": [64, -1, 16, 0], \"layer2.1.conv1\": [64, -1, 16, 0], \"layer2.0.downsample.0\": [64, -1, 16, 0], \"layer2.0.conv2\": [64, -1, 16, 0], \"layer2.0.conv1\": [64, -1, 16, 0], \"layer1.1.conv2\": [64, -1, 16, 0], \"layer1.1.conv1\": [64, -1, 16, 0], \"layer1.0.conv2\": [64, -1, 16, 0], \"layer1.0.conv1\": [64, -1, 16, 0]}",
    "layer1.0.conv1.C": 64,
    "layer1.0.conv1.H_size": 11264,
    "layer1.0.conv1.K": 16,
    "layer1.0.conv1.L_size": 262144,
    "layer1.0.conv1.encoding_algorithm": 0,
    "layer1.0.conv1.learned_a_shape": [
        1,
        261970
    ],
    "layer1.0.conv1.learned_b_shape": [
        261970,
        64
    ],
    "layer1.0.conv1.learned_d": 261970,
    "layer1.0.conv1.learned_m": 64,
    "layer1.0.conv1.learned_n": 1,
    "layer1.0.conv1.mae": 0.2792488051891327,
    "layer1.0.conv1.mape": 0.1292567934513092,
    "layer1.0.conv1.mse": 0.21292206835746766,
    "layer1.0.conv1.rows": -1,
    "layer1.0.conv1.scaled_error": 0.016393830648064614,
    "layer1.0.conv1.scaled_shift": 0.0010491317911073565,
    "layer1.0.conv1.stored_array_size": 32,
    "layer1.0.conv2.C": 64,
    "layer1.0.conv2.H_size": 11264,
    "layer1.0.conv2.K": 16,
    "layer1.0.conv2.L_size": 262144,
    "layer1.0.conv2.encoding_algorithm": 0,
    "layer1.0.conv2.learned_a_shape": [
        1,
        261970
    ],
    "layer1.0.conv2.learned_b_shape": [
        261970,
        64
    ],
    "layer1.0.conv2.learned_d": 261970,
    "layer1.0.conv2.learned_m": 64,
    "layer1.0.conv2.learned_n": 1,
    "layer1.0.conv2.mae": 0.24125174016952514,
    "layer1.0.conv2.mape": 0.13464492177963258,
    "layer1.0.conv2.mse": 0.12043922936916351,
    "layer1.0.conv2.rows": -1,
    "layer1.0.conv2.scaled_error": 0.02406074704527855,
    "layer1.0.conv2.scaled_shift": -5.122570191451814e-05,
    "layer1.0.conv2.stored_array_size": 32,
    "layer1.1.conv1.C": 64,
    "layer1.1.conv1.H_size": 11264,
    "layer1.1.conv1.K": 16,
    "layer1.1.conv1.L_size": 262144,
    "layer1.1.conv1.encoding_algorithm": 0,
    "layer1.1.conv1.learned_a_shape": [
        1,
        261970
    ],
    "layer1.1.conv1.learned_b_shape": [
        261970,
        64
    ],
    "layer1.1.conv1.learned_d": 261970,
    "layer1.1.conv1.learned_m": 64,
    "layer1.1.conv1.learned_n": 1,
    "layer1.1.conv1.mae": 0.3295272269248962,
    "layer1.1.conv1.mape": 0.13830768353939057,
    "layer1.1.conv1.mse": 0.23020478458404542,
    "layer1.1.conv1.rows": -1,
    "layer1.1.conv1.scaled_error": 0.023749442413449288,
    "layer1.1.conv1.scaled_shift": 0.0017609001971781253,
    "layer1.1.conv1.stored_array_size": 32,
    "layer1.1.conv2.C": 64,
    "layer1.1.conv2.H_size": 11264,
    "layer1.1.conv2.K": 16,
    "layer1.1.conv2.L_size": 262144,
    "layer1.1.conv2.encoding_algorithm": 0,
    "layer1.1.conv2.learned_a_shape": [
        1,
        261970
    ],
    "layer1.1.conv2.learned_b_shape": [
        261970,
        64
    ],
    "layer1.1.conv2.learned_d": 261970,
    "layer1.1.conv2.learned_m": 64,
    "layer1.1.conv2.learned_n": 1,
    "layer1.1.conv2.mae": 0.09880109798908233,
    "layer1.1.conv2.mape": 0.07201363815069199,
    "layer1.1.conv2.mse": 0.017976715874671936,
    "layer1.1.conv2.rows": -1,
    "layer1.1.conv2.scaled_error": 0.03001781121492386,
    "layer1.1.conv2.scaled_shift": 0.0007283823907375335,
    "layer1.1.conv2.stored_array_size": 32,
    "layer2.0.conv1.C": 64,
    "layer2.0.conv1.H_size": 11264,
    "layer2.0.conv1.K": 16,
    "layer2.0.conv1.L_size": 524288,
    "layer2.0.conv1.encoding_algorithm": 0,
    "layer2.0.conv1.learned_a_shape": [
        1,
        261970
    ],
    "layer2.0.conv1.learned_b_shape": [
        261970,
        128
    ],
    "layer2.0.conv1.learned_d": 261970,
    "layer2.0.conv1.learned_m": 128,
    "layer2.0.conv1.learned_n": 1,
    "layer2.0.conv1.mae": 0.37662957582473755,
    "layer2.0.conv1.mape": 0.15486032304763794,
    "layer2.0.conv1.mse": 0.29158653383255007,
    "layer2.0.conv1.rows": -1,
    "layer2.0.conv1.scaled_error": 0.02353516851067543,
    "layer2.0.conv1.scaled_shift": 0.0019219372648745774,
    "layer2.0.conv1.stored_array_size": 32,
    "layer2.0.conv2.C": 64,
    "layer2.0.conv2.H_size": 11264,
    "layer2.0.conv2.K": 16,
    "layer2.0.conv2.L_size": 524288,
    "layer2.0.conv2.encoding_algorithm": 0,
    "layer2.0.conv2.learned_a_shape": [
        1,
        261970
    ],
    "layer2.0.conv2.learned_b_shape": [
        261970,
        128
    ],
    "layer2.0.conv2.learned_d": 261970,
    "layer2.0.conv2.learned_m": 128,
    "layer2.0.conv2.learned_n": 1,
    "layer2.0.conv2.mae": 0.19242889847755432,
    "layer2.0.conv2.mape": 0.1269729781150818,
    "layer2.0.conv2.mse": 0.06632861429452896,
    "layer2.0.conv2.rows": -1,
    "layer2.0.conv2.scaled_error": 0.03836469329595566,
    "layer2.0.conv2.scaled_shift": 0.0002259145500138402,
    "layer2.0.conv2.stored_array_size": 32,
    "layer2.0.downsample.0.C": 64,
    "layer2.0.downsample.0.H_size": 11264,
    "layer2.0.downsample.0.K": 16,
    "layer2.0.downsample.0.L_size": 524288,
    "layer2.0.downsample.0.encoding_algorithm": 0,
    "layer2.0.downsample.0.learned_a_shape": [
        1,
        261970
    ],
    "layer2.0.downsample.0.learned_b_shape": [
        261970,
        128
    ],
    "layer2.0.downsample.0.learned_d": 261970,
    "layer2.0.downsample.0.learned_m": 128,
    "layer2.0.downsample.0.learned_n": 1,
    "layer2.0.downsample.0.mae": 0.02603283323943615,
    "layer2.0.downsample.0.mape": 0.016020526146888734,
    "layer2.0.downsample.0.mse": 0.0016537153750658035,
    "layer2.0.downsample.0.rows": -1,
    "layer2.0.downsample.0.scaled_error": 0.003924119064211845,
    "layer2.0.downsample.0.scaled_shift": 1.2336862879965337e-05,
    "layer2.0.downsample.0.stored_array_size": 32,
    "layer2.1.conv1.C": 64,
    "layer2.1.conv1.H_size": 11264,
    "layer2.1.conv1.K": 16,
    "layer2.1.conv1.L_size": 524288,
    "layer2.1.conv1.encoding_algorithm": 0,
    "layer2.1.conv1.learned_a_shape": [
        1,
        261970
    ],
    "layer2.1.conv1.learned_b_shape": [
        261970,
        128
    ],
    "layer2.1.conv1.learned_d": 261970,
    "layer2.1.conv1.learned_m": 128,
    "layer2.1.conv1.learned_n": 1,
    "layer2.1.conv1.mae": 0.4052127438545227,
    "layer2.1.conv1.mape": 0.19762033276557922,
    "layer2.1.conv1.mse": 0.2882222589492798,
    "layer2.1.conv1.rows": -1,
    "layer2.1.conv1.scaled_error": 0.04264078048467636,
    "layer2.1.conv1.scaled_shift": 0.002299918057024479,
    "layer2.1.conv1.stored_array_size": 32,
    "layer2.1.conv2.C": 64,
    "layer2.1.conv2.H_size": 11264,
    "layer2.1.conv2.K": 16,
    "layer2.1.conv2.L_size": 524288,
    "layer2.1.conv2.encoding_algorithm": 0,
    "layer2.1.conv2.learned_a_shape": [
        1,
        261970
    ],
    "layer2.1.conv2.learned_b_shape": [
        261970,
        128
    ],
    "layer2.1.conv2.learned_d": 261970,
    "layer2.1.conv2.learned_m": 128,
    "layer2.1.conv2.learned_n": 1,
    "layer2.1.conv2.mae": 0.13461760182380678,
    "layer2.1.conv2.mape": 0.10044251508712769,
    "layer2.1.conv2.mse": 0.030460025441646575,
    "layer2.1.conv2.rows": -1,
    "layer2.1.conv2.scaled_error": 0.04779767278432846,
    "layer2.1.conv2.scaled_shift": -0.0018650560161098837,
    "layer2.1.conv2.stored_array_size": 32,
    "layer3.0.conv1.C": 64,
    "layer3.0.conv1.H_size": 11264,
    "layer3.0.conv1.K": 16,
    "layer3.0.conv1.L_size": 1048576,
    "layer3.0.conv1.encoding_algorithm": 0,
    "layer3.0.conv1.learned_a_shape": [
        1,
        261970
    ],
    "layer3.0.conv1.learned_b_shape": [
        261970,
        256
    ],
    "layer3.0.conv1.learned_d": 261970,