{
    "blocks.18.m.qkv.C": 16,
    "blocks.18.m.qkv.H_size": 3072,
    "blocks.18.m.qkv.K": 16,
    "blocks.18.m.qkv.L_size": 524288,
    "blocks.18.m.qkv.encoding_algorithm": 1,
    "blocks.18.m.qkv.learned_a_shape": [
        18432,
        384
    ],
    "blocks.18.m.qkv.learned_b_shape": [
        384,
        512
    ],
    "blocks.18.m.qkv.learned_d": 384,
    "blocks.18.m.qkv.learned_m": 512,
    "blocks.18.m.qkv.learned_n": 18432,
    "blocks.18.m.qkv.mae": 0.9632768115234375,
    "blocks.18.m.qkv.mape": 0.4366799624633789,
    "blocks.18.m.qkv.mse": 1.791292843017578,
    "blocks.18.m.qkv.rows": 1024,
    "blocks.18.m.qkv.scaled_error": 0.05757339988708496,
    "blocks.18.m.qkv.scaled_shift": 0.001560313524827361,
    "blocks.18.m.qkv.stored_array_size": 32,
    "halut_layers": "{\"blocks.18.m.qkv\": [16, 1024, 16, 1]}",
    "top_1_accuracy": 72.11200071533203,
    "top_5_accuracy": 90.63200069335937
}