{
    "blocks.3.m.0.C": 16,
    "blocks.3.m.0.H_size": 6144,
    "blocks.3.m.0.K": 32,
    "blocks.3.m.0.L_size": 524288,
    "blocks.3.m.0.encoding_algorithm": 1,
    "blocks.3.m.0.learned_a_shape": [
        225792,
        128
    ],
    "blocks.3.m.0.learned_b_shape": [
        128,
        256
    ],
    "blocks.3.m.0.learned_d": 128,
    "blocks.3.m.0.learned_m": 256,
    "blocks.3.m.0.learned_n": 225792,
    "blocks.3.m.0.mae": 0.6673958020019531,
    "blocks.3.m.0.mape": 0.2962538906097412,
    "blocks.3.m.0.mse": 0.8238368737792969,
    "blocks.3.m.0.rows": 1024,
    "blocks.3.m.0.scaled_error": 0.03641720598220825,
    "blocks.3.m.0.scaled_shift": -0.001831982206404209,
    "blocks.3.m.0.stored_array_size": 32,
    "halut_layers": "{\"blocks.3.m.0\": [16, 1024, 32, 1]}",
    "top_1_accuracy": 27.390000289611816,
    "top_5_accuracy": 45.54600044067383
}