{
    "blocks.2.m.qkv.C": 32,
    "blocks.2.m.qkv.H_size": 4,
    "blocks.2.m.qkv.K": 32,
    "blocks.2.m.qkv.L_size": 1048576,
    "blocks.2.m.qkv.encoding_algorithm": 2,
    "blocks.2.m.qkv.learned_a_shape": [
        225792,
        128
    ],
    "blocks.2.m.qkv.learned_b_shape": [
        128,
        256
    ],
    "blocks.2.m.qkv.learned_d": 128,
    "blocks.2.m.qkv.learned_m": 256,
    "blocks.2.m.qkv.learned_n": 225792,
    "blocks.2.m.qkv.mae": 0.26292867736816405,
    "blocks.2.m.qkv.mape": 0.127772396774292,
    "blocks.2.m.qkv.mse": 0.1635257995223999,
    "blocks.2.m.qkv.rows": 1024,
    "blocks.2.m.qkv.scaled_error": 0.009300376858711242,
    "blocks.2.m.qkv.scaled_shift": -0.000912184767127037,
    "blocks.2.m.qkv.stored_array_size": 32,
    "halut_layers": "{\"blocks.2.m.qkv\": [32, 1024, 32, 2]}",
    "top_1_accuracy": 75.77800076293946,
    "top_5_accuracy": 92.32200086425782
}