{
    "blocks.6.m.proj.1.C": 32,
    "blocks.6.m.proj.1.H_size": 4,
    "blocks.6.m.proj.1.K": 32,
    "blocks.6.m.proj.1.L_size": 1048576,
    "blocks.6.m.proj.1.encoding_algorithm": 2,
    "blocks.6.m.proj.1.learned_a_shape": [
        56448,
        192
    ],
    "blocks.6.m.proj.1.learned_b_shape": [
        192,
        256
    ],
    "blocks.6.m.proj.1.learned_d": 192,
    "blocks.6.m.proj.1.learned_m": 256,
    "blocks.6.m.proj.1.learned_n": 56448,
    "blocks.6.m.proj.1.mae": 0.4025861932373047,
    "blocks.6.m.proj.1.mape": 0.22185515724182128,
    "blocks.6.m.proj.1.mse": 0.3149759588623047,
    "blocks.6.m.proj.1.rows": 1024,
    "blocks.6.m.proj.1.scaled_error": 0.03233931413650513,
    "blocks.6.m.proj.1.scaled_shift": 8.898182672666736e-05,
    "blocks.6.m.proj.1.stored_array_size": 32,
    "halut_layers": "{\"blocks.6.m.proj.1\": [32, 1024, 32, 2]}",
    "top_1_accuracy": 75.94000080688477,
    "top_5_accuracy": 92.4620008178711
}