{
    "blocks.1.m.2.C": 16,
    "blocks.1.m.2.H_size": 6144,
    "blocks.1.m.2.K": 32,
    "blocks.1.m.2.L_size": 262144,
    "blocks.1.m.2.encoding_algorithm": 1,
    "blocks.1.m.2.learned_a_shape": [
        225792,
        256
    ],
    "blocks.1.m.2.learned_b_shape": [
        256,
        128
    ],
    "blocks.1.m.2.learned_d": 256,
    "blocks.1.m.2.learned_m": 128,
    "blocks.1.m.2.learned_n": 225792,
    "blocks.1.m.2.mae": 1.2573155902099609,
    "blocks.1.m.2.mape": 0.5814842517089843,
    "blocks.1.m.2.mse": 3.0780087890625,
    "blocks.1.m.2.rows": 1024,
    "blocks.1.m.2.scaled_error": 0.04592786806106568,
    "blocks.1.m.2.scaled_shift": 0.0001756644763064105,
    "blocks.1.m.2.stored_array_size": 32,
    "halut_layers": "{\"blocks.1.m.2\": [16, 1024, 32, 1]}",
    "top_1_accuracy": 29.428000310058593,
    "top_5_accuracy": 48.538000399169924
}