{
    "blocks.20.m.qkv.C": 16,
    "blocks.20.m.qkv.H_size": 4,
    "blocks.20.m.qkv.K": 32,
    "blocks.20.m.qkv.L_size": 1048576,
    "blocks.20.m.qkv.encoding_algorithm": 2,
    "blocks.20.m.qkv.learned_a_shape": [
        18432,
        384
    ],
    "blocks.20.m.qkv.learned_b_shape": [
        384,
        512
    ],
    "blocks.20.m.qkv.learned_d": 384,
    "blocks.20.m.qkv.learned_m": 512,
    "blocks.20.m.qkv.learned_n": 18432,
    "blocks.20.m.qkv.mae": 1.0104381631469725,
    "blocks.20.m.qkv.mape": 0.37187823684692384,
    "blocks.20.m.qkv.mse": 2.935831526489258,
    "blocks.20.m.qkv.rows": 1024,
    "blocks.20.m.qkv.scaled_error": 0.031091506490707396,
    "blocks.20.m.qkv.scaled_shift": 0.00031028417635709047,
    "blocks.20.m.qkv.stored_array_size": 32,
    "halut_layers": "{\"blocks.20.m.qkv\": [16, 1024, 32, 2]}",
    "top_1_accuracy": 75.90000064086914,
    "top_5_accuracy": 92.62800085205077
}