{
    "blocks.5.m.2.C": 16,
    "blocks.5.m.2.H_size": 3072,
    "blocks.5.m.2.K": 16,
    "blocks.5.m.2.L_size": 262144,
    "blocks.5.m.2.encoding_algorithm": 1,
    "blocks.5.m.2.learned_a_shape": [
        56448,
        512
    ],
    "blocks.5.m.2.learned_b_shape": [
        512,
        256
    ],
    "blocks.5.m.2.learned_d": 512,
    "blocks.5.m.2.learned_m": 256,
    "blocks.5.m.2.learned_n": 56448,
    "blocks.5.m.2.mae": 1.0055368685913086,
    "blocks.5.m.2.mape": 0.5782372186279296,
    "blocks.5.m.2.mse": 1.7211337292480469,
    "blocks.5.m.2.rows": 1024,
    "blocks.5.m.2.scaled_error": 0.08845691131591797,
    "blocks.5.m.2.scaled_shift": 0.00393225202485919,
    "blocks.5.m.2.stored_array_size": 32,
    "halut_layers": "{\"blocks.5.m.2\": [16, 1024, 16, 1]}",
    "top_1_accuracy": 71.1960007019043,
    "top_5_accuracy": 89.6780008178711
}