{
    "blocks.2.m.qkv.C": 64,
    "blocks.2.m.qkv.H_size": 12288,
    "blocks.2.m.qkv.K": 16,
    "blocks.2.m.qkv.L_size": 1048576,
    "blocks.2.m.qkv.encoding_algorithm": 1,
    "blocks.2.m.qkv.learned_a_shape": [
        225792,
        128
    ],
    "blocks.2.m.qkv.learned_b_shape": [
        128,
        256
    ],
    "blocks.2.m.qkv.learned_d": 128,
    "blocks.2.m.qkv.learned_m": 256,
    "blocks.2.m.qkv.learned_n": 225792,
    "blocks.2.m.qkv.mae": 0.9676967651367188,
    "blocks.2.m.qkv.mape": 0.44806389389038087,
    "blocks.2.m.qkv.mse": 1.8896430609130859,
    "blocks.2.m.qkv.rows": 1024,
    "blocks.2.m.qkv.scaled_error": 0.03424386247634888,
    "blocks.2.m.qkv.scaled_shift": -0.001507218000292778,
    "blocks.2.m.qkv.stored_array_size": 32,
    "halut_layers": "{\"blocks.2.m.qkv\": [64, 1024, 16, 1]}",
    "top_1_accuracy": 52.94600056762695,
    "top_5_accuracy": 75.94200063720703
}