{
    "blocks.5.m.0.C": 32,
    "blocks.5.m.0.H_size": 4,
    "blocks.5.m.0.K": 32,
    "blocks.5.m.0.L_size": 2097152,
    "blocks.5.m.0.encoding_algorithm": 2,
    "blocks.5.m.0.learned_a_shape": [
        56448,
        256
    ],
    "blocks.5.m.0.learned_b_shape": [
        256,
        512
    ],
    "blocks.5.m.0.learned_d": 256,
    "blocks.5.m.0.learned_m": 512,
    "blocks.5.m.0.learned_n": 56448,
    "blocks.5.m.0.mae": 0.36541555099487305,
    "blocks.5.m.0.mape": 0.15030086082458496,
    "blocks.5.m.0.mse": 0.2385173267364502,
    "blocks.5.m.0.rows": 1024,
    "blocks.5.m.0.scaled_error": 0.020856641626358034,
    "blocks.5.m.0.scaled_shift": -0.0008658207157254219,
    "blocks.5.m.0.stored_array_size": 32,
    "halut_layers": "{\"blocks.5.m.0\": [32, 1024, 32, 2]}",
    "top_1_accuracy": 76.01000064575196,
    "top_5_accuracy": 92.48800101806641
}