{
    "blocks.10.m.proj.1.C": 32,
    "blocks.10.m.proj.1.H_size": 4,
    "blocks.10.m.proj.1.K": 32,
    "blocks.10.m.proj.1.L_size": 1048576,
    "blocks.10.m.proj.1.encoding_algorithm": 2,
    "blocks.10.m.proj.1.learned_a_shape": [
        56448,
        192
    ],
    "blocks.10.m.proj.1.learned_b_shape": [
        192,
        256
    ],
    "blocks.10.m.proj.1.learned_d": 192,
    "blocks.10.m.proj.1.learned_m": 256,
    "blocks.10.m.proj.1.learned_n": 56448,
    "blocks.10.m.proj.1.mae": 0.6120936216735839,
    "blocks.10.m.proj.1.mape": 0.2879409558868408,
    "blocks.10.m.proj.1.mse": 0.9219125289916992,
    "blocks.10.m.proj.1.rows": 1024,
    "blocks.10.m.proj.1.scaled_error": 0.021755806741714477,
    "blocks.10.m.proj.1.scaled_shift": 7.292064554523677e-05,
    "blocks.10.m.proj.1.stored_array_size": 32,
    "halut_layers": "{\"blocks.10.m.proj.1\": [32, 1024, 32, 2]}",
    "top_1_accuracy": 75.99200064697266,
    "top_5_accuracy": 92.58600079101562
}