{
    "blocks.13.m.0.C": 16,
    "blocks.13.m.0.H_size": 6144,
    "blocks.13.m.0.K": 32,
    "blocks.13.m.0.L_size": 1572864,
    "blocks.13.m.0.encoding_algorithm": 1,
    "blocks.13.m.0.learned_a_shape": [
        18432,
        384
    ],
    "blocks.13.m.0.learned_b_shape": [
        384,
        768
    ],
    "blocks.13.m.0.learned_d": 384,
    "blocks.13.m.0.learned_m": 768,
    "blocks.13.m.0.learned_n": 18432,
    "blocks.13.m.0.mae": 0.7459716079711914,
    "blocks.13.m.0.mape": 0.32966836357116697,
    "blocks.13.m.0.mse": 0.9471009945678711,
    "blocks.13.m.0.rows": 1024,
    "blocks.13.m.0.scaled_error": 0.05919284917831421,
    "blocks.13.m.0.scaled_shift": 0.0008958758096629754,
    "blocks.13.m.0.stored_array_size": 32,
    "halut_layers": "{\"blocks.13.m.0\": [16, 1024, 32, 1]}",
    "top_1_accuracy": 69.11400063110352,
    "top_5_accuracy": 88.64200069580077
}