{
    "blocks.17.m.0.C": 32,
    "blocks.17.m.0.H_size": 4,
    "blocks.17.m.0.K": 16,
    "blocks.17.m.0.L_size": 1572864,
    "blocks.17.m.0.encoding_algorithm": 2,
    "blocks.17.m.0.learned_a_shape": [
        18432,
        384
    ],
    "blocks.17.m.0.learned_b_shape": [
        384,
        768
    ],
    "blocks.17.m.0.learned_d": 384,
    "blocks.17.m.0.learned_m": 768,
    "blocks.17.m.0.learned_n": 18432,
    "blocks.17.m.0.mae": 0.7056804141235351,
    "blocks.17.m.0.mape": 0.26088430419921876,
    "blocks.17.m.0.mse": 0.926150920715332,
    "blocks.17.m.0.rows": 1024,
    "blocks.17.m.0.scaled_error": 0.04238482778549194,
    "blocks.17.m.0.scaled_shift": 0.0006640578982001171,
    "blocks.17.m.0.stored_array_size": 32,
    "halut_layers": "{\"blocks.17.m.0\": [32, 1024, 16, 2]}",
    "top_1_accuracy": 71.07000078857422,
    "top_5_accuracy": 90.27800107421875
}