{
    "blocks.5.m.2.C": 32,
    "blocks.5.m.2.H_size": 4,
    "blocks.5.m.2.K": 32,
    "blocks.5.m.2.L_size": 1048576,
    "blocks.5.m.2.encoding_algorithm": 2,
    "blocks.5.m.2.learned_a_shape": [
        56448,
        512
    ],
    "blocks.5.m.2.learned_b_shape": [
        512,
        256
    ],
    "blocks.5.m.2.learned_d": 512,
    "blocks.5.m.2.learned_m": 256,
    "blocks.5.m.2.learned_n": 56448,
    "blocks.5.m.2.mae": 0.44519923156738284,
    "blocks.5.m.2.mape": 0.26461901931762694,
    "blocks.5.m.2.mse": 0.33345235336303714,
    "blocks.5.m.2.rows": 1024,
    "blocks.5.m.2.scaled_error": 0.039044461302757266,
    "blocks.5.m.2.scaled_shift": -0.00019913503038493217,
    "blocks.5.m.2.stored_array_size": 32,
    "halut_layers": "{\"blocks.5.m.2\": [32, 1024, 32, 2]}",
    "top_1_accuracy": 76.07600087158202,
    "top_5_accuracy": 92.68800068603515
}