{
    "blocks.18.m.proj.1.C": 32,
    "blocks.18.m.proj.1.H_size": 6144,
    "blocks.18.m.proj.1.K": 16,
    "blocks.18.m.proj.1.L_size": 786432,
    "blocks.18.m.proj.1.encoding_algorithm": 1,
    "blocks.18.m.proj.1.learned_a_shape": [
        18432,
        256
    ],
    "blocks.18.m.proj.1.learned_b_shape": [
        256,
        384
    ],
    "blocks.18.m.proj.1.learned_d": 256,
    "blocks.18.m.proj.1.learned_m": 384,
    "blocks.18.m.proj.1.learned_n": 18432,
    "blocks.18.m.proj.1.mae": 1.3357246243286134,
    "blocks.18.m.proj.1.mape": 0.6357568447875976,
    "blocks.18.m.proj.1.mse": 5.050564338378906,
    "blocks.18.m.proj.1.rows": 1024,
    "blocks.18.m.proj.1.scaled_error": 0.017659077553749084,
    "blocks.18.m.proj.1.scaled_shift": -0.0012810668832063674,
    "blocks.18.m.proj.1.stored_array_size": 32,
    "halut_layers": "{\"blocks.18.m.proj.1\": [32, 1024, 16, 1]}",
    "top_1_accuracy": 73.95400051391601,
    "top_5_accuracy": 91.4700010986328
}