{
    "blocks.13.m.0.C": 16,
    "blocks.13.m.0.H_size": 3072,
    "blocks.13.m.0.K": 16,
    "blocks.13.m.0.L_size": 786432,
    "blocks.13.m.0.encoding_algorithm": 1,
    "blocks.13.m.0.learned_a_shape": [
        18432,
        384
    ],
    "blocks.13.m.0.learned_b_shape": [
        384,
        768
    ],
    "blocks.13.m.0.learned_d": 384,
    "blocks.13.m.0.learned_m": 768,
    "blocks.13.m.0.learned_n": 18432,
    "blocks.13.m.0.mae": 0.7482006153869629,
    "blocks.13.m.0.mape": 0.3309260401153564,
    "blocks.13.m.0.mse": 0.9533586315917969,
    "blocks.13.m.0.rows": 1024,
    "blocks.13.m.0.scaled_error": 0.059359321937561035,
    "blocks.13.m.0.scaled_shift": 0.000515674009565264,
    "blocks.13.m.0.stored_array_size": 32,
    "halut_layers": "{\"blocks.13.m.0\": [16, 1024, 16, 1]}",
    "top_1_accuracy": 69.21400082519531,
    "top_5_accuracy": 88.75800095214844
}