{
    "blocks.4.q.1.C": 16,
    "blocks.4.q.1.H_size": 4,
    "blocks.4.q.1.K": 32,
    "blocks.4.q.1.L_size": 262144,
    "blocks.4.q.1.encoding_algorithm": 2,
    "blocks.4.q.1.learned_a_shape": [
        56448,
        128
    ],
    "blocks.4.q.1.learned_b_shape": [
        128,
        128
    ],
    "blocks.4.q.1.learned_d": 128,
    "blocks.4.q.1.learned_m": 128,
    "blocks.4.q.1.learned_n": 56448,
    "blocks.4.q.1.mae": 0.4439589399719238,
    "blocks.4.q.1.mape": 0.23810586181640625,
    "blocks.4.q.1.mse": 0.35029262283325197,
    "blocks.4.q.1.rows": 1024,
    "blocks.4.q.1.scaled_error": 0.06276137069702148,
    "blocks.4.q.1.scaled_shift": -7.658824919490144e-05,
    "blocks.4.q.1.stored_array_size": 32,
    "halut_layers": "{\"blocks.4.q.1\": [16, 1024, 32, 2]}",
    "top_1_accuracy": 76.29800091064453,
    "top_5_accuracy": 92.63000104736328
}