{
    "blocks.10.m.qkv.C": 16,
    "blocks.10.m.qkv.H_size": 6144,
    "blocks.10.m.qkv.K": 32,
    "blocks.10.m.qkv.L_size": 786432,
    "blocks.10.m.qkv.encoding_algorithm": 1,
    "blocks.10.m.qkv.learned_a_shape": [
        56448,
        256
    ],
    "blocks.10.m.qkv.learned_b_shape": [
        256,
        384
    ],
    "blocks.10.m.qkv.learned_d": 256,
    "blocks.10.m.qkv.learned_m": 384,
    "blocks.10.m.qkv.learned_n": 56448,
    "blocks.10.m.qkv.mae": 1.0380564181518555,
    "blocks.10.m.qkv.mape": 0.454601483001709,
    "blocks.10.m.qkv.mse": 2.1862296380615236,
    "blocks.10.m.qkv.rows": 1024,
    "blocks.10.m.qkv.scaled_error": 0.04454713731765747,
    "blocks.10.m.qkv.scaled_shift": -0.00021568529663141818,
    "blocks.10.m.qkv.stored_array_size": 32,
    "halut_layers": "{\"blocks.10.m.qkv\": [16, 1024, 32, 1]}",
    "top_1_accuracy": 71.08800073364257,
    "top_5_accuracy": 89.66600115234375
}