{
    "blocks.0.m.qkv.C": 32,
    "blocks.0.m.qkv.H_size": 6144,
    "blocks.0.m.qkv.K": 16,
    "blocks.0.m.qkv.L_size": 524288,
    "blocks.0.m.qkv.encoding_algorithm": 1,
    "blocks.0.m.qkv.learned_a_shape": [
        225792,
        128
    ],
    "blocks.0.m.qkv.learned_b_shape": [
        128,
        256
    ],
    "blocks.0.m.qkv.learned_d": 128,
    "blocks.0.m.qkv.learned_m": 256,
    "blocks.0.m.qkv.learned_n": 225792,
    "blocks.0.m.qkv.mae": 0.9773501889038086,
    "blocks.0.m.qkv.mape": 0.4623542481994629,
    "blocks.0.m.qkv.mse": 2.5849849450683595,
    "blocks.0.m.qkv.rows": 1024,
    "blocks.0.m.qkv.scaled_error": 0.025740814967155457,
    "blocks.0.m.qkv.scaled_shift": -0.0021972421479225157,
    "blocks.0.m.qkv.stored_array_size": 32,
    "halut_layers": "{\"blocks.0.m.qkv\": [32, 1024, 16, 1]}",
    "top_1_accuracy": 0.48400000814437866,
    "top_5_accuracy": 1.748000022583008
}