{
    "blocks.1.m.2.C": 32,
    "blocks.1.m.2.H_size": 4,
    "blocks.1.m.2.K": 32,
    "blocks.1.m.2.L_size": 524288,
    "blocks.1.m.2.encoding_algorithm": 2,
    "blocks.1.m.2.learned_a_shape": [
        225792,
        256
    ],
    "blocks.1.m.2.learned_b_shape": [
        256,
        128
    ],
    "blocks.1.m.2.learned_d": 256,
    "blocks.1.m.2.learned_m": 128,
    "blocks.1.m.2.learned_n": 225792,
    "blocks.1.m.2.mae": 0.4370328636169434,
    "blocks.1.m.2.mape": 0.23094922943115234,
    "blocks.1.m.2.mse": 0.353957946395874,
    "blocks.1.m.2.rows": 1024,
    "blocks.1.m.2.scaled_error": 0.015952025032043456,
    "blocks.1.m.2.scaled_shift": -6.567741462029517e-05,
    "blocks.1.m.2.stored_array_size": 32,
    "halut_layers": "{\"blocks.1.m.2\": [32, 1024, 32, 2]}",
    "top_1_accuracy": 75.43200055175781,
    "top_5_accuracy": 92.1320008203125
}