{
    "blocks.16.m.proj.1.C": 16,
    "blocks.16.m.proj.1.H_size": 6144,
    "blocks.16.m.proj.1.K": 32,
    "blocks.16.m.proj.1.L_size": 786432,
    "blocks.16.m.proj.1.encoding_algorithm": 1,
    "blocks.16.m.proj.1.learned_a_shape": [
        18432,
        256
    ],
    "blocks.16.m.proj.1.learned_b_shape": [
        256,
        384
    ],
    "blocks.16.m.proj.1.learned_d": 256,
    "blocks.16.m.proj.1.learned_m": 384,
    "blocks.16.m.proj.1.learned_n": 18432,
    "blocks.16.m.proj.1.mae": 0.8989285250854492,
    "blocks.16.m.proj.1.mape": 0.4597456687927246,
    "blocks.16.m.proj.1.mse": 1.7457895532226562,
    "blocks.16.m.proj.1.rows": 1024,
    "blocks.16.m.proj.1.scaled_error": 0.023582169032096863,
    "blocks.16.m.proj.1.scaled_shift": -0.0005256640178672387,
    "blocks.16.m.proj.1.stored_array_size": 32,
    "halut_layers": "{\"blocks.16.m.proj.1\": [16, 1024, 32, 1]}",
    "top_1_accuracy": 74.61400100219727,
    "top_5_accuracy": 92.05400084716797
}