{
    "blocks.19.m.2.C": 32,
    "blocks.19.m.2.H_size": 12288,
    "blocks.19.m.2.K": 32,
    "blocks.19.m.2.L_size": 1572864,
    "blocks.19.m.2.encoding_algorithm": 1,
    "blocks.19.m.2.learned_a_shape": [
        18432,
        768
    ],
    "blocks.19.m.2.learned_b_shape": [
        768,
        384
    ],
    "blocks.19.m.2.learned_d": 768,
    "blocks.19.m.2.learned_m": 384,
    "blocks.19.m.2.learned_n": 18432,
    "blocks.19.m.2.mae": 3.3502191735839846,
    "blocks.19.m.2.mape": 1.1228081701660155,
    "blocks.19.m.2.mse": 19.673823740234376,
    "blocks.19.m.2.rows": 1024,
    "blocks.19.m.2.scaled_error": 0.05352495319366455,
    "blocks.19.m.2.scaled_shift": 0.0031833744579553604,
    "blocks.19.m.2.stored_array_size": 32,
    "halut_layers": "{\"blocks.19.m.2\": [32, 1024, 32, 1]}",
    "top_1_accuracy": 65.15400063476562,
    "top_5_accuracy": 86.91600111328125
}