{
    "blocks.15.m.2.C": 16,
    "blocks.15.m.2.H_size": 3072,
    "blocks.15.m.2.K": 16,
    "blocks.15.m.2.L_size": 393216,
    "blocks.15.m.2.encoding_algorithm": 1,
    "blocks.15.m.2.learned_a_shape": [
        18432,
        768
    ],
    "blocks.15.m.2.learned_b_shape": [
        768,
        384
    ],
    "blocks.15.m.2.learned_d": 768,
    "blocks.15.m.2.learned_m": 384,
    "blocks.15.m.2.learned_n": 18432,
    "blocks.15.m.2.mae": 1.8314458764648438,
    "blocks.15.m.2.mape": 0.8280695132446289,
    "blocks.15.m.2.mse": 5.38984775390625,
    "blocks.15.m.2.rows": 1024,
    "blocks.15.m.2.scaled_error": 0.12889342136383056,
    "blocks.15.m.2.scaled_shift": -0.0012275277417618782,
    "blocks.15.m.2.stored_array_size": 32,
    "halut_layers": "{\"blocks.15.m.2\": [16, 1024, 16, 1]}",
    "top_1_accuracy": 69.02600082519531,
    "top_5_accuracy": 88.5380008984375
}