{
    "blocks.9.m.0.C": 16,
    "blocks.9.m.0.H_size": 2816,
    "blocks.9.m.0.K": 16,
    "blocks.9.m.0.L_size": 524288,
    "blocks.9.m.0.encoding_algorithm": 0,
    "blocks.9.m.0.learned_a_shape": [
        56448,
        256
    ],
    "blocks.9.m.0.learned_b_shape": [
        256,
        512
    ],
    "blocks.9.m.0.learned_d": 256,
    "blocks.9.m.0.learned_m": 512,
    "blocks.9.m.0.learned_n": 56448,
    "blocks.9.m.0.mae": 0.903043671875,
    "blocks.9.m.0.mape": 0.3546381950378418,
    "blocks.9.m.0.mse": 1.5636443463134766,
    "blocks.9.m.0.rows": 1024,
    "blocks.9.m.0.scaled_error": 0.0384850195980072,
    "blocks.9.m.0.scaled_shift": 0.005375085750818253,
    "blocks.9.m.0.stored_array_size": 32,
    "halut_layers": "{\"blocks.9.m.0\": [16, 1024, 16, 0]}",
    "top_1_accuracy": 69.33400080688476,
    "top_5_accuracy": 88.65800056884765
}