{
    "halut_layers": "{\"layer4.0.conv2\": [256, -1, 16], \"layer4.0.conv1\": [256, -1, 16], \"layer3.1.conv2\": [128, -1, 16], \"layer3.1.conv1\": [128, -1, 16], \"layer3.0.downsample.0\": [32, -1, 16], \"layer3.0.conv2\": [128, -1, 16], \"layer3.0.conv1\": [128, -1, 16], \"layer2.1.conv2\": [64, -1, 16], \"layer2.1.conv1\": [64, -1, 16], \"layer2.0.downsample.0\": [32, -1, 16], \"layer2.0.conv2\": [64, -1, 16], \"layer2.0.conv1\": [64, -1, 16], \"layer1.1.conv2\": [32, -1, 16], \"layer1.1.conv1\": [32, -1, 16], \"layer1.0.conv2\": [32, -1, 16], \"layer1.0.conv1\": [32, -1, 16]}",
    "layer1.0.conv1.C": 32,
    "layer1.0.conv1.H_size": 5632,
    "layer1.0.conv1.K": 16,
    "layer1.0.conv1.L_size": 131072,
    "layer1.0.conv1.learned_a_shape": [
        1,
        261542
    ],
    "layer1.0.conv1.learned_b_shape": [
        261542,
        64
    ],
    "layer1.0.conv1.learned_d": 261542,
    "layer1.0.conv1.learned_m": 64,
    "layer1.0.conv1.learned_n": 1,
    "layer1.0.conv1.mae": 0.57152890625,
    "layer1.0.conv1.mape": 0.1819919921875,
    "layer1.0.conv1.mse": 0.8942046875,
    "layer1.0.conv1.rows": -1,
    "layer1.0.conv1.scaled_error": 0.00978675537109375,
    "layer1.0.conv1.scaled_shift": 0.0014409317016601563,
    "layer1.0.conv1.stored_array_size": 48,
    "layer1.0.conv2.C": 32,
    "layer1.0.conv2.H_size": 5632,
    "layer1.0.conv2.K": 16,
    "layer1.0.conv2.L_size": 131072,
    "layer1.0.conv2.learned_a_shape": [
        1,
        261542
    ],
    "layer1.0.conv2.learned_b_shape": [
        261542,
        64
    ],
    "layer1.0.conv2.learned_d": 261542,
    "layer1.0.conv2.learned_m": 64,
    "layer1.0.conv2.learned_n": 1,
    "layer1.0.conv2.mae": 0.3102640625,
    "layer1.0.conv2.mape": 0.1551892578125,
    "layer1.0.conv2.mse": 0.205746875,
    "layer1.0.conv2.rows": -1,
    "layer1.0.conv2.scaled_error": 0.019587646484375,
    "layer1.0.conv2.scaled_shift": 0.0006263595581054688,
    "layer1.0.conv2.stored_array_size": 48,
    "layer1.1.conv1.C": 32,
    "layer1.1.conv1.H_size": 5632,
    "layer1.1.conv1.K": 16,
    "layer1.1.conv1.L_size": 131072,
    "layer1.1.conv1.learned_a_shape": [
        1,
        261542
    ],
    "layer1.1.conv1.learned_b_shape": [
        261542,
        64
    ],
    "layer1.1.conv1.learned_d": 261542,
    "layer1.1.conv1.learned_m": 64,
    "layer1.1.conv1.learned_n": 1,
    "layer1.1.conv1.mae": 0.5233234375,
    "layer1.1.conv1.mape": 0.176757421875,
    "layer1.1.conv1.mse": 0.57672109375,
    "layer1.1.conv1.rows": -1,
    "layer1.1.conv1.scaled_error": 0.02735693359375,
    "layer1.1.conv1.scaled_shift": 0.00497550048828125,
    "layer1.1.conv1.stored_array_size": 48,
    "layer1.1.conv2.C": 32,
    "layer1.1.conv2.H_size": 5632,
    "layer1.1.conv2.K": 16,
    "layer1.1.conv2.L_size": 131072,
    "layer1.1.conv2.learned_a_shape": [
        1,
        261542
    ],
    "layer1.1.conv2.learned_b_shape": [
        261542,
        64
    ],
    "layer1.1.conv2.learned_d": 261542,
    "layer1.1.conv2.learned_m": 64,
    "layer1.1.conv2.learned_n": 1,
    "layer1.1.conv2.mae": 0.238357421875,
    "layer1.1.conv2.mape": 0.13250625,
    "layer1.1.conv2.mse": 0.10858330078125,
    "layer1.1.conv2.rows": -1,
    "layer1.1.conv2.scaled_error": 0.0263908203125,
    "layer1.1.conv2.scaled_shift": 0.0014186416625976562,
    "layer1.1.conv2.stored_array_size": 48,
    "layer2.0.conv1.C": 64,
    "layer2.0.conv1.H_size": 11264,
    "layer2.0.conv1.K": 16,
    "layer2.0.conv1.L_size": 524288,
    "layer2.0.conv1.learned_a_shape": [
        1,
        261542
    ],
    "layer2.0.conv1.learned_b_shape": [
        261542,
        128
    ],
    "layer2.0.conv1.learned_d": 261542,
    "layer2.0.conv1.learned_m": 128,
    "layer2.0.conv1.learned_n": 1,
    "layer2.0.conv1.mae": 0.418484765625,
    "layer2.0.conv1.mape": 0.1629685546875,
    "layer2.0.conv1.mse": 0.354308203125,
    "layer2.0.conv1.rows": -1,
    "layer2.0.conv1.scaled_error": 0.021323583984375,
    "layer2.0.conv1.scaled_shift": 0.0022971893310546874,
    "layer2.0.conv1.stored_array_size": 48,
    "layer2.0.conv2.C": 64,
    "layer2.0.conv2.H_size": 11264,
    "layer2.0.conv2.K": 16,
    "layer2.0.conv2.L_size": 524288,
    "layer2.0.conv2.learned_a_shape": [
        1,
        261542
    ],
    "layer2.0.conv2.learned_b_shape": [
        261542,
        128
    ],
    "layer2.0.conv2.learned_d": 261542,
    "layer2.0.conv2.learned_m": 128,
    "layer2.0.conv2.learned_n": 1,
    "layer2.0.conv2.mae": 0.275908203125,
    "layer2.0.conv2.mape": 0.1576455078125,
    "layer2.0.conv2.mse": 0.1349279296875,
    "layer2.0.conv2.rows": -1,
    "layer2.0.conv2.scaled_error": 0.03615673828125,
    "layer2.0.conv2.scaled_shift": 0.002084295654296875,
    "layer2.0.conv2.stored_array_size": 48,
    "layer2.0.downsample.0.C": 32,
    "layer2.0.downsample.0.H_size": 5632,
    "layer2.0.downsample.0.K": 16,
    "layer2.0.downsample.0.L_size": 262144,
    "layer2.0.downsample.0.learned_a_shape": [
        1,
        261542
    ],
    "layer2.0.downsample.0.learned_b_shape": [
        261542,
        128
    ],
    "layer2.0.downsample.0.learned_d": 261542,
    "layer2.0.downsample.0.learned_m": 128,
    "layer2.0.downsample.0.learned_n": 1,
    "layer2.0.downsample.0.mae": 0.1005634765625,
    "layer2.0.downsample.0.mape": 0.05634580078125,
    "layer2.0.downsample.0.mse": 0.0218219482421875,
    "layer2.0.downsample.0.rows": -1,
    "layer2.0.downsample.0.scaled_error": 0.0096168212890625,
    "layer2.0.downsample.0.scaled_shift": 0.0002550394058227539,
    "layer2.0.downsample.0.stored_array_size": 48,
    "layer2.1.conv1.C": 64,
    "layer2.1.conv1.H_size": 11264,
    "layer2.1.conv1.K": 16,
    "layer2.1.conv1.L_size": 524288,
    "layer2.1.conv1.learned_a_shape": [
        1,
        261542
    ],
    "layer2.1.conv1.learned_b_shape": [
        261542,
        128
    ],
    "layer2.1.conv1.learned_d": 261542,
    "layer2.1.conv1.learned_m": 128,
    "layer2.1.conv1.learned_n": 1,
    "layer2.1.conv1.mae": 0.470978125,
    "layer2.1.conv1.mape": 0.2101466796875,
    "layer2.1.conv1.mse": 0.39278203125,
    "layer2.1.conv1.rows": -1,
    "layer2.1.conv1.scaled_error": 0.03368212890625,
    "layer2.1.conv1.scaled_shift": 0.004100115966796875,
    "layer2.1.conv1.stored_array_size": 48,
    "layer2.1.conv2.C": 64,
    "layer2.1.conv2.H_size": 11264,
    "layer2.1.conv2.K": 16,
    "layer2.1.conv2.L_size": 524288,
    "layer2.1.conv2.learned_a_shape": [
        1,
        261542
    ],
    "layer2.1.conv2.learned_b_shape": [
        261542,
        128
    ],
    "layer2.1.conv2.learned_d": 261542,
    "layer2.1.conv2.learned_m": 128,
    "layer2.1.conv2.learned_n": 1,
    "layer2.1.conv2.mae": 0.211103515625,
    "layer2.1.conv2.mape": 0.1381236328125,
    "layer2.1.conv2.mse": 0.0740451171875,
    "layer2.1.conv2.rows": -1,
    "layer2.1.conv2.scaled_error": 0.048475830078125,
    "layer2.1.conv2.scaled_shift": -0.0008663490295410157,
    "layer2.1.conv2.stored_array_size": 48,
    "layer3.0.conv1.C": 128,
    "layer3.0.conv1.H_size": 22528,
    "layer3.0.conv1.K": 16,
    "layer3.0.conv1.L_size": 2097152,
    "layer3.0.conv1.learned_a_shape": [
        1,
        261542
    ],
    "layer3.0.conv1.learned_b_shape": [
        261542,
        256
    ],
    "layer3.0.conv1.learned_d": 261542,
    "layer3.0.conv1.learned_m": 256,
    "layer3.0.conv1.learned_n": 1,
    "layer3.0.conv1.mae": 0.3254453125,
    "layer3.0.conv1.mape": 0.1633671875,
    "layer3.0.conv1.mse": 0.1803775390625,
    "layer3.0.conv1.rows": -1,
    "layer3.0.conv1.scaled_error": 0.035840869140625,
    "layer3.0.conv1.scaled_shift": 0.002288507080078125,
    "layer3.0.conv1.stored_array_size": 48,
    "layer3.0.conv2.C": 128,
    "layer3.0.conv2.H_size": 22528,
    "layer3.0.conv2.K": 16,
    "layer3.0.conv2.L_size": 2097152,
    "layer3.0.conv2.learned_a_shape": [
        1,
        261542
    ],
    "layer3.0.conv2.learned_b_shape": [
        261542,
        256
    ],