{
    "halut_layers": "{\"layer2.0.conv1\": [32, 16, 16]}",
    "layer2.0.conv1.C": 32,
    "layer2.0.conv1.H_size": 5632,
    "layer2.0.conv1.K": 16,
    "layer2.0.conv1.L_size": 262144,
    "layer2.0.conv1.learned_a_shape": [
        50176,
        256
    ],
    "layer2.0.conv1.learned_b_shape": [
        256,
        128
    ],
    "layer2.0.conv1.learned_d": 256,
    "layer2.0.conv1.learned_m": 128,
    "layer2.0.conv1.learned_n": 50176,
    "layer2.0.conv1.mae": 1.1001007373809815,
    "layer2.0.conv1.mape": 0.39720751426696776,
    "layer2.0.conv1.mse": 2.0914926698303224,
    "layer2.0.conv1.rows": 16,
    "layer2.0.conv1.scaled_error": 0.027822822279930114,
    "layer2.0.conv1.scaled_shift": 0.0013646834340153146,
    "layer2.0.conv1.stored_array_size": 24,
    "top_1_accuracy": 0.7716000080108643,
    "top_5_accuracy": 0.9345399737358093,
    "total_time": 214.49022326432168
}