{
    "halut_layers": "{\"layer3.0.conv3\": [32, 1, 16]}",
    "layer3.0.conv3.C": 32,
    "layer3.0.conv3.H_size": 5632,
    "layer3.0.conv3.K": 16,
    "layer3.0.conv3.L_size": 2097152,
    "layer3.0.conv3.learned_a_shape": [
        196,
        256
    ],
    "layer3.0.conv3.learned_b_shape": [
        256,
        1024
    ],
    "layer3.0.conv3.learned_d": 256,
    "layer3.0.conv3.learned_m": 1024,
    "layer3.0.conv3.learned_n": 196,
    "layer3.0.conv3.mae": 0.6312539137268066,
    "layer3.0.conv3.mape": 0.3220740193939209,
    "layer3.0.conv3.mse": 0.7024529836273193,
    "layer3.0.conv3.rows": 1,
    "layer3.0.conv3.scaled_error": 0.04528595198631287,
    "layer3.0.conv3.scaled_shift": 0.003825447949320078,
    "layer3.0.conv3.stored_array_size": 24,
    "top_1_accuracy": 0.7071799635887146,
    "top_5_accuracy": 0.9007399678230286,
    "total_time": 154.99196103028953
}