{
    "halut_layers": "{\"layer4.1.conv1\": [64, 32, 16]}",
    "layer4.1.conv1.C": 64,
    "layer4.1.conv1.H_size": 11264,
    "layer4.1.conv1.K": 16,
    "layer4.1.conv1.L_size": 2097152,
    "layer4.1.conv1.learned_a_shape": [
        1568,
        2048
    ],
    "layer4.1.conv1.learned_b_shape": [
        2048,
        512
    ],
    "layer4.1.conv1.learned_d": 2048,
    "layer4.1.conv1.learned_m": 512,
    "layer4.1.conv1.learned_n": 1568,
    "layer4.1.conv1.mae": 1.2584881434631348,
    "layer4.1.conv1.mape": 0.4560000060272217,
    "layer4.1.conv1.mse": 2.851640216064453,
    "layer4.1.conv1.rows": 32,
    "layer4.1.conv1.scaled_error": 0.018276417682170868,
    "layer4.1.conv1.scaled_shift": 0.004368290187120438,
    "layer4.1.conv1.stored_array_size": 24,
    "top_1_accuracy": 0.7445799708366394,
    "top_5_accuracy": 0.9246399998664856,
    "total_time": 106.78466800786555
}