{
    "halut_layers": "{\"layer4.0.conv1\": [32, 4, 16]}",
    "layer4.0.conv1.C": 32,
    "layer4.0.conv1.H_size": 5632,
    "layer4.0.conv1.K": 16,
    "layer4.0.conv1.L_size": 1048576,
    "layer4.0.conv1.learned_a_shape": [
        784,
        1024
    ],
    "layer4.0.conv1.learned_b_shape": [
        1024,
        512
    ],
    "layer4.0.conv1.learned_d": 1024,
    "layer4.0.conv1.learned_m": 512,
    "layer4.0.conv1.learned_n": 784,
    "layer4.0.conv1.mae": 1.2860704838562012,
    "layer4.0.conv1.mape": 0.47554075103759763,
    "layer4.0.conv1.mse": 2.7622384841918945,
    "layer4.0.conv1.rows": 4,
    "layer4.0.conv1.scaled_error": 0.060493214492797855,
    "layer4.0.conv1.scaled_shift": 0.010808985892534257,
    "layer4.0.conv1.stored_array_size": 24,
    "top_1_accuracy": 0.6112799644470215,
    "top_5_accuracy": 0.8508399724960327,
    "total_time": 123.93551213294268
}