{
    "halut_layers": "{\"layer4.1.conv1\": [32, 256, 16]}",
    "layer4.1.conv1.C": 32,
    "layer4.1.conv1.H_size": 5632,
    "layer4.1.conv1.K": 16,
    "layer4.1.conv1.L_size": 1048576,
    "layer4.1.conv1.learned_a_shape": [
        12544,
        2048
    ],
    "layer4.1.conv1.learned_b_shape": [
        2048,
        512
    ],
    "layer4.1.conv1.learned_d": 2048,
    "layer4.1.conv1.learned_m": 512,
    "layer4.1.conv1.learned_n": 12544,
    "layer4.1.conv1.mae": 1.2547890657043457,
    "layer4.1.conv1.mape": 0.44414084999084474,
    "layer4.1.conv1.mse": 2.857750317687988,
    "layer4.1.conv1.rows": 256,
    "layer4.1.conv1.scaled_error": 0.018230116276741027,
    "layer4.1.conv1.scaled_shift": 0.0042041140131652355,
    "layer4.1.conv1.stored_array_size": 24,
    "top_1_accuracy": 0.665619969367981,
    "top_5_accuracy": 0.8606999516487122,
    "total_time": 105.14439698308706
}