{
    "halut_layers": "{\"layer1.1.conv3\": [16, 4, 16]}",
    "layer1.1.conv3.C": 16,
    "layer1.1.conv3.H_size": 2816,
    "layer1.1.conv3.K": 16,
    "layer1.1.conv3.L_size": 262144,
    "layer1.1.conv3.learned_a_shape": [
        12544,
        64
    ],
    "layer1.1.conv3.learned_b_shape": [
        64,
        256
    ],
    "layer1.1.conv3.learned_d": 64,
    "layer1.1.conv3.learned_m": 256,
    "layer1.1.conv3.learned_n": 12544,
    "layer1.1.conv3.mae": 0.37275945972442626,
    "layer1.1.conv3.mape": 0.17103804679870604,
    "layer1.1.conv3.mse": 0.2717242165184021,
    "layer1.1.conv3.rows": 4,
    "layer1.1.conv3.scaled_error": 0.02196280290842056,
    "layer1.1.conv3.scaled_shift": -0.0004681877851352328,
    "layer1.1.conv3.stored_array_size": 24,
    "top_1_accuracy": 0.8004399538040161,
    "top_5_accuracy": 0.9512199759483337,
    "total_time": 304.2197367157787
}