{
    "halut_layers": "{\"layer2.0.conv1\": [32, 2, 16]}",
    "layer2.0.conv1.C": 32,
    "layer2.0.conv1.H_size": 5632,
    "layer2.0.conv1.K": 16,
    "layer2.0.conv1.L_size": 262144,
    "layer2.0.conv1.learned_a_shape": [
        6272,
        256
    ],
    "layer2.0.conv1.learned_b_shape": [
        256,
        128
    ],
    "layer2.0.conv1.learned_d": 256,
    "layer2.0.conv1.learned_m": 128,
    "layer2.0.conv1.learned_n": 6272,
    "layer2.0.conv1.mae": 1.1443975820922851,
    "layer2.0.conv1.mape": 0.4104150173568726,
    "layer2.0.conv1.mse": 2.2704754809570313,
    "layer2.0.conv1.rows": 2,
    "layer2.0.conv1.scaled_error": 0.0289321014213562,
    "layer2.0.conv1.scaled_shift": 0.0012947169389383635,
    "layer2.0.conv1.stored_array_size": 24,
    "top_1_accuracy": 0.7732399702072144,
    "top_5_accuracy": 0.9352999925613403,
    "total_time": 215.4189607705921
}