{
    "halut_layers": "{\"layer3.0.conv3\": [16, 32, 16]}",
    "layer3.0.conv3.C": 16,
    "layer3.0.conv3.H_size": 2816,
    "layer3.0.conv3.K": 16,
    "layer3.0.conv3.L_size": 1048576,
    "layer3.0.conv3.learned_a_shape": [
        6272,
        256
    ],
    "layer3.0.conv3.learned_b_shape": [
        256,
        1024
    ],
    "layer3.0.conv3.learned_d": 256,
    "layer3.0.conv3.learned_m": 1024,
    "layer3.0.conv3.learned_n": 6272,
    "layer3.0.conv3.mae": 0.5701571705245971,
    "layer3.0.conv3.mape": 0.2878444432449341,
    "layer3.0.conv3.mse": 0.5853364907073975,
    "layer3.0.conv3.rows": 32,
    "layer3.0.conv3.scaled_error": 0.040910919592380524,
    "layer3.0.conv3.scaled_shift": 0.0027784376199543478,
    "layer3.0.conv3.stored_array_size": 24,
    "top_1_accuracy": 0.7236599922180176,
    "top_5_accuracy": 0.9092399477958679,
    "total_time": 154.55095692165196
}