{
    "halut_layers": "{\"layer2.0.conv1\": [64, 1, 16]}",
    "layer2.0.conv1.C": 64,
    "layer2.0.conv1.H_size": 11264,
    "layer2.0.conv1.K": 16,
    "layer2.0.conv1.L_size": 524288,
    "layer2.0.conv1.learned_a_shape": [
        3136,
        256
    ],
    "layer2.0.conv1.learned_b_shape": [
        256,
        128
    ],
    "layer2.0.conv1.learned_d": 256,
    "layer2.0.conv1.learned_m": 128,
    "layer2.0.conv1.learned_n": 3136,
    "layer2.0.conv1.mae": 0.9636745014953614,
    "layer2.0.conv1.mape": 0.3473682628631592,
    "layer2.0.conv1.mse": 1.6470371347045898,
    "layer2.0.conv1.rows": 1,
    "layer2.0.conv1.scaled_error": 0.024343984718322755,
    "layer2.0.conv1.scaled_shift": -0.0005708044221143791,
    "layer2.0.conv1.stored_array_size": 24,
    "top_1_accuracy": 0.7905799746513367,
    "top_5_accuracy": 0.9444399476051331,
    "total_time": 233.51713766343892
}