{
    "halut_layers": "{\"layer4.2.conv3\": [32, 4, 16]}",
    "layer4.2.conv3.C": 32,
    "layer4.2.conv3.H_size": 5632,
    "layer4.2.conv3.K": 16,
    "layer4.2.conv3.L_size": 4194304,
    "layer4.2.conv3.learned_a_shape": [
        196,
        512
    ],
    "layer4.2.conv3.learned_b_shape": [
        512,
        2048
    ],
    "layer4.2.conv3.learned_d": 512,
    "layer4.2.conv3.learned_m": 2048,
    "layer4.2.conv3.learned_n": 196,
    "layer4.2.conv3.mae": 0.3010314797973633,
    "layer4.2.conv3.mape": 0.19904167497634886,
    "layer4.2.conv3.mse": 0.18685321844100952,
    "layer4.2.conv3.rows": 4,
    "layer4.2.conv3.scaled_error": 0.060168142261505124,
    "layer4.2.conv3.scaled_shift": 0.03399708871841431,
    "layer4.2.conv3.stored_array_size": 24,
    "top_1_accuracy": 0.7805999517440796,
    "top_5_accuracy": 0.932699978351593,
    "total_time": 117.8913691136986
}