{
    "halut_layers": "{\"layer3.3.conv3\": [64, 32, 16]}",
    "layer3.3.conv3.C": 64,
    "layer3.3.conv3.H_size": 11264,
    "layer3.3.conv3.K": 16,
    "layer3.3.conv3.L_size": 4194304,
    "layer3.3.conv3.learned_a_shape": [
        6272,
        256
    ],
    "layer3.3.conv3.learned_b_shape": [
        256,
        1024
    ],
    "layer3.3.conv3.learned_d": 256,
    "layer3.3.conv3.learned_m": 1024,
    "layer3.3.conv3.learned_n": 6272,
    "layer3.3.conv3.mae": 0.16280491616249085,
    "layer3.3.conv3.mape": 0.11477986804962158,
    "layer3.3.conv3.mse": 0.046406572427749634,
    "layer3.3.conv3.rows": 32,
    "layer3.3.conv3.scaled_error": 0.008404216618537902,
    "layer3.3.conv3.scaled_shift": -2.9767756428482244e-05,
    "layer3.3.conv3.stored_array_size": 24,
    "top_1_accuracy": 0.8052399754524231,
    "top_5_accuracy": 0.9532600045204163,
    "total_time": 159.9663828331977
}