{
    "halut_layers": "{\"layer3.0.conv1\": [32, 4, 16]}",
    "layer3.0.conv1.C": 32,
    "layer3.0.conv1.H_size": 5632,
    "layer3.0.conv1.K": 16,
    "layer3.0.conv1.L_size": 524288,
    "layer3.0.conv1.learned_a_shape": [
        3136,
        512
    ],
    "layer3.0.conv1.learned_b_shape": [
        512,
        256
    ],
    "layer3.0.conv1.learned_d": 512,
    "layer3.0.conv1.learned_m": 256,
    "layer3.0.conv1.learned_n": 3136,
    "layer3.0.conv1.mae": 1.3549697633361817,
    "layer3.0.conv1.mape": 0.4900076502609253,
    "layer3.0.conv1.mse": 3.1165553509521486,
    "layer3.0.conv1.rows": 4,
    "layer3.0.conv1.scaled_error": 0.0290798464512825,
    "layer3.0.conv1.scaled_shift": -0.0032610185065399854,
    "layer3.0.conv1.stored_array_size": 24,
    "top_1_accuracy": 0.7248799800872803,
    "top_5_accuracy": 0.9078599810600281,
    "total_time": 157.99117394909263
}