{
    "halut_layers": "{\"layer4.0.conv2\": [32, 64, 24, 1]}",
    "layer4.0.conv2.C": 32,
    "layer4.0.conv2.H_size": 12288,
    "layer4.0.conv2.K": 24,
    "layer4.0.conv2.L_size": 1572864,
    "layer4.0.conv2.encoding_algorithm": 1,
    "layer4.0.conv2.learned_a_shape": [
        3136,
        4608
    ],
    "layer4.0.conv2.learned_b_shape": [
        4608,
        512
    ],
    "layer4.0.conv2.learned_d": 4608,
    "layer4.0.conv2.learned_m": 512,
    "layer4.0.conv2.learned_n": 3136,
    "layer4.0.conv2.mae": 1.1020970622253419,
    "layer4.0.conv2.mape": 0.46669953567504885,
    "layer4.0.conv2.mse": 2.194257831726074,
    "layer4.0.conv2.rows": 64,
    "layer4.0.conv2.scaled_error": 0.06986157906532288,
    "layer4.0.conv2.scaled_shift": 0.006111611439583357,
    "layer4.0.conv2.stored_array_size": 32,
    "top_1_accuracy": 0.58815997838974,
    "top_5_accuracy": 0.8417999744415283,
    "total_time": 102.19779759272933
}