{
    "halut_layers": "{\"layer2.3.conv3\": [16, 8, 24, 1]}",
    "layer2.3.conv3.C": 16,
    "layer2.3.conv3.H_size": 6144,
    "layer2.3.conv3.K": 24,
    "layer2.3.conv3.L_size": 786432,
    "layer2.3.conv3.encoding_algorithm": 1,
    "layer2.3.conv3.learned_a_shape": [
        6272,
        128
    ],
    "layer2.3.conv3.learned_b_shape": [
        128,
        512
    ],
    "layer2.3.conv3.learned_d": 128,
    "layer2.3.conv3.learned_m": 512,
    "layer2.3.conv3.learned_n": 6272,
    "layer2.3.conv3.mae": 0.2607694317626953,
    "layer2.3.conv3.mape": 0.15498517337799073,
    "layer2.3.conv3.mse": 0.13732267837524414,
    "layer2.3.conv3.rows": 8,
    "layer2.3.conv3.scaled_error": 0.015612380673885345,
    "layer2.3.conv3.scaled_shift": 7.796189029701055e-05,
    "layer2.3.conv3.stored_array_size": 32,
    "top_1_accuracy": 0.7979399561882019,
    "top_5_accuracy": 0.9489399790763855,
    "total_time": 160.25133822858334
}