{
    "halut_layers": "{\"layer3.0.conv3\": [64, 4, 16, 1]}",
    "layer3.0.conv3.C": 64,
    "layer3.0.conv3.H_size": 12288,
    "layer3.0.conv3.K": 16,
    "layer3.0.conv3.L_size": 4194304,
    "layer3.0.conv3.encoding_algorithm": 1,
    "layer3.0.conv3.learned_a_shape": [
        784,
        256
    ],
    "layer3.0.conv3.learned_b_shape": [
        256,
        1024
    ],
    "layer3.0.conv3.learned_d": 256,
    "layer3.0.conv3.learned_m": 1024,
    "layer3.0.conv3.learned_n": 784,
    "layer3.0.conv3.mae": 0.6329066772460937,
    "layer3.0.conv3.mape": 0.33423464336395264,
    "layer3.0.conv3.mse": 0.6870229821014404,
    "layer3.0.conv3.rows": 4,
    "layer3.0.conv3.scaled_error": 0.044390624122619626,
    "layer3.0.conv3.scaled_shift": 0.0016153556330502034,
    "layer3.0.conv3.stored_array_size": 32,
    "top_1_accuracy": 0.7756999731063843,
    "top_5_accuracy": 0.9384999871253967,
    "total_time": 151.16474316641688
}