{
    "halut_layers": "{\"layer2.0.conv2\": [8, 4, 12, 1]}",
    "layer2.0.conv2.C": 8,
    "layer2.0.conv2.H_size": 1536,
    "layer2.0.conv2.K": 12,
    "layer2.0.conv2.L_size": 49152,
    "layer2.0.conv2.encoding_algorithm": 1,
    "layer2.0.conv2.learned_a_shape": [
        3136,
        1152
    ],
    "layer2.0.conv2.learned_b_shape": [
        1152,
        128
    ],
    "layer2.0.conv2.learned_d": 1152,
    "layer2.0.conv2.learned_m": 128,
    "layer2.0.conv2.learned_n": 3136,
    "layer2.0.conv2.mae": 2.2802446682739257,
    "layer2.0.conv2.mape": 0.6677686694335937,
    "layer2.0.conv2.mse": 9.39839298828125,
    "layer2.0.conv2.rows": 4,
    "layer2.0.conv2.scaled_error": 0.0509522180557251,
    "layer2.0.conv2.scaled_shift": -0.0006963511825666501,
    "layer2.0.conv2.stored_array_size": 32,
    "top_1_accuracy": 0.49619999527931213,
    "top_5_accuracy": 0.7313399910926819,
    "total_time": 100.86698123626411
}