{
    "halut_layers": "{\"layer3.4.conv2\": [8, 8, 12, 2]}",
    "layer3.4.conv2.C": 8,
    "layer3.4.conv2.H_size": 4,
    "layer3.4.conv2.K": 12,
    "layer3.4.conv2.L_size": 98304,
    "layer3.4.conv2.encoding_algorithm": 2,
    "layer3.4.conv2.learned_a_shape": [
        1568,
        2304
    ],
    "layer3.4.conv2.learned_b_shape": [
        2304,
        256
    ],
    "layer3.4.conv2.learned_d": 2304,
    "layer3.4.conv2.learned_m": 256,
    "layer3.4.conv2.learned_n": 1568,
    "layer3.4.conv2.mae": 0.7727238232421875,
    "layer3.4.conv2.mape": 0.3710892607879639,
    "layer3.4.conv2.mse": 1.0436234892272949,
    "layer3.4.conv2.rows": 8,
    "layer3.4.conv2.scaled_error": 0.02163664950847626,
    "layer3.4.conv2.scaled_shift": 0.0014163102768646786,
    "layer3.4.conv2.stored_array_size": 32,
    "top_1_accuracy": 0.7788400053977966,
    "top_5_accuracy": 0.9387199878692627,
    "total_time": 90.64099034108222
}