{
    "halut_layers": "{\"layer4.0.conv3\": [8, 256, 12, 1]}",
    "layer4.0.conv3.C": 8,
    "layer4.0.conv3.H_size": 1536,
    "layer4.0.conv3.K": 12,
    "layer4.0.conv3.L_size": 786432,
    "layer4.0.conv3.encoding_algorithm": 1,
    "layer4.0.conv3.learned_a_shape": [
        12544,
        512
    ],
    "layer4.0.conv3.learned_b_shape": [
        512,
        2048
    ],
    "layer4.0.conv3.learned_d": 512,
    "layer4.0.conv3.learned_m": 2048,
    "layer4.0.conv3.learned_n": 12544,
    "layer4.0.conv3.mae": 0.5063235839080811,
    "layer4.0.conv3.mape": 0.28000310066223144,
    "layer4.0.conv3.mse": 0.4622889195251465,
    "layer4.0.conv3.rows": 256,
    "layer4.0.conv3.scaled_error": 0.04458476194858551,
    "layer4.0.conv3.scaled_shift": 0.0046948017364181575,
    "layer4.0.conv3.stored_array_size": 32,
    "top_1_accuracy": 0.45451998710632324,
    "top_5_accuracy": 0.705020010471344,
    "total_time": 112.98667002469301
}