{
    "halut_layers": "{\"layer1.0.conv2\": [8, 1, 16, 2]}",
    "layer1.0.conv2.C": 8,
    "layer1.0.conv2.H_size": 4,
    "layer1.0.conv2.K": 16,
    "layer1.0.conv2.L_size": 32768,
    "layer1.0.conv2.encoding_algorithm": 2,
    "layer1.0.conv2.learned_a_shape": [
        3136,
        576
    ],
    "layer1.0.conv2.learned_b_shape": [
        576,
        64
    ],
    "layer1.0.conv2.learned_d": 576,
    "layer1.0.conv2.learned_m": 64,
    "layer1.0.conv2.learned_n": 3136,
    "layer1.0.conv2.mae": 2.0529598922729493,
    "layer1.0.conv2.mape": 0.46417716506958007,
    "layer1.0.conv2.mse": 10.45378208984375,
    "layer1.0.conv2.rows": 1,
    "layer1.0.conv2.scaled_error": 0.042566906747818,
    "layer1.0.conv2.scaled_shift": -0.0028220168593944984,
    "layer1.0.conv2.stored_array_size": 32,
    "top_1_accuracy": 0.7122799754142761,
    "top_5_accuracy": 0.8979199528694153,
    "total_time": 172.24803060665727
}