{
    "halut_layers": "{\"layer2.0.conv2\": [16, 8, 4, 1]}",
    "layer2.0.conv2.C": 16,
    "layer2.0.conv2.H_size": 768,
    "layer2.0.conv2.K": 4,
    "layer2.0.conv2.L_size": 32768,
    "layer2.0.conv2.encoding_algorithm": 1,
    "layer2.0.conv2.learned_a_shape": [
        6272,
        1152
    ],
    "layer2.0.conv2.learned_b_shape": [
        1152,
        128
    ],
    "layer2.0.conv2.learned_d": 1152,
    "layer2.0.conv2.learned_m": 128,
    "layer2.0.conv2.learned_n": 6272,
    "layer2.0.conv2.mae": 2.2080124783325195,
    "layer2.0.conv2.mape": 0.6501543925476074,
    "layer2.0.conv2.mse": 8.758413819580078,
    "layer2.0.conv2.rows": 8,
    "layer2.0.conv2.scaled_error": 0.04935040770053863,
    "layer2.0.conv2.scaled_shift": -0.0005311045509728137,
    "layer2.0.conv2.stored_array_size": 32,
    "top_1_accuracy": 0.5486199855804443,
    "top_5_accuracy": 0.777459979057312,
    "total_time": 97.3916749227792
}