{
    "halut_layers": "{\"layer3.5.conv1\": [16, 32, 12, 2]}",
    "layer3.5.conv1.C": 16,
    "layer3.5.conv1.H_size": 4,
    "layer3.5.conv1.K": 12,
    "layer3.5.conv1.L_size": 196608,
    "layer3.5.conv1.encoding_algorithm": 2,
    "layer3.5.conv1.learned_a_shape": [
        6272,
        1024
    ],
    "layer3.5.conv1.learned_b_shape": [
        1024,
        256
    ],
    "layer3.5.conv1.learned_d": 1024,
    "layer3.5.conv1.learned_m": 256,
    "layer3.5.conv1.learned_n": 6272,
    "layer3.5.conv1.mae": 1.0974081791687011,
    "layer3.5.conv1.mape": 0.4303788709259033,
    "layer3.5.conv1.mse": 2.068543453063965,
    "layer3.5.conv1.rows": 32,
    "layer3.5.conv1.scaled_error": 0.03832316153049469,
    "layer3.5.conv1.scaled_shift": 0.0017440010267263278,
    "layer3.5.conv1.stored_array_size": 32,
    "top_1_accuracy": 0.7861599922180176,
    "top_5_accuracy": 0.942359983921051,
    "total_time": 123.89608274586499
}