{
    "halut_layers": "{\"layer4.2.conv3\": [8, 64, 8, 0]}",
    "layer4.2.conv3.C": 8,
    "layer4.2.conv3.H_size": 672,
    "layer4.2.conv3.K": 8,
    "layer4.2.conv3.L_size": 524288,
    "layer4.2.conv3.encoding_algorithm": 0,
    "layer4.2.conv3.learned_a_shape": [
        3136,
        512
    ],
    "layer4.2.conv3.learned_b_shape": [
        512,
        2048
    ],
    "layer4.2.conv3.learned_d": 512,
    "layer4.2.conv3.learned_m": 2048,
    "layer4.2.conv3.learned_n": 3136,
    "layer4.2.conv3.mae": 0.7157767311859131,
    "layer4.2.conv3.mape": 0.5519356871795654,
    "layer4.2.conv3.mse": 0.7521909412384034,
    "layer4.2.conv3.rows": 64,
    "layer4.2.conv3.scaled_error": 0.14102111478805543,
    "layer4.2.conv3.scaled_shift": -0.12657862586975097,
    "layer4.2.conv3.stored_array_size": 32,
    "top_1_accuracy": 0.6690799593925476,
    "top_5_accuracy": 0.8046799898147583,
    "total_time": 111.65951819811016
}