{
    "halut_layers": "{\"layer1.0.conv2\": [32, 2, 8, 0]}",
    "layer1.0.conv2.C": 32,
    "layer1.0.conv2.H_size": 2688,
    "layer1.0.conv2.K": 8,
    "layer1.0.conv2.L_size": 65536,
    "layer1.0.conv2.encoding_algorithm": 0,
    "layer1.0.conv2.learned_a_shape": [
        6272,
        576
    ],
    "layer1.0.conv2.learned_b_shape": [
        576,
        64
    ],
    "layer1.0.conv2.learned_d": 576,
    "layer1.0.conv2.learned_m": 64,
    "layer1.0.conv2.learned_n": 6272,
    "layer1.0.conv2.mae": 4.8983723370361325,
    "layer1.0.conv2.mape": 1.0782148626708985,
    "layer1.0.conv2.mse": 52.853018232421874,
    "layer1.0.conv2.rows": 2,
    "layer1.0.conv2.scaled_error": 0.1017515510559082,
    "layer1.0.conv2.scaled_shift": -0.0028743359835259616,
    "layer1.0.conv2.stored_array_size": 32,
    "top_1_accuracy": 0.14433999359607697,
    "top_5_accuracy": 0.26043999195098877,
    "total_time": 173.7452989667654
}