{
    "halut_layers": "{\"layer3.0.conv2\": [32, 64, 16, 2]}",
    "layer3.0.conv2.C": 32,
    "layer3.0.conv2.H_size": 4,
    "layer3.0.conv2.K": 16,
    "layer3.0.conv2.L_size": 524288,
    "layer3.0.conv2.encoding_algorithm": 2,
    "layer3.0.conv2.learned_a_shape": [
        12544,
        2304
    ],
    "layer3.0.conv2.learned_b_shape": [
        2304,
        256
    ],
    "layer3.0.conv2.learned_d": 2304,
    "layer3.0.conv2.learned_m": 256,
    "layer3.0.conv2.learned_n": 12544,
    "layer3.0.conv2.mae": 1.304496120300293,
    "layer3.0.conv2.mape": 0.4864682583618164,
    "layer3.0.conv2.mse": 3.0626566381835936,
    "layer3.0.conv2.rows": 64,
    "layer3.0.conv2.scaled_error": 0.038539211983680724,
    "layer3.0.conv2.scaled_shift": -5.122694996447535e-05,
    "layer3.0.conv2.stored_array_size": 32,
    "top_1_accuracy": 0.7658399939537048,
    "top_5_accuracy": 0.9326799511909485,
    "total_time": 150.26102907583117
}