{
    "halut_layers": "{\"layer3.0.conv2\": [8, 16, 8, 0]}",
    "layer3.0.conv2.C": 8,
    "layer3.0.conv2.H_size": 672,
    "layer3.0.conv2.K": 8,
    "layer3.0.conv2.L_size": 65536,
    "layer3.0.conv2.encoding_algorithm": 0,
    "layer3.0.conv2.learned_a_shape": [
        3136,
        2304
    ],
    "layer3.0.conv2.learned_b_shape": [
        2304,
        256
    ],
    "layer3.0.conv2.learned_d": 2304,
    "layer3.0.conv2.learned_m": 256,
    "layer3.0.conv2.learned_n": 3136,
    "layer3.0.conv2.mae": 3.8434253289794924,
    "layer3.0.conv2.mape": 1.5914747619628906,
    "layer3.0.conv2.mse": 24.32069361328125,
    "layer3.0.conv2.rows": 16,
    "layer3.0.conv2.scaled_error": 0.11365465406417846,
    "layer3.0.conv2.scaled_shift": -0.016616291053295134,
    "layer3.0.conv2.stored_array_size": 32,
    "top_1_accuracy": 0.002699999837204814,
    "top_5_accuracy": 0.0185799989849329,
    "total_time": 85.68682985194027
}