{
    "halut_layers": "{\"layer2.0.conv2\": [16, 2, 16, 2]}",
    "layer2.0.conv2.C": 16,
    "layer2.0.conv2.H_size": 4,
    "layer2.0.conv2.K": 16,
    "layer2.0.conv2.L_size": 131072,
    "layer2.0.conv2.encoding_algorithm": 2,
    "layer2.0.conv2.learned_a_shape": [
        1568,
        1152
    ],
    "layer2.0.conv2.learned_b_shape": [
        1152,
        128
    ],
    "layer2.0.conv2.learned_d": 1152,
    "layer2.0.conv2.learned_m": 128,
    "layer2.0.conv2.learned_n": 1568,
    "layer2.0.conv2.mae": 1.91925203125,
    "layer2.0.conv2.mape": 0.6176049842071534,
    "layer2.0.conv2.mse": 6.442292379760742,
    "layer2.0.conv2.rows": 2,
    "layer2.0.conv2.scaled_error": 0.042919903268814084,
    "layer2.0.conv2.scaled_shift": -0.001317855012845248,
    "layer2.0.conv2.stored_array_size": 32,
    "top_1_accuracy": 0.7518799901008606,
    "top_5_accuracy": 0.924019992351532,
    "total_time": 118.78538810275495
}