{
    "halut_layers": "{\"layer3.5.conv2\": [64, 8, 24, 1]}",
    "layer3.5.conv2.C": 64,
    "layer3.5.conv2.H_size": 24576,
    "layer3.5.conv2.K": 24,
    "layer3.5.conv2.L_size": 1572864,
    "layer3.5.conv2.encoding_algorithm": 1,
    "layer3.5.conv2.learned_a_shape": [
        1568,
        2304
    ],
    "layer3.5.conv2.learned_b_shape": [
        2304,
        256
    ],
    "layer3.5.conv2.learned_d": 2304,
    "layer3.5.conv2.learned_m": 256,
    "layer3.5.conv2.learned_n": 1568,
    "layer3.5.conv2.mae": 0.8722292208862304,
    "layer3.5.conv2.mape": 0.42228323432922366,
    "layer3.5.conv2.mse": 1.314839557647705,
    "layer3.5.conv2.rows": 8,
    "layer3.5.conv2.scaled_error": 0.06092586738586426,
    "layer3.5.conv2.scaled_shift": 0.003586166707612574,
    "layer3.5.conv2.stored_array_size": 32,
    "top_1_accuracy": 0.7858399748802185,
    "top_5_accuracy": 0.9438599944114685,
    "total_time": 113.71049585565925
}