{
    "halut_layers": "{\"layer3.3.conv3\": [8, 64, 12, 2]}",
    "layer3.3.conv3.C": 8,
    "layer3.3.conv3.H_size": 4,
    "layer3.3.conv3.K": 12,
    "layer3.3.conv3.L_size": 393216,
    "layer3.3.conv3.encoding_algorithm": 2,
    "layer3.3.conv3.learned_a_shape": [
        12544,
        256
    ],
    "layer3.3.conv3.learned_b_shape": [
        256,
        1024
    ],
    "layer3.3.conv3.learned_d": 256,
    "layer3.3.conv3.learned_m": 1024,
    "layer3.3.conv3.learned_n": 12544,
    "layer3.3.conv3.mae": 0.24571947242736816,
    "layer3.3.conv3.mape": 0.16789380075454713,
    "layer3.3.conv3.mse": 0.10635154767990113,
    "layer3.3.conv3.rows": 64,
    "layer3.3.conv3.scaled_error": 0.012557915523052215,
    "layer3.3.conv3.scaled_shift": 0.0007052300954610109,
    "layer3.3.conv3.stored_array_size": 32,
    "top_1_accuracy": 0.7966399788856506,
    "top_5_accuracy": 0.9481199979782104,
    "total_time": 118.51066756621003
}