{
    "halut_layers": "{\"layer4.1.conv1\": [32, 32, 16, 1]}",
    "layer4.1.conv1.C": 32,
    "layer4.1.conv1.H_size": 6144,
    "layer4.1.conv1.K": 16,
    "layer4.1.conv1.L_size": 1048576,
    "layer4.1.conv1.encoding_algorithm": 1,
    "layer4.1.conv1.learned_a_shape": [
        1568,
        2048
    ],
    "layer4.1.conv1.learned_b_shape": [
        2048,
        512
    ],
    "layer4.1.conv1.learned_d": 2048,
    "layer4.1.conv1.learned_m": 512,
    "layer4.1.conv1.learned_n": 1568,
    "layer4.1.conv1.mae": 1.2952988664245606,
    "layer4.1.conv1.mape": 0.4706510188293457,
    "layer4.1.conv1.mse": 3.1518151641845704,
    "layer4.1.conv1.rows": 32,
    "layer4.1.conv1.scaled_error": 0.018615655608177184,
    "layer4.1.conv1.scaled_shift": 0.0031851525349915026,
    "layer4.1.conv1.stored_array_size": 32,
    "top_1_accuracy": 0.7112799882888794,
    "top_5_accuracy": 0.9030799865722656,
    "total_time": 101.22895473334938
}