{
    "halut_layers": "{\"layer2.0.conv2\": [16, 8, 16, 1]}",
    "layer2.0.conv2.C": 16,
    "layer2.0.conv2.H_size": 3072,
    "layer2.0.conv2.K": 16,
    "layer2.0.conv2.L_size": 131072,
    "layer2.0.conv2.encoding_algorithm": 1,
    "layer2.0.conv2.learned_a_shape": [
        6272,
        1152
    ],
    "layer2.0.conv2.learned_b_shape": [
        1152,
        128
    ],
    "layer2.0.conv2.learned_d": 1152,
    "layer2.0.conv2.learned_m": 128,
    "layer2.0.conv2.learned_n": 6272,
    "layer2.0.conv2.mae": 2.095853780822754,
    "layer2.0.conv2.mape": 0.6300581806945801,
    "layer2.0.conv2.mse": 7.862108502197265,
    "layer2.0.conv2.rows": 8,
    "layer2.0.conv2.scaled_error": 0.04685021396160126,
    "layer2.0.conv2.scaled_shift": -0.0010505061250925063,
    "layer2.0.conv2.stored_array_size": 32,
    "top_1_accuracy": 0.6133999824523926,
    "top_5_accuracy": 0.8277999758720398,
    "total_time": 99.05487374588847
}