{
    "halut_layers": "{\"layer3.0.conv2\": [16, 8, 32, 2]}",
    "layer3.0.conv2.C": 16,
    "layer3.0.conv2.H_size": 4,
    "layer3.0.conv2.K": 32,
    "layer3.0.conv2.L_size": 524288,
    "layer3.0.conv2.encoding_algorithm": 2,
    "layer3.0.conv2.learned_a_shape": [
        1568,
        2304
    ],
    "layer3.0.conv2.learned_b_shape": [
        2304,
        256
    ],
    "layer3.0.conv2.learned_d": 2304,
    "layer3.0.conv2.learned_m": 256,
    "layer3.0.conv2.learned_n": 1568,
    "layer3.0.conv2.mae": 1.6711616445922852,
    "layer3.0.conv2.mape": 0.6089922966003418,
    "layer3.0.conv2.mse": 4.977382196655274,
    "layer3.0.conv2.rows": 8,
    "layer3.0.conv2.scaled_error": 0.04936135227203369,
    "layer3.0.conv2.scaled_shift": 7.192740901460638e-05,
    "layer3.0.conv2.stored_array_size": 32,
    "top_1_accuracy": 0.7137199640274048,
    "top_5_accuracy": 0.9038199782371521,
    "total_time": 163.75879915244877
}