{
    "halut_layers": "{\"layer4.0.conv3\": [64, 64, 32, 1]}",
    "layer4.0.conv3.C": 64,
    "layer4.0.conv3.H_size": 24576,
    "layer4.0.conv3.K": 32,
    "layer4.0.conv3.L_size": 16777216,
    "layer4.0.conv3.encoding_algorithm": 1,
    "layer4.0.conv3.learned_a_shape": [
        3136,
        512
    ],
    "layer4.0.conv3.learned_b_shape": [
        512,
        2048
    ],
    "layer4.0.conv3.learned_d": 512,
    "layer4.0.conv3.learned_m": 2048,
    "layer4.0.conv3.learned_n": 3136,
    "layer4.0.conv3.mae": 0.4382275804138184,
    "layer4.0.conv3.mape": 0.2558761821365356,
    "layer4.0.conv3.mse": 0.3349942925643921,
    "layer4.0.conv3.rows": 64,
    "layer4.0.conv3.scaled_error": 0.03860013287067413,
    "layer4.0.conv3.scaled_shift": 0.003516419979929924,
    "layer4.0.conv3.stored_array_size": 32,
    "top_1_accuracy": 0.7534999847412109,
    "top_5_accuracy": 0.9292199611663818,
    "total_time": 128.60790887195617
}