{
    "halut_layers": "{\"layer2.0.downsample.0\": [32, 8, 16, 2]}",
    "layer2.0.downsample.0.C": 32,
    "layer2.0.downsample.0.H_size": 4,
    "layer2.0.downsample.0.K": 16,
    "layer2.0.downsample.0.L_size": 1048576,
    "layer2.0.downsample.0.encoding_algorithm": 2,
    "layer2.0.downsample.0.learned_a_shape": [
        6272,
        256
    ],
    "layer2.0.downsample.0.learned_b_shape": [
        256,
        512
    ],
    "layer2.0.downsample.0.learned_d": 256,
    "layer2.0.downsample.0.learned_m": 512,
    "layer2.0.downsample.0.learned_n": 6272,
    "layer2.0.downsample.0.mae": 0.49628986236572264,
    "layer2.0.downsample.0.mape": 0.22419439861297608,
    "layer2.0.downsample.0.mse": 0.5287110240936279,
    "layer2.0.downsample.0.rows": 8,
    "layer2.0.downsample.0.scaled_error": 0.025003585844039916,
    "layer2.0.downsample.0.scaled_shift": -0.0018146360604465008,
    "layer2.0.downsample.0.stored_array_size": 32,
    "top_1_accuracy": 0.7697399854660034,
    "top_5_accuracy": 0.9368000030517578,
    "total_time": 205.11218239273876
}