{
    "halut_layers": "{\"layer3.5.conv1\": [32, 16, 24, 1]}",
    "layer3.5.conv1.C": 32,
    "layer3.5.conv1.H_size": 12288,
    "layer3.5.conv1.K": 24,
    "layer3.5.conv1.L_size": 786432,
    "layer3.5.conv1.encoding_algorithm": 1,
    "layer3.5.conv1.learned_a_shape": [
        3136,
        1024
    ],
    "layer3.5.conv1.learned_b_shape": [
        1024,
        256
    ],
    "layer3.5.conv1.learned_d": 1024,
    "layer3.5.conv1.learned_m": 256,
    "layer3.5.conv1.learned_n": 3136,
    "layer3.5.conv1.mae": 1.1040740719604492,
    "layer3.5.conv1.mape": 0.4341117855834961,
    "layer3.5.conv1.mse": 2.0919588311767576,
    "layer3.5.conv1.rows": 16,
    "layer3.5.conv1.scaled_error": 0.038553836450576785,
    "layer3.5.conv1.scaled_shift": 0.0020572777849435808,
    "layer3.5.conv1.stored_array_size": 32,
    "top_1_accuracy": 0.7854399681091309,
    "top_5_accuracy": 0.9420999884605408,
    "total_time": 110.04998242110014
}