{
    "halut_layers": "{\"layer3.5.conv2\": [16, 64, 12, 2]}",
    "layer3.5.conv2.C": 16,
    "layer3.5.conv2.H_size": 4,
    "layer3.5.conv2.K": 12,
    "layer3.5.conv2.L_size": 196608,
    "layer3.5.conv2.encoding_algorithm": 2,
    "layer3.5.conv2.learned_a_shape": [
        12544,
        2304
    ],
    "layer3.5.conv2.learned_b_shape": [
        2304,
        256
    ],
    "layer3.5.conv2.learned_d": 2304,
    "layer3.5.conv2.learned_m": 256,
    "layer3.5.conv2.learned_n": 12544,
    "layer3.5.conv2.mae": 0.7392863730621337,
    "layer3.5.conv2.mape": 0.34594774600982664,
    "layer3.5.conv2.mse": 0.9748275329589844,
    "layer3.5.conv2.rows": 64,
    "layer3.5.conv2.scaled_error": 0.05164561616897583,
    "layer3.5.conv2.scaled_shift": 0.003539919801810756,
    "layer3.5.conv2.stored_array_size": 32,
    "top_1_accuracy": 0.7858399748802185,
    "top_5_accuracy": 0.9439399838447571,
    "total_time": 129.50912596471608
}