{
    "halut_layers": "{\"layer3.0.conv2\": [64, 32, 24, 2]}",
    "layer3.0.conv2.C": 64,
    "layer3.0.conv2.H_size": 4,
    "layer3.0.conv2.K": 24,
    "layer3.0.conv2.L_size": 1572864,
    "layer3.0.conv2.encoding_algorithm": 2,
    "layer3.0.conv2.learned_a_shape": [
        6272,
        2304
    ],
    "layer3.0.conv2.learned_b_shape": [
        2304,
        256
    ],
    "layer3.0.conv2.learned_d": 2304,
    "layer3.0.conv2.learned_m": 256,
    "layer3.0.conv2.learned_n": 6272,
    "layer3.0.conv2.mae": 1.2777696371459961,
    "layer3.0.conv2.mape": 0.5035999691009522,
    "layer3.0.conv2.mse": 2.891561930847168,
    "layer3.0.conv2.rows": 32,
    "layer3.0.conv2.scaled_error": 0.03776038857460022,
    "layer3.0.conv2.scaled_shift": -0.00020468202521646163,
    "layer3.0.conv2.stored_array_size": 32,
    "top_1_accuracy": 0.7825199961662292,
    "top_5_accuracy": 0.9417399764060974,
    "total_time": 194.81187825649977
}