{
    "halut_layers": "{\"layer4.0.conv3\": [8, 128, 16, 0]}",
    "layer4.0.conv3.C": 8,
    "layer4.0.conv3.H_size": 1408,
    "layer4.0.conv3.K": 16,
    "layer4.0.conv3.L_size": 1048576,
    "layer4.0.conv3.encoding_algorithm": 0,
    "layer4.0.conv3.learned_a_shape": [
        6272,
        512
    ],
    "layer4.0.conv3.learned_b_shape": [
        512,
        2048
    ],
    "layer4.0.conv3.learned_d": 512,
    "layer4.0.conv3.learned_m": 2048,
    "layer4.0.conv3.learned_n": 6272,
    "layer4.0.conv3.mae": 0.5027738243865967,
    "layer4.0.conv3.mape": 0.27837554321289065,
    "layer4.0.conv3.mse": 0.45503951141357424,
    "layer4.0.conv3.rows": 128,
    "layer4.0.conv3.scaled_error": 0.04427506094455719,
    "layer4.0.conv3.scaled_shift": 0.004554589444296434,
    "layer4.0.conv3.stored_array_size": 32,
    "top_1_accuracy": 0.4740400016307831,
    "top_5_accuracy": 0.7315999865531921,
    "total_time": 115.60871575959027
}