{
    "halut_layers": "{\"layer3.0.conv2\": [64, 8, 4, 2]}",
    "layer3.0.conv2.C": 64,
    "layer3.0.conv2.H_size": 4,
    "layer3.0.conv2.K": 4,
    "layer3.0.conv2.L_size": 262144,
    "layer3.0.conv2.encoding_algorithm": 2,
    "layer3.0.conv2.learned_a_shape": [
        1568,
        2304
    ],
    "layer3.0.conv2.learned_b_shape": [
        2304,
        256
    ],
    "layer3.0.conv2.learned_d": 2304,
    "layer3.0.conv2.learned_m": 256,
    "layer3.0.conv2.learned_n": 1568,
    "layer3.0.conv2.mae": 1.4664080728149413,
    "layer3.0.conv2.mape": 0.542533980255127,
    "layer3.0.conv2.mse": 3.815924833984375,
    "layer3.0.conv2.rows": 8,
    "layer3.0.conv2.scaled_error": 0.043312301816940305,
    "layer3.0.conv2.scaled_shift": -8.31695062603103e-05,
    "layer3.0.conv2.stored_array_size": 32,
    "top_1_accuracy": 0.7452200055122375,
    "top_5_accuracy": 0.9214400053024292,
    "total_time": 133.9948293156922
}