{
    "halut_layers": "{\"layer4.0.conv3\": [8, 64, 32, 0]}",
    "layer4.0.conv3.C": 8,
    "layer4.0.conv3.H_size": 3040,
    "layer4.0.conv3.K": 32,
    "layer4.0.conv3.L_size": 2097152,
    "layer4.0.conv3.encoding_algorithm": 0,
    "layer4.0.conv3.learned_a_shape": [
        3136,
        512
    ],
    "layer4.0.conv3.learned_b_shape": [
        512,
        2048
    ],
    "layer4.0.conv3.learned_d": 512,
    "layer4.0.conv3.learned_m": 2048,
    "layer4.0.conv3.learned_n": 3136,
    "layer4.0.conv3.mae": 1.1942608128356933,
    "layer4.0.conv3.mape": 0.7372180298614502,
    "layer4.0.conv3.mse": 2.337998892211914,
    "layer4.0.conv3.rows": 64,
    "layer4.0.conv3.scaled_error": 0.10530454696655274,
    "layer4.0.conv3.scaled_shift": -0.04506018171310425,
    "layer4.0.conv3.stored_array_size": 32,
    "top_1_accuracy": 0.0011599999852478504,
    "top_5_accuracy": 0.025340000167489052,
    "total_time": 113.780523060821
}