{
    "halut_layers": "{\"layer1.1.conv3\": [8, 1, 64, 2]}",
    "layer1.1.conv3.C": 8,
    "layer1.1.conv3.H_size": 4,
    "layer1.1.conv3.K": 64,
    "layer1.1.conv3.L_size": 524288,
    "layer1.1.conv3.encoding_algorithm": 2,
    "layer1.1.conv3.learned_a_shape": [
        3136,
        64
    ],
    "layer1.1.conv3.learned_b_shape": [
        64,
        256
    ],
    "layer1.1.conv3.learned_d": 64,
    "layer1.1.conv3.learned_m": 256,
    "layer1.1.conv3.learned_n": 3136,
    "layer1.1.conv3.mae": 0.38009394130706786,
    "layer1.1.conv3.mape": 0.17119856187820434,
    "layer1.1.conv3.mse": 0.29747904636383055,
    "layer1.1.conv3.rows": 1,
    "layer1.1.conv3.scaled_error": 0.022240704345703126,
    "layer1.1.conv3.scaled_shift": 0.00021427835992668406,
    "layer1.1.conv3.stored_array_size": 32,
    "top_1_accuracy": 0.7975599765777588,
    "top_5_accuracy": 0.9496399760246277,
    "total_time": 318.0535527355969
}