{
    "halut_layers": "{\"layer3.0.conv2\": [16, 1, 64, 2]}",
    "layer3.0.conv2.C": 16,
    "layer3.0.conv2.H_size": 4,
    "layer3.0.conv2.K": 64,
    "layer3.0.conv2.L_size": 1048576,
    "layer3.0.conv2.encoding_algorithm": 2,
    "layer3.0.conv2.learned_a_shape": [
        196,
        2304
    ],
    "layer3.0.conv2.learned_b_shape": [
        2304,
        256
    ],
    "layer3.0.conv2.learned_d": 2304,
    "layer3.0.conv2.learned_m": 256,
    "layer3.0.conv2.learned_n": 196,
    "layer3.0.conv2.mae": 1.8565289447021485,
    "layer3.0.conv2.mape": 0.6196813766479492,
    "layer3.0.conv2.mse": 6.145978419189453,
    "layer3.0.conv2.rows": 1,
    "layer3.0.conv2.scaled_error": 0.0548315292930603,
    "layer3.0.conv2.scaled_shift": 0.000838071431973949,
    "layer3.0.conv2.stored_array_size": 32,
    "top_1_accuracy": 0.588699996471405,
    "top_5_accuracy": 0.8151800036430359,
    "total_time": 205.11128806881607
}