{
    "halut_layers": "{\"layer3.0.conv3\": [64, 32, 4, 1]}",
    "layer3.0.conv3.C": 64,
    "layer3.0.conv3.H_size": 3072,
    "layer3.0.conv3.K": 4,
    "layer3.0.conv3.L_size": 1048576,
    "layer3.0.conv3.encoding_algorithm": 1,
    "layer3.0.conv3.learned_a_shape": [
        6272,
        256
    ],
    "layer3.0.conv3.learned_b_shape": [
        256,
        1024
    ],
    "layer3.0.conv3.learned_d": 256,
    "layer3.0.conv3.learned_m": 1024,
    "layer3.0.conv3.learned_n": 6272,
    "layer3.0.conv3.mae": 0.4693016195678711,
    "layer3.0.conv3.mape": 0.23886135990142823,
    "layer3.0.conv3.mse": 0.4015736745452881,
    "layer3.0.conv3.rows": 32,
    "layer3.0.conv3.scaled_error": 0.032895311293601986,
    "layer3.0.conv3.scaled_shift": 0.0012217215112160192,
    "layer3.0.conv3.stored_array_size": 32,
    "top_1_accuracy": 0.7613199949264526,
    "top_5_accuracy": 0.930679976940155,
    "total_time": 145.7872086763382
}