{
    "halut_layers": "{\"layer3.0.conv2\": [8, 64, 16, 2]}",
    "layer3.0.conv2.C": 8,
    "layer3.0.conv2.H_size": 4,
    "layer3.0.conv2.K": 16,
    "layer3.0.conv2.L_size": 131072,
    "layer3.0.conv2.encoding_algorithm": 2,
    "layer3.0.conv2.learned_a_shape": [
        12544,
        2304
    ],
    "layer3.0.conv2.learned_b_shape": [
        2304,
        256
    ],
    "layer3.0.conv2.learned_d": 2304,
    "layer3.0.conv2.learned_m": 256,
    "layer3.0.conv2.learned_n": 12544,
    "layer3.0.conv2.mae": 1.605679625854492,
    "layer3.0.conv2.mape": 0.5473914019012451,
    "layer3.0.conv2.mse": 4.67453343383789,
    "layer3.0.conv2.rows": 64,
    "layer3.0.conv2.scaled_error": 0.047429817638397216,
    "layer3.0.conv2.scaled_shift": 0.00027417888683201454,
    "layer3.0.conv2.stored_array_size": 32,
    "top_1_accuracy": 0.6634799838066101,
    "top_5_accuracy": 0.8717599511146545,
    "total_time": 96.69726395793259
}