{
    "halut_layers": "{\"layer4.0.conv3\": [64, 128, 8, 0]}",
    "layer4.0.conv3.C": 64,
    "layer4.0.conv3.H_size": 5376,
    "layer4.0.conv3.K": 8,
    "layer4.0.conv3.L_size": 4194304,
    "layer4.0.conv3.encoding_algorithm": 0,
    "layer4.0.conv3.learned_a_shape": [
        6272,
        512
    ],
    "layer4.0.conv3.learned_b_shape": [
        512,
        2048
    ],
    "layer4.0.conv3.learned_d": 512,
    "layer4.0.conv3.learned_m": 2048,
    "layer4.0.conv3.learned_n": 6272,
    "layer4.0.conv3.mae": 1.5933449058532714,
    "layer4.0.conv3.mape": 1.01890123626709,
    "layer4.0.conv3.mse": 3.7250957751464844,
    "layer4.0.conv3.rows": 128,
    "layer4.0.conv3.scaled_error": 0.14050391368865967,
    "layer4.0.conv3.scaled_shift": -0.12293719778060913,
    "layer4.0.conv3.stored_array_size": 32,
    "top_1_accuracy": 0.009279999881982803,
    "top_5_accuracy": 0.029079999774694443,
    "total_time": 121.57517507858574
}