{
    "halut_layers": "{\"layer3.5.conv2\": [16, 32, 4, 1]}",
    "layer3.5.conv2.C": 16,
    "layer3.5.conv2.H_size": 768,
    "layer3.5.conv2.K": 4,
    "layer3.5.conv2.L_size": 65536,
    "layer3.5.conv2.encoding_algorithm": 1,
    "layer3.5.conv2.learned_a_shape": [
        6272,
        2304
    ],
    "layer3.5.conv2.learned_b_shape": [
        2304,
        256
    ],
    "layer3.5.conv2.learned_d": 2304,
    "layer3.5.conv2.learned_m": 256,
    "layer3.5.conv2.learned_n": 6272,
    "layer3.5.conv2.mae": 0.8884032106018066,
    "layer3.5.conv2.mape": 0.40801329536437986,
    "layer3.5.conv2.mse": 1.3967971118164062,
    "layer3.5.conv2.rows": 32,
    "layer3.5.conv2.scaled_error": 0.06207116283416748,
    "layer3.5.conv2.scaled_shift": 0.0030238262106385082,
    "layer3.5.conv2.stored_array_size": 32,
    "top_1_accuracy": 0.7769599556922913,
    "top_5_accuracy": 0.9392799735069275,
    "total_time": 108.89201772585511
}