{
    "halut_layers": "{\"layer3.0.conv3\": [8, 16, 16, 2]}",
    "layer3.0.conv3.C": 8,
    "layer3.0.conv3.H_size": 4,
    "layer3.0.conv3.K": 16,
    "layer3.0.conv3.L_size": 524288,
    "layer3.0.conv3.encoding_algorithm": 2,
    "layer3.0.conv3.learned_a_shape": [
        3136,
        256
    ],
    "layer3.0.conv3.learned_b_shape": [
        256,
        1024
    ],
    "layer3.0.conv3.learned_d": 256,
    "layer3.0.conv3.learned_m": 1024,
    "layer3.0.conv3.learned_n": 3136,
    "layer3.0.conv3.mae": 0.5751612194824218,
    "layer3.0.conv3.mape": 0.2881392727661133,
    "layer3.0.conv3.mse": 0.6109586418914795,
    "layer3.0.conv3.rows": 16,
    "layer3.0.conv3.scaled_error": 0.04030819672584534,
    "layer3.0.conv3.scaled_shift": 0.0014720863667014054,
    "layer3.0.conv3.stored_array_size": 32,
    "top_1_accuracy": 0.6855999827384949,
    "top_5_accuracy": 0.8843399882316589,
    "total_time": 120.77447634749115
}