{
    "halut_layers": "{\"layer3.5.conv1\": [16, 32, 12, 1]}",
    "layer3.5.conv1.C": 16,
    "layer3.5.conv1.H_size": 3072,
    "layer3.5.conv1.K": 12,
    "layer3.5.conv1.L_size": 196608,
    "layer3.5.conv1.encoding_algorithm": 1,
    "layer3.5.conv1.learned_a_shape": [
        6272,
        1024
    ],
    "layer3.5.conv1.learned_b_shape": [
        1024,
        256
    ],
    "layer3.5.conv1.learned_d": 1024,
    "layer3.5.conv1.learned_m": 256,
    "layer3.5.conv1.learned_n": 6272,
    "layer3.5.conv1.mae": 1.1880526956176758,
    "layer3.5.conv1.mape": 0.45219451072692873,
    "layer3.5.conv1.mse": 2.4446528259277343,
    "layer3.5.conv1.rows": 32,
    "layer3.5.conv1.scaled_error": 0.041485175881385804,
    "layer3.5.conv1.scaled_shift": 0.002466107539193472,
    "layer3.5.conv1.stored_array_size": 32,
    "top_1_accuracy": 0.7780799865722656,
    "top_5_accuracy": 0.9394999742507935,
    "total_time": 111.70803588815033
}