{
    "halut_layers": "{\"layer3.0.conv1\": [64, 64, 8, 0]}",
    "layer3.0.conv1.C": 64,
    "layer3.0.conv1.H_size": 5376,
    "layer3.0.conv1.K": 8,
    "layer3.0.conv1.L_size": 524288,
    "layer3.0.conv1.encoding_algorithm": 0,
    "layer3.0.conv1.learned_a_shape": [
        50176,
        512
    ],
    "layer3.0.conv1.learned_b_shape": [
        512,
        256
    ],
    "layer3.0.conv1.learned_d": 512,
    "layer3.0.conv1.learned_m": 256,
    "layer3.0.conv1.learned_n": 50176,
    "layer3.0.conv1.mae": 3.3228006701660155,
    "layer3.0.conv1.mape": 1.2239302449035645,
    "layer3.0.conv1.mse": 17.872706086425783,
    "layer3.0.conv1.rows": 64,
    "layer3.0.conv1.scaled_error": 0.06771374026298523,
    "layer3.0.conv1.scaled_shift": -0.026086519277095793,
    "layer3.0.conv1.stored_array_size": 32,
    "top_1_accuracy": 0.02167999930679798,
    "top_5_accuracy": 0.05703999847173691,
    "total_time": 120.79849680326879
}