{
    "halut_layers": "{\"layer4.0.conv1\": [16, 256, 4, 1]}",
    "layer4.0.conv1.C": 16,
    "layer4.0.conv1.H_size": 768,
    "layer4.0.conv1.K": 4,
    "layer4.0.conv1.L_size": 131072,
    "layer4.0.conv1.encoding_algorithm": 1,
    "layer4.0.conv1.learned_a_shape": [
        50176,
        1024
    ],
    "layer4.0.conv1.learned_b_shape": [
        1024,
        512
    ],
    "layer4.0.conv1.learned_d": 1024,
    "layer4.0.conv1.learned_m": 512,
    "layer4.0.conv1.learned_n": 50176,
    "layer4.0.conv1.mae": 1.2583433560180664,
    "layer4.0.conv1.mape": 0.46806437675476076,
    "layer4.0.conv1.mse": 2.7358318627929687,
    "layer4.0.conv1.rows": 256,
    "layer4.0.conv1.scaled_error": 0.05852273692131042,
    "layer4.0.conv1.scaled_shift": 0.0028606865630391985,
    "layer4.0.conv1.stored_array_size": 32,
    "top_1_accuracy": 0.5677199959754944,
    "top_5_accuracy": 0.8186999559402466,
    "total_time": 117.9046338275075
}