{
    "halut_layers": "{\"layer2.0.downsample.0\": [64, 16, 24, 2]}",
    "layer2.0.downsample.0.C": 64,
    "layer2.0.downsample.0.H_size": 4,
    "layer2.0.downsample.0.K": 24,
    "layer2.0.downsample.0.L_size": 3145728,
    "layer2.0.downsample.0.encoding_algorithm": 2,
    "layer2.0.downsample.0.learned_a_shape": [
        12544,
        256
    ],
    "layer2.0.downsample.0.learned_b_shape": [
        256,
        512
    ],
    "layer2.0.downsample.0.learned_d": 256,
    "layer2.0.downsample.0.learned_m": 512,
    "layer2.0.downsample.0.learned_n": 12544,
    "layer2.0.downsample.0.mae": 0.3176006769943237,
    "layer2.0.downsample.0.mape": 0.14468903259277344,
    "layer2.0.downsample.0.mse": 0.21595650035858155,
    "layer2.0.downsample.0.rows": 16,
    "layer2.0.downsample.0.scaled_error": 0.016002959671020507,
    "layer2.0.downsample.0.scaled_shift": -0.0015570582637190818,
    "layer2.0.downsample.0.stored_array_size": 32,
    "top_1_accuracy": 0.7991600036621094,
    "top_5_accuracy": 0.9510999917984009,
    "total_time": 230.7293920200318
}