{
    "halut_layers": "{\"layer4.0.conv2\": [8, 32, 24, 1]}",
    "layer4.0.conv2.C": 8,
    "layer4.0.conv2.H_size": 3072,
    "layer4.0.conv2.K": 24,
    "layer4.0.conv2.L_size": 393216,
    "layer4.0.conv2.encoding_algorithm": 1,
    "layer4.0.conv2.learned_a_shape": [
        1568,
        4608
    ],
    "layer4.0.conv2.learned_b_shape": [
        4608,
        512
    ],
    "layer4.0.conv2.learned_d": 4608,
    "layer4.0.conv2.learned_m": 512,
    "layer4.0.conv2.learned_n": 1568,
    "layer4.0.conv2.mae": 1.1615899768066407,
    "layer4.0.conv2.mape": 0.48436318916320803,
    "layer4.0.conv2.mse": 2.418939842834473,
    "layer4.0.conv2.rows": 32,
    "layer4.0.conv2.scaled_error": 0.07363066692352295,
    "layer4.0.conv2.scaled_shift": 0.005706878974157443,
    "layer4.0.conv2.stored_array_size": 32,
    "top_1_accuracy": 0.5287600159645081,
    "top_5_accuracy": 0.8007400035858154,
    "total_time": 101.17400082200766
}