{
    "halut_layers": "{\"layer3.5.conv2\": [8, 8, 16, 1]}",
    "layer3.5.conv2.C": 8,
    "layer3.5.conv2.H_size": 1536,
    "layer3.5.conv2.K": 16,
    "layer3.5.conv2.L_size": 131072,
    "layer3.5.conv2.encoding_algorithm": 1,
    "layer3.5.conv2.learned_a_shape": [
        1568,
        2304
    ],
    "layer3.5.conv2.learned_b_shape": [
        2304,
        256
    ],
    "layer3.5.conv2.learned_d": 2304,
    "layer3.5.conv2.learned_m": 256,
    "layer3.5.conv2.learned_n": 1568,
    "layer3.5.conv2.mae": 0.8960760371398926,
    "layer3.5.conv2.mape": 0.41591374069213866,
    "layer3.5.conv2.mse": 1.416603600616455,
    "layer3.5.conv2.rows": 8,
    "layer3.5.conv2.scaled_error": 0.06258138905525208,
    "layer3.5.conv2.scaled_shift": 0.002045633395500481,
    "layer3.5.conv2.stored_array_size": 32,
    "top_1_accuracy": 0.777459979057312,
    "top_5_accuracy": 0.9384199976921082,
    "total_time": 83.34309195913374
}