{
    "halut_layers": "{\"layer3.0.conv3\": [8, 32, 8, 1]}",
    "layer3.0.conv3.C": 8,
    "layer3.0.conv3.H_size": 768,
    "layer3.0.conv3.K": 8,
    "layer3.0.conv3.L_size": 262144,
    "layer3.0.conv3.encoding_algorithm": 1,
    "layer3.0.conv3.learned_a_shape": [
        6272,
        256
    ],
    "layer3.0.conv3.learned_b_shape": [
        256,
        1024
    ],
    "layer3.0.conv3.learned_d": 256,
    "layer3.0.conv3.learned_m": 1024,
    "layer3.0.conv3.learned_n": 6272,
    "layer3.0.conv3.mae": 0.6177855396270752,
    "layer3.0.conv3.mape": 0.30423063385009763,
    "layer3.0.conv3.mse": 0.7059731764984131,
    "layer3.0.conv3.rows": 32,
    "layer3.0.conv3.scaled_error": 0.04330690450668335,
    "layer3.0.conv3.scaled_shift": 0.0017941803525434808,
    "layer3.0.conv3.stored_array_size": 32,
    "top_1_accuracy": 0.5582199692726135,
    "top_5_accuracy": 0.7892599701881409,
    "total_time": 116.35688291676342
}