{
    "halut_layers": "{\"layer4.0.conv2\": [16, 64, 64, 1]}",
    "layer4.0.conv2.C": 16,
    "layer4.0.conv2.H_size": 12288,
    "layer4.0.conv2.K": 64,
    "layer4.0.conv2.L_size": 2097152,
    "layer4.0.conv2.encoding_algorithm": 1,
    "layer4.0.conv2.learned_a_shape": [
        3136,
        4608
    ],
    "layer4.0.conv2.learned_b_shape": [
        4608,
        512
    ],
    "layer4.0.conv2.learned_d": 4608,
    "layer4.0.conv2.learned_m": 512,
    "layer4.0.conv2.learned_n": 3136,
    "layer4.0.conv2.mae": 1.1280590605163574,
    "layer4.0.conv2.mape": 0.4754392128753662,
    "layer4.0.conv2.mse": 2.2925381335449218,
    "layer4.0.conv2.rows": 64,
    "layer4.0.conv2.scaled_error": 0.07150644268035888,
    "layer4.0.conv2.scaled_shift": 0.004915425477260723,
    "layer4.0.conv2.stored_array_size": 32,
    "top_1_accuracy": 0.5638799667358398,
    "top_5_accuracy": 0.8247799873352051,
    "total_time": 102.36957580596209
}