{
    "halut_layers": "{\"layer3.0.conv3\": [16, 4, 4, 1]}",
    "layer3.0.conv3.C": 16,
    "layer3.0.conv3.H_size": 768,
    "layer3.0.conv3.K": 4,
    "layer3.0.conv3.L_size": 262144,
    "layer3.0.conv3.encoding_algorithm": 1,
    "layer3.0.conv3.learned_a_shape": [
        784,
        256
    ],
    "layer3.0.conv3.learned_b_shape": [
        256,
        1024
    ],
    "layer3.0.conv3.learned_d": 256,
    "layer3.0.conv3.learned_m": 1024,
    "layer3.0.conv3.learned_n": 784,
    "layer3.0.conv3.mae": 0.6454427969360351,
    "layer3.0.conv3.mape": 0.320003695602417,
    "layer3.0.conv3.mse": 0.7582297389221191,
    "layer3.0.conv3.rows": 4,
    "layer3.0.conv3.scaled_error": 0.045220137877464296,
    "layer3.0.conv3.scaled_shift": 0.0037964767092000693,
    "layer3.0.conv3.stored_array_size": 32,
    "top_1_accuracy": 0.560539960861206,
    "top_5_accuracy": 0.7884199619293213,
    "total_time": 142.0104258377105
}