{
    "halut_layers": "{\"layer1.0.conv2\": [32, 8, 12, 1]}",
    "layer1.0.conv2.C": 32,
    "layer1.0.conv2.H_size": 6144,
    "layer1.0.conv2.K": 12,
    "layer1.0.conv2.L_size": 98304,
    "layer1.0.conv2.encoding_algorithm": 1,
    "layer1.0.conv2.learned_a_shape": [
        25088,
        576
    ],
    "layer1.0.conv2.learned_b_shape": [
        576,
        64
    ],
    "layer1.0.conv2.learned_d": 576,
    "layer1.0.conv2.learned_m": 64,
    "layer1.0.conv2.learned_n": 25088,
    "layer1.0.conv2.mae": 1.2687462396240234,
    "layer1.0.conv2.mape": 0.2972856217956543,
    "layer1.0.conv2.mse": 3.964769680786133,
    "layer1.0.conv2.rows": 8,
    "layer1.0.conv2.scaled_error": 0.02633791189670563,
    "layer1.0.conv2.scaled_shift": -0.00021573364321200643,
    "layer1.0.conv2.stored_array_size": 32,
    "top_1_accuracy": 0.785539984703064,
    "top_5_accuracy": 0.9430999755859375,
    "total_time": 178.0278143901378
}