{
    "halut_layers": "{\"layer3.4.conv2\": [8, 16, 8, 1]}",
    "layer3.4.conv2.C": 8,
    "layer3.4.conv2.H_size": 768,
    "layer3.4.conv2.K": 8,
    "layer3.4.conv2.L_size": 65536,
    "layer3.4.conv2.encoding_algorithm": 1,
    "layer3.4.conv2.learned_a_shape": [
        3136,
        2304
    ],
    "layer3.4.conv2.learned_b_shape": [
        2304,
        256
    ],
    "layer3.4.conv2.learned_d": 2304,
    "layer3.4.conv2.learned_m": 256,
    "layer3.4.conv2.learned_n": 3136,
    "layer3.4.conv2.mae": 0.8132619813537597,
    "layer3.4.conv2.mape": 0.38466114849090577,
    "layer3.4.conv2.mse": 1.1707431657409668,
    "layer3.4.conv2.rows": 16,
    "layer3.4.conv2.scaled_error": 0.022771237258911132,
    "layer3.4.conv2.scaled_shift": 0.0005763953262122232,
    "layer3.4.conv2.stored_array_size": 32,
    "top_1_accuracy": 0.7708799839019775,
    "top_5_accuracy": 0.9342399835586548,
    "total_time": 84.01959847100079
}