{
    "halut_layers": "{\"layer4.0.conv2\": [64, 32, 12, 1]}",
    "layer4.0.conv2.C": 64,
    "layer4.0.conv2.H_size": 12288,
    "layer4.0.conv2.K": 12,
    "layer4.0.conv2.L_size": 1572864,
    "layer4.0.conv2.encoding_algorithm": 1,
    "layer4.0.conv2.learned_a_shape": [
        1568,
        4608
    ],
    "layer4.0.conv2.learned_b_shape": [
        4608,
        512
    ],
    "layer4.0.conv2.learned_d": 4608,
    "layer4.0.conv2.learned_m": 512,
    "layer4.0.conv2.learned_n": 1568,
    "layer4.0.conv2.mae": 1.1235077029418945,
    "layer4.0.conv2.mape": 0.4861839878082275,
    "layer4.0.conv2.mse": 2.2548608016967773,
    "layer4.0.conv2.rows": 32,
    "layer4.0.conv2.scaled_error": 0.07122050631523133,
    "layer4.0.conv2.scaled_shift": 0.005991724212504924,
    "layer4.0.conv2.stored_array_size": 32,
    "top_1_accuracy": 0.5938999652862549,
    "top_5_accuracy": 0.8441799879074097,
    "total_time": 103.95345572009683
}