{
    "halut_layers": "{\"layer2.0.downsample.0\": [32, 2, 16, 0]}",
    "layer2.0.downsample.0.C": 32,
    "layer2.0.downsample.0.H_size": 5632,
    "layer2.0.downsample.0.K": 16,
    "layer2.0.downsample.0.L_size": 1048576,
    "layer2.0.downsample.0.encoding_algorithm": 0,
    "layer2.0.downsample.0.learned_a_shape": [
        1568,
        256
    ],
    "layer2.0.downsample.0.learned_b_shape": [
        256,
        512
    ],
    "layer2.0.downsample.0.learned_d": 256,
    "layer2.0.downsample.0.learned_m": 512,
    "layer2.0.downsample.0.learned_n": 1568,
    "layer2.0.downsample.0.mae": 0.6973791107177735,
    "layer2.0.downsample.0.mape": 0.29954557262420656,
    "layer2.0.downsample.0.mse": 1.2008428579711914,
    "layer2.0.downsample.0.rows": 2,
    "layer2.0.downsample.0.scaled_error": 0.03512179927825928,
    "layer2.0.downsample.0.scaled_shift": 0.0011286899272538722,
    "layer2.0.downsample.0.stored_array_size": 32,
    "top_1_accuracy": 0.6846599578857422,
    "top_5_accuracy": 0.8864799737930298,
    "total_time": 182.51987551152706
}