{
    "halut_layers": "{\"layer2.0.downsample.0\": [32, 16, 8, 2]}",
    "layer2.0.downsample.0.C": 32,
    "layer2.0.downsample.0.H_size": 4,
    "layer2.0.downsample.0.K": 8,
    "layer2.0.downsample.0.L_size": 524288,
    "layer2.0.downsample.0.encoding_algorithm": 2,
    "layer2.0.downsample.0.learned_a_shape": [
        12544,
        256
    ],
    "layer2.0.downsample.0.learned_b_shape": [
        256,
        512
    ],
    "layer2.0.downsample.0.learned_d": 256,
    "layer2.0.downsample.0.learned_m": 512,
    "layer2.0.downsample.0.learned_n": 12544,
    "layer2.0.downsample.0.mae": 0.5404904090118409,
    "layer2.0.downsample.0.mape": 0.24133876052856446,
    "layer2.0.downsample.0.mse": 0.625465210723877,
    "layer2.0.downsample.0.rows": 16,
    "layer2.0.downsample.0.scaled_error": 0.027230544271469117,
    "layer2.0.downsample.0.scaled_shift": -0.0013000501441955566,
    "layer2.0.downsample.0.stored_array_size": 32,
    "top_1_accuracy": 0.7523199915885925,
    "top_5_accuracy": 0.9274999499320984,
    "total_time": 196.1169039197266
}