{
    "halut_layers": "{\"layer4.0.conv1\": [64, 128, 16, 2]}",
    "layer4.0.conv1.C": 64,
    "layer4.0.conv1.H_size": 4,
    "layer4.0.conv1.K": 16,
    "layer4.0.conv1.L_size": 2097152,
    "layer4.0.conv1.encoding_algorithm": 2,
    "layer4.0.conv1.learned_a_shape": [
        25088,
        1024
    ],
    "layer4.0.conv1.learned_b_shape": [
        1024,
        512
    ],
    "layer4.0.conv1.learned_d": 1024,
    "layer4.0.conv1.learned_m": 512,
    "layer4.0.conv1.learned_n": 25088,
    "layer4.0.conv1.mae": 0.7513930475616455,
    "layer4.0.conv1.mape": 0.29682435173034666,
    "layer4.0.conv1.mse": 0.9592620515441894,
    "layer4.0.conv1.rows": 128,
    "layer4.0.conv1.scaled_error": 0.03493759495258331,
    "layer4.0.conv1.scaled_shift": -0.0006798967295709008,
    "layer4.0.conv1.stored_array_size": 32,
    "top_1_accuracy": 0.7738400101661682,
    "top_5_accuracy": 0.9386999607086182,
    "total_time": 148.8178373388946
}