{
    "halut_layers": "{\"layer4.2.conv3\": [32, 128, 32, 0]}",
    "layer4.2.conv3.C": 32,
    "layer4.2.conv3.H_size": 12160,
    "layer4.2.conv3.K": 32,
    "layer4.2.conv3.L_size": 8388608,
    "layer4.2.conv3.encoding_algorithm": 0,
    "layer4.2.conv3.learned_a_shape": [
        6272,
        512
    ],
    "layer4.2.conv3.learned_b_shape": [
        512,
        2048
    ],
    "layer4.2.conv3.learned_d": 512,
    "layer4.2.conv3.learned_m": 2048,
    "layer4.2.conv3.learned_n": 6272,
    "layer4.2.conv3.mae": 0.9140876133728028,
    "layer4.2.conv3.mape": 0.6965038903045654,
    "layer4.2.conv3.mse": 1.1676413334655762,
    "layer4.2.conv3.rows": 128,
    "layer4.2.conv3.scaled_error": 0.18044396337509155,
    "layer4.2.conv3.scaled_shift": -0.1684799257850647,
    "layer4.2.conv3.stored_array_size": 32,
    "top_1_accuracy": 0.6970399618148804,
    "top_5_accuracy": 0.8700000047683716,
    "total_time": 116.88667320366949
}