{
    "halut_layers": "{\"layer2.0.downsample.0\": [64, 4, 64, 2]}",
    "layer2.0.downsample.0.C": 64,
    "layer2.0.downsample.0.H_size": 4,
    "layer2.0.downsample.0.K": 64,
    "layer2.0.downsample.0.L_size": 8388608,
    "layer2.0.downsample.0.encoding_algorithm": 2,
    "layer2.0.downsample.0.learned_a_shape": [
        3136,
        256
    ],
    "layer2.0.downsample.0.learned_b_shape": [
        256,
        512
    ],
    "layer2.0.downsample.0.learned_d": 256,
    "layer2.0.downsample.0.learned_m": 512,
    "layer2.0.downsample.0.learned_n": 3136,
    "layer2.0.downsample.0.mae": 0.3638420663833618,
    "layer2.0.downsample.0.mape": 0.17022144351959229,
    "layer2.0.downsample.0.mse": 0.2523095739364624,
    "layer2.0.downsample.0.rows": 4,
    "layer2.0.downsample.0.scaled_error": 0.018344908514022828,
    "layer2.0.downsample.0.scaled_shift": 0.0002439773146994412,
    "layer2.0.downsample.0.stored_array_size": 32,
    "top_1_accuracy": 0.8008399605751038,
    "top_5_accuracy": 0.9519400000572205,
    "total_time": 327.972728677094
}