{
    "halut_layers": "{\"layer3.0.conv1\": [8, 16, 8, 0]}",
    "layer3.0.conv1.C": 8,
    "layer3.0.conv1.H_size": 672,
    "layer3.0.conv1.K": 8,
    "layer3.0.conv1.L_size": 65536,
    "layer3.0.conv1.encoding_algorithm": 0,
    "layer3.0.conv1.learned_a_shape": [
        12544,
        512
    ],
    "layer3.0.conv1.learned_b_shape": [
        512,
        256
    ],
    "layer3.0.conv1.learned_d": 512,
    "layer3.0.conv1.learned_m": 256,
    "layer3.0.conv1.learned_n": 12544,
    "layer3.0.conv1.mae": 2.6634138040161135,
    "layer3.0.conv1.mape": 0.9671017712402343,
    "layer3.0.conv1.mse": 11.745423303222656,
    "layer3.0.conv1.rows": 16,
    "layer3.0.conv1.scaled_error": 0.05427259114265442,
    "layer3.0.conv1.scaled_shift": -0.021495038707256317,
    "layer3.0.conv1.stored_array_size": 32,
    "top_1_accuracy": 0.25895997881889343,
    "top_5_accuracy": 0.46497997641563416,
    "total_time": 118.73544132523239
}