{
    "halut_layers": "{\"layer4.0.conv3\": [32, 32, 4, 2]}",
    "layer4.0.conv3.C": 32,
    "layer4.0.conv3.H_size": 4,
    "layer4.0.conv3.K": 4,
    "layer4.0.conv3.L_size": 1048576,
    "layer4.0.conv3.encoding_algorithm": 2,
    "layer4.0.conv3.learned_a_shape": [
        1568,
        512
    ],
    "layer4.0.conv3.learned_b_shape": [
        512,
        2048
    ],
    "layer4.0.conv3.learned_d": 512,
    "layer4.0.conv3.learned_m": 2048,
    "layer4.0.conv3.learned_n": 1568,
    "layer4.0.conv3.mae": 0.49220119483947755,
    "layer4.0.conv3.mape": 0.2783437424087524,
    "layer4.0.conv3.mse": 0.43100492820739744,
    "layer4.0.conv3.rows": 32,
    "layer4.0.conv3.scaled_error": 0.04334979814529419,
    "layer4.0.conv3.scaled_shift": 0.0031709392442367972,
    "layer4.0.conv3.stored_array_size": 32,
    "top_1_accuracy": 0.5490999817848206,
    "top_5_accuracy": 0.8011399507522583,
    "total_time": 125.67908229213208
}