{
    "halut_layers": "{\"layer4.0.conv1\": [16, 32, 24, 2]}",
    "layer4.0.conv1.C": 16,
    "layer4.0.conv1.H_size": 4,
    "layer4.0.conv1.K": 24,
    "layer4.0.conv1.L_size": 786432,
    "layer4.0.conv1.encoding_algorithm": 2,
    "layer4.0.conv1.learned_a_shape": [
        6272,
        1024
    ],
    "layer4.0.conv1.learned_b_shape": [
        1024,
        512
    ],
    "layer4.0.conv1.learned_d": 1024,
    "layer4.0.conv1.learned_m": 512,
    "layer4.0.conv1.learned_n": 6272,
    "layer4.0.conv1.mae": 1.0795625190734863,
    "layer4.0.conv1.mape": 0.41645579025268553,
    "layer4.0.conv1.mse": 1.9853755862426758,
    "layer4.0.conv1.rows": 32,
    "layer4.0.conv1.scaled_error": 0.05020227510452271,
    "layer4.0.conv1.scaled_shift": 0.000874137343657785,
    "layer4.0.conv1.stored_array_size": 32,
    "top_1_accuracy": 0.6715799570083618,
    "top_5_accuracy": 0.8887999653816223,
    "total_time": 145.0820980463177
}