{
    "halut_layers": "{\"layer3.3.conv3\": [8, 16, 32, 1]}",
    "layer3.3.conv3.C": 8,
    "layer3.3.conv3.H_size": 3072,
    "layer3.3.conv3.K": 32,
    "layer3.3.conv3.L_size": 1048576,
    "layer3.3.conv3.encoding_algorithm": 1,
    "layer3.3.conv3.learned_a_shape": [
        3136,
        256
    ],
    "layer3.3.conv3.learned_b_shape": [
        256,
        1024
    ],
    "layer3.3.conv3.learned_d": 256,
    "layer3.3.conv3.learned_m": 1024,
    "layer3.3.conv3.learned_n": 3136,
    "layer3.3.conv3.mae": 0.2715271078491211,
    "layer3.3.conv3.mape": 0.18424068771362304,
    "layer3.3.conv3.mse": 0.13071974456787108,
    "layer3.3.conv3.rows": 16,
    "layer3.3.conv3.scaled_error": 0.013878480861186981,
    "layer3.3.conv3.scaled_shift": 0.0003314367049356588,
    "layer3.3.conv3.stored_array_size": 32,
    "top_1_accuracy": 0.7913199663162231,
    "top_5_accuracy": 0.9459999799728394,
    "total_time": 116.44022629968822
}