{
    "halut_layers": "{\"layer4.0.conv3\": [32, 256, 24, 2]}",
    "layer4.0.conv3.C": 32,
    "layer4.0.conv3.H_size": 4,
    "layer4.0.conv3.K": 24,
    "layer4.0.conv3.L_size": 6291456,
    "layer4.0.conv3.encoding_algorithm": 2,
    "layer4.0.conv3.learned_a_shape": [
        12544,
        512
    ],
    "layer4.0.conv3.learned_b_shape": [
        512,
        2048
    ],
    "layer4.0.conv3.learned_d": 512,
    "layer4.0.conv3.learned_m": 2048,
    "layer4.0.conv3.learned_n": 12544,
    "layer4.0.conv3.mae": 0.3880852889633179,
    "layer4.0.conv3.mape": 0.22807257362365724,
    "layer4.0.conv3.mse": 0.266622558631897,
    "layer4.0.conv3.rows": 256,
    "layer4.0.conv3.scaled_error": 0.034177389788627624,
    "layer4.0.conv3.scaled_shift": -0.0022401517362892628,
    "layer4.0.conv3.stored_array_size": 32,
    "top_1_accuracy": 0.7523999810218811,
    "top_5_accuracy": 0.9268999695777893,
    "total_time": 142.2504902286455
}