{
    "halut_layers": "{\"layer4.2.conv3\": [64, 32, 12, 1]}",
    "layer4.2.conv3.C": 64,
    "layer4.2.conv3.H_size": 12288,
    "layer4.2.conv3.K": 12,
    "layer4.2.conv3.L_size": 6291456,
    "layer4.2.conv3.encoding_algorithm": 1,
    "layer4.2.conv3.learned_a_shape": [
        1568,
        512
    ],
    "layer4.2.conv3.learned_b_shape": [
        512,
        2048
    ],
    "layer4.2.conv3.learned_d": 512,
    "layer4.2.conv3.learned_m": 2048,
    "layer4.2.conv3.learned_n": 1568,
    "layer4.2.conv3.mae": 0.2345663321685791,
    "layer4.2.conv3.mape": 0.1524797985649109,
    "layer4.2.conv3.mse": 0.1221669509601593,
    "layer4.2.conv3.rows": 32,
    "layer4.2.conv3.scaled_error": 0.04601332516670227,
    "layer4.2.conv3.scaled_shift": 0.022620813533067705,
    "layer4.2.conv3.stored_array_size": 32,
    "top_1_accuracy": 0.7928000092506409,
    "top_5_accuracy": 0.9458999633789062,
    "total_time": 119.75445998925716
}