{
    "halut_layers": "{\"layer4.2.conv1\": [64, 64, 8, 2]}",
    "layer4.2.conv1.C": 64,
    "layer4.2.conv1.H_size": 4,
    "layer4.2.conv1.K": 8,
    "layer4.2.conv1.L_size": 1048576,
    "layer4.2.conv1.encoding_algorithm": 2,
    "layer4.2.conv1.learned_a_shape": [
        3136,
        2048
    ],
    "layer4.2.conv1.learned_b_shape": [
        2048,
        512
    ],
    "layer4.2.conv1.learned_d": 2048,
    "layer4.2.conv1.learned_m": 512,
    "layer4.2.conv1.learned_n": 3136,
    "layer4.2.conv1.mae": 0.814856863861084,
    "layer4.2.conv1.mape": 0.3355136782836914,
    "layer4.2.conv1.mse": 1.3341382626342773,
    "layer4.2.conv1.rows": 64,
    "layer4.2.conv1.scaled_error": 0.008400952949523926,
    "layer4.2.conv1.scaled_shift": 0.0009924469518792466,
    "layer4.2.conv1.stored_array_size": 32,
    "top_1_accuracy": 0.7807999849319458,
    "top_5_accuracy": 0.9396599531173706,
    "total_time": 119.24314294103533
}