{
    "halut_layers": "{\"layer3.5.conv2\": [16, 32, 24, 2]}",
    "layer3.5.conv2.C": 16,
    "layer3.5.conv2.H_size": 4,
    "layer3.5.conv2.K": 24,
    "layer3.5.conv2.L_size": 393216,
    "layer3.5.conv2.encoding_algorithm": 2,
    "layer3.5.conv2.learned_a_shape": [
        6272,
        2304
    ],
    "layer3.5.conv2.learned_b_shape": [
        2304,
        256
    ],
    "layer3.5.conv2.learned_d": 2304,
    "layer3.5.conv2.learned_m": 256,
    "layer3.5.conv2.learned_n": 6272,
    "layer3.5.conv2.mae": 0.7239626992797852,
    "layer3.5.conv2.mape": 0.34432159225463865,
    "layer3.5.conv2.mse": 0.9291903718566894,
    "layer3.5.conv2.rows": 32,
    "layer3.5.conv2.scaled_error": 0.05058293388366699,
    "layer3.5.conv2.scaled_shift": 0.003190605596844107,
    "layer3.5.conv2.stored_array_size": 32,
    "top_1_accuracy": 0.7887799739837646,
    "top_5_accuracy": 0.9447399973869324,
    "total_time": 144.07829145155847
}