{
    "halut_layers": "{\"layer1.0.conv2\": [8, 8, 64, 1]}",
    "layer1.0.conv2.C": 8,
    "layer1.0.conv2.H_size": 6144,
    "layer1.0.conv2.K": 64,
    "layer1.0.conv2.L_size": 131072,
    "layer1.0.conv2.encoding_algorithm": 1,
    "layer1.0.conv2.learned_a_shape": [
        25088,
        576
    ],
    "layer1.0.conv2.learned_b_shape": [
        576,
        64
    ],
    "layer1.0.conv2.learned_d": 576,
    "layer1.0.conv2.learned_m": 64,
    "layer1.0.conv2.learned_n": 25088,
    "layer1.0.conv2.mae": 1.3912429681396485,
    "layer1.0.conv2.mape": 0.328531887512207,
    "layer1.0.conv2.mse": 4.978931734619141,
    "layer1.0.conv2.rows": 8,
    "layer1.0.conv2.scaled_error": 0.028879688496589662,
    "layer1.0.conv2.scaled_shift": -0.000415763916056967,
    "layer1.0.conv2.stored_array_size": 32,
    "top_1_accuracy": 0.7706800103187561,
    "top_5_accuracy": 0.9368999600410461,
    "total_time": 124.37736368738115
}