{
    "halut_layers": "{\"layer3.5.conv2\": [8, 8, 16, 2]}",
    "layer3.5.conv2.C": 8,
    "layer3.5.conv2.H_size": 4,
    "layer3.5.conv2.K": 16,
    "layer3.5.conv2.L_size": 131072,
    "layer3.5.conv2.encoding_algorithm": 2,
    "layer3.5.conv2.learned_a_shape": [
        1568,
        2304
    ],
    "layer3.5.conv2.learned_b_shape": [
        2304,
        256
    ],
    "layer3.5.conv2.learned_d": 2304,
    "layer3.5.conv2.learned_m": 256,
    "layer3.5.conv2.learned_n": 1568,
    "layer3.5.conv2.mae": 0.8474002362060546,
    "layer3.5.conv2.mape": 0.3934545415878296,
    "layer3.5.conv2.mse": 1.2647353408813478,
    "layer3.5.conv2.rows": 8,
    "layer3.5.conv2.scaled_error": 0.05918843564033508,
    "layer3.5.conv2.scaled_shift": 0.006076862679980696,
    "layer3.5.conv2.stored_array_size": 32,
    "top_1_accuracy": 0.7814199924468994,
    "top_5_accuracy": 0.9414799809455872,
    "total_time": 92.29166017845273
}