{
    "halut_layers": "{\"layer3.5.conv2\": [8, 64, 64, 2]}",
    "layer3.5.conv2.C": 8,
    "layer3.5.conv2.H_size": 4,
    "layer3.5.conv2.K": 64,
    "layer3.5.conv2.L_size": 524288,
    "layer3.5.conv2.encoding_algorithm": 2,
    "layer3.5.conv2.learned_a_shape": [
        12544,
        2304
    ],
    "layer3.5.conv2.learned_b_shape": [
        2304,
        256
    ],
    "layer3.5.conv2.learned_d": 2304,
    "layer3.5.conv2.learned_m": 256,
    "layer3.5.conv2.learned_n": 12544,
    "layer3.5.conv2.mae": 0.7262354380035401,
    "layer3.5.conv2.mape": 0.34340835346221926,
    "layer3.5.conv2.mse": 0.9384665449523926,
    "layer3.5.conv2.rows": 64,
    "layer3.5.conv2.scaled_error": 0.05074017436027527,
    "layer3.5.conv2.scaled_shift": 0.003261685937505681,
    "layer3.5.conv2.stored_array_size": 32,
    "top_1_accuracy": 0.7878599762916565,
    "top_5_accuracy": 0.944379985332489,
    "total_time": 119.35785430110991
}