{
    "halut_layers": "{\"layer3.0.conv3\": [8, 8, 32, 0]}",
    "layer3.0.conv3.C": 8,
    "layer3.0.conv3.H_size": 3040,
    "layer3.0.conv3.K": 32,
    "layer3.0.conv3.L_size": 1048576,
    "layer3.0.conv3.encoding_algorithm": 0,
    "layer3.0.conv3.learned_a_shape": [
        1568,
        256
    ],
    "layer3.0.conv3.learned_b_shape": [
        256,
        1024
    ],
    "layer3.0.conv3.learned_d": 256,
    "layer3.0.conv3.learned_m": 1024,
    "layer3.0.conv3.learned_n": 1568,
    "layer3.0.conv3.mae": 1.2751930416870116,
    "layer3.0.conv3.mape": 0.6715246364593506,
    "layer3.0.conv3.mse": 2.741434666748047,
    "layer3.0.conv3.rows": 8,
    "layer3.0.conv3.scaled_error": 0.08952293621063233,
    "layer3.0.conv3.scaled_shift": 0.0034554700692743063,
    "layer3.0.conv3.stored_array_size": 32,
    "top_1_accuracy": 0.008719999343156815,
    "top_5_accuracy": 0.03099999949336052,
    "total_time": 117.7638985849917
}