{
    "halut_layers": "{\"layer3.0.conv3\": [64, 32, 24, 2]}",
    "layer3.0.conv3.C": 64,
    "layer3.0.conv3.H_size": 4,
    "layer3.0.conv3.K": 24,
    "layer3.0.conv3.L_size": 6291456,
    "layer3.0.conv3.encoding_algorithm": 2,
    "layer3.0.conv3.learned_a_shape": [
        6272,
        256
    ],
    "layer3.0.conv3.learned_b_shape": [
        256,
        1024
    ],
    "layer3.0.conv3.learned_d": 256,
    "layer3.0.conv3.learned_m": 1024,
    "layer3.0.conv3.learned_n": 6272,
    "layer3.0.conv3.mae": 0.30462510372161866,
    "layer3.0.conv3.mape": 0.1609821219444275,
    "layer3.0.conv3.mse": 0.16461530612945557,
    "layer3.0.conv3.rows": 32,
    "layer3.0.conv3.scaled_error": 0.021359313824176787,
    "layer3.0.conv3.scaled_shift": -0.0005507661218196153,
    "layer3.0.conv3.stored_array_size": 32,
    "top_1_accuracy": 0.8027999997138977,
    "top_5_accuracy": 0.9519599676132202,
    "total_time": 198.0040886644274
}