{
    "halut_layers": "{\"layer2.0.conv1\": [64, 8, 24, 1]}",
    "layer2.0.conv1.C": 64,
    "layer2.0.conv1.H_size": 24576,
    "layer2.0.conv1.K": 24,
    "layer2.0.conv1.L_size": 786432,
    "layer2.0.conv1.encoding_algorithm": 1,
    "layer2.0.conv1.learned_a_shape": [
        25088,
        256
    ],
    "layer2.0.conv1.learned_b_shape": [
        256,
        128
    ],
    "layer2.0.conv1.learned_d": 256,
    "layer2.0.conv1.learned_m": 128,
    "layer2.0.conv1.learned_n": 25088,
    "layer2.0.conv1.mae": 0.7974069770812988,
    "layer2.0.conv1.mape": 0.2916437490463257,
    "layer2.0.conv1.mse": 1.139184796447754,
    "layer2.0.conv1.rows": 8,
    "layer2.0.conv1.scaled_error": 0.019690084764957427,
    "layer2.0.conv1.scaled_shift": 0.00018165184752608183,
    "layer2.0.conv1.stored_array_size": 32,
    "top_1_accuracy": 0.798039972782135,
    "top_5_accuracy": 0.9490199685096741,
    "total_time": 193.63100037164986
}