{
    "halut_layers": "{\"layer2.0.conv2\": [16, 16, 16, 2]}",
    "layer2.0.conv2.C": 16,
    "layer2.0.conv2.H_size": 4,
    "layer2.0.conv2.K": 16,
    "layer2.0.conv2.L_size": 131072,
    "layer2.0.conv2.encoding_algorithm": 2,
    "layer2.0.conv2.learned_a_shape": [
        12544,
        1152
    ],
    "layer2.0.conv2.learned_b_shape": [
        1152,
        128
    ],
    "layer2.0.conv2.learned_d": 1152,
    "layer2.0.conv2.learned_m": 128,
    "layer2.0.conv2.learned_n": 12544,
    "layer2.0.conv2.mae": 1.7030344110107423,
    "layer2.0.conv2.mape": 0.5437736309814453,
    "layer2.0.conv2.mse": 5.115006352539062,
    "layer2.0.conv2.rows": 16,
    "layer2.0.conv2.scaled_error": 0.038082629380226135,
    "layer2.0.conv2.scaled_shift": -0.0007936507529672235,
    "layer2.0.conv2.stored_array_size": 32,
    "top_1_accuracy": 0.7539199590682983,
    "top_5_accuracy": 0.9242199659347534,
    "total_time": 118.7241114154458
}