{
    "halut_layers": "{\"layer4.0.conv2\": [8, 32, 8, 1]}",
    "layer4.0.conv2.C": 8,
    "layer4.0.conv2.H_size": 768,
    "layer4.0.conv2.K": 8,
    "layer4.0.conv2.L_size": 131072,
    "layer4.0.conv2.encoding_algorithm": 1,
    "layer4.0.conv2.learned_a_shape": [
        1568,
        4608
    ],
    "layer4.0.conv2.learned_b_shape": [
        4608,
        512
    ],
    "layer4.0.conv2.learned_d": 4608,
    "layer4.0.conv2.learned_m": 512,
    "layer4.0.conv2.learned_n": 1568,
    "layer4.0.conv2.mae": 1.178903314819336,
    "layer4.0.conv2.mape": 0.4816136811065674,
    "layer4.0.conv2.mse": 2.5038294506835936,
    "layer4.0.conv2.rows": 32,
    "layer4.0.conv2.scaled_error": 0.07472656456947327,
    "layer4.0.conv2.scaled_shift": 0.008646152318939566,
    "layer4.0.conv2.stored_array_size": 32,
    "top_1_accuracy": 0.5273199677467346,
    "top_5_accuracy": 0.797819972038269,
    "total_time": 102.48640579357743
}