{
    "halut_layers": "{\"layer3.0.conv3\": [16, 64, 32, 2]}",
    "layer3.0.conv3.C": 16,
    "layer3.0.conv3.H_size": 4,
    "layer3.0.conv3.K": 32,
    "layer3.0.conv3.L_size": 2097152,
    "layer3.0.conv3.encoding_algorithm": 2,
    "layer3.0.conv3.learned_a_shape": [
        12544,
        256
    ],
    "layer3.0.conv3.learned_b_shape": [
        256,
        1024
    ],
    "layer3.0.conv3.learned_d": 256,
    "layer3.0.conv3.learned_m": 1024,
    "layer3.0.conv3.learned_n": 12544,
    "layer3.0.conv3.mae": 0.4672581628417969,
    "layer3.0.conv3.mape": 0.23906002025604248,
    "layer3.0.conv3.mse": 0.4026575478363037,
    "layer3.0.conv3.rows": 64,
    "layer3.0.conv3.scaled_error": 0.03276602045059204,
    "layer3.0.conv3.scaled_shift": 0.00013191854521835922,
    "layer3.0.conv3.stored_array_size": 32,
    "top_1_accuracy": 0.7699999809265137,
    "top_5_accuracy": 0.9350399971008301,
    "total_time": 161.39393659308553
}