{
    "halut_layers": "{\"layer3.5.conv2\": [16, 64, 32, 2]}",
    "layer3.5.conv2.C": 16,
    "layer3.5.conv2.H_size": 4,
    "layer3.5.conv2.K": 32,
    "layer3.5.conv2.L_size": 524288,
    "layer3.5.conv2.encoding_algorithm": 2,
    "layer3.5.conv2.learned_a_shape": [
        12544,
        2304
    ],
    "layer3.5.conv2.learned_b_shape": [
        2304,
        256
    ],
    "layer3.5.conv2.learned_d": 2304,
    "layer3.5.conv2.learned_m": 256,
    "layer3.5.conv2.learned_n": 12544,
    "layer3.5.conv2.mae": 0.6777919576263428,
    "layer3.5.conv2.mape": 0.32419749786376956,
    "layer3.5.conv2.mse": 0.8183044409942627,
    "layer3.5.conv2.rows": 64,
    "layer3.5.conv2.scaled_error": 0.047351922912597655,
    "layer3.5.conv2.scaled_shift": 0.0018868744208663702,
    "layer3.5.conv2.stored_array_size": 32,
    "top_1_accuracy": 0.7900999784469604,
    "top_5_accuracy": 0.9462599754333496,
    "total_time": 153.22683491185308
}