{
    "halut_layers": "{\"layer2.0.conv1\": [64, 4, 8, 1]}",
    "layer2.0.conv1.C": 64,
    "layer2.0.conv1.H_size": 6144,
    "layer2.0.conv1.K": 8,
    "layer2.0.conv1.L_size": 262144,
    "layer2.0.conv1.encoding_algorithm": 1,
    "layer2.0.conv1.learned_a_shape": [
        12544,
        256
    ],
    "layer2.0.conv1.learned_b_shape": [
        256,
        128
    ],
    "layer2.0.conv1.learned_d": 256,
    "layer2.0.conv1.learned_m": 128,
    "layer2.0.conv1.learned_n": 12544,
    "layer2.0.conv1.mae": 0.9375929396057129,
    "layer2.0.conv1.mape": 0.3424093211746216,
    "layer2.0.conv1.mse": 1.540007416229248,
    "layer2.0.conv1.rows": 4,
    "layer2.0.conv1.scaled_error": 0.02315144874572754,
    "layer2.0.conv1.scaled_shift": 0.0006824415837314154,
    "layer2.0.conv1.stored_array_size": 32,
    "top_1_accuracy": 0.7908999919891357,
    "top_5_accuracy": 0.9456599950790405,
    "total_time": 173.3432743884623
}