{
    "halut_layers": "{\"layer4.2.conv3\": [16, 128, 8, 1]}",
    "layer4.2.conv3.C": 16,
    "layer4.2.conv3.H_size": 1536,
    "layer4.2.conv3.K": 8,
    "layer4.2.conv3.L_size": 1048576,
    "layer4.2.conv3.encoding_algorithm": 1,
    "layer4.2.conv3.learned_a_shape": [
        6272,
        512
    ],
    "layer4.2.conv3.learned_b_shape": [
        512,
        2048
    ],
    "layer4.2.conv3.learned_d": 512,
    "layer4.2.conv3.learned_m": 2048,
    "layer4.2.conv3.learned_n": 6272,
    "layer4.2.conv3.mae": 0.2430405924987793,
    "layer4.2.conv3.mape": 0.15462308961868287,
    "layer4.2.conv3.mse": 0.12939194526672362,
    "layer4.2.conv3.rows": 128,
    "layer4.2.conv3.scaled_error": 0.04763697069168091,
    "layer4.2.conv3.scaled_shift": 0.026079944203652557,
    "layer4.2.conv3.stored_array_size": 32,
    "top_1_accuracy": 0.7892000079154968,
    "top_5_accuracy": 0.9447199702262878,
    "total_time": 114.46110869757831
}