{
    "halut_layers": "{\"layer3.3.conv3\": [16, 8, 32, 2]}",
    "layer3.3.conv3.C": 16,
    "layer3.3.conv3.H_size": 4,
    "layer3.3.conv3.K": 32,
    "layer3.3.conv3.L_size": 2097152,
    "layer3.3.conv3.encoding_algorithm": 2,
    "layer3.3.conv3.learned_a_shape": [
        1568,
        256
    ],
    "layer3.3.conv3.learned_b_shape": [
        256,
        1024
    ],
    "layer3.3.conv3.learned_d": 256,
    "layer3.3.conv3.learned_m": 1024,
    "layer3.3.conv3.learned_n": 1568,
    "layer3.3.conv3.mae": 0.22370726638793945,
    "layer3.3.conv3.mape": 0.15592263568878173,
    "layer3.3.conv3.mse": 0.08722502012252807,
    "layer3.3.conv3.rows": 8,
    "layer3.3.conv3.scaled_error": 0.011431496922969818,
    "layer3.3.conv3.scaled_shift": 0.0004992740906937979,
    "layer3.3.conv3.stored_array_size": 32,
    "top_1_accuracy": 0.8008599877357483,
    "top_5_accuracy": 0.9510599970817566,
    "total_time": 154.42290417663753
}