{
    "halut_layers": "{\"layer2.0.downsample.0\": [32, 4, 32, 0]}",
    "layer2.0.downsample.0.C": 32,
    "layer2.0.downsample.0.H_size": 12160,
    "layer2.0.downsample.0.K": 32,
    "layer2.0.downsample.0.L_size": 2097152,
    "layer2.0.downsample.0.encoding_algorithm": 0,
    "layer2.0.downsample.0.learned_a_shape": [
        3136,
        256
    ],
    "layer2.0.downsample.0.learned_b_shape": [
        256,
        512
    ],
    "layer2.0.downsample.0.learned_d": 256,
    "layer2.0.downsample.0.learned_m": 512,
    "layer2.0.downsample.0.learned_n": 3136,
    "layer2.0.downsample.0.mae": 2.17739869720459,
    "layer2.0.downsample.0.mape": 1.0148834979248047,
    "layer2.0.downsample.0.mse": 8.706362963867187,
    "layer2.0.downsample.0.rows": 4,
    "layer2.0.downsample.0.scaled_error": 0.1098682373046875,
    "layer2.0.downsample.0.scaled_shift": -0.02168146412849426,
    "layer2.0.downsample.0.stored_array_size": 32,
    "top_1_accuracy": 0.05381999909877777,
    "top_5_accuracy": 0.12663999199867249,
    "total_time": 170.51919116079807
}