{
    "halut_layers": "{\"layer3.5.conv1\": [8, 16, 8, 0]}",
    "layer3.5.conv1.C": 8,
    "layer3.5.conv1.H_size": 672,
    "layer3.5.conv1.K": 8,
    "layer3.5.conv1.L_size": 65536,
    "layer3.5.conv1.encoding_algorithm": 0,
    "layer3.5.conv1.learned_a_shape": [
        3136,
        1024
    ],
    "layer3.5.conv1.learned_b_shape": [
        1024,
        256
    ],
    "layer3.5.conv1.learned_d": 1024,
    "layer3.5.conv1.learned_m": 256,
    "layer3.5.conv1.learned_n": 3136,
    "layer3.5.conv1.mae": 2.0389064987182617,
    "layer3.5.conv1.mape": 0.8604440846252441,
    "layer3.5.conv1.mse": 6.819520482177734,
    "layer3.5.conv1.rows": 16,
    "layer3.5.conv1.scaled_error": 0.07111720530509949,
    "layer3.5.conv1.scaled_shift": -0.018525752782821654,
    "layer3.5.conv1.stored_array_size": 32,
    "top_1_accuracy": 0.7571199536323547,
    "top_5_accuracy": 0.9296999573707581,
    "total_time": 83.02003203704953
}