{
    "halut_layers": "{\"layer3.0.conv3\": [8, 8, 12, 1]}",
    "layer3.0.conv3.C": 8,
    "layer3.0.conv3.H_size": 1536,
    "layer3.0.conv3.K": 12,
    "layer3.0.conv3.L_size": 393216,
    "layer3.0.conv3.encoding_algorithm": 1,
    "layer3.0.conv3.learned_a_shape": [
        1568,
        256
    ],
    "layer3.0.conv3.learned_b_shape": [
        256,
        1024
    ],
    "layer3.0.conv3.learned_d": 256,
    "layer3.0.conv3.learned_m": 1024,
    "layer3.0.conv3.learned_n": 1568,
    "layer3.0.conv3.mae": 0.6291818244934082,
    "layer3.0.conv3.mape": 0.3120559589767456,
    "layer3.0.conv3.mse": 0.7252166932678222,
    "layer3.0.conv3.rows": 8,
    "layer3.0.conv3.scaled_error": 0.044094510650634765,
    "layer3.0.conv3.scaled_shift": 0.0027724909755494445,
    "layer3.0.conv3.stored_array_size": 32,
    "top_1_accuracy": 0.5672599673271179,
    "top_5_accuracy": 0.7968800067901611,
    "total_time": 119.18199816346169
}