{
    "halut_layers": "{\"layer4.0.conv2\": [64, 128, 8, 1]}",
    "layer4.0.conv2.C": 64,
    "layer4.0.conv2.H_size": 6144,
    "layer4.0.conv2.K": 8,
    "layer4.0.conv2.L_size": 1048576,
    "layer4.0.conv2.encoding_algorithm": 1,
    "layer4.0.conv2.learned_a_shape": [
        6272,
        4608
    ],
    "layer4.0.conv2.learned_b_shape": [
        4608,
        512
    ],
    "layer4.0.conv2.learned_d": 4608,
    "layer4.0.conv2.learned_m": 512,
    "layer4.0.conv2.learned_n": 6272,
    "layer4.0.conv2.mae": 1.0580737040710448,
    "layer4.0.conv2.mape": 0.4489496413421631,
    "layer4.0.conv2.mse": 2.02688900390625,
    "layer4.0.conv2.rows": 128,
    "layer4.0.conv2.scaled_error": 0.06706889065742493,
    "layer4.0.conv2.scaled_shift": 0.005319759641335259,
    "layer4.0.conv2.stored_array_size": 32,
    "top_1_accuracy": 0.6183199882507324,
    "top_5_accuracy": 0.8616600036621094,
    "total_time": 100.5812917239964
}