{
    "halut_layers": "{\"layer4.0.conv2\": [64, 32, 16, 2]}",
    "layer4.0.conv2.C": 64,
    "layer4.0.conv2.H_size": 4,
    "layer4.0.conv2.K": 16,
    "layer4.0.conv2.L_size": 2097152,
    "layer4.0.conv2.encoding_algorithm": 2,
    "layer4.0.conv2.learned_a_shape": [
        1568,
        4608
    ],
    "layer4.0.conv2.learned_b_shape": [
        4608,
        512
    ],
    "layer4.0.conv2.learned_d": 4608,
    "layer4.0.conv2.learned_m": 512,
    "layer4.0.conv2.learned_n": 1568,
    "layer4.0.conv2.mae": 1.0877110162353516,
    "layer4.0.conv2.mape": 0.5022792958068848,
    "layer4.0.conv2.mse": 2.0863849432373045,
    "layer4.0.conv2.rows": 32,
    "layer4.0.conv2.scaled_error": 0.06895598658561707,
    "layer4.0.conv2.scaled_shift": 0.004911859685480594,
    "layer4.0.conv2.stored_array_size": 32,
    "top_1_accuracy": 0.7112799882888794,
    "top_5_accuracy": 0.9114999771118164,
    "total_time": 129.96336797624826
}