{
    "halut_layers": "{\"layer4.0.conv3\": [64, 128, 32, 1]}",
    "layer4.0.conv3.C": 64,
    "layer4.0.conv3.H_size": 24576,
    "layer4.0.conv3.K": 32,
    "layer4.0.conv3.L_size": 16777216,
    "layer4.0.conv3.encoding_algorithm": 1,
    "layer4.0.conv3.learned_a_shape": [
        6272,
        512
    ],
    "layer4.0.conv3.learned_b_shape": [
        512,
        2048
    ],
    "layer4.0.conv3.learned_d": 512,
    "layer4.0.conv3.learned_m": 2048,
    "layer4.0.conv3.learned_n": 6272,
    "layer4.0.conv3.mae": 0.3875401337051392,
    "layer4.0.conv3.mape": 0.2247327119064331,
    "layer4.0.conv3.mse": 0.267772240486145,
    "layer4.0.conv3.rows": 128,
    "layer4.0.conv3.scaled_error": 0.034130559945106505,
    "layer4.0.conv3.scaled_shift": 0.0028025503513574948,
    "layer4.0.conv3.stored_array_size": 32,
    "top_1_accuracy": 0.7587199807167053,
    "top_5_accuracy": 0.9315999746322632,
    "total_time": 129.31173931341618
}