{
    "halut_layers": "{\"layer2.0.downsample.0\": [8, 8, 8, 2]}",
    "layer2.0.downsample.0.C": 8,
    "layer2.0.downsample.0.H_size": 4,
    "layer2.0.downsample.0.K": 8,
    "layer2.0.downsample.0.L_size": 131072,
    "layer2.0.downsample.0.encoding_algorithm": 2,
    "layer2.0.downsample.0.learned_a_shape": [
        6272,
        256
    ],
    "layer2.0.downsample.0.learned_b_shape": [
        256,
        512
    ],
    "layer2.0.downsample.0.learned_d": 256,
    "layer2.0.downsample.0.learned_m": 512,
    "layer2.0.downsample.0.learned_n": 6272,
    "layer2.0.downsample.0.mae": 0.7708405883026123,
    "layer2.0.downsample.0.mape": 0.33176252326965333,
    "layer2.0.downsample.0.mse": 1.2623252400207519,
    "layer2.0.downsample.0.rows": 8,
    "layer2.0.downsample.0.scaled_error": 0.03882678045749664,
    "layer2.0.downsample.0.scaled_shift": -0.0007040877073070078,
    "layer2.0.downsample.0.stored_array_size": 32,
    "top_1_accuracy": 0.5926600098609924,
    "top_5_accuracy": 0.8255800008773804,
    "total_time": 163.2306617628783
}