{
    "halut_layers": "{\"layer4.1.conv1\": [32, 32, 32, 1]}",
    "layer4.1.conv1.C": 32,
    "layer4.1.conv1.H_size": 12288,
    "layer4.1.conv1.K": 32,
    "layer4.1.conv1.L_size": 2097152,
    "layer4.1.conv1.encoding_algorithm": 1,
    "layer4.1.conv1.learned_a_shape": [
        1568,
        2048
    ],
    "layer4.1.conv1.learned_b_shape": [
        2048,
        512
    ],
    "layer4.1.conv1.learned_d": 2048,
    "layer4.1.conv1.learned_m": 512,
    "layer4.1.conv1.learned_n": 1568,
    "layer4.1.conv1.mae": 1.2896824130249023,
    "layer4.1.conv1.mape": 0.47197654876708983,
    "layer4.1.conv1.mse": 3.087973161315918,
    "layer4.1.conv1.rows": 32,
    "layer4.1.conv1.scaled_error": 0.018535415511131286,
    "layer4.1.conv1.scaled_shift": 0.003213202057778835,
    "layer4.1.conv1.stored_array_size": 32,
    "top_1_accuracy": 0.7281799912452698,
    "top_5_accuracy": 0.9151399731636047,
    "total_time": 101.43075587972999
}