{
    "halut_layers": "{\"layer4.0.conv3\": [64, 32, 16, 1]}",
    "layer4.0.conv3.C": 64,
    "layer4.0.conv3.H_size": 12288,
    "layer4.0.conv3.K": 16,
    "layer4.0.conv3.L_size": 8388608,
    "layer4.0.conv3.encoding_algorithm": 1,
    "layer4.0.conv3.learned_a_shape": [
        1568,
        512
    ],
    "layer4.0.conv3.learned_b_shape": [
        512,
        2048
    ],
    "layer4.0.conv3.learned_d": 512,
    "layer4.0.conv3.learned_m": 2048,
    "layer4.0.conv3.learned_n": 1568,
    "layer4.0.conv3.mae": 0.4756370957183838,
    "layer4.0.conv3.mape": 0.2758769025802612,
    "layer4.0.conv3.mse": 0.3937029331207275,
    "layer4.0.conv3.rows": 32,
    "layer4.0.conv3.scaled_error": 0.041895131340026856,
    "layer4.0.conv3.scaled_shift": 0.0046639435920119285,
    "layer4.0.conv3.stored_array_size": 32,
    "top_1_accuracy": 0.728879988193512,
    "top_5_accuracy": 0.9166799783706665,
    "total_time": 123.40308720897883
}