{
    "halut_layers": "{\"layer1.0.conv2\": [16, 32, 32, 2]}",
    "layer1.0.conv2.C": 16,
    "layer1.0.conv2.H_size": 4,
    "layer1.0.conv2.K": 32,
    "layer1.0.conv2.L_size": 131072,
    "layer1.0.conv2.encoding_algorithm": 2,
    "layer1.0.conv2.learned_a_shape": [
        100352,
        576
    ],
    "layer1.0.conv2.learned_b_shape": [
        576,
        64
    ],
    "layer1.0.conv2.learned_d": 576,
    "layer1.0.conv2.learned_m": 64,
    "layer1.0.conv2.learned_n": 100352,
    "layer1.0.conv2.mae": 1.3873996250915528,
    "layer1.0.conv2.mape": 0.3231807745742798,
    "layer1.0.conv2.mse": 4.690273953857422,
    "layer1.0.conv2.rows": 32,
    "layer1.0.conv2.scaled_error": 0.028821222319602966,
    "layer1.0.conv2.scaled_shift": -0.0004002591283025686,
    "layer1.0.conv2.stored_array_size": 32,
    "top_1_accuracy": 0.7580599784851074,
    "top_5_accuracy": 0.9262199997901917,
    "total_time": 247.2548730932176
}