{
    "halut_layers": "{\"layer2.3.conv3\": [8, 16, 16, 1]}",
    "layer2.3.conv3.C": 8,
    "layer2.3.conv3.H_size": 1536,
    "layer2.3.conv3.K": 16,
    "layer2.3.conv3.L_size": 262144,
    "layer2.3.conv3.encoding_algorithm": 1,
    "layer2.3.conv3.learned_a_shape": [
        12544,
        128
    ],
    "layer2.3.conv3.learned_b_shape": [
        128,
        512
    ],
    "layer2.3.conv3.learned_d": 128,
    "layer2.3.conv3.learned_m": 512,
    "layer2.3.conv3.learned_n": 12544,
    "layer2.3.conv3.mae": 0.3210432509994507,
    "layer2.3.conv3.mape": 0.18811085075378417,
    "layer2.3.conv3.mse": 0.20530076717376708,
    "layer2.3.conv3.rows": 16,
    "layer2.3.conv3.scaled_error": 0.019221489186286925,
    "layer2.3.conv3.scaled_shift": -1.588602257866569e-05,
    "layer2.3.conv3.stored_array_size": 32,
    "top_1_accuracy": 0.78711998462677,
    "top_5_accuracy": 0.9435999989509583,
    "total_time": 161.82802350074053
}