{
    "halut_layers": "{\"layer4.2.conv1\": [64, 32, 8, 0]}",
    "layer4.2.conv1.C": 64,
    "layer4.2.conv1.H_size": 5376,
    "layer4.2.conv1.K": 8,
    "layer4.2.conv1.L_size": 1048576,
    "layer4.2.conv1.encoding_algorithm": 0,
    "layer4.2.conv1.learned_a_shape": [
        1568,
        2048
    ],
    "layer4.2.conv1.learned_b_shape": [
        2048,
        512
    ],
    "layer4.2.conv1.learned_d": 2048,
    "layer4.2.conv1.learned_m": 512,
    "layer4.2.conv1.learned_n": 1568,
    "layer4.2.conv1.mae": 4.67673848449707,
    "layer4.2.conv1.mape": 2.3325849948120116,
    "layer4.2.conv1.mse": 31.226320424804687,
    "layer4.2.conv1.rows": 32,
    "layer4.2.conv1.scaled_error": 0.04817899990081787,
    "layer4.2.conv1.scaled_shift": -0.0415585786485672,
    "layer4.2.conv1.stored_array_size": 32,
    "top_1_accuracy": 0.7530199885368347,
    "top_5_accuracy": 0.9191399812698364,
    "total_time": 101.42594640981406
}