{
    "halut_layers": "{\"layer3.3.conv3\": [16, 32, 8, 0]}",
    "layer3.3.conv3.C": 16,
    "layer3.3.conv3.H_size": 1344,
    "layer3.3.conv3.K": 8,
    "layer3.3.conv3.L_size": 524288,
    "layer3.3.conv3.encoding_algorithm": 0,
    "layer3.3.conv3.learned_a_shape": [
        6272,
        256
    ],
    "layer3.3.conv3.learned_b_shape": [
        256,
        1024
    ],
    "layer3.3.conv3.learned_d": 256,
    "layer3.3.conv3.learned_m": 1024,
    "layer3.3.conv3.learned_n": 6272,
    "layer3.3.conv3.mae": 0.7467971338653564,
    "layer3.3.conv3.mape": 0.5345438915252686,
    "layer3.3.conv3.mse": 1.151301297607422,
    "layer3.3.conv3.rows": 32,
    "layer3.3.conv3.scaled_error": 0.03816401407241821,
    "layer3.3.conv3.scaled_shift": -0.017755787732601166,
    "layer3.3.conv3.stored_array_size": 32,
    "top_1_accuracy": 0.2794399857521057,
    "top_5_accuracy": 0.4783799946308136,
    "total_time": 140.6356436945498
}