{
    "halut_layers": "{\"layer1.1.conv3\": [8, 4, 16, 2]}",
    "layer1.1.conv3.C": 8,
    "layer1.1.conv3.H_size": 4,
    "layer1.1.conv3.K": 16,
    "layer1.1.conv3.L_size": 131072,
    "layer1.1.conv3.encoding_algorithm": 2,
    "layer1.1.conv3.learned_a_shape": [
        12544,
        64
    ],
    "layer1.1.conv3.learned_b_shape": [
        64,
        256
    ],
    "layer1.1.conv3.learned_d": 64,
    "layer1.1.conv3.learned_m": 256,
    "layer1.1.conv3.learned_n": 12544,
    "layer1.1.conv3.mae": 0.41999806838989256,
    "layer1.1.conv3.mape": 0.19074804615020752,
    "layer1.1.conv3.mse": 0.35341961097717284,
    "layer1.1.conv3.rows": 4,
    "layer1.1.conv3.scaled_error": 0.024584457955360413,
    "layer1.1.conv3.scaled_shift": -0.00088427726930473,
    "layer1.1.conv3.stored_array_size": 32,
    "top_1_accuracy": 0.7966199517250061,
    "top_5_accuracy": 0.9487999677658081,
    "total_time": 264.6174159683287
}