{
    "halut_layers": "{\"layer2.0.conv1\": [8, 8, 16, 2]}",
    "layer2.0.conv1.C": 8,
    "layer2.0.conv1.H_size": 4,
    "layer2.0.conv1.K": 16,
    "layer2.0.conv1.L_size": 65536,
    "layer2.0.conv1.encoding_algorithm": 2,
    "layer2.0.conv1.learned_a_shape": [
        25088,
        256
    ],
    "layer2.0.conv1.learned_b_shape": [
        256,
        128
    ],
    "layer2.0.conv1.learned_d": 256,
    "layer2.0.conv1.learned_m": 128,
    "layer2.0.conv1.learned_n": 25088,
    "layer2.0.conv1.mae": 1.370431891784668,
    "layer2.0.conv1.mape": 0.4778174569702148,
    "layer2.0.conv1.mse": 3.264634157714844,
    "layer2.0.conv1.rows": 8,
    "layer2.0.conv1.scaled_error": 0.03386985714912415,
    "layer2.0.conv1.scaled_shift": 0.0006014054090122227,
    "layer2.0.conv1.stored_array_size": 32,
    "top_1_accuracy": 0.7251399755477905,
    "top_5_accuracy": 0.911080002784729,
    "total_time": 196.35544276237488
}