{
    "halut_layers": "{\"layer4.2.conv3\": [16, 128, 16, 0]}",
    "layer4.2.conv3.C": 16,
    "layer4.2.conv3.H_size": 2816,
    "layer4.2.conv3.K": 16,
    "layer4.2.conv3.L_size": 2097152,
    "layer4.2.conv3.encoding_algorithm": 0,
    "layer4.2.conv3.learned_a_shape": [
        6272,
        512
    ],
    "layer4.2.conv3.learned_b_shape": [
        512,
        2048
    ],
    "layer4.2.conv3.learned_d": 512,
    "layer4.2.conv3.learned_m": 2048,
    "layer4.2.conv3.learned_n": 6272,
    "layer4.2.conv3.mae": 0.24328590106964113,
    "layer4.2.conv3.mape": 0.15430922719955445,
    "layer4.2.conv3.mse": 0.13086860857009888,
    "layer4.2.conv3.rows": 128,
    "layer4.2.conv3.scaled_error": 0.04770238443851471,
    "layer4.2.conv3.scaled_shift": 0.02859110888584517,
    "layer4.2.conv3.stored_array_size": 32,
    "top_1_accuracy": 0.7897399663925171,
    "top_5_accuracy": 0.9452399611473083,
    "total_time": 114.5305488537997
}