{
    "halut_layers": "{\"layer2.0.conv2\": [64, 16, 12, 1]}",
    "layer2.0.conv2.C": 64,
    "layer2.0.conv2.H_size": 12288,
    "layer2.0.conv2.K": 12,
    "layer2.0.conv2.L_size": 393216,
    "layer2.0.conv2.encoding_algorithm": 1,
    "layer2.0.conv2.learned_a_shape": [
        12544,
        1152
    ],
    "layer2.0.conv2.learned_b_shape": [
        1152,
        128
    ],
    "layer2.0.conv2.learned_d": 1152,
    "layer2.0.conv2.learned_m": 128,
    "layer2.0.conv2.learned_n": 12544,
    "layer2.0.conv2.mae": 1.6641042205810548,
    "layer2.0.conv2.mape": 0.5304902542877197,
    "layer2.0.conv2.mse": 4.913784627075195,
    "layer2.0.conv2.rows": 16,
    "layer2.0.conv2.scaled_error": 0.03721584820270538,
    "layer2.0.conv2.scaled_shift": -0.0003522217694026767,
    "layer2.0.conv2.stored_array_size": 32,
    "top_1_accuracy": 0.7479400038719177,
    "top_5_accuracy": 0.9208199977874756,
    "total_time": 101.33694522827864
}