{
    "halut_layers": "{\"layer3.0.conv3\": [32, 8, 12, 2]}",
    "layer3.0.conv3.C": 32,
    "layer3.0.conv3.H_size": 4,
    "layer3.0.conv3.K": 12,
    "layer3.0.conv3.L_size": 1572864,
    "layer3.0.conv3.encoding_algorithm": 2,
    "layer3.0.conv3.learned_a_shape": [
        1568,
        256
    ],
    "layer3.0.conv3.learned_b_shape": [
        256,
        1024
    ],
    "layer3.0.conv3.learned_d": 256,
    "layer3.0.conv3.learned_m": 1024,
    "layer3.0.conv3.learned_n": 1568,
    "layer3.0.conv3.mae": 0.4974405252075195,
    "layer3.0.conv3.mape": 0.2575864898300171,
    "layer3.0.conv3.mse": 0.4441070736694336,
    "layer3.0.conv3.rows": 8,
    "layer3.0.conv3.scaled_error": 0.034873928399086,
    "layer3.0.conv3.scaled_shift": 0.0009493768039916177,
    "layer3.0.conv3.stored_array_size": 32,
    "top_1_accuracy": 0.7712999582290649,
    "top_5_accuracy": 0.9368799924850464,
    "total_time": 158.4477172009647
}