{
    "halut_layers": "{\"layer3.5.conv1\": [16, 64, 16, 1]}",
    "layer3.5.conv1.C": 16,
    "layer3.5.conv1.H_size": 3072,
    "layer3.5.conv1.K": 16,
    "layer3.5.conv1.L_size": 262144,
    "layer3.5.conv1.encoding_algorithm": 1,
    "layer3.5.conv1.learned_a_shape": [
        12544,
        1024
    ],
    "layer3.5.conv1.learned_b_shape": [
        1024,
        256
    ],
    "layer3.5.conv1.learned_d": 1024,
    "layer3.5.conv1.learned_m": 256,
    "layer3.5.conv1.learned_n": 12544,
    "layer3.5.conv1.mae": 1.1716681394958497,
    "layer3.5.conv1.mape": 0.4469596664428711,
    "layer3.5.conv1.mse": 2.3794782534790038,
    "layer3.5.conv1.rows": 64,
    "layer3.5.conv1.scaled_error": 0.040913105115890504,
    "layer3.5.conv1.scaled_shift": 0.002579209465717431,
    "layer3.5.conv1.stored_array_size": 32,
    "top_1_accuracy": 0.7788599729537964,
    "top_5_accuracy": 0.939579963684082,
    "total_time": 110.53699780628085
}