{
    "halut_layers": "{\"layer4.2.conv3\": [64, 64, 4, 1]}",
    "layer4.2.conv3.C": 64,
    "layer4.2.conv3.H_size": 3072,
    "layer4.2.conv3.K": 4,
    "layer4.2.conv3.L_size": 2097152,
    "layer4.2.conv3.encoding_algorithm": 1,
    "layer4.2.conv3.learned_a_shape": [
        3136,
        512
    ],
    "layer4.2.conv3.learned_b_shape": [
        512,
        2048
    ],
    "layer4.2.conv3.learned_d": 512,
    "layer4.2.conv3.learned_m": 2048,
    "layer4.2.conv3.learned_n": 3136,
    "layer4.2.conv3.mae": 0.23345157920837403,
    "layer4.2.conv3.mape": 0.14921175624847413,
    "layer4.2.conv3.mse": 0.12184691031455994,
    "layer4.2.conv3.rows": 64,
    "layer4.2.conv3.scaled_error": 0.04578584697723389,
    "layer4.2.conv3.scaled_shift": 0.026616995193362237,
    "layer4.2.conv3.stored_array_size": 32,
    "top_1_accuracy": 0.7913999557495117,
    "top_5_accuracy": 0.9458799958229065,
    "total_time": 114.40192170906812
}