{
    "halut_layers": "{\"layer3.5.conv2\": [32, 16, 24, 1]}",
    "layer3.5.conv2.C": 32,
    "layer3.5.conv2.H_size": 12288,
    "layer3.5.conv2.K": 24,
    "layer3.5.conv2.L_size": 786432,
    "layer3.5.conv2.encoding_algorithm": 1,
    "layer3.5.conv2.learned_a_shape": [
        3136,
        2304
    ],
    "layer3.5.conv2.learned_b_shape": [
        2304,
        256
    ],
    "layer3.5.conv2.learned_d": 2304,
    "layer3.5.conv2.learned_m": 256,
    "layer3.5.conv2.learned_n": 3136,
    "layer3.5.conv2.mae": 0.828131713104248,
    "layer3.5.conv2.mape": 0.39115756004333496,
    "layer3.5.conv2.mse": 1.214143225402832,
    "layer3.5.conv2.rows": 16,
    "layer3.5.conv2.scaled_error": 0.05785548365592957,
    "layer3.5.conv2.scaled_shift": 0.0020366666012373753,
    "layer3.5.conv2.stored_array_size": 32,
    "top_1_accuracy": 0.7847399711608887,
    "top_5_accuracy": 0.9419999718666077,
    "total_time": 114.00624710135162
}