{
    "halut_layers": "{\"layer2.0.conv2\": [64, 2, 12, 1]}",
    "layer2.0.conv2.C": 64,
    "layer2.0.conv2.H_size": 12288,
    "layer2.0.conv2.K": 12,
    "layer2.0.conv2.L_size": 393216,
    "layer2.0.conv2.encoding_algorithm": 1,
    "layer2.0.conv2.learned_a_shape": [
        1568,
        1152
    ],
    "layer2.0.conv2.learned_b_shape": [
        1152,
        128
    ],
    "layer2.0.conv2.learned_d": 1152,
    "layer2.0.conv2.learned_m": 128,
    "layer2.0.conv2.learned_n": 1568,
    "layer2.0.conv2.mae": 1.9807638659667968,
    "layer2.0.conv2.mape": 0.6459663566589355,
    "layer2.0.conv2.mse": 6.8411064782714845,
    "layer2.0.conv2.rows": 2,
    "layer2.0.conv2.scaled_error": 0.044310561714172365,
    "layer2.0.conv2.scaled_shift": -0.0003258910477301106,
    "layer2.0.conv2.stored_array_size": 32,
    "top_1_accuracy": 0.7531200051307678,
    "top_5_accuracy": 0.9239999651908875,
    "total_time": 100.58001696690917
}