{
    "halut_layers": "{\"layer3.4.conv2\": [64, 16, 8, 0]}",
    "layer3.4.conv2.C": 64,
    "layer3.4.conv2.H_size": 5376,
    "layer3.4.conv2.K": 8,
    "layer3.4.conv2.L_size": 524288,
    "layer3.4.conv2.encoding_algorithm": 0,
    "layer3.4.conv2.learned_a_shape": [
        3136,
        2304
    ],
    "layer3.4.conv2.learned_b_shape": [
        2304,
        256
    ],
    "layer3.4.conv2.learned_d": 2304,
    "layer3.4.conv2.learned_m": 256,
    "layer3.4.conv2.learned_n": 3136,
    "layer3.4.conv2.mae": 2.1587715487670898,
    "layer3.4.conv2.mape": 1.1640969030761719,
    "layer3.4.conv2.mse": 7.241797424316406,
    "layer3.4.conv2.rows": 16,
    "layer3.4.conv2.scaled_error": 0.06042570995330811,
    "layer3.4.conv2.scaled_shift": -0.02984269649505615,
    "layer3.4.conv2.stored_array_size": 32,
    "top_1_accuracy": 0.6692999601364136,
    "top_5_accuracy": 0.8739799857139587,
    "total_time": 109.58353571780026
}