{
    "halut_layers": "{\"layer2.0.downsample.0\": [64, 16, 32, 0]}",
    "layer2.0.downsample.0.C": 64,
    "layer2.0.downsample.0.H_size": 24320,
    "layer2.0.downsample.0.K": 32,
    "layer2.0.downsample.0.L_size": 4194304,
    "layer2.0.downsample.0.encoding_algorithm": 0,
    "layer2.0.downsample.0.learned_a_shape": [
        12544,
        256
    ],
    "layer2.0.downsample.0.learned_b_shape": [
        256,
        512
    ],
    "layer2.0.downsample.0.learned_d": 256,
    "layer2.0.downsample.0.learned_m": 512,
    "layer2.0.downsample.0.learned_n": 12544,
    "layer2.0.downsample.0.mae": 2.236252561645508,
    "layer2.0.downsample.0.mape": 1.0595163835144044,
    "layer2.0.downsample.0.mse": 8.854412377929687,
    "layer2.0.downsample.0.rows": 16,
    "layer2.0.downsample.0.scaled_error": 0.11284568155288696,
    "layer2.0.downsample.0.scaled_shift": -0.03400381239414215,
    "layer2.0.downsample.0.stored_array_size": 32,
    "top_1_accuracy": 0.01679999940097332,
    "top_5_accuracy": 0.04800000041723251,
    "total_time": 182.51390202529728
}