{
    "halut_layers": "{\"layer3.0.conv3\": [16, 32, 12, 1]}",
    "layer3.0.conv3.C": 16,
    "layer3.0.conv3.H_size": 3072,
    "layer3.0.conv3.K": 12,
    "layer3.0.conv3.L_size": 786432,
    "layer3.0.conv3.encoding_algorithm": 1,
    "layer3.0.conv3.learned_a_shape": [
        6272,
        256
    ],
    "layer3.0.conv3.learned_b_shape": [
        256,
        1024
    ],
    "layer3.0.conv3.learned_d": 256,
    "layer3.0.conv3.learned_m": 1024,
    "layer3.0.conv3.learned_n": 6272,
    "layer3.0.conv3.mae": 0.565863504486084,
    "layer3.0.conv3.mape": 0.28207720291137695,
    "layer3.0.conv3.mse": 0.5914767682647705,
    "layer3.0.conv3.rows": 32,
    "layer3.0.conv3.scaled_error": 0.039675856947898866,
    "layer3.0.conv3.scaled_shift": 0.0015366687903553247,
    "layer3.0.conv3.stored_array_size": 32,
    "top_1_accuracy": 0.6761199831962585,
    "top_5_accuracy": 0.8802799582481384,
    "total_time": 143.60803624801338
}