{
    "halut_layers": "{\"layer1.1.conv3\": [8, 8, 16, 2]}",
    "layer1.1.conv3.C": 8,
    "layer1.1.conv3.H_size": 4,
    "layer1.1.conv3.K": 16,
    "layer1.1.conv3.L_size": 131072,
    "layer1.1.conv3.encoding_algorithm": 2,
    "layer1.1.conv3.learned_a_shape": [
        25088,
        64
    ],
    "layer1.1.conv3.learned_b_shape": [
        64,
        256
    ],
    "layer1.1.conv3.learned_d": 64,
    "layer1.1.conv3.learned_m": 256,
    "layer1.1.conv3.learned_n": 25088,
    "layer1.1.conv3.mae": 0.41245920555114746,
    "layer1.1.conv3.mape": 0.1873692371559143,
    "layer1.1.conv3.mse": 0.3379423173904419,
    "layer1.1.conv3.rows": 8,
    "layer1.1.conv3.scaled_error": 0.024142499623298647,
    "layer1.1.conv3.scaled_shift": -0.0007589673429355025,
    "layer1.1.conv3.stored_array_size": 32,
    "top_1_accuracy": 0.7959799766540527,
    "top_5_accuracy": 0.9487400054931641,
    "total_time": 264.3941761534661
}