{
    "halut_layers": "{\"layer2.0.conv2\": [16, 4, 12, 1]}",
    "layer2.0.conv2.C": 16,
    "layer2.0.conv2.H_size": 3072,
    "layer2.0.conv2.K": 12,
    "layer2.0.conv2.L_size": 98304,
    "layer2.0.conv2.encoding_algorithm": 1,
    "layer2.0.conv2.learned_a_shape": [
        3136,
        1152
    ],
    "layer2.0.conv2.learned_b_shape": [
        1152,
        128
    ],
    "layer2.0.conv2.learned_d": 1152,
    "layer2.0.conv2.learned_m": 128,
    "layer2.0.conv2.learned_n": 3136,
    "layer2.0.conv2.mae": 2.139307654724121,
    "layer2.0.conv2.mape": 0.6429605748748779,
    "layer2.0.conv2.mse": 8.179760209960937,
    "layer2.0.conv2.rows": 4,
    "layer2.0.conv2.scaled_error": 0.04782015623569488,
    "layer2.0.conv2.scaled_shift": -0.0007662090925034136,
    "layer2.0.conv2.stored_array_size": 32,
    "top_1_accuracy": 0.6041600108146667,
    "top_5_accuracy": 0.8226400017738342,
    "total_time": 98.04476372338831
}