{
    "halut_layers": "{\"layer4.0.conv2\": [16, 256, 12, 1]}",
    "layer4.0.conv2.C": 16,
    "layer4.0.conv2.H_size": 3072,
    "layer4.0.conv2.K": 12,
    "layer4.0.conv2.L_size": 393216,
    "layer4.0.conv2.encoding_algorithm": 1,
    "layer4.0.conv2.learned_a_shape": [
        12544,
        4608
    ],
    "layer4.0.conv2.learned_b_shape": [
        4608,
        512
    ],
    "layer4.0.conv2.learned_d": 4608,
    "layer4.0.conv2.learned_m": 512,
    "layer4.0.conv2.learned_n": 12544,
    "layer4.0.conv2.mae": 1.124152197265625,
    "layer4.0.conv2.mape": 0.46397502883911135,
    "layer4.0.conv2.mse": 2.293193984375,
    "layer4.0.conv2.rows": 256,
    "layer4.0.conv2.scaled_error": 0.07125552160263061,
    "layer4.0.conv2.scaled_shift": 0.0072326937441155315,
    "layer4.0.conv2.stored_array_size": 32,
    "top_1_accuracy": 0.5699799656867981,
    "top_5_accuracy": 0.8243399858474731,
    "total_time": 97.45505065936595
}