{
    "halut_layers": "{\"layer3.0.conv2\": [16, 64, 64, 2]}",
    "layer3.0.conv2.C": 16,
    "layer3.0.conv2.H_size": 4,
    "layer3.0.conv2.K": 64,
    "layer3.0.conv2.L_size": 1048576,
    "layer3.0.conv2.encoding_algorithm": 2,
    "layer3.0.conv2.learned_a_shape": [
        12544,
        2304
    ],
    "layer3.0.conv2.learned_b_shape": [
        2304,
        256
    ],
    "layer3.0.conv2.learned_d": 2304,
    "layer3.0.conv2.learned_m": 256,
    "layer3.0.conv2.learned_n": 12544,
    "layer3.0.conv2.mae": 1.3939241708374024,
    "layer3.0.conv2.mape": 0.5171934680938721,
    "layer3.0.conv2.mse": 3.509682163696289,
    "layer3.0.conv2.rows": 64,
    "layer3.0.conv2.scaled_error": 0.041183475794792174,
    "layer3.0.conv2.scaled_shift": 1.1248707008489873e-05,
    "layer3.0.conv2.stored_array_size": 32,
    "top_1_accuracy": 0.7580399513244629,
    "top_5_accuracy": 0.9302399754524231,
    "total_time": 204.24626530520618
}