{
    "halut_layers": "{\"layer4.2.conv1\": [8, 32, 4, 1]}",
    "layer4.2.conv1.C": 8,
    "layer4.2.conv1.H_size": 384,
    "layer4.2.conv1.K": 4,
    "layer4.2.conv1.L_size": 65536,
    "layer4.2.conv1.encoding_algorithm": 1,
    "layer4.2.conv1.learned_a_shape": [
        1568,
        2048
    ],
    "layer4.2.conv1.learned_b_shape": [
        2048,
        512
    ],
    "layer4.2.conv1.learned_d": 2048,
    "layer4.2.conv1.learned_m": 512,
    "layer4.2.conv1.learned_n": 1568,
    "layer4.2.conv1.mae": 1.1195680313110352,
    "layer4.2.conv1.mape": 0.44844067543029786,
    "layer4.2.conv1.mse": 3.6528137411499024,
    "layer4.2.conv1.rows": 32,
    "layer4.2.conv1.scaled_error": 0.011523783211708069,
    "layer4.2.conv1.scaled_shift": 0.0004009710309258662,
    "layer4.2.conv1.stored_array_size": 32,
    "top_1_accuracy": 0.7836799621582031,
    "top_5_accuracy": 0.9404399991035461,
    "total_time": 97.00470891129225
}