{
    "halut_layers": "{\"layer4.0.conv1\": [32, 64, 24, 1]}",
    "layer4.0.conv1.C": 32,
    "layer4.0.conv1.H_size": 12288,
    "layer4.0.conv1.K": 24,
    "layer4.0.conv1.L_size": 1572864,
    "layer4.0.conv1.encoding_algorithm": 1,
    "layer4.0.conv1.learned_a_shape": [
        12544,
        1024
    ],
    "layer4.0.conv1.learned_b_shape": [
        1024,
        512
    ],
    "layer4.0.conv1.learned_d": 1024,
    "layer4.0.conv1.learned_m": 512,
    "layer4.0.conv1.learned_n": 12544,
    "layer4.0.conv1.mae": 1.0737662789916993,
    "layer4.0.conv1.mape": 0.40477332191467286,
    "layer4.0.conv1.mse": 1.9818812182617187,
    "layer4.0.conv1.rows": 64,
    "layer4.0.conv1.scaled_error": 0.0499326127243042,
    "layer4.0.conv1.scaled_shift": 0.003242022029529326,
    "layer4.0.conv1.stored_array_size": 32,
    "top_1_accuracy": 0.6481800079345703,
    "top_5_accuracy": 0.8735399842262268,
    "total_time": 120.65061747096479
}