{
    "halut_layers": "{\"layer2.0.conv1\": [16, 4, 64, 1]}",
    "layer2.0.conv1.C": 16,
    "layer2.0.conv1.H_size": 12288,
    "layer2.0.conv1.K": 64,
    "layer2.0.conv1.L_size": 524288,
    "layer2.0.conv1.encoding_algorithm": 1,
    "layer2.0.conv1.learned_a_shape": [
        12544,
        256
    ],
    "layer2.0.conv1.learned_b_shape": [
        256,
        128
    ],
    "layer2.0.conv1.learned_d": 256,
    "layer2.0.conv1.learned_m": 128,
    "layer2.0.conv1.learned_n": 12544,
    "layer2.0.conv1.mae": 1.2440809199523926,
    "layer2.0.conv1.mape": 0.43971498771667483,
    "layer2.0.conv1.mse": 2.7089276065063475,
    "layer2.0.conv1.rows": 4,
    "layer2.0.conv1.scaled_error": 0.03073606019496918,
    "layer2.0.conv1.scaled_shift": 0.001225753190323012,
    "layer2.0.conv1.stored_array_size": 32,
    "top_1_accuracy": 0.7515400052070618,
    "top_5_accuracy": 0.9243999719619751,
    "total_time": 168.18739359639585
}