{
    "halut_layers": "{\"layer2.3.conv3\": [64, 2, 12, 1]}",
    "layer2.3.conv3.C": 64,
    "layer2.3.conv3.H_size": 12288,
    "layer2.3.conv3.K": 12,
    "layer2.3.conv3.L_size": 1572864,
    "layer2.3.conv3.encoding_algorithm": 1,
    "layer2.3.conv3.learned_a_shape": [
        1568,
        128
    ],
    "layer2.3.conv3.learned_b_shape": [
        128,
        512
    ],
    "layer2.3.conv3.learned_d": 128,
    "layer2.3.conv3.learned_m": 512,
    "layer2.3.conv3.learned_n": 1568,
    "layer2.3.conv3.mae": 0.21506333229064942,
    "layer2.3.conv3.mape": 0.12904210292816162,
    "layer2.3.conv3.mse": 0.0926968694114685,
    "layer2.3.conv3.rows": 2,
    "layer2.3.conv3.scaled_error": 0.012882152898311615,
    "layer2.3.conv3.scaled_shift": 0.0005415304520621431,
    "layer2.3.conv3.stored_array_size": 32,
    "top_1_accuracy": 0.8032799959182739,
    "top_5_accuracy": 0.9519400000572205,
    "total_time": 173.71485150419176
}