{
    "halut_layers": "{\"layer4.2.conv1\": [8, 32, 8, 1]}",
    "layer4.2.conv1.C": 8,
    "layer4.2.conv1.H_size": 768,
    "layer4.2.conv1.K": 8,
    "layer4.2.conv1.L_size": 131072,
    "layer4.2.conv1.encoding_algorithm": 1,
    "layer4.2.conv1.learned_a_shape": [
        1568,
        2048
    ],
    "layer4.2.conv1.learned_b_shape": [
        2048,
        512
    ],
    "layer4.2.conv1.learned_d": 2048,
    "layer4.2.conv1.learned_m": 512,
    "layer4.2.conv1.learned_n": 1568,
    "layer4.2.conv1.mae": 1.0577982531738281,
    "layer4.2.conv1.mape": 0.41330251167297366,
    "layer4.2.conv1.mse": 2.9661001248168946,
    "layer4.2.conv1.rows": 32,
    "layer4.2.conv1.scaled_error": 0.01089150505065918,
    "layer4.2.conv1.scaled_shift": 0.001401206180304289,
    "layer4.2.conv1.stored_array_size": 32,
    "top_1_accuracy": 0.7831000089645386,
    "top_5_accuracy": 0.9402199983596802,
    "total_time": 97.24468758981675
}