{
    "halut_layers": "{\"layer1.0.conv2\": [64, 4, 64, 2]}",
    "layer1.0.conv2.C": 64,
    "layer1.0.conv2.H_size": 4,
    "layer1.0.conv2.K": 64,
    "layer1.0.conv2.L_size": 1048576,
    "layer1.0.conv2.encoding_algorithm": 2,
    "layer1.0.conv2.learned_a_shape": [
        12544,
        576
    ],
    "layer1.0.conv2.learned_b_shape": [
        576,
        64
    ],
    "layer1.0.conv2.learned_d": 576,
    "layer1.0.conv2.learned_m": 64,
    "layer1.0.conv2.learned_n": 12544,
    "layer1.0.conv2.mae": 1.275458423614502,
    "layer1.0.conv2.mape": 0.2910491870880127,
    "layer1.0.conv2.mse": 3.619840904541016,
    "layer1.0.conv2.rows": 4,
    "layer1.0.conv2.scaled_error": 0.0264861274766922,
    "layer1.0.conv2.scaled_shift": 0.0012707757547870278,
    "layer1.0.conv2.stored_array_size": 32,
    "top_1_accuracy": 0.7737399935722351,
    "top_5_accuracy": 0.9372999668121338,
    "total_time": 660.6468900907785
}