{
    "halut_layers": "{\"layer3.0.conv2\": [8, 8, 12, 2]}",
    "layer3.0.conv2.C": 8,
    "layer3.0.conv2.H_size": 4,
    "layer3.0.conv2.K": 12,
    "layer3.0.conv2.L_size": 98304,
    "layer3.0.conv2.encoding_algorithm": 2,
    "layer3.0.conv2.learned_a_shape": [
        1568,
        2304
    ],
    "layer3.0.conv2.learned_b_shape": [
        2304,
        256
    ],
    "layer3.0.conv2.learned_d": 2304,
    "layer3.0.conv2.learned_m": 256,
    "layer3.0.conv2.learned_n": 1568,
    "layer3.0.conv2.mae": 1.7686298361206054,
    "layer3.0.conv2.mape": 0.5947935732269287,
    "layer3.0.conv2.mse": 5.654551448974609,
    "layer3.0.conv2.rows": 8,
    "layer3.0.conv2.scaled_error": 0.052231758975982666,
    "layer3.0.conv2.scaled_shift": 8.133380059531192e-05,
    "layer3.0.conv2.stored_array_size": 32,
    "top_1_accuracy": 0.5469599962234497,
    "top_5_accuracy": 0.7812599539756775,
    "total_time": 93.24422718770802
}