{
    "halut_layers": "{\"layer3.5.conv1\": [64, 8, 8, 0]}",
    "layer3.5.conv1.C": 64,
    "layer3.5.conv1.H_size": 5376,
    "layer3.5.conv1.K": 8,
    "layer3.5.conv1.L_size": 524288,
    "layer3.5.conv1.encoding_algorithm": 0,
    "layer3.5.conv1.learned_a_shape": [
        1568,
        1024
    ],
    "layer3.5.conv1.learned_b_shape": [
        1024,
        256
    ],
    "layer3.5.conv1.learned_d": 1024,
    "layer3.5.conv1.learned_m": 256,
    "layer3.5.conv1.learned_n": 1568,
    "layer3.5.conv1.mae": 3.6583339038085936,
    "layer3.5.conv1.mape": 1.645074125366211,
    "layer3.5.conv1.mse": 21.254832255859377,
    "layer3.5.conv1.rows": 8,
    "layer3.5.conv1.scaled_error": 0.12755232641220093,
    "layer3.5.conv1.scaled_shift": -0.07651175650596619,
    "layer3.5.conv1.stored_array_size": 32,
    "top_1_accuracy": 0.7050399780273438,
    "top_5_accuracy": 0.8998000025749207,
    "total_time": 112.37665339745581
}