{
    "halut_layers": "{\"layer3.0.conv3\": [8, 64, 32, 2]}",
    "layer3.0.conv3.C": 8,
    "layer3.0.conv3.H_size": 4,
    "layer3.0.conv3.K": 32,
    "layer3.0.conv3.L_size": 1048576,
    "layer3.0.conv3.encoding_algorithm": 2,
    "layer3.0.conv3.learned_a_shape": [
        12544,
        256
    ],
    "layer3.0.conv3.learned_b_shape": [
        256,
        1024
    ],
    "layer3.0.conv3.learned_d": 256,
    "layer3.0.conv3.learned_m": 1024,
    "layer3.0.conv3.learned_n": 12544,
    "layer3.0.conv3.mae": 0.5274273976135254,
    "layer3.0.conv3.mape": 0.2656269916534424,
    "layer3.0.conv3.mse": 0.5184411920166015,
    "layer3.0.conv3.rows": 64,
    "layer3.0.conv3.scaled_error": 0.03698440414905548,
    "layer3.0.conv3.scaled_shift": 0.00043439042689115014,
    "layer3.0.conv3.stored_array_size": 32,
    "top_1_accuracy": 0.7262799739837646,
    "top_5_accuracy": 0.9110999703407288,
    "total_time": 126.03671947680414
}