{
    "halut_layers": "{\"layer3.4.conv2\": [64, 8, 24, 1]}",
    "layer3.4.conv2.C": 64,
    "layer3.4.conv2.H_size": 24576,
    "layer3.4.conv2.K": 24,
    "layer3.4.conv2.L_size": 1572864,
    "layer3.4.conv2.encoding_algorithm": 1,
    "layer3.4.conv2.learned_a_shape": [
        1568,
        2304
    ],
    "layer3.4.conv2.learned_b_shape": [
        2304,
        256
    ],
    "layer3.4.conv2.learned_d": 2304,
    "layer3.4.conv2.learned_m": 256,
    "layer3.4.conv2.learned_n": 1568,
    "layer3.4.conv2.mae": 0.7991013130187988,
    "layer3.4.conv2.mape": 0.40022745414733885,
    "layer3.4.conv2.mse": 1.0770423811340333,
    "layer3.4.conv2.rows": 8,
    "layer3.4.conv2.scaled_error": 0.022374135613441468,
    "layer3.4.conv2.scaled_shift": 0.0013465237080681255,
    "layer3.4.conv2.stored_array_size": 32,
    "top_1_accuracy": 0.7864999771118164,
    "top_5_accuracy": 0.9431599974632263,
    "total_time": 115.24423119239509
}