{
    "halut_layers": "{\"layer3.5.conv2\": [32, 16, 4, 1]}",
    "layer3.5.conv2.C": 32,
    "layer3.5.conv2.H_size": 1536,
    "layer3.5.conv2.K": 4,
    "layer3.5.conv2.L_size": 131072,
    "layer3.5.conv2.encoding_algorithm": 1,
    "layer3.5.conv2.learned_a_shape": [
        3136,
        2304
    ],
    "layer3.5.conv2.learned_b_shape": [
        2304,
        256
    ],
    "layer3.5.conv2.learned_d": 2304,
    "layer3.5.conv2.learned_m": 256,
    "layer3.5.conv2.learned_n": 3136,
    "layer3.5.conv2.mae": 0.8627883055114746,
    "layer3.5.conv2.mape": 0.3977463523864746,
    "layer3.5.conv2.mse": 1.314648016052246,
    "layer3.5.conv2.rows": 16,
    "layer3.5.conv2.scaled_error": 0.06028417020797729,
    "layer3.5.conv2.scaled_shift": 0.004261724621730973,
    "layer3.5.conv2.stored_array_size": 32,
    "top_1_accuracy": 0.7796599864959717,
    "top_5_accuracy": 0.9411599636077881,
    "total_time": 111.30468959733844
}