{
    "halut_layers": "{\"layer3.4.conv2\": [16, 8, 16, 2]}",
    "layer3.4.conv2.C": 16,
    "layer3.4.conv2.H_size": 4,
    "layer3.4.conv2.K": 16,
    "layer3.4.conv2.L_size": 262144,
    "layer3.4.conv2.encoding_algorithm": 2,
    "layer3.4.conv2.learned_a_shape": [
        1568,
        2304
    ],
    "layer3.4.conv2.learned_b_shape": [
        2304,
        256
    ],
    "layer3.4.conv2.learned_d": 2304,
    "layer3.4.conv2.learned_m": 256,
    "layer3.4.conv2.learned_n": 1568,
    "layer3.4.conv2.mae": 0.7280619276428223,
    "layer3.4.conv2.mape": 0.35803596908569335,
    "layer3.4.conv2.mse": 0.911038187713623,
    "layer3.4.conv2.rows": 8,
    "layer3.4.conv2.scaled_error": 0.020390069489479065,
    "layer3.4.conv2.scaled_shift": 0.0010327438617398728,
    "layer3.4.conv2.stored_array_size": 32,
    "top_1_accuracy": 0.7844600081443787,
    "top_5_accuracy": 0.9426999688148499,
    "total_time": 133.52793874777853
}