{
    "halut_layers": "{\"layer3.0.conv3\": [64, 16, 32, 2]}",
    "layer3.0.conv3.C": 64,
    "layer3.0.conv3.H_size": 4,
    "layer3.0.conv3.K": 32,
    "layer3.0.conv3.L_size": 8388608,
    "layer3.0.conv3.encoding_algorithm": 2,
    "layer3.0.conv3.learned_a_shape": [
        3136,
        256
    ],
    "layer3.0.conv3.learned_b_shape": [
        256,
        1024
    ],
    "layer3.0.conv3.learned_d": 256,
    "layer3.0.conv3.learned_m": 1024,
    "layer3.0.conv3.learned_n": 3136,
    "layer3.0.conv3.mae": 0.3743305383300781,
    "layer3.0.conv3.mape": 0.1986666957092285,
    "layer3.0.conv3.mse": 0.24565507164001466,
    "layer3.0.conv3.rows": 16,
    "layer3.0.conv3.scaled_error": 0.026250951652526857,
    "layer3.0.conv3.scaled_shift": -0.00028323760501632934,
    "layer3.0.conv3.stored_array_size": 32,
    "top_1_accuracy": 0.8017399907112122,
    "top_5_accuracy": 0.9518199563026428,
    "total_time": 213.03749159164727
}