{
    "halut_layers": "{\"layer3.0.conv2\": [64, 64, 16, 1]}",
    "layer3.0.conv2.C": 64,
    "layer3.0.conv2.H_size": 12288,
    "layer3.0.conv2.K": 16,
    "layer3.0.conv2.L_size": 1048576,
    "layer3.0.conv2.encoding_algorithm": 1,
    "layer3.0.conv2.learned_a_shape": [
        12544,
        2304
    ],
    "layer3.0.conv2.learned_b_shape": [
        2304,
        256
    ],
    "layer3.0.conv2.learned_d": 2304,
    "layer3.0.conv2.learned_m": 256,
    "layer3.0.conv2.learned_n": 12544,
    "layer3.0.conv2.mae": 1.536734603881836,
    "layer3.0.conv2.mape": 0.5402900409698487,
    "layer3.0.conv2.mse": 4.349508482666016,
    "layer3.0.conv2.rows": 64,
    "layer3.0.conv2.scaled_error": 0.0453889084815979,
    "layer3.0.conv2.scaled_shift": 9.06989374780096e-06,
    "layer3.0.conv2.stored_array_size": 32,
    "top_1_accuracy": 0.7055599689483643,
    "top_5_accuracy": 0.8972199559211731,
    "total_time": 114.19906002655625
}