{
    "halut_layers": "{\"layer1.0.conv2\": [32, 1, 24, 1]}",
    "layer1.0.conv2.C": 32,
    "layer1.0.conv2.H_size": 12288,
    "layer1.0.conv2.K": 24,
    "layer1.0.conv2.L_size": 196608,
    "layer1.0.conv2.encoding_algorithm": 1,
    "layer1.0.conv2.learned_a_shape": [
        3136,
        576
    ],
    "layer1.0.conv2.learned_b_shape": [
        576,
        64
    ],
    "layer1.0.conv2.learned_d": 576,
    "layer1.0.conv2.learned_m": 64,
    "layer1.0.conv2.learned_n": 3136,
    "layer1.0.conv2.mae": 1.673516774291992,
    "layer1.0.conv2.mape": 0.3615413195800781,
    "layer1.0.conv2.mse": 7.714245936279297,
    "layer1.0.conv2.rows": 1,
    "layer1.0.conv2.scaled_error": 0.034693535962104796,
    "layer1.0.conv2.scaled_shift": -0.0018200857364945114,
    "layer1.0.conv2.stored_array_size": 32,
    "top_1_accuracy": 0.751039981842041,
    "top_5_accuracy": 0.923259973526001,
    "total_time": 184.33406228665262
}