{
    "halut_layers": "{\"layer4.2.conv3\": [16, 256, 32, 2]}",
    "layer4.2.conv3.C": 16,
    "layer4.2.conv3.H_size": 4,
    "layer4.2.conv3.K": 32,
    "layer4.2.conv3.L_size": 4194304,
    "layer4.2.conv3.encoding_algorithm": 2,
    "layer4.2.conv3.learned_a_shape": [
        12544,
        512
    ],
    "layer4.2.conv3.learned_b_shape": [
        512,
        2048
    ],
    "layer4.2.conv3.learned_d": 512,
    "layer4.2.conv3.learned_m": 2048,
    "layer4.2.conv3.learned_n": 12544,
    "layer4.2.conv3.mae": 0.20086058124542236,
    "layer4.2.conv3.mape": 0.1347876977920532,
    "layer4.2.conv3.mse": 0.08375308687210083,
    "layer4.2.conv3.rows": 256,
    "layer4.2.conv3.scaled_error": 0.03941108463287354,
    "layer4.2.conv3.scaled_shift": 0.009512740545645356,
    "layer4.2.conv3.stored_array_size": 32,
    "top_1_accuracy": 0.791920006275177,
    "top_5_accuracy": 0.9457999467849731,
    "total_time": 128.18428744282573
}