{
    "halut_layers": "{\"layer2.0.conv1\": [64, 2, 8, 2]}",
    "layer2.0.conv1.C": 64,
    "layer2.0.conv1.H_size": 4,
    "layer2.0.conv1.K": 8,
    "layer2.0.conv1.L_size": 262144,
    "layer2.0.conv1.encoding_algorithm": 2,
    "layer2.0.conv1.learned_a_shape": [
        6272,
        256
    ],
    "layer2.0.conv1.learned_b_shape": [
        256,
        128
    ],
    "layer2.0.conv1.learned_d": 256,
    "layer2.0.conv1.learned_m": 128,
    "layer2.0.conv1.learned_n": 6272,
    "layer2.0.conv1.mae": 0.8492048719787597,
    "layer2.0.conv1.mape": 0.31370137966156003,
    "layer2.0.conv1.mse": 1.2653591188049316,
    "layer2.0.conv1.rows": 2,
    "layer2.0.conv1.scaled_error": 0.02096520887851715,
    "layer2.0.conv1.scaled_shift": -0.0006704511805970105,
    "layer2.0.conv1.stored_array_size": 32,
    "top_1_accuracy": 0.7994399666786194,
    "top_5_accuracy": 0.94923996925354,
    "total_time": 236.8781487867236
}