{
    "halut_layers": "{\"layer2.3.conv3\": [64, 2, 64, 1]}",
    "layer2.3.conv3.C": 64,
    "layer2.3.conv3.H_size": 49152,
    "layer2.3.conv3.K": 64,
    "layer2.3.conv3.L_size": 8388608,
    "layer2.3.conv3.encoding_algorithm": 1,
    "layer2.3.conv3.learned_a_shape": [
        1568,
        128
    ],
    "layer2.3.conv3.learned_b_shape": [
        128,
        512
    ],
    "layer2.3.conv3.learned_d": 128,
    "layer2.3.conv3.learned_m": 512,
    "layer2.3.conv3.learned_n": 1568,
    "layer2.3.conv3.mae": 0.2453224507522583,
    "layer2.3.conv3.mape": 0.14942332550048829,
    "layer2.3.conv3.mse": 0.11722655534744263,
    "layer2.3.conv3.rows": 2,
    "layer2.3.conv3.scaled_error": 0.014709099515676498,
    "layer2.3.conv3.scaled_shift": 0.00046509756188839674,
    "layer2.3.conv3.stored_array_size": 32,
    "top_1_accuracy": 0.8045199513435364,
    "top_5_accuracy": 0.9523399472236633,
    "total_time": 229.25549322739244
}