{
    "halut_layers": "{\"layer3.0.conv3\": [64, 8, 24, 1]}",
    "layer3.0.conv3.C": 64,
    "layer3.0.conv3.H_size": 24576,
    "layer3.0.conv3.K": 24,
    "layer3.0.conv3.L_size": 6291456,
    "layer3.0.conv3.encoding_algorithm": 1,
    "layer3.0.conv3.learned_a_shape": [
        1568,
        256
    ],
    "layer3.0.conv3.learned_b_shape": [
        256,
        1024
    ],
    "layer3.0.conv3.learned_d": 256,
    "layer3.0.conv3.learned_m": 1024,
    "layer3.0.conv3.learned_n": 1568,
    "layer3.0.conv3.mae": 0.5351920233917237,
    "layer3.0.conv3.mape": 0.28180530502319334,
    "layer3.0.conv3.mse": 0.49644497924804687,
    "layer3.0.conv3.rows": 8,
    "layer3.0.conv3.scaled_error": 0.03753555676937103,
    "layer3.0.conv3.scaled_shift": 0.0010661622435459868,
    "layer3.0.conv3.stored_array_size": 32,
    "top_1_accuracy": 0.7888999581336975,
    "top_5_accuracy": 0.945099949836731,
    "total_time": 161.7567506544292
}