{
    "halut_layers": "{\"layer2.0.downsample.0\": [8, 4, 12, 2]}",
    "layer2.0.downsample.0.C": 8,
    "layer2.0.downsample.0.H_size": 4,
    "layer2.0.downsample.0.K": 12,
    "layer2.0.downsample.0.L_size": 196608,
    "layer2.0.downsample.0.encoding_algorithm": 2,
    "layer2.0.downsample.0.learned_a_shape": [
        3136,
        256
    ],
    "layer2.0.downsample.0.learned_b_shape": [
        256,
        512
    ],
    "layer2.0.downsample.0.learned_d": 256,
    "layer2.0.downsample.0.learned_m": 512,
    "layer2.0.downsample.0.learned_n": 3136,
    "layer2.0.downsample.0.mae": 0.7517778240966797,
    "layer2.0.downsample.0.mape": 0.32660340282440187,
    "layer2.0.downsample.0.mse": 1.2086354780578614,
    "layer2.0.downsample.0.rows": 4,
    "layer2.0.downsample.0.scaled_error": 0.03787840730667114,
    "layer2.0.downsample.0.scaled_shift": -0.0009914623231627047,
    "layer2.0.downsample.0.stored_array_size": 32,
    "top_1_accuracy": 0.6265199780464172,
    "top_5_accuracy": 0.848859965801239,
    "total_time": 164.3019866924733
}