{
    "halut_layers": "{\"layer3.0.conv1\": [64, 8, 64, 2]}",
    "layer3.0.conv1.C": 64,
    "layer3.0.conv1.H_size": 4,
    "layer3.0.conv1.K": 64,
    "layer3.0.conv1.L_size": 4194304,
    "layer3.0.conv1.encoding_algorithm": 2,
    "layer3.0.conv1.learned_a_shape": [
        6272,
        512
    ],
    "layer3.0.conv1.learned_b_shape": [
        512,
        256
    ],
    "layer3.0.conv1.learned_d": 512,
    "layer3.0.conv1.learned_m": 256,
    "layer3.0.conv1.learned_n": 6272,
    "layer3.0.conv1.mae": 0.9610453225708008,
    "layer3.0.conv1.mape": 0.36925922031402586,
    "layer3.0.conv1.mse": 1.5139602290344238,
    "layer3.0.conv1.rows": 8,
    "layer3.0.conv1.scaled_error": 0.0195423627448082,
    "layer3.0.conv1.scaled_shift": -0.0014844007798284291,
    "layer3.0.conv1.stored_array_size": 32,
    "top_1_accuracy": 0.8034600019454956,
    "top_5_accuracy": 0.9511399865150452,
    "total_time": 272.71335662156343
}