{
    "halut_layers": "{\"layer3.0.conv2\": [16, 16, 64, 1]}",
    "layer3.0.conv2.C": 16,
    "layer3.0.conv2.H_size": 12288,
    "layer3.0.conv2.K": 64,
    "layer3.0.conv2.L_size": 1048576,
    "layer3.0.conv2.encoding_algorithm": 1,
    "layer3.0.conv2.learned_a_shape": [
        3136,
        2304
    ],
    "layer3.0.conv2.learned_b_shape": [
        2304,
        256
    ],
    "layer3.0.conv2.learned_d": 2304,
    "layer3.0.conv2.learned_m": 256,
    "layer3.0.conv2.learned_n": 3136,
    "layer3.0.conv2.mae": 1.7895546316528321,
    "layer3.0.conv2.mape": 0.6034160536193848,
    "layer3.0.conv2.mse": 5.851715667114258,
    "layer3.0.conv2.rows": 16,
    "layer3.0.conv2.scaled_error": 0.052853009872436525,
    "layer3.0.conv2.scaled_shift": -0.0005582008605982264,
    "layer3.0.conv2.stored_array_size": 32,
    "top_1_accuracy": 0.5726000070571899,
    "top_5_accuracy": 0.8004999756813049,
    "total_time": 115.20929911732674
}