{
    "halut_layers": "{\"layer3.0.conv2\": [16, 32, 8, 1]}",
    "layer3.0.conv2.C": 16,
    "layer3.0.conv2.H_size": 1536,
    "layer3.0.conv2.K": 8,
    "layer3.0.conv2.L_size": 131072,
    "layer3.0.conv2.encoding_algorithm": 1,
    "layer3.0.conv2.learned_a_shape": [
        6272,
        2304
    ],
    "layer3.0.conv2.learned_b_shape": [
        2304,
        256
    ],
    "layer3.0.conv2.learned_d": 2304,
    "layer3.0.conv2.learned_m": 256,
    "layer3.0.conv2.learned_n": 6272,
    "layer3.0.conv2.mae": 1.792104829711914,
    "layer3.0.conv2.mape": 0.5904909959411621,
    "layer3.0.conv2.mse": 5.8813237890625,
    "layer3.0.conv2.rows": 32,
    "layer3.0.conv2.scaled_error": 0.052926693811416625,
    "layer3.0.conv2.scaled_shift": -0.00028583009998452326,
    "layer3.0.conv2.stored_array_size": 32,
    "top_1_accuracy": 0.5305399894714355,
    "top_5_accuracy": 0.766979992389679,
    "total_time": 113.01116858050227
}