{
    "halut_layers": "{\"layer1.1.conv3\": [16, 1, 8, 1]}",
    "layer1.1.conv3.C": 16,
    "layer1.1.conv3.H_size": 1536,
    "layer1.1.conv3.K": 8,
    "layer1.1.conv3.L_size": 131072,
    "layer1.1.conv3.encoding_algorithm": 1,
    "layer1.1.conv3.learned_a_shape": [
        3136,
        64
    ],
    "layer1.1.conv3.learned_b_shape": [
        64,
        256
    ],
    "layer1.1.conv3.learned_d": 64,
    "layer1.1.conv3.learned_m": 256,
    "layer1.1.conv3.learned_n": 3136,
    "layer1.1.conv3.mae": 0.4394606448364258,
    "layer1.1.conv3.mape": 0.19494815774917604,
    "layer1.1.conv3.mse": 0.410787940864563,
    "layer1.1.conv3.rows": 1,
    "layer1.1.conv3.scaled_error": 0.025713847064971925,
    "layer1.1.conv3.scaled_shift": 0.0005584187915391521,
    "layer1.1.conv3.stored_array_size": 32,
    "top_1_accuracy": 0.7898199558258057,
    "top_5_accuracy": 0.9451999664306641,
    "total_time": 245.86438274011016
}