{
    "halut_layers": "{\"layer1.1.conv3\": [16, 8, 16, 1]}",
    "layer1.1.conv3.C": 16,
    "layer1.1.conv3.H_size": 3072,
    "layer1.1.conv3.K": 16,
    "layer1.1.conv3.L_size": 262144,
    "layer1.1.conv3.encoding_algorithm": 1,
    "layer1.1.conv3.learned_a_shape": [
        25088,
        64
    ],
    "layer1.1.conv3.learned_b_shape": [
        64,
        256
    ],
    "layer1.1.conv3.learned_d": 64,
    "layer1.1.conv3.learned_m": 256,
    "layer1.1.conv3.learned_n": 25088,
    "layer1.1.conv3.mae": 0.3650860049057007,
    "layer1.1.conv3.mape": 0.16580011386871338,
    "layer1.1.conv3.mse": 0.28009753662109377,
    "layer1.1.conv3.rows": 8,
    "layer1.1.conv3.scaled_error": 0.021365906875133515,
    "layer1.1.conv3.scaled_shift": -0.00041025989682530055,
    "layer1.1.conv3.stored_array_size": 32,
    "top_1_accuracy": 0.800599992275238,
    "top_5_accuracy": 0.9511599540710449,
    "total_time": 247.93218958750367
}