{
    "halut_layers": "{\"layer3.4.conv2\": [32, 8, 24, 1]}",
    "layer3.4.conv2.C": 32,
    "layer3.4.conv2.H_size": 12288,
    "layer3.4.conv2.K": 24,
    "layer3.4.conv2.L_size": 786432,
    "layer3.4.conv2.encoding_algorithm": 1,
    "layer3.4.conv2.learned_a_shape": [
        1568,
        2304
    ],
    "layer3.4.conv2.learned_b_shape": [
        2304,
        256
    ],
    "layer3.4.conv2.learned_d": 2304,
    "layer3.4.conv2.learned_m": 256,
    "layer3.4.conv2.learned_n": 1568,
    "layer3.4.conv2.mae": 0.7707031924438477,
    "layer3.4.conv2.mape": 0.3760356311035156,
    "layer3.4.conv2.mse": 1.0273860012817382,
    "layer3.4.conv2.rows": 8,
    "layer3.4.conv2.scaled_error": 0.021578485050201417,
    "layer3.4.conv2.scaled_shift": 0.0012196577276498465,
    "layer3.4.conv2.stored_array_size": 32,
    "top_1_accuracy": 0.7827999591827393,
    "top_5_accuracy": 0.9400799870491028,
    "total_time": 111.28802280128002
}