{
    "halut_layers": "{\"layer3.0.conv2\": [8, 16, 4, 2]}",
    "layer3.0.conv2.C": 8,
    "layer3.0.conv2.H_size": 4,
    "layer3.0.conv2.K": 4,
    "layer3.0.conv2.L_size": 32768,
    "layer3.0.conv2.encoding_algorithm": 2,
    "layer3.0.conv2.learned_a_shape": [
        3136,
        2304
    ],
    "layer3.0.conv2.learned_b_shape": [
        2304,
        256
    ],
    "layer3.0.conv2.learned_d": 2304,
    "layer3.0.conv2.learned_m": 256,
    "layer3.0.conv2.learned_n": 3136,
    "layer3.0.conv2.mae": 1.8055591958618165,
    "layer3.0.conv2.mape": 0.5964563302612305,
    "layer3.0.conv2.mse": 5.923823970947265,
    "layer3.0.conv2.rows": 16,
    "layer3.0.conv2.scaled_error": 0.05331960776329041,
    "layer3.0.conv2.scaled_shift": -0.00020336620918445986,
    "layer3.0.conv2.stored_array_size": 32,
    "top_1_accuracy": 0.4845399856567383,
    "top_5_accuracy": 0.7278800010681152,
    "total_time": 88.83866813592613
}