{
    "halut_layers": "{\"layer4.1.conv1\": [32, 128, 64, 2]}",
    "layer4.1.conv1.C": 32,
    "layer4.1.conv1.H_size": 4,
    "layer4.1.conv1.K": 64,
    "layer4.1.conv1.L_size": 4194304,
    "layer4.1.conv1.encoding_algorithm": 2,
    "layer4.1.conv1.learned_a_shape": [
        6272,
        2048
    ],
    "layer4.1.conv1.learned_b_shape": [
        2048,
        512
    ],
    "layer4.1.conv1.learned_d": 2048,
    "layer4.1.conv1.learned_m": 512,
    "layer4.1.conv1.learned_n": 6272,
    "layer4.1.conv1.mae": 1.0401049702453613,
    "layer4.1.conv1.mape": 0.41643413093566894,
    "layer4.1.conv1.mse": 1.9460665696716308,
    "layer4.1.conv1.rows": 128,
    "layer4.1.conv1.scaled_error": 0.014953575067520142,
    "layer4.1.conv1.scaled_shift": -0.00015573793944167845,
    "layer4.1.conv1.stored_array_size": 32,
    "top_1_accuracy": 0.7829999923706055,
    "top_5_accuracy": 0.9444599747657776,
    "total_time": 146.34659731574357
}