{
    "halut_layers": "{\"layer1.1.conv3\": [32, 4, 12, 1]}",
    "layer1.1.conv3.C": 32,
    "layer1.1.conv3.H_size": 6144,
    "layer1.1.conv3.K": 12,
    "layer1.1.conv3.L_size": 393216,
    "layer1.1.conv3.encoding_algorithm": 1,
    "layer1.1.conv3.learned_a_shape": [
        12544,
        64
    ],
    "layer1.1.conv3.learned_b_shape": [
        64,
        256
    ],
    "layer1.1.conv3.learned_d": 64,
    "layer1.1.conv3.learned_m": 256,
    "layer1.1.conv3.learned_n": 12544,
    "layer1.1.conv3.mae": 0.27320782203674315,
    "layer1.1.conv3.mape": 0.12413258430480957,
    "layer1.1.conv3.mse": 0.16036625101089477,
    "layer1.1.conv3.rows": 4,
    "layer1.1.conv3.scaled_error": 0.015984078829288484,
    "layer1.1.conv3.scaled_shift": -0.0002781792456391304,
    "layer1.1.conv3.stored_array_size": 32,
    "top_1_accuracy": 0.8039199709892273,
    "top_5_accuracy": 0.9525399804115295,
    "total_time": 298.987500811927
}