{
    "halut_layers": "{\"layer4.2.conv1\": [32, 64, 32, 1]}",
    "layer4.2.conv1.C": 32,
    "layer4.2.conv1.H_size": 12288,
    "layer4.2.conv1.K": 32,
    "layer4.2.conv1.L_size": 2097152,
    "layer4.2.conv1.encoding_algorithm": 1,
    "layer4.2.conv1.learned_a_shape": [
        3136,
        2048
    ],
    "layer4.2.conv1.learned_b_shape": [
        2048,
        512
    ],
    "layer4.2.conv1.learned_d": 2048,
    "layer4.2.conv1.learned_m": 512,
    "layer4.2.conv1.learned_n": 3136,
    "layer4.2.conv1.mae": 0.8824097622680664,
    "layer4.2.conv1.mape": 0.35663930183410647,
    "layer4.2.conv1.mse": 1.6665114213562011,
    "layer4.2.conv1.rows": 64,
    "layer4.2.conv1.scaled_error": 0.009093507065773011,
    "layer4.2.conv1.scaled_shift": 0.001668716530688107,
    "layer4.2.conv1.stored_array_size": 32,
    "top_1_accuracy": 0.7802199721336365,
    "top_5_accuracy": 0.9378799796104431,
    "total_time": 101.46966141555458
}