{
    "halut_layers": "{\"layer2.0.conv2\": [32, 2, 12, 1]}",
    "layer2.0.conv2.C": 32,
    "layer2.0.conv2.H_size": 6144,
    "layer2.0.conv2.K": 12,
    "layer2.0.conv2.L_size": 196608,
    "layer2.0.conv2.encoding_algorithm": 1,
    "layer2.0.conv2.learned_a_shape": [
        1568,
        1152
    ],
    "layer2.0.conv2.learned_b_shape": [
        1152,
        128
    ],
    "layer2.0.conv2.learned_d": 1152,
    "layer2.0.conv2.learned_m": 128,
    "layer2.0.conv2.learned_n": 1568,
    "layer2.0.conv2.mae": 2.0752813565063475,
    "layer2.0.conv2.mape": 0.6472093531799317,
    "layer2.0.conv2.mse": 7.6258304711914064,
    "layer2.0.conv2.rows": 2,
    "layer2.0.conv2.scaled_error": 0.04641066180229187,
    "layer2.0.conv2.scaled_shift": -0.0011152796531002968,
    "layer2.0.conv2.stored_array_size": 32,
    "top_1_accuracy": 0.6946399807929993,
    "top_5_accuracy": 0.8891399502754211,
    "total_time": 136.6982813514769
}