{
    "halut_layers": "{\"layer1.1.conv3\": [8, 2, 8, 2]}",
    "layer1.1.conv3.C": 8,
    "layer1.1.conv3.H_size": 4,
    "layer1.1.conv3.K": 8,
    "layer1.1.conv3.L_size": 65536,
    "layer1.1.conv3.encoding_algorithm": 2,
    "layer1.1.conv3.learned_a_shape": [
        6272,
        64
    ],
    "layer1.1.conv3.learned_b_shape": [
        64,
        256
    ],
    "layer1.1.conv3.learned_d": 64,
    "layer1.1.conv3.learned_m": 256,
    "layer1.1.conv3.learned_n": 6272,
    "layer1.1.conv3.mae": 0.47348092643737794,
    "layer1.1.conv3.mape": 0.21212435707092286,
    "layer1.1.conv3.mse": 0.45908578346252443,
    "layer1.1.conv3.rows": 2,
    "layer1.1.conv3.scaled_error": 0.027714983038902283,
    "layer1.1.conv3.scaled_shift": -0.00038557572087140216,
    "layer1.1.conv3.stored_array_size": 32,
    "top_1_accuracy": 0.7831999659538269,
    "top_5_accuracy": 0.9431399703025818,
    "total_time": 258.2309944033623
}