{
    "halut_layers": "{\"layer4.2.conv3\": [32, 32, 12, 2]}",
    "layer4.2.conv3.C": 32,
    "layer4.2.conv3.H_size": 4,
    "layer4.2.conv3.K": 12,
    "layer4.2.conv3.L_size": 3145728,
    "layer4.2.conv3.encoding_algorithm": 2,
    "layer4.2.conv3.learned_a_shape": [
        1568,
        512
    ],
    "layer4.2.conv3.learned_b_shape": [
        512,
        2048
    ],
    "layer4.2.conv3.learned_d": 512,
    "layer4.2.conv3.learned_m": 2048,
    "layer4.2.conv3.learned_n": 1568,
    "layer4.2.conv3.mae": 0.2334368883895874,
    "layer4.2.conv3.mape": 0.15324542446136474,
    "layer4.2.conv3.mse": 0.11805166799545289,
    "layer4.2.conv3.rows": 32,
    "layer4.2.conv3.scaled_error": 0.04582206606864929,
    "layer4.2.conv3.scaled_shift": 0.021172326251268386,
    "layer4.2.conv3.stored_array_size": 32,
    "top_1_accuracy": 0.7919999957084656,
    "top_5_accuracy": 0.9435399770736694,
    "total_time": 130.61952975578606
}