{
    "halut_layers": "{\"layer3.4.conv2\": [64, 8, 8, 0]}",
    "layer3.4.conv2.C": 64,
    "layer3.4.conv2.H_size": 5376,
    "layer3.4.conv2.K": 8,
    "layer3.4.conv2.L_size": 524288,
    "layer3.4.conv2.encoding_algorithm": 0,
    "layer3.4.conv2.learned_a_shape": [
        1568,
        2304
    ],
    "layer3.4.conv2.learned_b_shape": [
        2304,
        256
    ],
    "layer3.4.conv2.learned_d": 2304,
    "layer3.4.conv2.learned_m": 256,
    "layer3.4.conv2.learned_n": 1568,
    "layer3.4.conv2.mae": 2.3776023040771483,
    "layer3.4.conv2.mape": 1.2844112796020508,
    "layer3.4.conv2.mse": 8.864185750732421,
    "layer3.4.conv2.rows": 8,
    "layer3.4.conv2.scaled_error": 0.06655907557487488,
    "layer3.4.conv2.scaled_shift": -0.03513458556175232,
    "layer3.4.conv2.stored_array_size": 32,
    "top_1_accuracy": 0.634440004825592,
    "top_5_accuracy": 0.8522599935531616,
    "total_time": 110.73189403489232
}