{
    "halut_layers": "{\"layer3.0.conv2\": [64, 4, 64, 2]}",
    "layer3.0.conv2.C": 64,
    "layer3.0.conv2.H_size": 4,
    "layer3.0.conv2.K": 64,
    "layer3.0.conv2.L_size": 4194304,
    "layer3.0.conv2.encoding_algorithm": 2,
    "layer3.0.conv2.learned_a_shape": [
        784,
        2304
    ],
    "layer3.0.conv2.learned_b_shape": [
        2304,
        256
    ],
    "layer3.0.conv2.learned_d": 2304,
    "layer3.0.conv2.learned_m": 256,
    "layer3.0.conv2.learned_n": 784,
    "layer3.0.conv2.mae": 1.2551060662841798,
    "layer3.0.conv2.mape": 0.47413614181518554,
    "layer3.0.conv2.mse": 2.7785280987548826,
    "layer3.0.conv2.rows": 4,
    "layer3.0.conv2.scaled_error": 0.03708433570861817,
    "layer3.0.conv2.scaled_shift": 0.0005003444630041486,
    "layer3.0.conv2.stored_array_size": 32,
    "top_1_accuracy": 0.787559986114502,
    "top_5_accuracy": 0.9442999958992004,
    "total_time": 331.5405126120895
}