{
    "halut_layers": "{\"layer2.0.conv1\": [32, 4, 24, 1]}",
    "layer2.0.conv1.C": 32,
    "layer2.0.conv1.H_size": 12288,
    "layer2.0.conv1.K": 24,
    "layer2.0.conv1.L_size": 393216,
    "layer2.0.conv1.encoding_algorithm": 1,
    "layer2.0.conv1.learned_a_shape": [
        12544,
        256
    ],
    "layer2.0.conv1.learned_b_shape": [
        256,
        128
    ],
    "layer2.0.conv1.learned_d": 256,
    "layer2.0.conv1.learned_m": 128,
    "layer2.0.conv1.learned_n": 12544,
    "layer2.0.conv1.mae": 1.0597296189880372,
    "layer2.0.conv1.mape": 0.3832853588867188,
    "layer2.0.conv1.mse": 1.970517594909668,
    "layer2.0.conv1.rows": 4,
    "layer2.0.conv1.scaled_error": 0.026171105456352234,
    "layer2.0.conv1.scaled_shift": 0.0010695055291755125,
    "layer2.0.conv1.stored_array_size": 32,
    "top_1_accuracy": 0.7795599699020386,
    "top_5_accuracy": 0.9400799870491028,
    "total_time": 211.13923152070493
}