{
    "halut_layers": "{\"layer4.2.conv3\": [8, 128, 16, 1]}",
    "layer4.2.conv3.C": 8,
    "layer4.2.conv3.H_size": 1536,
    "layer4.2.conv3.K": 16,
    "layer4.2.conv3.L_size": 1048576,
    "layer4.2.conv3.encoding_algorithm": 1,
    "layer4.2.conv3.learned_a_shape": [
        6272,
        512
    ],
    "layer4.2.conv3.learned_b_shape": [
        512,
        2048
    ],
    "layer4.2.conv3.learned_d": 512,
    "layer4.2.conv3.learned_m": 2048,
    "layer4.2.conv3.learned_n": 6272,
    "layer4.2.conv3.mae": 0.2504058123016357,
    "layer4.2.conv3.mape": 0.15895857570648195,
    "layer4.2.conv3.mse": 0.13816082486152648,
    "layer4.2.conv3.rows": 128,
    "layer4.2.conv3.scaled_error": 0.049099415826797485,
    "layer4.2.conv3.scaled_shift": 0.025270718306270427,
    "layer4.2.conv3.stored_array_size": 32,
    "top_1_accuracy": 0.7889599800109863,
    "top_5_accuracy": 0.9449799656867981,
    "total_time": 112.13791065383703
}