{
    "halut_layers": "{\"layer4.2.conv1\": [64, 128, 24, 1]}",
    "layer4.2.conv1.C": 64,
    "layer4.2.conv1.H_size": 24576,
    "layer4.2.conv1.K": 24,
    "layer4.2.conv1.L_size": 3145728,
    "layer4.2.conv1.encoding_algorithm": 1,
    "layer4.2.conv1.learned_a_shape": [
        6272,
        2048
    ],
    "layer4.2.conv1.learned_b_shape": [
        2048,
        512
    ],
    "layer4.2.conv1.learned_d": 2048,
    "layer4.2.conv1.learned_m": 512,
    "layer4.2.conv1.learned_n": 6272,
    "layer4.2.conv1.mae": 0.78690508934021,
    "layer4.2.conv1.mape": 0.3172004574584961,
    "layer4.2.conv1.mse": 1.2286134298706055,
    "layer4.2.conv1.rows": 128,
    "layer4.2.conv1.scaled_error": 0.008115508515834808,
    "layer4.2.conv1.scaled_shift": 0.0020917581581246488,
    "layer4.2.conv1.stored_array_size": 32,
    "top_1_accuracy": 0.7808799743652344,
    "top_5_accuracy": 0.9381799697875977,
    "total_time": 102.20269559882581
}