{
    "halut_layers": "{\"layer4.0.conv2\": [8, 64, 32, 2]}",
    "layer4.0.conv2.C": 8,
    "layer4.0.conv2.H_size": 4,
    "layer4.0.conv2.K": 32,
    "layer4.0.conv2.L_size": 524288,
    "layer4.0.conv2.encoding_algorithm": 2,
    "layer4.0.conv2.learned_a_shape": [
        3136,
        4608
    ],
    "layer4.0.conv2.learned_b_shape": [
        4608,
        512
    ],
    "layer4.0.conv2.learned_d": 4608,
    "layer4.0.conv2.learned_m": 512,
    "layer4.0.conv2.learned_n": 3136,
    "layer4.0.conv2.mae": 1.0863845211791991,
    "layer4.0.conv2.mape": 0.4493922554016113,
    "layer4.0.conv2.mse": 2.1371576043701173,
    "layer4.0.conv2.rows": 64,
    "layer4.0.conv2.scaled_error": 0.06886823195457459,
    "layer4.0.conv2.scaled_shift": 0.010689608379602433,
    "layer4.0.conv2.stored_array_size": 32,
    "top_1_accuracy": 0.5924800038337708,
    "top_5_accuracy": 0.845259964466095,
    "total_time": 111.98810356296599
}