{
    "halut_layers": "{\"layer4.0.conv1\": [64, 64, 16, 0]}",
    "layer4.0.conv1.C": 64,
    "layer4.0.conv1.H_size": 11264,
    "layer4.0.conv1.K": 16,
    "layer4.0.conv1.L_size": 2097152,
    "layer4.0.conv1.encoding_algorithm": 0,
    "layer4.0.conv1.learned_a_shape": [
        12544,
        1024
    ],
    "layer4.0.conv1.learned_b_shape": [
        1024,
        512
    ],
    "layer4.0.conv1.learned_d": 1024,
    "layer4.0.conv1.learned_m": 512,
    "layer4.0.conv1.learned_n": 12544,
    "layer4.0.conv1.mae": 0.9834318334960938,
    "layer4.0.conv1.mape": 0.3744493998336792,
    "layer4.0.conv1.mse": 1.6648825009155273,
    "layer4.0.conv1.rows": 64,
    "layer4.0.conv1.scaled_error": 0.04573514603614807,
    "layer4.0.conv1.scaled_shift": 0.002401007321923971,
    "layer4.0.conv1.stored_array_size": 32,
    "top_1_accuracy": 0.6889399886131287,
    "top_5_accuracy": 0.8962000012397766,
    "total_time": 123.438218543306
}