{
    "halut_layers": "{\"layer4.0.conv3\": [16, 128, 8, 1]}",
    "layer4.0.conv3.C": 16,
    "layer4.0.conv3.H_size": 1536,
    "layer4.0.conv3.K": 8,
    "layer4.0.conv3.L_size": 1048576,
    "layer4.0.conv3.encoding_algorithm": 1,
    "layer4.0.conv3.learned_a_shape": [
        6272,
        512
    ],
    "layer4.0.conv3.learned_b_shape": [
        512,
        2048
    ],
    "layer4.0.conv3.learned_d": 512,
    "layer4.0.conv3.learned_m": 2048,
    "layer4.0.conv3.learned_n": 6272,
    "layer4.0.conv3.mae": 0.49489514099121096,
    "layer4.0.conv3.mape": 0.2748326358795166,
    "layer4.0.conv3.mse": 0.4406848543548584,
    "layer4.0.conv3.rows": 128,
    "layer4.0.conv3.scaled_error": 0.04358108167171478,
    "layer4.0.conv3.scaled_shift": 0.00471073139195476,
    "layer4.0.conv3.stored_array_size": 32,
    "top_1_accuracy": 0.4998999834060669,
    "top_5_accuracy": 0.7560999989509583,
    "total_time": 117.50649950839579
}