{
    "halut_layers": "{\"layer2.3.conv3\": [8, 2, 4, 1]}",
    "layer2.3.conv3.C": 8,
    "layer2.3.conv3.H_size": 384,
    "layer2.3.conv3.K": 4,
    "layer2.3.conv3.L_size": 65536,
    "layer2.3.conv3.encoding_algorithm": 1,
    "layer2.3.conv3.learned_a_shape": [
        1568,
        128
    ],
    "layer2.3.conv3.learned_b_shape": [
        128,
        512
    ],
    "layer2.3.conv3.learned_d": 128,
    "layer2.3.conv3.learned_m": 512,
    "layer2.3.conv3.learned_n": 1568,
    "layer2.3.conv3.mae": 0.36165331577301024,
    "layer2.3.conv3.mape": 0.20860673908233643,
    "layer2.3.conv3.mse": 0.2595472882461548,
    "layer2.3.conv3.rows": 2,
    "layer2.3.conv3.scaled_error": 0.02166437660932541,
    "layer2.3.conv3.scaled_shift": 0.001042730957469903,
    "layer2.3.conv3.stored_array_size": 32,
    "top_1_accuracy": 0.7782399654388428,
    "top_5_accuracy": 0.9393199682235718,
    "total_time": 160.5983861591667
}