{
    "halut_layers": "{\"layer4.0.conv3\": [64, 256, 12, 1]}",
    "layer4.0.conv3.C": 64,
    "layer4.0.conv3.H_size": 12288,
    "layer4.0.conv3.K": 12,
    "layer4.0.conv3.L_size": 6291456,
    "layer4.0.conv3.encoding_algorithm": 1,
    "layer4.0.conv3.learned_a_shape": [
        12544,
        512
    ],
    "layer4.0.conv3.learned_b_shape": [
        512,
        2048
    ],
    "layer4.0.conv3.learned_d": 512,
    "layer4.0.conv3.learned_m": 2048,
    "layer4.0.conv3.learned_n": 12544,
    "layer4.0.conv3.mae": 0.3968113162994385,
    "layer4.0.conv3.mape": 0.2268724715423584,
    "layer4.0.conv3.mse": 0.28362058864593503,
    "layer4.0.conv3.rows": 256,
    "layer4.0.conv3.scaled_error": 0.03494365071773529,
    "layer4.0.conv3.scaled_shift": 0.0029829449459165334,
    "layer4.0.conv3.stored_array_size": 32,
    "top_1_accuracy": 0.7354999780654907,
    "top_5_accuracy": 0.9195599555969238,
    "total_time": 122.08271564077586
}