{
    "halut_layers": "{\"layer3.4.conv2\": [32, 16, 16, 0]}",
    "layer3.4.conv2.C": 32,
    "layer3.4.conv2.H_size": 5632,
    "layer3.4.conv2.K": 16,
    "layer3.4.conv2.L_size": 524288,
    "layer3.4.conv2.encoding_algorithm": 0,
    "layer3.4.conv2.learned_a_shape": [
        3136,
        2304
    ],
    "layer3.4.conv2.learned_b_shape": [
        2304,
        256
    ],
    "layer3.4.conv2.learned_d": 2304,
    "layer3.4.conv2.learned_m": 256,
    "layer3.4.conv2.learned_n": 3136,
    "layer3.4.conv2.mae": 0.721198024597168,
    "layer3.4.conv2.mape": 0.3501617488861084,
    "layer3.4.conv2.mse": 0.8997770320129395,
    "layer3.4.conv2.rows": 16,
    "layer3.4.conv2.scaled_error": 0.020200846507549285,
    "layer3.4.conv2.scaled_shift": 0.0010697490950627253,
    "layer3.4.conv2.stored_array_size": 32,
    "top_1_accuracy": 0.7803199887275696,
    "top_5_accuracy": 0.9402799606323242,
    "total_time": 111.6930529344827
}