{
    "halut_layers": "{\"layer4.0.conv1\": [16, 128, 24, 1]}",
    "layer4.0.conv1.C": 16,
    "layer4.0.conv1.H_size": 6144,
    "layer4.0.conv1.K": 24,
    "layer4.0.conv1.L_size": 786432,
    "layer4.0.conv1.encoding_algorithm": 1,
    "layer4.0.conv1.learned_a_shape": [
        25088,
        1024
    ],
    "layer4.0.conv1.learned_b_shape": [
        1024,
        512
    ],
    "layer4.0.conv1.learned_d": 1024,
    "layer4.0.conv1.learned_m": 512,
    "layer4.0.conv1.learned_n": 25088,
    "layer4.0.conv1.mae": 1.1684482424926759,
    "layer4.0.conv1.mape": 0.4362541445159912,
    "layer4.0.conv1.mse": 2.362817199707031,
    "layer4.0.conv1.rows": 128,
    "layer4.0.conv1.scaled_error": 0.05433816933631897,
    "layer4.0.conv1.scaled_shift": 0.003037687821691943,
    "layer4.0.conv1.stored_array_size": 32,
    "top_1_accuracy": 0.5921399593353271,
    "top_5_accuracy": 0.8344999551773071,
    "total_time": 117.75083583779633
}