{
    "halut_layers": "{\"layer3.4.conv2\": [32, 8, 12, 1]}",
    "layer3.4.conv2.C": 32,
    "layer3.4.conv2.H_size": 6144,
    "layer3.4.conv2.K": 12,
    "layer3.4.conv2.L_size": 393216,
    "layer3.4.conv2.encoding_algorithm": 1,
    "layer3.4.conv2.learned_a_shape": [
        1568,
        2304
    ],
    "layer3.4.conv2.learned_b_shape": [
        2304,
        256
    ],
    "layer3.4.conv2.learned_d": 2304,
    "layer3.4.conv2.learned_m": 256,
    "layer3.4.conv2.learned_n": 1568,
    "layer3.4.conv2.mae": 0.7579494162750244,
    "layer3.4.conv2.mape": 0.3662347761917114,
    "layer3.4.conv2.mse": 1.0001241133117675,
    "layer3.4.conv2.rows": 8,
    "layer3.4.conv2.scaled_error": 0.02122087347984314,
    "layer3.4.conv2.scaled_shift": 0.0013450752950296737,
    "layer3.4.conv2.stored_array_size": 32,
    "top_1_accuracy": 0.7811399698257446,
    "top_5_accuracy": 0.9401199817657471,
    "total_time": 110.48383215256035
}