{
    "halut_layers": "{\"layer3.0.conv1\": [16, 32, 64, 2]}",
    "layer3.0.conv1.C": 16,
    "layer3.0.conv1.H_size": 4,
    "layer3.0.conv1.K": 64,
    "layer3.0.conv1.L_size": 1048576,
    "layer3.0.conv1.encoding_algorithm": 2,
    "layer3.0.conv1.learned_a_shape": [
        25088,
        512
    ],
    "layer3.0.conv1.learned_b_shape": [
        512,
        256
    ],
    "layer3.0.conv1.learned_d": 512,
    "layer3.0.conv1.learned_m": 256,
    "layer3.0.conv1.learned_n": 25088,
    "layer3.0.conv1.mae": 1.1565070188903808,
    "layer3.0.conv1.mape": 0.42354227111816406,
    "layer3.0.conv1.mse": 2.266203910522461,
    "layer3.0.conv1.rows": 32,
    "layer3.0.conv1.scaled_error": 0.02351667685031891,
    "layer3.0.conv1.scaled_shift": -0.0005654502153440263,
    "layer3.0.conv1.stored_array_size": 32,
    "top_1_accuracy": 0.7829200029373169,
    "top_5_accuracy": 0.9401800036430359,
    "total_time": 181.30030268244445
}