{
    "halut_layers": "{\"layer2.3.conv3\": [8, 2, 64, 1]}",
    "layer2.3.conv3.C": 8,
    "layer2.3.conv3.H_size": 6144,
    "layer2.3.conv3.K": 64,
    "layer2.3.conv3.L_size": 1048576,
    "layer2.3.conv3.encoding_algorithm": 1,
    "layer2.3.conv3.learned_a_shape": [
        1568,
        128
    ],
    "layer2.3.conv3.learned_b_shape": [
        128,
        512
    ],
    "layer2.3.conv3.learned_d": 128,
    "layer2.3.conv3.learned_m": 512,
    "layer2.3.conv3.learned_n": 1568,
    "layer2.3.conv3.mae": 0.31919113319396974,
    "layer2.3.conv3.mape": 0.18744596366882324,
    "layer2.3.conv3.mse": 0.20375110530853272,
    "layer2.3.conv3.rows": 2,
    "layer2.3.conv3.scaled_error": 0.019116482262611388,
    "layer2.3.conv3.scaled_shift": 0.0011595250052935445,
    "layer2.3.conv3.stored_array_size": 32,
    "top_1_accuracy": 0.7905399799346924,
    "top_5_accuracy": 0.9454999566078186,
    "total_time": 163.5321365594864
}