{
    "halut_layers": "{\"layer3.0.conv3\": [16, 4, 24, 2]}",
    "layer3.0.conv3.C": 16,
    "layer3.0.conv3.H_size": 4,
    "layer3.0.conv3.K": 24,
    "layer3.0.conv3.L_size": 1572864,
    "layer3.0.conv3.encoding_algorithm": 2,
    "layer3.0.conv3.learned_a_shape": [
        784,
        256
    ],
    "layer3.0.conv3.learned_b_shape": [
        256,
        1024
    ],
    "layer3.0.conv3.learned_d": 256,
    "layer3.0.conv3.learned_m": 1024,
    "layer3.0.conv3.learned_n": 784,
    "layer3.0.conv3.mae": 0.6285987843322753,
    "layer3.0.conv3.mape": 0.32531559467315674,
    "layer3.0.conv3.mse": 0.7059298235321045,
    "layer3.0.conv3.rows": 4,
    "layer3.0.conv3.scaled_error": 0.04406263403892517,
    "layer3.0.conv3.scaled_shift": 0.0015051489998446777,
    "layer3.0.conv3.stored_array_size": 32,
    "top_1_accuracy": 0.7399199604988098,
    "top_5_accuracy": 0.9187799692153931,
    "total_time": 154.91016738303006
}