{
    "halut_layers": "{\"layer1.1.conv3\": [16, 1, 24, 1]}",
    "layer1.1.conv3.C": 16,
    "layer1.1.conv3.H_size": 6144,
    "layer1.1.conv3.K": 24,
    "layer1.1.conv3.L_size": 393216,
    "layer1.1.conv3.encoding_algorithm": 1,
    "layer1.1.conv3.learned_a_shape": [
        3136,
        64
    ],
    "layer1.1.conv3.learned_b_shape": [
        64,
        256
    ],
    "layer1.1.conv3.learned_d": 64,
    "layer1.1.conv3.learned_m": 256,
    "layer1.1.conv3.learned_n": 3136,
    "layer1.1.conv3.mae": 0.3856334310531616,
    "layer1.1.conv3.mape": 0.1724752849960327,
    "layer1.1.conv3.mse": 0.3227603171157837,
    "layer1.1.conv3.rows": 1,
    "layer1.1.conv3.scaled_error": 0.022561205344200135,
    "layer1.1.conv3.scaled_shift": 0.00046739157018833795,
    "layer1.1.conv3.stored_array_size": 32,
    "top_1_accuracy": 0.7979799509048462,
    "top_5_accuracy": 0.9500799775123596,
    "total_time": 252.3366124946624
}