{
    "halut_layers": "{\"layer3.0.conv2\": [16, 32, 16, 0]}",
    "layer3.0.conv2.C": 16,
    "layer3.0.conv2.H_size": 2816,
    "layer3.0.conv2.K": 16,
    "layer3.0.conv2.L_size": 262144,
    "layer3.0.conv2.encoding_algorithm": 0,
    "layer3.0.conv2.learned_a_shape": [
        6272,
        2304
    ],
    "layer3.0.conv2.learned_b_shape": [
        2304,
        256
    ],
    "layer3.0.conv2.learned_d": 2304,
    "layer3.0.conv2.learned_m": 256,
    "layer3.0.conv2.learned_n": 6272,
    "layer3.0.conv2.mae": 1.7812044396972657,
    "layer3.0.conv2.mape": 0.5896970559692383,
    "layer3.0.conv2.mse": 5.809316009521484,
    "layer3.0.conv2.rows": 32,
    "layer3.0.conv2.scaled_error": 0.05260710179328919,
    "layer3.0.conv2.scaled_shift": 0.00019575824051746167,
    "layer3.0.conv2.stored_array_size": 32,
    "top_1_accuracy": 0.5439800024032593,
    "top_5_accuracy": 0.7778799533843994,
    "total_time": 113.35369801521301
}