{
    "halut_layers": "{\"layer3.3.conv3\": [32, 32, 8, 2]}",
    "layer3.3.conv3.C": 32,
    "layer3.3.conv3.H_size": 4,
    "layer3.3.conv3.K": 8,
    "layer3.3.conv3.L_size": 1048576,
    "layer3.3.conv3.encoding_algorithm": 2,
    "layer3.3.conv3.learned_a_shape": [
        6272,
        256
    ],
    "layer3.3.conv3.learned_b_shape": [
        256,
        1024
    ],
    "layer3.3.conv3.learned_d": 256,
    "layer3.3.conv3.learned_m": 1024,
    "layer3.3.conv3.learned_n": 6272,
    "layer3.3.conv3.mae": 0.19334224227905272,
    "layer3.3.conv3.mape": 0.13446769985198975,
    "layer3.3.conv3.mse": 0.06592527326583862,
    "layer3.3.conv3.rows": 32,
    "layer3.3.conv3.scaled_error": 0.009881220498085022,
    "layer3.3.conv3.scaled_shift": 6.738959502079524e-05,
    "layer3.3.conv3.stored_array_size": 32,
    "top_1_accuracy": 0.8027399778366089,
    "top_5_accuracy": 0.9514199495315552,
    "total_time": 152.55420100688934
}