{
    "halut_layers": "{\"layer4.2.conv3\": [32, 256, 32, 2]}",
    "layer4.2.conv3.C": 32,
    "layer4.2.conv3.H_size": 4,
    "layer4.2.conv3.K": 32,
    "layer4.2.conv3.L_size": 8388608,
    "layer4.2.conv3.encoding_algorithm": 2,
    "layer4.2.conv3.learned_a_shape": [
        12544,
        512
    ],
    "layer4.2.conv3.learned_b_shape": [
        512,
        2048
    ],
    "layer4.2.conv3.learned_d": 512,
    "layer4.2.conv3.learned_m": 2048,
    "layer4.2.conv3.learned_n": 12544,
    "layer4.2.conv3.mae": 0.1795774625778198,
    "layer4.2.conv3.mape": 0.12163394765853881,
    "layer4.2.conv3.mse": 0.06671834922790527,
    "layer4.2.conv3.rows": 256,
    "layer4.2.conv3.scaled_error": 0.035241671447753906,
    "layer4.2.conv3.scaled_shift": 0.004566381970993243,
    "layer4.2.conv3.stored_array_size": 32,
    "top_1_accuracy": 0.7961399555206299,
    "top_5_accuracy": 0.9475199580192566,
    "total_time": 141.76437402237207
}