{
    "halut_layers": "{\"layer1.1.conv3\": [8, 8, 8, 1]}",
    "layer1.1.conv3.C": 8,
    "layer1.1.conv3.H_size": 768,
    "layer1.1.conv3.K": 8,
    "layer1.1.conv3.L_size": 65536,
    "layer1.1.conv3.encoding_algorithm": 1,
    "layer1.1.conv3.learned_a_shape": [
        25088,
        64
    ],
    "layer1.1.conv3.learned_b_shape": [
        64,
        256
    ],
    "layer1.1.conv3.learned_d": 64,
    "layer1.1.conv3.learned_m": 256,
    "layer1.1.conv3.learned_n": 25088,
    "layer1.1.conv3.mae": 0.5149125676727295,
    "layer1.1.conv3.mape": 0.22952218605041505,
    "layer1.1.conv3.mse": 0.5470882196807861,
    "layer1.1.conv3.rows": 8,
    "layer1.1.conv3.scaled_error": 0.030140773539543152,
    "layer1.1.conv3.scaled_shift": -0.0005405370964179746,
    "layer1.1.conv3.stored_array_size": 32,
    "top_1_accuracy": 0.7805799841880798,
    "top_5_accuracy": 0.9414799809455872,
    "total_time": 248.19798281602561
}