{
    "halut_layers": "{\"layer4.0.conv2\": [8, 64, 32, 1]}",
    "layer4.0.conv2.C": 8,
    "layer4.0.conv2.H_size": 3072,
    "layer4.0.conv2.K": 32,
    "layer4.0.conv2.L_size": 524288,
    "layer4.0.conv2.encoding_algorithm": 1,
    "layer4.0.conv2.learned_a_shape": [
        3136,
        4608
    ],
    "layer4.0.conv2.learned_b_shape": [
        4608,
        512
    ],
    "layer4.0.conv2.learned_d": 4608,
    "layer4.0.conv2.learned_m": 512,
    "layer4.0.conv2.learned_n": 3136,
    "layer4.0.conv2.mae": 1.155764892730713,
    "layer4.0.conv2.mape": 0.4785899299621582,
    "layer4.0.conv2.mse": 2.4013874713134764,
    "layer4.0.conv2.rows": 64,
    "layer4.0.conv2.scaled_error": 0.07326057700157165,
    "layer4.0.conv2.scaled_shift": 0.006763248166819103,
    "layer4.0.conv2.stored_array_size": 32,
    "top_1_accuracy": 0.5521999597549438,
    "top_5_accuracy": 0.8137799501419067,
    "total_time": 99.25896601937711
}