{
    "halut_layers": "{\"layer4.0.conv3\": [8, 32, 12, 1]}",
    "layer4.0.conv3.C": 8,
    "layer4.0.conv3.H_size": 1536,
    "layer4.0.conv3.K": 12,
    "layer4.0.conv3.L_size": 786432,
    "layer4.0.conv3.encoding_algorithm": 1,
    "layer4.0.conv3.learned_a_shape": [
        1568,
        512
    ],
    "layer4.0.conv3.learned_b_shape": [
        512,
        2048
    ],
    "layer4.0.conv3.learned_d": 512,
    "layer4.0.conv3.learned_m": 2048,
    "layer4.0.conv3.learned_n": 1568,
    "layer4.0.conv3.mae": 0.5222885527801514,
    "layer4.0.conv3.mape": 0.2913730449676514,
    "layer4.0.conv3.mse": 0.4896170705413818,
    "layer4.0.conv3.rows": 32,
    "layer4.0.conv3.scaled_error": 0.04599704513072968,
    "layer4.0.conv3.scaled_shift": 0.002844482334908098,
    "layer4.0.conv3.stored_array_size": 32,
    "top_1_accuracy": 0.39781999588012695,
    "top_5_accuracy": 0.6497399806976318,
    "total_time": 112.91569601092488
}