{
    "halut_layers": "{\"layer3.3.conv3\": [16, 64, 8, 0]}",
    "layer3.3.conv3.C": 16,
    "layer3.3.conv3.H_size": 1344,
    "layer3.3.conv3.K": 8,
    "layer3.3.conv3.L_size": 524288,
    "layer3.3.conv3.encoding_algorithm": 0,
    "layer3.3.conv3.learned_a_shape": [
        12544,
        256
    ],
    "layer3.3.conv3.learned_b_shape": [
        256,
        1024
    ],
    "layer3.3.conv3.learned_d": 256,
    "layer3.3.conv3.learned_m": 1024,
    "layer3.3.conv3.learned_n": 12544,
    "layer3.3.conv3.mae": 0.6845704206848144,
    "layer3.3.conv3.mape": 0.48937743728637695,
    "layer3.3.conv3.mse": 0.9413843673706055,
    "layer3.3.conv3.rows": 64,
    "layer3.3.conv3.scaled_error": 0.034978782243728634,
    "layer3.3.conv3.scaled_shift": -0.017688889720439912,
    "layer3.3.conv3.stored_array_size": 32,
    "top_1_accuracy": 0.5165599584579468,
    "top_5_accuracy": 0.733460009098053,
    "total_time": 140.37122065760195
}