{
    "halut_layers": "{\"layer3.5.conv2\": [64, 8, 32, 1]}",
    "layer3.5.conv2.C": 64,
    "layer3.5.conv2.H_size": 24576,
    "layer3.5.conv2.K": 32,
    "layer3.5.conv2.L_size": 2097152,
    "layer3.5.conv2.encoding_algorithm": 1,
    "layer3.5.conv2.learned_a_shape": [
        1568,
        2304
    ],
    "layer3.5.conv2.learned_b_shape": [
        2304,
        256
    ],
    "layer3.5.conv2.learned_d": 2304,
    "layer3.5.conv2.learned_m": 256,
    "layer3.5.conv2.learned_n": 1568,
    "layer3.5.conv2.mae": 0.9030756254577637,
    "layer3.5.conv2.mape": 0.4401278003692627,
    "layer3.5.conv2.mse": 1.3982942919921875,
    "layer3.5.conv2.rows": 8,
    "layer3.5.conv2.scaled_error": 0.06307793655395508,
    "layer3.5.conv2.scaled_shift": 0.003625484146984527,
    "layer3.5.conv2.stored_array_size": 32,
    "top_1_accuracy": 0.7853399515151978,
    "top_5_accuracy": 0.9438199996948242,
    "total_time": 113.24374223873019
}