{
    "halut_layers": "{\"layer4.1.conv1\": [64, 32, 16, 0]}",
    "layer4.1.conv1.C": 64,
    "layer4.1.conv1.H_size": 11264,
    "layer4.1.conv1.K": 16,
    "layer4.1.conv1.L_size": 2097152,
    "layer4.1.conv1.encoding_algorithm": 0,
    "layer4.1.conv1.learned_a_shape": [
        1568,
        2048
    ],
    "layer4.1.conv1.learned_b_shape": [
        2048,
        512
    ],
    "layer4.1.conv1.learned_d": 2048,
    "layer4.1.conv1.learned_m": 512,
    "layer4.1.conv1.learned_n": 1568,
    "layer4.1.conv1.mae": 1.2575980737304688,
    "layer4.1.conv1.mape": 0.4592934390258789,
    "layer4.1.conv1.mse": 2.8573792578125,
    "layer4.1.conv1.rows": 32,
    "layer4.1.conv1.scaled_error": 0.018078448674678803,
    "layer4.1.conv1.scaled_shift": 0.003645729171037674,
    "layer4.1.conv1.stored_array_size": 32,
    "top_1_accuracy": 0.7373999953269958,
    "top_5_accuracy": 0.9193599820137024,
    "total_time": 102.10050341952592
}