{
    "halut_layers": "{\"layer2.0.conv2\": [32, 2, 32, 1]}",
    "layer2.0.conv2.C": 32,
    "layer2.0.conv2.H_size": 12288,
    "layer2.0.conv2.K": 32,
    "layer2.0.conv2.L_size": 524288,
    "layer2.0.conv2.encoding_algorithm": 1,
    "layer2.0.conv2.learned_a_shape": [
        1568,
        1152
    ],
    "layer2.0.conv2.learned_b_shape": [
        1152,
        128
    ],
    "layer2.0.conv2.learned_d": 1152,
    "layer2.0.conv2.learned_m": 128,
    "layer2.0.conv2.learned_n": 1568,
    "layer2.0.conv2.mae": 2.0854152410888673,
    "layer2.0.conv2.mape": 0.6642983671569824,
    "layer2.0.conv2.mse": 7.6295578344726565,
    "layer2.0.conv2.rows": 2,
    "layer2.0.conv2.scaled_error": 0.04664624854564667,
    "layer2.0.conv2.scaled_shift": -0.0007273152021458373,
    "layer2.0.conv2.stored_array_size": 32,
    "top_1_accuracy": 0.7195799946784973,
    "top_5_accuracy": 0.9055999517440796,
    "total_time": 136.94183049164712
}