{
    "halut_layers": "{\"layer2.0.conv1\": [16, 16, 4, 2]}",
    "layer2.0.conv1.C": 16,
    "layer2.0.conv1.H_size": 4,
    "layer2.0.conv1.K": 4,
    "layer2.0.conv1.L_size": 32768,
    "layer2.0.conv1.encoding_algorithm": 2,
    "layer2.0.conv1.learned_a_shape": [
        50176,
        256
    ],
    "layer2.0.conv1.learned_b_shape": [
        256,
        128
    ],
    "layer2.0.conv1.learned_d": 256,
    "layer2.0.conv1.learned_m": 128,
    "layer2.0.conv1.learned_n": 50176,
    "layer2.0.conv1.mae": 1.4469641249084473,
    "layer2.0.conv1.mape": 0.49371554870605466,
    "layer2.0.conv1.mse": 3.6754519207763674,
    "layer2.0.conv1.rows": 16,
    "layer2.0.conv1.scaled_error": 0.03575382048130035,
    "layer2.0.conv1.scaled_shift": 0.0010309016241924838,
    "layer2.0.conv1.stored_array_size": 32,
    "top_1_accuracy": 0.6653800010681152,
    "top_5_accuracy": 0.8684999942779541,
    "total_time": 177.6459746528417
}