{
    "halut_layers": "{\"layer3.0.conv3\": [16, 16, 24, 1]}",
    "layer3.0.conv3.C": 16,
    "layer3.0.conv3.H_size": 6144,
    "layer3.0.conv3.K": 24,
    "layer3.0.conv3.L_size": 1572864,
    "layer3.0.conv3.encoding_algorithm": 1,
    "layer3.0.conv3.learned_a_shape": [
        3136,
        256
    ],
    "layer3.0.conv3.learned_b_shape": [
        256,
        1024
    ],
    "layer3.0.conv3.learned_d": 256,
    "layer3.0.conv3.learned_m": 1024,
    "layer3.0.conv3.learned_n": 3136,
    "layer3.0.conv3.mae": 0.5615169227600098,
    "layer3.0.conv3.mape": 0.28245887809753417,
    "layer3.0.conv3.mse": 0.5767256999206543,
    "layer3.0.conv3.rows": 16,
    "layer3.0.conv3.scaled_error": 0.03935157240867615,
    "layer3.0.conv3.scaled_shift": 0.0018871672157768627,
    "layer3.0.conv3.stored_array_size": 32,
    "top_1_accuracy": 0.7083399891853333,
    "top_5_accuracy": 0.8979799747467041,
    "total_time": 145.26059794798493
}