{
    "halut_layers": "{\"layer2.0.conv1\": [8, 2, 8, 2]}",
    "layer2.0.conv1.C": 8,
    "layer2.0.conv1.H_size": 4,
    "layer2.0.conv1.K": 8,
    "layer2.0.conv1.L_size": 32768,
    "layer2.0.conv1.encoding_algorithm": 2,
    "layer2.0.conv1.learned_a_shape": [
        6272,
        256
    ],
    "layer2.0.conv1.learned_b_shape": [
        256,
        128
    ],
    "layer2.0.conv1.learned_d": 256,
    "layer2.0.conv1.learned_m": 128,
    "layer2.0.conv1.learned_n": 6272,
    "layer2.0.conv1.mae": 1.5099955555725098,
    "layer2.0.conv1.mape": 0.5135986279296875,
    "layer2.0.conv1.mse": 4.005730454711914,
    "layer2.0.conv1.rows": 2,
    "layer2.0.conv1.scaled_error": 0.037311663146018983,
    "layer2.0.conv1.scaled_shift": 0.003088757319189608,
    "layer2.0.conv1.stored_array_size": 32,
    "top_1_accuracy": 0.6696199774742126,
    "top_5_accuracy": 0.8720799684524536,
    "total_time": 183.30565858073533
}