{
    "halut_layers": "{\"layer1.0.conv2\": [32, 8, 8, 1]}",
    "layer1.0.conv2.C": 32,
    "layer1.0.conv2.H_size": 3072,
    "layer1.0.conv2.K": 8,
    "layer1.0.conv2.L_size": 65536,
    "layer1.0.conv2.encoding_algorithm": 1,
    "layer1.0.conv2.learned_a_shape": [
        25088,
        576
    ],
    "layer1.0.conv2.learned_b_shape": [
        576,
        64
    ],
    "layer1.0.conv2.learned_d": 576,
    "layer1.0.conv2.learned_m": 64,
    "layer1.0.conv2.learned_n": 25088,
    "layer1.0.conv2.mae": 1.3362435443115235,
    "layer1.0.conv2.mape": 0.3062456356048584,
    "layer1.0.conv2.mse": 4.477574680175781,
    "layer1.0.conv2.rows": 8,
    "layer1.0.conv2.scaled_error": 0.027736820650100708,
    "layer1.0.conv2.scaled_shift": -4.27108645287808e-05,
    "layer1.0.conv2.stored_array_size": 32,
    "top_1_accuracy": 0.7824199795722961,
    "top_5_accuracy": 0.9417399764060974,
    "total_time": 175.89764903113246
}