{
    "halut_layers": "{\"layer2.3.conv3\": [8, 4, 8, 2]}",
    "layer2.3.conv3.C": 8,
    "layer2.3.conv3.H_size": 4,
    "layer2.3.conv3.K": 8,
    "layer2.3.conv3.L_size": 131072,
    "layer2.3.conv3.encoding_algorithm": 2,
    "layer2.3.conv3.learned_a_shape": [
        3136,
        128
    ],
    "layer2.3.conv3.learned_b_shape": [
        128,
        512
    ],
    "layer2.3.conv3.learned_d": 128,
    "layer2.3.conv3.learned_m": 512,
    "layer2.3.conv3.learned_n": 3136,
    "layer2.3.conv3.mae": 0.31235020370483396,
    "layer2.3.conv3.mape": 0.18417575702667235,
    "layer2.3.conv3.mse": 0.18881603260040283,
    "layer2.3.conv3.rows": 4,
    "layer2.3.conv3.scaled_error": 0.018710265963077545,
    "layer2.3.conv3.scaled_shift": -0.00015358300126565153,
    "layer2.3.conv3.stored_array_size": 32,
    "top_1_accuracy": 0.7922599911689758,
    "top_5_accuracy": 0.9455999732017517,
    "total_time": 163.78228255175054
}