{
    "halut_layers": "{\"layer3.5.conv1\": [8, 32, 64, 2]}",
    "layer3.5.conv1.C": 8,
    "layer3.5.conv1.H_size": 4,
    "layer3.5.conv1.K": 64,
    "layer3.5.conv1.L_size": 524288,
    "layer3.5.conv1.encoding_algorithm": 2,
    "layer3.5.conv1.learned_a_shape": [
        6272,
        1024
    ],
    "layer3.5.conv1.learned_b_shape": [
        1024,
        256
    ],
    "layer3.5.conv1.learned_d": 1024,
    "layer3.5.conv1.learned_m": 256,
    "layer3.5.conv1.learned_n": 6272,
    "layer3.5.conv1.mae": 1.1018232232666016,
    "layer3.5.conv1.mape": 0.4381601173400879,
    "layer3.5.conv1.mse": 2.076152604980469,
    "layer3.5.conv1.rows": 32,
    "layer3.5.conv1.scaled_error": 0.03847807837486267,
    "layer3.5.conv1.scaled_shift": 0.0017049236156488768,
    "layer3.5.conv1.stored_array_size": 32,
    "top_1_accuracy": 0.7884999513626099,
    "top_5_accuracy": 0.944920003414154,
    "total_time": 101.95986401289701
}