{
    "halut_layers": "{\"layer2.0.downsample.0\": [64, 4, 8, 1]}",
    "layer2.0.downsample.0.C": 64,
    "layer2.0.downsample.0.H_size": 6144,
    "layer2.0.downsample.0.K": 8,
    "layer2.0.downsample.0.L_size": 1048576,
    "layer2.0.downsample.0.encoding_algorithm": 1,
    "layer2.0.downsample.0.learned_a_shape": [
        3136,
        256
    ],
    "layer2.0.downsample.0.learned_b_shape": [
        256,
        512
    ],
    "layer2.0.downsample.0.learned_d": 256,
    "layer2.0.downsample.0.learned_m": 512,
    "layer2.0.downsample.0.learned_n": 3136,
    "layer2.0.downsample.0.mae": 0.4766780587768555,
    "layer2.0.downsample.0.mape": 0.21504345642089845,
    "layer2.0.downsample.0.mse": 0.4835975841522217,
    "layer2.0.downsample.0.rows": 4,
    "layer2.0.downsample.0.scaled_error": 0.024006933159828187,
    "layer2.0.downsample.0.scaled_shift": -0.0003010754759632982,
    "layer2.0.downsample.0.stored_array_size": 32,
    "top_1_accuracy": 0.7789799571037292,
    "top_5_accuracy": 0.94132000207901,
    "total_time": 166.080088628456
}