{
    "halut_layers": "{\"layer4.2.conv1\": [32, 32, 64, 2]}",
    "layer4.2.conv1.C": 32,
    "layer4.2.conv1.H_size": 4,
    "layer4.2.conv1.K": 64,
    "layer4.2.conv1.L_size": 4194304,
    "layer4.2.conv1.encoding_algorithm": 2,
    "layer4.2.conv1.learned_a_shape": [
        1568,
        2048
    ],
    "layer4.2.conv1.learned_b_shape": [
        2048,
        512
    ],
    "layer4.2.conv1.learned_d": 2048,
    "layer4.2.conv1.learned_m": 512,
    "layer4.2.conv1.learned_n": 1568,
    "layer4.2.conv1.mae": 0.8604555523681641,
    "layer4.2.conv1.mape": 0.3551273185348511,
    "layer4.2.conv1.mse": 1.4543983125305175,
    "layer4.2.conv1.rows": 32,
    "layer4.2.conv1.scaled_error": 0.00887085629105568,
    "layer4.2.conv1.scaled_shift": 0.002223870568498969,
    "layer4.2.conv1.stored_array_size": 32,
    "top_1_accuracy": 0.7786999940872192,
    "top_5_accuracy": 0.9397799968719482,
    "total_time": 148.97806250862777
}