{
    "halut_layers": "{\"layer4.0.conv1\": [16, 32, 32, 0]}",
    "layer4.0.conv1.C": 16,
    "layer4.0.conv1.H_size": 6080,
    "layer4.0.conv1.K": 32,
    "layer4.0.conv1.L_size": 1048576,
    "layer4.0.conv1.encoding_algorithm": 0,
    "layer4.0.conv1.learned_a_shape": [
        6272,
        1024
    ],
    "layer4.0.conv1.learned_b_shape": [
        1024,
        512
    ],
    "layer4.0.conv1.learned_d": 1024,
    "layer4.0.conv1.learned_m": 512,
    "layer4.0.conv1.learned_n": 6272,
    "layer4.0.conv1.mae": 2.600588047790527,
    "layer4.0.conv1.mape": 1.0867846919250488,
    "layer4.0.conv1.mse": 10.744295263671875,
    "layer4.0.conv1.rows": 32,
    "layer4.0.conv1.scaled_error": 0.12081511423110962,
    "layer4.0.conv1.scaled_shift": -0.04871391007423401,
    "layer4.0.conv1.stored_array_size": 32,
    "top_1_accuracy": 0.06765999644994736,
    "top_5_accuracy": 0.18361999094486237,
    "total_time": 121.84444453194737
}