{
    "halut_layers": "{\"layer3.5.conv2\": [8, 64, 16, 1]}",
    "layer3.5.conv2.C": 8,
    "layer3.5.conv2.H_size": 1536,
    "layer3.5.conv2.K": 16,
    "layer3.5.conv2.L_size": 131072,
    "layer3.5.conv2.encoding_algorithm": 1,
    "layer3.5.conv2.learned_a_shape": [
        12544,
        2304
    ],
    "layer3.5.conv2.learned_b_shape": [
        2304,
        256
    ],
    "layer3.5.conv2.learned_d": 2304,
    "layer3.5.conv2.learned_m": 256,
    "layer3.5.conv2.learned_n": 12544,
    "layer3.5.conv2.mae": 0.8647163851928711,
    "layer3.5.conv2.mape": 0.39291715690612794,
    "layer3.5.conv2.mse": 1.339010514984131,
    "layer3.5.conv2.rows": 64,
    "layer3.5.conv2.scaled_error": 0.06040678709983826,
    "layer3.5.conv2.scaled_shift": 0.0043469563700449364,
    "layer3.5.conv2.stored_array_size": 32,
    "top_1_accuracy": 0.7781999707221985,
    "top_5_accuracy": 0.9399399757385254,
    "total_time": 80.35788808763027
}