{
    "halut_layers": "{\"layer2.0.conv2\": [64, 4, 64, 2]}",
    "layer2.0.conv2.C": 64,
    "layer2.0.conv2.H_size": 4,
    "layer2.0.conv2.K": 64,
    "layer2.0.conv2.L_size": 2097152,
    "layer2.0.conv2.encoding_algorithm": 2,
    "layer2.0.conv2.learned_a_shape": [
        3136,
        1152
    ],
    "layer2.0.conv2.learned_b_shape": [
        1152,
        128
    ],
    "layer2.0.conv2.learned_d": 1152,
    "layer2.0.conv2.learned_m": 128,
    "layer2.0.conv2.learned_n": 3136,
    "layer2.0.conv2.mae": 1.7727627569580078,
    "layer2.0.conv2.mape": 0.624902614364624,
    "layer2.0.conv2.mse": 5.224285095214844,
    "layer2.0.conv2.rows": 4,
    "layer2.0.conv2.scaled_error": 0.03969529138565064,
    "layer2.0.conv2.scaled_shift": -0.00016947351189039182,
    "layer2.0.conv2.stored_array_size": 32,
    "top_1_accuracy": 0.7983799576759338,
    "top_5_accuracy": 0.9502999782562256,
    "total_time": 284.47677633166313
}