{
    "halut_layers": "{\"layer2.0.conv2\": [64, 8, 16, 2]}",
    "layer2.0.conv2.C": 64,
    "layer2.0.conv2.H_size": 4,
    "layer2.0.conv2.K": 16,
    "layer2.0.conv2.L_size": 524288,
    "layer2.0.conv2.encoding_algorithm": 2,
    "layer2.0.conv2.learned_a_shape": [
        6272,
        1152
    ],
    "layer2.0.conv2.learned_b_shape": [
        1152,
        128
    ],
    "layer2.0.conv2.learned_d": 1152,
    "layer2.0.conv2.learned_m": 128,
    "layer2.0.conv2.learned_n": 6272,
    "layer2.0.conv2.mae": 1.3998871667480468,
    "layer2.0.conv2.mape": 0.47675061782836914,
    "layer2.0.conv2.mse": 3.392175567626953,
    "layer2.0.conv2.rows": 8,
    "layer2.0.conv2.scaled_error": 0.03131479384899139,
    "layer2.0.conv2.scaled_shift": -0.0011535762099921703,
    "layer2.0.conv2.stored_array_size": 32,
    "top_1_accuracy": 0.7921599745750427,
    "top_5_accuracy": 0.9458999633789062,
    "total_time": 142.54780624248087
}