{
    "halut_layers": "{\"layer4.2.conv3\": [8, 256, 24, 2]}",
    "layer4.2.conv3.C": 8,
    "layer4.2.conv3.H_size": 4,
    "layer4.2.conv3.K": 24,
    "layer4.2.conv3.L_size": 1572864,
    "layer4.2.conv3.encoding_algorithm": 2,
    "layer4.2.conv3.learned_a_shape": [
        12544,
        512
    ],
    "layer4.2.conv3.learned_b_shape": [
        512,
        2048
    ],
    "layer4.2.conv3.learned_d": 512,
    "layer4.2.conv3.learned_m": 2048,
    "layer4.2.conv3.learned_n": 12544,
    "layer4.2.conv3.mae": 0.22176070667266845,
    "layer4.2.conv3.mape": 0.145466290435791,
    "layer4.2.conv3.mse": 0.10309668487548829,
    "layer4.2.conv3.rows": 256,
    "layer4.2.conv3.scaled_error": 0.04350054531097412,
    "layer4.2.conv3.scaled_shift": 0.018298291048891843,
    "layer4.2.conv3.stored_array_size": 32,
    "top_1_accuracy": 0.7885199785232544,
    "top_5_accuracy": 0.9447199702262878,
    "total_time": 118.34223692584783
}