{
    "halut_layers": "{\"layer3.0.conv2\": [8, 64, 32, 2]}",
    "layer3.0.conv2.C": 8,
    "layer3.0.conv2.H_size": 4,
    "layer3.0.conv2.K": 32,
    "layer3.0.conv2.L_size": 262144,
    "layer3.0.conv2.encoding_algorithm": 2,
    "layer3.0.conv2.learned_a_shape": [
        12544,
        2304
    ],
    "layer3.0.conv2.learned_b_shape": [
        2304,
        256
    ],
    "layer3.0.conv2.learned_d": 2304,
    "layer3.0.conv2.learned_m": 256,
    "layer3.0.conv2.learned_n": 12544,
    "layer3.0.conv2.mae": 1.5642673280334474,
    "layer3.0.conv2.mape": 0.5422127603149414,
    "layer3.0.conv2.mse": 4.4449150311279295,
    "layer3.0.conv2.rows": 64,
    "layer3.0.conv2.scaled_error": 0.04620805913925171,
    "layer3.0.conv2.scaled_shift": 0.0002463792812774773,
    "layer3.0.conv2.stored_array_size": 32,
    "top_1_accuracy": 0.6913999915122986,
    "top_5_accuracy": 0.8895599842071533,
    "total_time": 104.75554490834475
}