{
    "halut_layers": "{\"layer4.0.conv2\": [32, 32, 64, 2]}",
    "layer4.0.conv2.C": 32,
    "layer4.0.conv2.H_size": 4,
    "layer4.0.conv2.K": 64,
    "layer4.0.conv2.L_size": 4194304,
    "layer4.0.conv2.encoding_algorithm": 2,
    "layer4.0.conv2.learned_a_shape": [
        1568,
        4608
    ],
    "layer4.0.conv2.learned_b_shape": [
        4608,
        512
    ],
    "layer4.0.conv2.learned_d": 4608,
    "layer4.0.conv2.learned_m": 512,
    "layer4.0.conv2.learned_n": 1568,
    "layer4.0.conv2.mae": 1.0869676362609864,
    "layer4.0.conv2.mape": 0.4952886801147461,
    "layer4.0.conv2.mse": 2.075374726867676,
    "layer4.0.conv2.rows": 32,
    "layer4.0.conv2.scaled_error": 0.06891188660621643,
    "layer4.0.conv2.scaled_shift": 0.007662108405828476,
    "layer4.0.conv2.stored_array_size": 32,
    "top_1_accuracy": 0.7162399888038635,
    "top_5_accuracy": 0.9115200042724609,
    "total_time": 156.2374965986237
}