{
    "halut_layers": "{\"layer3.0.conv1\": [32, 8, 24, 1]}",
    "layer3.0.conv1.C": 32,
    "layer3.0.conv1.H_size": 12288,
    "layer3.0.conv1.K": 24,
    "layer3.0.conv1.L_size": 786432,
    "layer3.0.conv1.encoding_algorithm": 1,
    "layer3.0.conv1.learned_a_shape": [
        6272,
        512
    ],
    "layer3.0.conv1.learned_b_shape": [
        512,
        256
    ],
    "layer3.0.conv1.learned_d": 512,
    "layer3.0.conv1.learned_m": 256,
    "layer3.0.conv1.learned_n": 6272,
    "layer3.0.conv1.mae": 1.2852519056701661,
    "layer3.0.conv1.mape": 0.4573157982635498,
    "layer3.0.conv1.mse": 2.829450481567383,
    "layer3.0.conv1.rows": 8,
    "layer3.0.conv1.scaled_error": 0.026114037518501283,
    "layer3.0.conv1.scaled_shift": 3.976258562892326e-05,
    "layer3.0.conv1.stored_array_size": 32,
    "top_1_accuracy": 0.7260199785232544,
    "top_5_accuracy": 0.9097599983215332,
    "total_time": 147.21771720796824
}