{
    "halut_layers": "{\"layer3.4.conv2\": [8, 16, 16, 2]}",
    "layer3.4.conv2.C": 8,
    "layer3.4.conv2.H_size": 4,
    "layer3.4.conv2.K": 16,
    "layer3.4.conv2.L_size": 131072,
    "layer3.4.conv2.encoding_algorithm": 2,
    "layer3.4.conv2.learned_a_shape": [
        3136,
        2304
    ],
    "layer3.4.conv2.learned_b_shape": [
        2304,
        256
    ],
    "layer3.4.conv2.learned_d": 2304,
    "layer3.4.conv2.learned_m": 256,
    "layer3.4.conv2.learned_n": 3136,
    "layer3.4.conv2.mae": 0.7392686381530762,
    "layer3.4.conv2.mape": 0.3583210571289063,
    "layer3.4.conv2.mse": 0.9532601626586914,
    "layer3.4.conv2.rows": 16,
    "layer3.4.conv2.scaled_error": 0.020706584606170655,
    "layer3.4.conv2.scaled_shift": 0.000946022591884539,
    "layer3.4.conv2.stored_array_size": 32,
    "top_1_accuracy": 0.7796799540519714,
    "top_5_accuracy": 0.9401599764823914,
    "total_time": 92.49148182943463
}