{
    "halut_layers": "{\"layer3.0.conv3\": [32, 8, 32, 1]}",
    "layer3.0.conv3.C": 32,
    "layer3.0.conv3.H_size": 12288,
    "layer3.0.conv3.K": 32,
    "layer3.0.conv3.L_size": 4194304,
    "layer3.0.conv3.encoding_algorithm": 1,
    "layer3.0.conv3.learned_a_shape": [
        1568,
        256
    ],
    "layer3.0.conv3.learned_b_shape": [
        256,
        1024
    ],
    "layer3.0.conv3.learned_d": 256,
    "layer3.0.conv3.learned_m": 1024,
    "layer3.0.conv3.learned_n": 1568,
    "layer3.0.conv3.mae": 0.5469738186645507,
    "layer3.0.conv3.mape": 0.28296302265167234,
    "layer3.0.conv3.mse": 0.5287970070648194,
    "layer3.0.conv3.rows": 8,
    "layer3.0.conv3.scaled_error": 0.03833683581829071,
    "layer3.0.conv3.scaled_shift": 0.002063814038503915,
    "layer3.0.conv3.stored_array_size": 32,
    "top_1_accuracy": 0.7637199759483337,
    "top_5_accuracy": 0.9331599473953247,
    "total_time": 150.1265399362892
}