{
    "halut_layers": "{\"layer2.3.conv3\": [16, 16, 64, 2]}",
    "layer2.3.conv3.C": 16,
    "layer2.3.conv3.H_size": 4,
    "layer2.3.conv3.K": 64,
    "layer2.3.conv3.L_size": 2097152,
    "layer2.3.conv3.encoding_algorithm": 2,
    "layer2.3.conv3.learned_a_shape": [
        12544,
        128
    ],
    "layer2.3.conv3.learned_b_shape": [
        128,
        512
    ],
    "layer2.3.conv3.learned_d": 128,
    "layer2.3.conv3.learned_m": 512,
    "layer2.3.conv3.learned_n": 12544,
    "layer2.3.conv3.mae": 0.17708677545547485,
    "layer2.3.conv3.mape": 0.10745669078826904,
    "layer2.3.conv3.mse": 0.0606882994556427,
    "layer2.3.conv3.rows": 16,
    "layer2.3.conv3.scaled_error": 0.010607783771753311,
    "layer2.3.conv3.scaled_shift": -0.0006646185627579689,
    "layer2.3.conv3.stored_array_size": 32,
    "top_1_accuracy": 0.8062799572944641,
    "top_5_accuracy": 0.952739953994751,
    "total_time": 195.4356817677617
}