{
    "halut_layers": "{\"layer1.1.conv3\": [8, 8, 4, 2]}",
    "layer1.1.conv3.C": 8,
    "layer1.1.conv3.H_size": 4,
    "layer1.1.conv3.K": 4,
    "layer1.1.conv3.L_size": 32768,
    "layer1.1.conv3.encoding_algorithm": 2,
    "layer1.1.conv3.learned_a_shape": [
        25088,
        64
    ],
    "layer1.1.conv3.learned_b_shape": [
        64,
        256
    ],
    "layer1.1.conv3.learned_d": 64,
    "layer1.1.conv3.learned_m": 256,
    "layer1.1.conv3.learned_n": 25088,
    "layer1.1.conv3.mae": 0.5219550437927246,
    "layer1.1.conv3.mape": 0.23288032634735106,
    "layer1.1.conv3.mse": 0.5539324976348877,
    "layer1.1.conv3.rows": 8,
    "layer1.1.conv3.scaled_error": 0.030552510991096498,
    "layer1.1.conv3.scaled_shift": -0.0004368258969445014,
    "layer1.1.conv3.stored_array_size": 32,
    "top_1_accuracy": 0.7733599543571472,
    "top_5_accuracy": 0.9389399886131287,
    "total_time": 255.44581080786884
}