{
    "halut_layers": "{\"layer4.0.conv1\": [8, 32, 32, 2]}",
    "layer4.0.conv1.C": 8,
    "layer4.0.conv1.H_size": 4,
    "layer4.0.conv1.K": 32,
    "layer4.0.conv1.L_size": 524288,
    "layer4.0.conv1.encoding_algorithm": 2,
    "layer4.0.conv1.learned_a_shape": [
        6272,
        1024
    ],
    "layer4.0.conv1.learned_b_shape": [
        1024,
        512
    ],
    "layer4.0.conv1.learned_d": 1024,
    "layer4.0.conv1.learned_m": 512,
    "layer4.0.conv1.learned_n": 6272,
    "layer4.0.conv1.mae": 1.1523441848754883,
    "layer4.0.conv1.mape": 0.4381602707672119,
    "layer4.0.conv1.mse": 2.2712626733398436,
    "layer4.0.conv1.rows": 32,
    "layer4.0.conv1.scaled_error": 0.05359249132156372,
    "layer4.0.conv1.scaled_shift": 0.002388860376327066,
    "layer4.0.conv1.stored_array_size": 32,
    "top_1_accuracy": 0.616159975528717,
    "top_5_accuracy": 0.8563799858093262,
    "total_time": 102.71173388697207
}