{
    "halut_layers": "{\"layer4.1.conv1\": [8, 32, 4, 2]}",
    "layer4.1.conv1.C": 8,
    "layer4.1.conv1.H_size": 4,
    "layer4.1.conv1.K": 4,
    "layer4.1.conv1.L_size": 65536,
    "layer4.1.conv1.encoding_algorithm": 2,
    "layer4.1.conv1.learned_a_shape": [
        1568,
        2048
    ],
    "layer4.1.conv1.learned_b_shape": [
        2048,
        512
    ],
    "layer4.1.conv1.learned_d": 2048,
    "layer4.1.conv1.learned_m": 512,
    "layer4.1.conv1.learned_n": 1568,
    "layer4.1.conv1.mae": 1.3918641561889649,
    "layer4.1.conv1.mape": 0.5004973258209229,
    "layer4.1.conv1.mse": 3.678377739868164,
    "layer4.1.conv1.rows": 32,
    "layer4.1.conv1.scaled_error": 0.019999302728176117,
    "layer4.1.conv1.scaled_shift": 0.0022857028608943802,
    "layer4.1.conv1.stored_array_size": 32,
    "top_1_accuracy": 0.608299970626831,
    "top_5_accuracy": 0.8077799677848816,
    "total_time": 101.292938740924
}