{
    "halut_layers": "{\"layer4.0.conv3\": [32, 32, 16, 2]}",
    "layer4.0.conv3.C": 32,
    "layer4.0.conv3.H_size": 4,
    "layer4.0.conv3.K": 16,
    "layer4.0.conv3.L_size": 4194304,
    "layer4.0.conv3.encoding_algorithm": 2,
    "layer4.0.conv3.learned_a_shape": [
        1568,
        512
    ],
    "layer4.0.conv3.learned_b_shape": [
        512,
        2048
    ],
    "layer4.0.conv3.learned_d": 512,
    "layer4.0.conv3.learned_m": 2048,
    "layer4.0.conv3.learned_n": 1568,
    "layer4.0.conv3.mae": 0.47476248291015627,
    "layer4.0.conv3.mape": 0.27788361190795896,
    "layer4.0.conv3.mse": 0.3924949489593506,
    "layer4.0.conv3.rows": 32,
    "layer4.0.conv3.scaled_error": 0.04181729210853577,
    "layer4.0.conv3.scaled_shift": 0.0002613611048369785,
    "layer4.0.conv3.stored_array_size": 32,
    "top_1_accuracy": 0.7150799632072449,
    "top_5_accuracy": 0.9096999764442444,
    "total_time": 133.26665685139596
}