{
    "halut_layers": "{\"layer4.0.conv2\": [32, 128, 8, 1]}",
    "layer4.0.conv2.C": 32,
    "layer4.0.conv2.H_size": 3072,
    "layer4.0.conv2.K": 8,
    "layer4.0.conv2.L_size": 524288,
    "layer4.0.conv2.encoding_algorithm": 1,
    "layer4.0.conv2.learned_a_shape": [
        6272,
        4608
    ],
    "layer4.0.conv2.learned_b_shape": [
        4608,
        512
    ],
    "layer4.0.conv2.learned_d": 4608,
    "layer4.0.conv2.learned_m": 512,
    "layer4.0.conv2.learned_n": 6272,
    "layer4.0.conv2.mae": 1.1036377709960938,
    "layer4.0.conv2.mape": 0.4631128053283691,
    "layer4.0.conv2.mse": 2.203907978820801,
    "layer4.0.conv2.rows": 128,
    "layer4.0.conv2.scaled_error": 0.06995684378623962,
    "layer4.0.conv2.scaled_shift": 0.004964410558599629,
    "layer4.0.conv2.stored_array_size": 32,
    "top_1_accuracy": 0.5877400040626526,
    "top_5_accuracy": 0.8403399586677551,
    "total_time": 99.52512194123119
}