{
    "halut_layers": "{\"layer3.3.conv3\": [64, 8, 8, 1]}",
    "layer3.3.conv3.C": 64,
    "layer3.3.conv3.H_size": 6144,
    "layer3.3.conv3.K": 8,
    "layer3.3.conv3.L_size": 2097152,
    "layer3.3.conv3.encoding_algorithm": 1,
    "layer3.3.conv3.learned_a_shape": [
        1568,
        256
    ],
    "layer3.3.conv3.learned_b_shape": [
        256,
        1024
    ],
    "layer3.3.conv3.learned_d": 256,
    "layer3.3.conv3.learned_m": 1024,
    "layer3.3.conv3.learned_n": 1568,
    "layer3.3.conv3.mae": 0.20098891994476317,
    "layer3.3.conv3.mape": 0.13996556858062745,
    "layer3.3.conv3.mse": 0.0724323244380951,
    "layer3.3.conv3.rows": 8,
    "layer3.3.conv3.scaled_error": 0.010267892751693725,
    "layer3.3.conv3.scaled_shift": 0.000547638389298154,
    "layer3.3.conv3.stored_array_size": 32,
    "top_1_accuracy": 0.8017599582672119,
    "top_5_accuracy": 0.9515199661254883,
    "total_time": 145.86163981072605
}