{
    "halut_layers": "{\"layer4.2.conv3\": [64, 256, 12, 2]}",
    "layer4.2.conv3.C": 64,
    "layer4.2.conv3.H_size": 4,
    "layer4.2.conv3.K": 12,
    "layer4.2.conv3.L_size": 6291456,
    "layer4.2.conv3.encoding_algorithm": 2,
    "layer4.2.conv3.learned_a_shape": [
        12544,
        512
    ],
    "layer4.2.conv3.learned_b_shape": [
        512,
        2048
    ],
    "layer4.2.conv3.learned_d": 512,
    "layer4.2.conv3.learned_m": 2048,
    "layer4.2.conv3.learned_n": 12544,
    "layer4.2.conv3.mae": 0.17067208862304686,
    "layer4.2.conv3.mape": 0.11411140535354614,
    "layer4.2.conv3.mse": 0.06349761826038361,
    "layer4.2.conv3.rows": 256,
    "layer4.2.conv3.scaled_error": 0.033477179441452024,
    "layer4.2.conv3.scaled_shift": 0.00787603213394992,
    "layer4.2.conv3.stored_array_size": 32,
    "top_1_accuracy": 0.7968599796295166,
    "top_5_accuracy": 0.9491999745368958,
    "total_time": 138.026375900954
}