{
    "halut_layers": "{\"layer3.5.conv2\": [64, 32, 16, 0]}",
    "layer3.5.conv2.C": 64,
    "layer3.5.conv2.H_size": 11264,
    "layer3.5.conv2.K": 16,
    "layer3.5.conv2.L_size": 1048576,
    "layer3.5.conv2.encoding_algorithm": 0,
    "layer3.5.conv2.learned_a_shape": [
        6272,
        2304
    ],
    "layer3.5.conv2.learned_b_shape": [
        2304,
        256
    ],
    "layer3.5.conv2.learned_d": 2304,
    "layer3.5.conv2.learned_m": 256,
    "layer3.5.conv2.learned_n": 6272,
    "layer3.5.conv2.mae": 0.7355818836212158,
    "layer3.5.conv2.mape": 0.3459729311752319,
    "layer3.5.conv2.mse": 0.965647495727539,
    "layer3.5.conv2.rows": 32,
    "layer3.5.conv2.scaled_error": 0.051395362882614135,
    "layer3.5.conv2.scaled_shift": 0.00484568868085742,
    "layer3.5.conv2.stored_array_size": 32,
    "top_1_accuracy": 0.7889399528503418,
    "top_5_accuracy": 0.9453399777412415,
    "total_time": 111.4429659564048
}