{
    "halut_layers": "{\"layer3.0.conv3\": [32, 64, 64, 2]}",
    "layer3.0.conv3.C": 32,
    "layer3.0.conv3.H_size": 4,
    "layer3.0.conv3.K": 64,
    "layer3.0.conv3.L_size": 8388608,
    "layer3.0.conv3.encoding_algorithm": 2,
    "layer3.0.conv3.learned_a_shape": [
        12544,
        256
    ],
    "layer3.0.conv3.learned_b_shape": [
        256,
        1024
    ],
    "layer3.0.conv3.learned_d": 256,
    "layer3.0.conv3.learned_m": 1024,
    "layer3.0.conv3.learned_n": 12544,
    "layer3.0.conv3.mae": 0.36062688484191896,
    "layer3.0.conv3.mape": 0.18933651664733886,
    "layer3.0.conv3.mse": 0.2338414739227295,
    "layer3.0.conv3.rows": 64,
    "layer3.0.conv3.scaled_error": 0.02528808841943741,
    "layer3.0.conv3.scaled_shift": -0.0005140746359253535,
    "layer3.0.conv3.stored_array_size": 32,
    "top_1_accuracy": 0.7987599968910217,
    "top_5_accuracy": 0.9495399594306946,
    "total_time": 200.60781667381525
}