{
    "halut_layers": "{\"layer3.5.conv1\": [8, 8, 12, 1]}",
    "layer3.5.conv1.C": 8,
    "layer3.5.conv1.H_size": 1536,
    "layer3.5.conv1.K": 12,
    "layer3.5.conv1.L_size": 98304,
    "layer3.5.conv1.encoding_algorithm": 1,
    "layer3.5.conv1.learned_a_shape": [
        1568,
        1024
    ],
    "layer3.5.conv1.learned_b_shape": [
        1024,
        256
    ],
    "layer3.5.conv1.learned_d": 1024,
    "layer3.5.conv1.learned_m": 256,
    "layer3.5.conv1.learned_n": 1568,
    "layer3.5.conv1.mae": 1.2796886224365234,
    "layer3.5.conv1.mape": 0.48640279167175293,
    "layer3.5.conv1.mse": 2.8202505487060545,
    "layer3.5.conv1.rows": 8,
    "layer3.5.conv1.scaled_error": 0.04467669994354248,
    "layer3.5.conv1.scaled_shift": 0.001588727670792723,
    "layer3.5.conv1.stored_array_size": 32,
    "top_1_accuracy": 0.7737199664115906,
    "top_5_accuracy": 0.9363999962806702,
    "total_time": 83.45299688354135
}