{
    "halut_layers": "{\"layer4.0.conv2\": [64, 64, 16, 1]}",
    "layer4.0.conv2.C": 64,
    "layer4.0.conv2.H_size": 12288,
    "layer4.0.conv2.K": 16,
    "layer4.0.conv2.L_size": 2097152,
    "layer4.0.conv2.encoding_algorithm": 1,
    "layer4.0.conv2.learned_a_shape": [
        3136,
        4608
    ],
    "layer4.0.conv2.learned_b_shape": [
        4608,
        512
    ],
    "layer4.0.conv2.learned_d": 4608,
    "layer4.0.conv2.learned_m": 512,
    "layer4.0.conv2.learned_n": 3136,
    "layer4.0.conv2.mae": 1.0760148973083496,
    "layer4.0.conv2.mape": 0.46396119911193845,
    "layer4.0.conv2.mse": 2.0806388079833984,
    "layer4.0.conv2.rows": 64,
    "layer4.0.conv2.scaled_error": 0.06820844822883607,
    "layer4.0.conv2.scaled_shift": 0.005501186417099089,
    "layer4.0.conv2.stored_array_size": 32,
    "top_1_accuracy": 0.6189999580383301,
    "top_5_accuracy": 0.861799955368042,
    "total_time": 101.47783585544676
}