{
    "halut_layers": "{\"layer1.1.conv3\": [16, 8, 32, 2]}",
    "layer1.1.conv3.C": 16,
    "layer1.1.conv3.H_size": 4,
    "layer1.1.conv3.K": 32,
    "layer1.1.conv3.L_size": 524288,
    "layer1.1.conv3.encoding_algorithm": 2,
    "layer1.1.conv3.learned_a_shape": [
        25088,
        64
    ],
    "layer1.1.conv3.learned_b_shape": [
        64,
        256
    ],
    "layer1.1.conv3.learned_d": 64,
    "layer1.1.conv3.learned_m": 256,
    "layer1.1.conv3.learned_n": 25088,
    "layer1.1.conv3.mae": 0.24815773502349853,
    "layer1.1.conv3.mape": 0.11438472593307496,
    "layer1.1.conv3.mse": 0.12196540138244628,
    "layer1.1.conv3.rows": 8,
    "layer1.1.conv3.scaled_error": 0.014524405109882356,
    "layer1.1.conv3.scaled_shift": -0.000399402618072927,
    "layer1.1.conv3.stored_array_size": 32,
    "top_1_accuracy": 0.8055799603462219,
    "top_5_accuracy": 0.9529999494552612,
    "total_time": 295.3814386893064
}