{
    "halut_layers": "{\"layer4.0.conv3\": [64, 32, 24, 1]}",
    "layer4.0.conv3.C": 64,
    "layer4.0.conv3.H_size": 24576,
    "layer4.0.conv3.K": 24,
    "layer4.0.conv3.L_size": 12582912,
    "layer4.0.conv3.encoding_algorithm": 1,
    "layer4.0.conv3.learned_a_shape": [
        1568,
        512
    ],
    "layer4.0.conv3.learned_b_shape": [
        512,
        2048
    ],
    "layer4.0.conv3.learned_d": 512,
    "layer4.0.conv3.learned_m": 2048,
    "layer4.0.conv3.learned_n": 1568,
    "layer4.0.conv3.mae": 0.5226117603302002,
    "layer4.0.conv3.mape": 0.3073130432510376,
    "layer4.0.conv3.mse": 0.4668354928588867,
    "layer4.0.conv3.rows": 32,
    "layer4.0.conv3.scaled_error": 0.0460381029176712,
    "layer4.0.conv3.scaled_shift": 0.004453556274175644,
    "layer4.0.conv3.stored_array_size": 32,
    "top_1_accuracy": 0.7332199811935425,
    "top_5_accuracy": 0.9202399849891663,
    "total_time": 127.35075386054814
}