{
    "halut_layers": "{\"layer3.0.conv3\": [16, 8, 12, 1]}",
    "layer3.0.conv3.C": 16,
    "layer3.0.conv3.H_size": 3072,
    "layer3.0.conv3.K": 12,
    "layer3.0.conv3.L_size": 786432,
    "layer3.0.conv3.encoding_algorithm": 1,
    "layer3.0.conv3.learned_a_shape": [
        1568,
        256
    ],
    "layer3.0.conv3.learned_b_shape": [
        256,
        1024
    ],
    "layer3.0.conv3.learned_d": 256,
    "layer3.0.conv3.learned_m": 1024,
    "layer3.0.conv3.learned_n": 1568,
    "layer3.0.conv3.mae": 0.5993235528564453,
    "layer3.0.conv3.mape": 0.3005589040374756,
    "layer3.0.conv3.mse": 0.6555122811889649,
    "layer3.0.conv3.rows": 8,
    "layer3.0.conv3.scaled_error": 0.04200428329467774,
    "layer3.0.conv3.scaled_shift": 0.0027028700892440974,
    "layer3.0.conv3.stored_array_size": 32,
    "top_1_accuracy": 0.6684600114822388,
    "top_5_accuracy": 0.8741799592971802,
    "total_time": 145.43819489888847
}