{
    "halut_layers": "{\"layer4.0.conv2\": [32, 32, 12, 1]}",
    "layer4.0.conv2.C": 32,
    "layer4.0.conv2.H_size": 6144,
    "layer4.0.conv2.K": 12,
    "layer4.0.conv2.L_size": 786432,
    "layer4.0.conv2.encoding_algorithm": 1,
    "layer4.0.conv2.learned_a_shape": [
        1568,
        4608
    ],
    "layer4.0.conv2.learned_b_shape": [
        4608,
        512
    ],
    "layer4.0.conv2.learned_d": 4608,
    "layer4.0.conv2.learned_m": 512,
    "layer4.0.conv2.learned_n": 1568,
    "layer4.0.conv2.mae": 1.1429993647766112,
    "layer4.0.conv2.mape": 0.48013738777160647,
    "layer4.0.conv2.mse": 2.3475792028808593,
    "layer4.0.conv2.rows": 32,
    "layer4.0.conv2.scaled_error": 0.07245245204925536,
    "layer4.0.conv2.scaled_shift": 0.007788007000461221,
    "layer4.0.conv2.stored_array_size": 32,
    "top_1_accuracy": 0.5552200078964233,
    "top_5_accuracy": 0.8208199739456177,
    "total_time": 105.23660533409566
}