{
    "halut_layers": "{\"layer3.0.conv3\": [16, 64, 16, 0]}",
    "layer3.0.conv3.C": 16,
    "layer3.0.conv3.H_size": 2816,
    "layer3.0.conv3.K": 16,
    "layer3.0.conv3.L_size": 1048576,
    "layer3.0.conv3.encoding_algorithm": 0,
    "layer3.0.conv3.learned_a_shape": [
        12544,
        256
    ],
    "layer3.0.conv3.learned_b_shape": [
        256,
        1024
    ],
    "layer3.0.conv3.learned_d": 256,
    "layer3.0.conv3.learned_m": 1024,
    "layer3.0.conv3.learned_n": 12544,
    "layer3.0.conv3.mae": 0.5320136894989014,
    "layer3.0.conv3.mape": 0.2668885398101807,
    "layer3.0.conv3.mse": 0.5224384197998047,
    "layer3.0.conv3.rows": 64,
    "layer3.0.conv3.scaled_error": 0.03729929437637329,
    "layer3.0.conv3.scaled_shift": 0.0012710312246182003,
    "layer3.0.conv3.stored_array_size": 32,
    "top_1_accuracy": 0.7175999879837036,
    "top_5_accuracy": 0.9049599766731262,
    "total_time": 145.48515910841525
}