{
    "halut_layers": "{\"layer3.0.conv2\": [32, 64, 12, 2]}",
    "layer3.0.conv2.C": 32,
    "layer3.0.conv2.H_size": 4,
    "layer3.0.conv2.K": 12,
    "layer3.0.conv2.L_size": 393216,
    "layer3.0.conv2.encoding_algorithm": 2,
    "layer3.0.conv2.learned_a_shape": [
        12544,
        2304
    ],
    "layer3.0.conv2.learned_b_shape": [
        2304,
        256
    ],
    "layer3.0.conv2.learned_d": 2304,
    "layer3.0.conv2.learned_m": 256,
    "layer3.0.conv2.learned_n": 12544,
    "layer3.0.conv2.mae": 1.3191586923217773,
    "layer3.0.conv2.mape": 0.48834553146362303,
    "layer3.0.conv2.mse": 3.1228241662597656,
    "layer3.0.conv2.rows": 64,
    "layer3.0.conv2.scaled_error": 0.03896915056228638,
    "layer3.0.conv2.scaled_shift": 2.879561826761346e-05,
    "layer3.0.conv2.stored_array_size": 32,
    "top_1_accuracy": 0.7633999586105347,
    "top_5_accuracy": 0.9315799474716187,
    "total_time": 142.4773165192455
}