{
    "halut_layers": "{\"layer3.0.conv3\": [64, 8, 64, 2]}",
    "layer3.0.conv3.C": 64,
    "layer3.0.conv3.H_size": 4,
    "layer3.0.conv3.K": 64,
    "layer3.0.conv3.L_size": 16777216,
    "layer3.0.conv3.encoding_algorithm": 2,
    "layer3.0.conv3.learned_a_shape": [
        1568,
        256
    ],
    "layer3.0.conv3.learned_b_shape": [
        256,
        1024
    ],
    "layer3.0.conv3.learned_d": 256,
    "layer3.0.conv3.learned_m": 1024,
    "layer3.0.conv3.learned_n": 1568,
    "layer3.0.conv3.mae": 0.2638870792007446,
    "layer3.0.conv3.mape": 0.13906665645599364,
    "layer3.0.conv3.mse": 0.122310377368927,
    "layer3.0.conv3.rows": 8,
    "layer3.0.conv3.scaled_error": 0.01850397047281265,
    "layer3.0.conv3.scaled_shift": 0.0006322495111450553,
    "layer3.0.conv3.stored_array_size": 32,
    "top_1_accuracy": 0.805359959602356,
    "top_5_accuracy": 0.9527599811553955,
    "total_time": 293.0321999415755
}