{
    "halut_layers": "{\"layer4.2.conv3\": [64, 64, 8, 2]}",
    "layer4.2.conv3.C": 64,
    "layer4.2.conv3.H_size": 4,
    "layer4.2.conv3.K": 8,
    "layer4.2.conv3.L_size": 4194304,
    "layer4.2.conv3.encoding_algorithm": 2,
    "layer4.2.conv3.learned_a_shape": [
        3136,
        512
    ],
    "layer4.2.conv3.learned_b_shape": [
        512,
        2048
    ],
    "layer4.2.conv3.learned_d": 512,
    "layer4.2.conv3.learned_m": 2048,
    "layer4.2.conv3.learned_n": 3136,
    "layer4.2.conv3.mae": 0.20610192874908448,
    "layer4.2.conv3.mape": 0.13594387813568115,
    "layer4.2.conv3.mse": 0.0938706005859375,
    "layer4.2.conv3.rows": 64,
    "layer4.2.conv3.scaled_error": 0.040438035202026365,
    "layer4.2.conv3.scaled_shift": 0.014818027607351542,
    "layer4.2.conv3.stored_array_size": 32,
    "top_1_accuracy": 0.7951799631118774,
    "top_5_accuracy": 0.9467399716377258,
    "total_time": 132.44365347828716
}