{
    "halut_layers": "{\"layer4.2.conv3\": [8, 256, 12, 2]}",
    "layer4.2.conv3.C": 8,
    "layer4.2.conv3.H_size": 4,
    "layer4.2.conv3.K": 12,
    "layer4.2.conv3.L_size": 786432,
    "layer4.2.conv3.encoding_algorithm": 2,
    "layer4.2.conv3.learned_a_shape": [
        12544,
        512
    ],
    "layer4.2.conv3.learned_b_shape": [
        512,
        2048
    ],
    "layer4.2.conv3.learned_d": 512,
    "layer4.2.conv3.learned_m": 2048,
    "layer4.2.conv3.learned_n": 12544,
    "layer4.2.conv3.mae": 0.23069244506835937,
    "layer4.2.conv3.mape": 0.1499631297111511,
    "layer4.2.conv3.mse": 0.11192401776313782,
    "layer4.2.conv3.rows": 256,
    "layer4.2.conv3.scaled_error": 0.045241416082382205,
    "layer4.2.conv3.scaled_shift": 0.02044889416575432,
    "layer4.2.conv3.stored_array_size": 32,
    "top_1_accuracy": 0.7879399657249451,
    "top_5_accuracy": 0.9443399906158447,
    "total_time": 115.89275232609361
}