{
    "halut_layers": "{\"layer1.1.conv3\": [64, 8, 24, 2]}",
    "layer1.1.conv3.C": 64,
    "layer1.1.conv3.H_size": 4,
    "layer1.1.conv3.K": 24,
    "layer1.1.conv3.L_size": 1572864,
    "layer1.1.conv3.encoding_algorithm": 2,
    "layer1.1.conv3.learned_a_shape": [
        25088,
        64
    ],
    "layer1.1.conv3.learned_b_shape": [
        64,
        256
    ],
    "layer1.1.conv3.learned_d": 64,
    "layer1.1.conv3.learned_m": 256,
    "layer1.1.conv3.learned_n": 25088,
    "layer1.1.conv3.mae": 0.060426888542175296,
    "layer1.1.conv3.mape": 0.027614377326965332,
    "layer1.1.conv3.mse": 0.009239899809360503,
    "layer1.1.conv3.rows": 8,
    "layer1.1.conv3.scaled_error": 0.0035337816321849825,
    "layer1.1.conv3.scaled_shift": -0.00012054076627537142,
    "layer1.1.conv3.stored_array_size": 32,
    "top_1_accuracy": 0.8082999587059021,
    "top_5_accuracy": 0.9543799757957458,
    "total_time": 412.1114689670503
}