{
    "halut_layers": "{\"layer4.0.conv2\": [8, 32, 16, 0]}",
    "layer4.0.conv2.C": 8,
    "layer4.0.conv2.H_size": 1408,
    "layer4.0.conv2.K": 16,
    "layer4.0.conv2.L_size": 262144,
    "layer4.0.conv2.encoding_algorithm": 0,
    "layer4.0.conv2.learned_a_shape": [
        1568,
        4608
    ],
    "layer4.0.conv2.learned_b_shape": [
        4608,
        512
    ],
    "layer4.0.conv2.learned_d": 4608,
    "layer4.0.conv2.learned_m": 512,
    "layer4.0.conv2.learned_n": 1568,
    "layer4.0.conv2.mae": 1.1817414976501466,
    "layer4.0.conv2.mape": 0.4837366515350342,
    "layer4.0.conv2.mse": 2.517523309020996,
    "layer4.0.conv2.rows": 32,
    "layer4.0.conv2.scaled_error": 0.07490713195800781,
    "layer4.0.conv2.scaled_shift": 0.009488212555553764,
    "layer4.0.conv2.stored_array_size": 32,
    "top_1_accuracy": 0.5243600010871887,
    "top_5_accuracy": 0.7957199811935425,
    "total_time": 100.18875790107995
}