{
    "halut_layers": "{\"layer3.5.conv2\": [16, 32, 12, 2]}",
    "layer3.5.conv2.C": 16,
    "layer3.5.conv2.H_size": 4,
    "layer3.5.conv2.K": 12,
    "layer3.5.conv2.L_size": 196608,
    "layer3.5.conv2.encoding_algorithm": 2,
    "layer3.5.conv2.learned_a_shape": [
        6272,
        2304
    ],
    "layer3.5.conv2.learned_b_shape": [
        2304,
        256
    ],
    "layer3.5.conv2.learned_d": 2304,
    "layer3.5.conv2.learned_m": 256,
    "layer3.5.conv2.learned_n": 6272,
    "layer3.5.conv2.mae": 0.7599059773254394,
    "layer3.5.conv2.mape": 0.35635152156829836,
    "layer3.5.conv2.mse": 1.0281767272949218,
    "layer3.5.conv2.rows": 32,
    "layer3.5.conv2.scaled_error": 0.05309872650146484,
    "layer3.5.conv2.scaled_shift": 0.0037757724703243,
    "layer3.5.conv2.stored_array_size": 32,
    "top_1_accuracy": 0.7853800058364868,
    "top_5_accuracy": 0.9433799982070923,
    "total_time": 129.14813071489334
}