{
    "halut_layers": "{\"layer3.0.conv1\": [32, 64, 24, 2]}",
    "layer3.0.conv1.C": 32,
    "layer3.0.conv1.H_size": 4,
    "layer3.0.conv1.K": 24,
    "layer3.0.conv1.L_size": 786432,
    "layer3.0.conv1.encoding_algorithm": 2,
    "layer3.0.conv1.learned_a_shape": [
        50176,
        512
    ],
    "layer3.0.conv1.learned_b_shape": [
        512,
        256
    ],
    "layer3.0.conv1.learned_d": 512,
    "layer3.0.conv1.learned_m": 256,
    "layer3.0.conv1.learned_n": 50176,
    "layer3.0.conv1.mae": 1.0040604656982421,
    "layer3.0.conv1.mape": 0.3716535546875,
    "layer3.0.conv1.mse": 1.706193971557617,
    "layer3.0.conv1.rows": 64,
    "layer3.0.conv1.scaled_error": 0.020414410948753358,
    "layer3.0.conv1.scaled_shift": -0.0006721854690823238,
    "layer3.0.conv1.stored_array_size": 32,
    "top_1_accuracy": 0.7911399602890015,
    "top_5_accuracy": 0.9456999897956848,
    "total_time": 154.19776678830385
}