{
    "halut_layers": "{\"layer3.0.conv2\": [64, 32, 4, 1]}",
    "layer3.0.conv2.C": 64,
    "layer3.0.conv2.H_size": 3072,
    "layer3.0.conv2.K": 4,
    "layer3.0.conv2.L_size": 262144,
    "layer3.0.conv2.encoding_algorithm": 1,
    "layer3.0.conv2.learned_a_shape": [
        6272,
        2304
    ],
    "layer3.0.conv2.learned_b_shape": [
        2304,
        256
    ],
    "layer3.0.conv2.learned_d": 2304,
    "layer3.0.conv2.learned_m": 256,
    "layer3.0.conv2.learned_n": 6272,
    "layer3.0.conv2.mae": 1.6617394375610353,
    "layer3.0.conv2.mape": 0.5706220666503906,
    "layer3.0.conv2.mse": 5.039765314331055,
    "layer3.0.conv2.rows": 32,
    "layer3.0.conv2.scaled_error": 0.049085538272857665,
    "layer3.0.conv2.scaled_shift": 0.00017978206549887544,
    "layer3.0.conv2.stored_array_size": 32,
    "top_1_accuracy": 0.6378999948501587,
    "top_5_accuracy": 0.8538999557495117,
    "total_time": 112.82546520419419
}