{
    "halut_layers": "{\"layer3.0.conv2\": [8, 16, 24, 1]}",
    "layer3.0.conv2.C": 8,
    "layer3.0.conv2.H_size": 3072,
    "layer3.0.conv2.K": 24,
    "layer3.0.conv2.L_size": 196608,
    "layer3.0.conv2.encoding_algorithm": 1,
    "layer3.0.conv2.learned_a_shape": [
        3136,
        2304
    ],
    "layer3.0.conv2.learned_b_shape": [
        2304,
        256
    ],
    "layer3.0.conv2.learned_d": 2304,
    "layer3.0.conv2.learned_m": 256,
    "layer3.0.conv2.learned_n": 3136,
    "layer3.0.conv2.mae": 1.8402832940673828,
    "layer3.0.conv2.mape": 0.6065838106536865,
    "layer3.0.conv2.mse": 6.183084678344726,
    "layer3.0.conv2.rows": 16,
    "layer3.0.conv2.scaled_error": 0.054346211967468264,
    "layer3.0.conv2.scaled_shift": -0.0006560501877695788,
    "layer3.0.conv2.stored_array_size": 32,
    "top_1_accuracy": 0.4833199977874756,
    "top_5_accuracy": 0.7242000102996826,
    "total_time": 86.92506995983422
}