{
    "halut_layers": "{\"layer3.5.conv2\": [8, 8, 24, 2]}",
    "layer3.5.conv2.C": 8,
    "layer3.5.conv2.H_size": 4,
    "layer3.5.conv2.K": 24,
    "layer3.5.conv2.L_size": 196608,
    "layer3.5.conv2.encoding_algorithm": 2,
    "layer3.5.conv2.learned_a_shape": [
        1568,
        2304
    ],
    "layer3.5.conv2.learned_b_shape": [
        2304,
        256
    ],
    "layer3.5.conv2.learned_d": 2304,
    "layer3.5.conv2.learned_m": 256,
    "layer3.5.conv2.learned_n": 1568,
    "layer3.5.conv2.mae": 0.8408878297424316,
    "layer3.5.conv2.mape": 0.3919817016601562,
    "layer3.5.conv2.mse": 1.2463738131713866,
    "layer3.5.conv2.rows": 8,
    "layer3.5.conv2.scaled_error": 0.05873396856307984,
    "layer3.5.conv2.scaled_shift": 0.005829533295705914,
    "layer3.5.conv2.stored_array_size": 32,
    "top_1_accuracy": 0.7827799916267395,
    "top_5_accuracy": 0.9424799680709839,
    "total_time": 96.22694478742778
}