{
    "halut_layers": "{\"layer3.5.conv1\": [8, 64, 12, 1]}",
    "layer3.5.conv1.C": 8,
    "layer3.5.conv1.H_size": 1536,
    "layer3.5.conv1.K": 12,
    "layer3.5.conv1.L_size": 98304,
    "layer3.5.conv1.encoding_algorithm": 1,
    "layer3.5.conv1.learned_a_shape": [
        12544,
        1024
    ],
    "layer3.5.conv1.learned_b_shape": [
        1024,
        256
    ],
    "layer3.5.conv1.learned_d": 1024,
    "layer3.5.conv1.learned_m": 256,
    "layer3.5.conv1.learned_n": 12544,
    "layer3.5.conv1.mae": 1.244038348083496,
    "layer3.5.conv1.mape": 0.46639695579528806,
    "layer3.5.conv1.mse": 2.6845934539794922,
    "layer3.5.conv1.rows": 64,
    "layer3.5.conv1.scaled_error": 0.043436532278060914,
    "layer3.5.conv1.scaled_shift": 0.002759943819196196,
    "layer3.5.conv1.stored_array_size": 32,
    "top_1_accuracy": 0.7740199565887451,
    "top_5_accuracy": 0.9377399682998657,
    "total_time": 82.15043425559998
}