{
    "halut_layers": "{\"layer3.3.conv3\": [64, 32, 4, 2]}",
    "layer3.3.conv3.C": 64,
    "layer3.3.conv3.H_size": 4,
    "layer3.3.conv3.K": 4,
    "layer3.3.conv3.L_size": 1048576,
    "layer3.3.conv3.encoding_algorithm": 2,
    "layer3.3.conv3.learned_a_shape": [
        6272,
        256
    ],
    "layer3.3.conv3.learned_b_shape": [
        256,
        1024
    ],
    "layer3.3.conv3.learned_d": 256,
    "layer3.3.conv3.learned_m": 1024,
    "layer3.3.conv3.learned_n": 6272,
    "layer3.3.conv3.mae": 0.18842193675994873,
    "layer3.3.conv3.mape": 0.13081979597091675,
    "layer3.3.conv3.mse": 0.06288682761192321,
    "layer3.3.conv3.rows": 32,
    "layer3.3.conv3.scaled_error": 0.009628040404319763,
    "layer3.3.conv3.scaled_shift": 0.00031247459118952976,
    "layer3.3.conv3.stored_array_size": 32,
    "top_1_accuracy": 0.8029199838638306,
    "top_5_accuracy": 0.9514999985694885,
    "total_time": 155.69833298027515
}