{
    "halut_layers": "{\"layer4.0.conv3\": [32, 128, 64, 2]}",
    "layer4.0.conv3.C": 32,
    "layer4.0.conv3.H_size": 4,
    "layer4.0.conv3.K": 64,
    "layer4.0.conv3.L_size": 16777216,
    "layer4.0.conv3.encoding_algorithm": 2,
    "layer4.0.conv3.learned_a_shape": [
        6272,
        512
    ],
    "layer4.0.conv3.learned_b_shape": [
        512,
        2048
    ],
    "layer4.0.conv3.learned_d": 512,
    "layer4.0.conv3.learned_m": 2048,
    "layer4.0.conv3.learned_n": 6272,
    "layer4.0.conv3.mae": 0.40935797790527345,
    "layer4.0.conv3.mape": 0.24348803840637206,
    "layer4.0.conv3.mse": 0.29403238441467283,
    "layer4.0.conv3.rows": 128,
    "layer4.0.conv3.scaled_error": 0.0360532781457901,
    "layer4.0.conv3.scaled_shift": -0.0025401591731607914,
    "layer4.0.conv3.stored_array_size": 32,
    "top_1_accuracy": 0.769279956817627,
    "top_5_accuracy": 0.9355799555778503,
    "total_time": 166.24589099083096
}