{
    "halut_layers": "{\"layer2.0.conv2\": [16, 2, 64, 1]}",
    "layer2.0.conv2.C": 16,
    "layer2.0.conv2.H_size": 12288,
    "layer2.0.conv2.K": 64,
    "layer2.0.conv2.L_size": 524288,
    "layer2.0.conv2.encoding_algorithm": 1,
    "layer2.0.conv2.learned_a_shape": [
        1568,
        1152
    ],
    "layer2.0.conv2.learned_b_shape": [
        1152,
        128
    ],
    "layer2.0.conv2.learned_d": 1152,
    "layer2.0.conv2.learned_m": 128,
    "layer2.0.conv2.learned_n": 1568,
    "layer2.0.conv2.mae": 2.1630945831298827,
    "layer2.0.conv2.mape": 0.6709479365539551,
    "layer2.0.conv2.mse": 8.282050303955078,
    "layer2.0.conv2.rows": 2,
    "layer2.0.conv2.scaled_error": 0.048376338515281676,
    "layer2.0.conv2.scaled_shift": -0.0007544362387194997,
    "layer2.0.conv2.stored_array_size": 32,
    "top_1_accuracy": 0.6758599877357483,
    "top_5_accuracy": 0.8770599961280823,
    "total_time": 99.93546501547098
}