{
    "halut_layers": "{\"layer3.0.conv3\": [8, 8, 32, 2]}",
    "layer3.0.conv3.C": 8,
    "layer3.0.conv3.H_size": 4,
    "layer3.0.conv3.K": 32,
    "layer3.0.conv3.L_size": 1048576,
    "layer3.0.conv3.encoding_algorithm": 2,
    "layer3.0.conv3.learned_a_shape": [
        1568,
        256
    ],
    "layer3.0.conv3.learned_b_shape": [
        256,
        1024
    ],
    "layer3.0.conv3.learned_d": 256,
    "layer3.0.conv3.learned_m": 1024,
    "layer3.0.conv3.learned_n": 1568,
    "layer3.0.conv3.mae": 0.5936698254394531,
    "layer3.0.conv3.mape": 0.3014345317840576,
    "layer3.0.conv3.mse": 0.6437965457153321,
    "layer3.0.conv3.rows": 8,
    "layer3.0.conv3.scaled_error": 0.04161093905925751,
    "layer3.0.conv3.scaled_shift": 0.0013135823149752104,
    "layer3.0.conv3.stored_array_size": 32,
    "top_1_accuracy": 0.7069399952888489,
    "top_5_accuracy": 0.898859977722168,
    "total_time": 124.27326044812799
}