{
    "halut_layers": "{\"layer2.0.downsample.0\": [16, 16, 4, 2]}",
    "layer2.0.downsample.0.C": 16,
    "layer2.0.downsample.0.H_size": 4,
    "layer2.0.downsample.0.K": 4,
    "layer2.0.downsample.0.L_size": 131072,
    "layer2.0.downsample.0.encoding_algorithm": 2,
    "layer2.0.downsample.0.learned_a_shape": [
        12544,
        256
    ],
    "layer2.0.downsample.0.learned_b_shape": [
        256,
        512
    ],
    "layer2.0.downsample.0.learned_d": 256,
    "layer2.0.downsample.0.learned_m": 512,
    "layer2.0.downsample.0.learned_n": 12544,
    "layer2.0.downsample.0.mae": 0.7626455450439453,
    "layer2.0.downsample.0.mape": 0.3261713690948486,
    "layer2.0.downsample.0.mse": 1.2885248844909667,
    "layer2.0.downsample.0.rows": 16,
    "layer2.0.downsample.0.scaled_error": 0.03841880850791931,
    "layer2.0.downsample.0.scaled_shift": -0.00046315458699711597,
    "layer2.0.downsample.0.stored_array_size": 32,
    "top_1_accuracy": 0.5945999622344971,
    "top_5_accuracy": 0.8266399502754211,
    "total_time": 159.139982201159
}