{
    "halut_layers": "{\"layer4.2.conv1\": [16, 32, 32, 2]}",
    "layer4.2.conv1.C": 16,
    "layer4.2.conv1.H_size": 4,
    "layer4.2.conv1.K": 32,
    "layer4.2.conv1.L_size": 1048576,
    "layer4.2.conv1.encoding_algorithm": 2,
    "layer4.2.conv1.learned_a_shape": [
        1568,
        2048
    ],
    "layer4.2.conv1.learned_b_shape": [
        2048,
        512
    ],
    "layer4.2.conv1.learned_d": 2048,
    "layer4.2.conv1.learned_m": 512,
    "layer4.2.conv1.learned_n": 1568,
    "layer4.2.conv1.mae": 0.9142012615966797,
    "layer4.2.conv1.mape": 0.3656506383895874,
    "layer4.2.conv1.mse": 1.647662140045166,
    "layer4.2.conv1.rows": 32,
    "layer4.2.conv1.scaled_error": 0.009424203279018403,
    "layer4.2.conv1.scaled_shift": 0.0025417410404235123,
    "layer4.2.conv1.stored_array_size": 32,
    "top_1_accuracy": 0.7806800007820129,
    "top_5_accuracy": 0.9393999576568604,
    "total_time": 114.93131488002837
}