{
    "halut_layers": "{\"layer4.0.conv2\": [16, 128, 12, 2]}",
    "layer4.0.conv2.C": 16,
    "layer4.0.conv2.H_size": 4,
    "layer4.0.conv2.K": 12,
    "layer4.0.conv2.L_size": 393216,
    "layer4.0.conv2.encoding_algorithm": 2,
    "layer4.0.conv2.learned_a_shape": [
        6272,
        4608
    ],
    "layer4.0.conv2.learned_b_shape": [
        4608,
        512
    ],
    "layer4.0.conv2.learned_d": 4608,
    "layer4.0.conv2.learned_m": 512,
    "layer4.0.conv2.learned_n": 6272,
    "layer4.0.conv2.mae": 1.0245868669128417,
    "layer4.0.conv2.mape": 0.4364182595825195,
    "layer4.0.conv2.mse": 1.900016441040039,
    "layer4.0.conv2.rows": 128,
    "layer4.0.conv2.scaled_error": 0.06495119619369506,
    "layer4.0.conv2.scaled_shift": 0.005646288330331445,
    "layer4.0.conv2.stored_array_size": 32,
    "top_1_accuracy": 0.640500009059906,
    "top_5_accuracy": 0.8711599707603455,
    "total_time": 108.08998926263303
}