{
    "halut_layers": "{\"layer3.5.conv1\": [8, 32, 32, 2]}",
    "layer3.5.conv1.C": 8,
    "layer3.5.conv1.H_size": 4,
    "layer3.5.conv1.K": 32,
    "layer3.5.conv1.L_size": 262144,
    "layer3.5.conv1.encoding_algorithm": 2,
    "layer3.5.conv1.learned_a_shape": [
        6272,
        1024
    ],
    "layer3.5.conv1.learned_b_shape": [
        1024,
        256
    ],
    "layer3.5.conv1.learned_d": 1024,
    "layer3.5.conv1.learned_m": 256,
    "layer3.5.conv1.learned_n": 6272,
    "layer3.5.conv1.mae": 1.123007822265625,
    "layer3.5.conv1.mape": 0.44040646438598635,
    "layer3.5.conv1.mse": 2.162067893676758,
    "layer3.5.conv1.rows": 32,
    "layer3.5.conv1.scaled_error": 0.03921656109333038,
    "layer3.5.conv1.scaled_shift": 0.002133372871913016,
    "layer3.5.conv1.stored_array_size": 32,
    "top_1_accuracy": 0.7854999899864197,
    "top_5_accuracy": 0.943340003490448,
    "total_time": 92.3908544126898
}