{
    "halut_layers": "{\"layer3.0.conv2\": [16, 2, 12, 1]}",
    "layer3.0.conv2.C": 16,
    "layer3.0.conv2.H_size": 3072,
    "layer3.0.conv2.K": 12,
    "layer3.0.conv2.L_size": 196608,
    "layer3.0.conv2.encoding_algorithm": 1,
    "layer3.0.conv2.learned_a_shape": [
        392,
        2304
    ],
    "layer3.0.conv2.learned_b_shape": [
        2304,
        256
    ],
    "layer3.0.conv2.learned_d": 2304,
    "layer3.0.conv2.learned_m": 256,
    "layer3.0.conv2.learned_n": 392,
    "layer3.0.conv2.mae": 1.9743836599731446,
    "layer3.0.conv2.mape": 0.6751274269104004,
    "layer3.0.conv2.mse": 7.000781763916016,
    "layer3.0.conv2.rows": 2,
    "layer3.0.conv2.scaled_error": 0.05832350743293762,
    "layer3.0.conv2.scaled_shift": -0.00239097997646546,
    "layer3.0.conv2.stored_array_size": 32,
    "top_1_accuracy": 0.36291998624801636,
    "top_5_accuracy": 0.596560001373291,
    "total_time": 112.94138161838055
}