{
    "halut_layers": "{\"layer3.0.conv2\": [16, 4, 12, 2]}",
    "layer3.0.conv2.C": 16,
    "layer3.0.conv2.H_size": 4,
    "layer3.0.conv2.K": 12,
    "layer3.0.conv2.L_size": 196608,
    "layer3.0.conv2.encoding_algorithm": 2,
    "layer3.0.conv2.learned_a_shape": [
        784,
        2304
    ],
    "layer3.0.conv2.learned_b_shape": [
        2304,
        256
    ],
    "layer3.0.conv2.learned_d": 2304,
    "layer3.0.conv2.learned_m": 256,
    "layer3.0.conv2.learned_n": 784,
    "layer3.0.conv2.mae": 1.7737957360839844,
    "layer3.0.conv2.mape": 0.6276801054382324,
    "layer3.0.conv2.mse": 5.6260473565673825,
    "layer3.0.conv2.rows": 4,
    "layer3.0.conv2.scaled_error": 0.05237921110153198,
    "layer3.0.conv2.scaled_shift": -0.0002768934688291483,
    "layer3.0.conv2.stored_array_size": 32,
    "top_1_accuracy": 0.643559992313385,
    "top_5_accuracy": 0.8561599850654602,
    "total_time": 131.0147116780281
}