{
    "halut_layers": "{\"layer4.2.conv3\": [32, 32, 24, 2]}",
    "layer4.2.conv3.C": 32,
    "layer4.2.conv3.H_size": 4,
    "layer4.2.conv3.K": 24,
    "layer4.2.conv3.L_size": 6291456,
    "layer4.2.conv3.encoding_algorithm": 2,
    "layer4.2.conv3.learned_a_shape": [
        1568,
        512
    ],
    "layer4.2.conv3.learned_b_shape": [
        512,
        2048
    ],
    "layer4.2.conv3.learned_d": 512,
    "layer4.2.conv3.learned_m": 2048,
    "layer4.2.conv3.learned_n": 1568,
    "layer4.2.conv3.mae": 0.22513147632598876,
    "layer4.2.conv3.mape": 0.15041085062026976,
    "layer4.2.conv3.mse": 0.10597208486557007,
    "layer4.2.conv3.rows": 32,
    "layer4.2.conv3.scaled_error": 0.04420385559082031,
    "layer4.2.conv3.scaled_shift": 0.01878827499419451,
    "layer4.2.conv3.stored_array_size": 32,
    "top_1_accuracy": 0.7924000024795532,
    "top_5_accuracy": 0.9444800019264221,
    "total_time": 138.6206747405231
}