{
    "halut_layers": "{\"layer4.0.conv1\": [16, 128, 8, 1]}",
    "layer4.0.conv1.C": 16,
    "layer4.0.conv1.H_size": 1536,
    "layer4.0.conv1.K": 8,
    "layer4.0.conv1.L_size": 262144,
    "layer4.0.conv1.encoding_algorithm": 1,
    "layer4.0.conv1.learned_a_shape": [
        25088,
        1024
    ],
    "layer4.0.conv1.learned_b_shape": [
        1024,
        512
    ],
    "layer4.0.conv1.learned_d": 1024,
    "layer4.0.conv1.learned_m": 512,
    "layer4.0.conv1.learned_n": 25088,
    "layer4.0.conv1.mae": 1.2044555726623536,
    "layer4.0.conv1.mape": 0.44984582794189454,
    "layer4.0.conv1.mse": 2.508777658996582,
    "layer4.0.conv1.rows": 128,
    "layer4.0.conv1.scaled_error": 0.056011451177597045,
    "layer4.0.conv1.scaled_shift": 0.0024097806935282234,
    "layer4.0.conv1.stored_array_size": 32,
    "top_1_accuracy": 0.5820199847221375,
    "top_5_accuracy": 0.8276199698448181,
    "total_time": 116.4686353765428
}