{
    "halut_layers": "{\"layer4.2.conv3\": [8, 128, 24, 2]}",
    "layer4.2.conv3.C": 8,
    "layer4.2.conv3.H_size": 4,
    "layer4.2.conv3.K": 24,
    "layer4.2.conv3.L_size": 1572864,
    "layer4.2.conv3.encoding_algorithm": 2,
    "layer4.2.conv3.learned_a_shape": [
        6272,
        512
    ],
    "layer4.2.conv3.learned_b_shape": [
        512,
        2048
    ],
    "layer4.2.conv3.learned_d": 512,
    "layer4.2.conv3.learned_m": 2048,
    "layer4.2.conv3.learned_n": 6272,
    "layer4.2.conv3.mae": 0.22770008640289308,
    "layer4.2.conv3.mape": 0.1482210972213745,
    "layer4.2.conv3.mse": 0.11048589220046998,
    "layer4.2.conv3.rows": 128,
    "layer4.2.conv3.scaled_error": 0.04464900995731354,
    "layer4.2.conv3.scaled_shift": 0.020240834822952747,
    "layer4.2.conv3.stored_array_size": 32,
    "top_1_accuracy": 0.7884799838066101,
    "top_5_accuracy": 0.9450799822807312,
    "total_time": 117.51937982533127
}