{
    "halut_layers": "{\"layer3.0.conv2\": [8, 64, 24, 1]}",
    "layer3.0.conv2.C": 8,
    "layer3.0.conv2.H_size": 3072,
    "layer3.0.conv2.K": 24,
    "layer3.0.conv2.L_size": 196608,
    "layer3.0.conv2.encoding_algorithm": 1,
    "layer3.0.conv2.learned_a_shape": [
        12544,
        2304
    ],
    "layer3.0.conv2.learned_b_shape": [
        2304,
        256
    ],
    "layer3.0.conv2.learned_d": 2304,
    "layer3.0.conv2.learned_m": 256,
    "layer3.0.conv2.learned_n": 12544,
    "layer3.0.conv2.mae": 1.8151786767578124,
    "layer3.0.conv2.mape": 0.5891828323364258,
    "layer3.0.conv2.mse": 6.0344709332275395,
    "layer3.0.conv2.rows": 64,
    "layer3.0.conv2.scaled_error": 0.053608970994949344,
    "layer3.0.conv2.scaled_shift": -0.00015137359187647234,
    "layer3.0.conv2.stored_array_size": 32,
    "top_1_accuracy": 0.5085600018501282,
    "top_5_accuracy": 0.7462199926376343,
    "total_time": 84.05312063358724
}