{
    "halut_layers": "{\"layer3.4.conv2\": [32, 16, 4, 1]}",
    "layer3.4.conv2.C": 32,
    "layer3.4.conv2.H_size": 1536,
    "layer3.4.conv2.K": 4,
    "layer3.4.conv2.L_size": 131072,
    "layer3.4.conv2.encoding_algorithm": 1,
    "layer3.4.conv2.learned_a_shape": [
        3136,
        2304
    ],
    "layer3.4.conv2.learned_b_shape": [
        2304,
        256
    ],
    "layer3.4.conv2.learned_d": 2304,
    "layer3.4.conv2.learned_m": 256,
    "layer3.4.conv2.learned_n": 3136,
    "layer3.4.conv2.mae": 0.7711876940155029,
    "layer3.4.conv2.mape": 0.3682446007156372,
    "layer3.4.conv2.mse": 1.0425473570251464,
    "layer3.4.conv2.rows": 16,
    "layer3.4.conv2.scaled_error": 0.021596345529556273,
    "layer3.4.conv2.scaled_shift": 0.0009502862833681866,
    "layer3.4.conv2.stored_array_size": 32,
    "top_1_accuracy": 0.7763599753379822,
    "top_5_accuracy": 0.9368999600410461,
    "total_time": 110.5824794024229
}