{
    "halut_layers": "{\"layer4.0.conv2\": [64, 32, 4, 2]}",
    "layer4.0.conv2.C": 64,
    "layer4.0.conv2.H_size": 4,
    "layer4.0.conv2.K": 4,
    "layer4.0.conv2.L_size": 524288,
    "layer4.0.conv2.encoding_algorithm": 2,
    "layer4.0.conv2.learned_a_shape": [
        1568,
        4608
    ],
    "layer4.0.conv2.learned_b_shape": [
        4608,
        512
    ],
    "layer4.0.conv2.learned_d": 4608,
    "layer4.0.conv2.learned_m": 512,
    "layer4.0.conv2.learned_n": 1568,
    "layer4.0.conv2.mae": 1.0306802465820313,
    "layer4.0.conv2.mape": 0.44666643173217774,
    "layer4.0.conv2.mse": 1.9072569863891602,
    "layer4.0.conv2.rows": 32,
    "layer4.0.conv2.scaled_error": 0.0653377600479126,
    "layer4.0.conv2.scaled_shift": 0.006522639804929495,
    "layer4.0.conv2.stored_array_size": 32,
    "top_1_accuracy": 0.6575199961662292,
    "top_5_accuracy": 0.8822000026702881,
    "total_time": 114.7155973855406
}