{
    "halut_layers": "{\"layer3.0.conv3\": [64, 8, 32, 2]}",
    "layer3.0.conv3.C": 64,
    "layer3.0.conv3.H_size": 4,
    "layer3.0.conv3.K": 32,
    "layer3.0.conv3.L_size": 8388608,
    "layer3.0.conv3.encoding_algorithm": 2,
    "layer3.0.conv3.learned_a_shape": [
        1568,
        256
    ],
    "layer3.0.conv3.learned_b_shape": [
        256,
        1024
    ],
    "layer3.0.conv3.learned_d": 256,
    "layer3.0.conv3.learned_m": 1024,
    "layer3.0.conv3.learned_n": 1568,
    "layer3.0.conv3.mae": 0.42001723266601565,
    "layer3.0.conv3.mape": 0.2231421363067627,
    "layer3.0.conv3.mse": 0.30413264694213865,
    "layer3.0.conv3.rows": 8,
    "layer3.0.conv3.scaled_error": 0.02946792348623276,
    "layer3.0.conv3.scaled_shift": -4.468312777753454e-05,
    "layer3.0.conv3.stored_array_size": 32,
    "top_1_accuracy": 0.8004800081253052,
    "top_5_accuracy": 0.9506999850273132,
    "total_time": 209.8816683292389
}