{
    "halut_layers": "{\"layer1.1.conv3\": [32, 2, 8, 1]}",
    "layer1.1.conv3.C": 32,
    "layer1.1.conv3.H_size": 3072,
    "layer1.1.conv3.K": 8,
    "layer1.1.conv3.L_size": 262144,
    "layer1.1.conv3.encoding_algorithm": 1,
    "layer1.1.conv3.learned_a_shape": [
        6272,
        64
    ],
    "layer1.1.conv3.learned_b_shape": [
        64,
        256
    ],
    "layer1.1.conv3.learned_d": 64,
    "layer1.1.conv3.learned_m": 256,
    "layer1.1.conv3.learned_n": 6272,
    "layer1.1.conv3.mae": 0.2900781517791748,
    "layer1.1.conv3.mape": 0.1310712329864502,
    "layer1.1.conv3.mse": 0.1829797575378418,
    "layer1.1.conv3.rows": 2,
    "layer1.1.conv3.scaled_error": 0.01697107702970505,
    "layer1.1.conv3.scaled_shift": -0.0001605994328930683,
    "layer1.1.conv3.stored_array_size": 32,
    "top_1_accuracy": 0.8035199642181396,
    "top_5_accuracy": 0.9520399570465088,
    "total_time": 294.76767085678875
}