{
    "halut_layers": "{\"layer4.0.conv1\": [64, 32, 16, 0]}",
    "layer4.0.conv1.C": 64,
    "layer4.0.conv1.H_size": 11264,
    "layer4.0.conv1.K": 16,
    "layer4.0.conv1.L_size": 2097152,
    "layer4.0.conv1.encoding_algorithm": 0,
    "layer4.0.conv1.learned_a_shape": [
        6272,
        1024
    ],
    "layer4.0.conv1.learned_b_shape": [
        1024,
        512
    ],
    "layer4.0.conv1.learned_d": 1024,
    "layer4.0.conv1.learned_m": 512,
    "layer4.0.conv1.learned_n": 6272,
    "layer4.0.conv1.mae": 1.0161191151428222,
    "layer4.0.conv1.mape": 0.3855960996246338,
    "layer4.0.conv1.mse": 1.769862409362793,
    "layer4.0.conv1.rows": 32,
    "layer4.0.conv1.scaled_error": 0.047255929069519045,
    "layer4.0.conv1.scaled_shift": 0.0035583142462186517,
    "layer4.0.conv1.stored_array_size": 32,
    "top_1_accuracy": 0.6828599572181702,
    "top_5_accuracy": 0.8936599493026733,
    "total_time": 121.94507650472224
}