{
    "halut_layers": "{\"layer3.5.conv1\": [32, 64, 12, 2]}",
    "layer3.5.conv1.C": 32,
    "layer3.5.conv1.H_size": 4,
    "layer3.5.conv1.K": 12,
    "layer3.5.conv1.L_size": 393216,
    "layer3.5.conv1.encoding_algorithm": 2,
    "layer3.5.conv1.learned_a_shape": [
        12544,
        1024
    ],
    "layer3.5.conv1.learned_b_shape": [
        1024,
        256
    ],
    "layer3.5.conv1.learned_d": 1024,
    "layer3.5.conv1.learned_m": 256,
    "layer3.5.conv1.learned_n": 12544,
    "layer3.5.conv1.mae": 0.9483934881591797,
    "layer3.5.conv1.mape": 0.3819971928024292,
    "layer3.5.conv1.mse": 1.5398681674194337,
    "layer3.5.conv1.rows": 64,
    "layer3.5.conv1.scaled_error": 0.03311758584022522,
    "layer3.5.conv1.scaled_shift": 0.001029272273767274,
    "layer3.5.conv1.stored_array_size": 32,
    "top_1_accuracy": 0.7918199896812439,
    "top_5_accuracy": 0.9459799528121948,
    "total_time": 129.94762973487377
}