{
    "halut_layers": "{\"layer3.5.conv2\": [32, 8, 12, 1]}",
    "layer3.5.conv2.C": 32,
    "layer3.5.conv2.H_size": 6144,
    "layer3.5.conv2.K": 12,
    "layer3.5.conv2.L_size": 393216,
    "layer3.5.conv2.encoding_algorithm": 1,
    "layer3.5.conv2.learned_a_shape": [
        1568,
        2304
    ],
    "layer3.5.conv2.learned_b_shape": [
        2304,
        256
    ],
    "layer3.5.conv2.learned_d": 2304,
    "layer3.5.conv2.learned_m": 256,
    "layer3.5.conv2.learned_n": 1568,
    "layer3.5.conv2.mae": 0.8548569841003418,
    "layer3.5.conv2.mape": 0.40327564277648925,
    "layer3.5.conv2.mse": 1.2889781394958497,
    "layer3.5.conv2.rows": 8,
    "layer3.5.conv2.scaled_error": 0.059708213453292844,
    "layer3.5.conv2.scaled_shift": 0.002757003580261953,
    "layer3.5.conv2.stored_array_size": 32,
    "top_1_accuracy": 0.7815999984741211,
    "top_5_accuracy": 0.9417999982833862,
    "total_time": 111.07498593255877
}