{
    "halut_layers": "{\"layer2.0.conv2\": [16, 2, 12, 2]}",
    "layer2.0.conv2.C": 16,
    "layer2.0.conv2.H_size": 4,
    "layer2.0.conv2.K": 12,
    "layer2.0.conv2.L_size": 98304,
    "layer2.0.conv2.encoding_algorithm": 2,
    "layer2.0.conv2.learned_a_shape": [
        1568,
        1152
    ],
    "layer2.0.conv2.learned_b_shape": [
        1152,
        128
    ],
    "layer2.0.conv2.learned_d": 1152,
    "layer2.0.conv2.learned_m": 128,
    "layer2.0.conv2.learned_n": 1568,
    "layer2.0.conv2.mae": 1.9271276974487304,
    "layer2.0.conv2.mape": 0.6121788634490967,
    "layer2.0.conv2.mse": 6.525657692871094,
    "layer2.0.conv2.rows": 2,
    "layer2.0.conv2.scaled_error": 0.04309291056632995,
    "layer2.0.conv2.scaled_shift": -0.0011160109017789364,
    "layer2.0.conv2.stored_array_size": 32,
    "top_1_accuracy": 0.7437799572944641,
    "top_5_accuracy": 0.9191599488258362,
    "total_time": 113.52855542302132
}