{
    "halut_layers": "{\"layer4.1.conv1\": [16, 256, 4, 2]}",
    "layer4.1.conv1.C": 16,
    "layer4.1.conv1.H_size": 4,
    "layer4.1.conv1.K": 4,
    "layer4.1.conv1.L_size": 131072,
    "layer4.1.conv1.encoding_algorithm": 2,
    "layer4.1.conv1.learned_a_shape": [
        12544,
        2048
    ],
    "layer4.1.conv1.learned_b_shape": [
        2048,
        512
    ],
    "layer4.1.conv1.learned_d": 2048,
    "layer4.1.conv1.learned_m": 512,
    "layer4.1.conv1.learned_n": 12544,
    "layer4.1.conv1.mae": 1.3309122966003417,
    "layer4.1.conv1.mape": 0.4721436688232422,
    "layer4.1.conv1.mse": 3.1945749588012697,
    "layer4.1.conv1.rows": 256,
    "layer4.1.conv1.scaled_error": 0.019131582608222963,
    "layer4.1.conv1.scaled_shift": 0.00324789791315794,
    "layer4.1.conv1.stored_array_size": 32,
    "top_1_accuracy": 0.6179999709129333,
    "top_5_accuracy": 0.8159599900245667,
    "total_time": 105.16936222929507
}