{
    "halut_layers": "{\"layer2.0.conv2\": [32, 4, 12, 1]}",
    "layer2.0.conv2.C": 32,
    "layer2.0.conv2.H_size": 6144,
    "layer2.0.conv2.K": 12,
    "layer2.0.conv2.L_size": 196608,
    "layer2.0.conv2.encoding_algorithm": 1,
    "layer2.0.conv2.learned_a_shape": [
        3136,
        1152
    ],
    "layer2.0.conv2.learned_b_shape": [
        1152,
        128
    ],
    "layer2.0.conv2.learned_d": 1152,
    "layer2.0.conv2.learned_m": 128,
    "layer2.0.conv2.learned_n": 3136,
    "layer2.0.conv2.mae": 1.9864006826782226,
    "layer2.0.conv2.mape": 0.6189243579101562,
    "layer2.0.conv2.mse": 6.993994802246093,
    "layer2.0.conv2.rows": 4,
    "layer2.0.conv2.scaled_error": 0.04441585795402527,
    "layer2.0.conv2.scaled_shift": -0.0010612416137980472,
    "layer2.0.conv2.stored_array_size": 32,
    "top_1_accuracy": 0.6820799708366394,
    "top_5_accuracy": 0.879539966583252,
    "total_time": 135.25525607168674
}