{
    "halut_layers": "{\"layer2.0.conv2\": [16, 2, 32, 1]}",
    "layer2.0.conv2.C": 16,
    "layer2.0.conv2.H_size": 6144,
    "layer2.0.conv2.K": 32,
    "layer2.0.conv2.L_size": 262144,
    "layer2.0.conv2.encoding_algorithm": 1,
    "layer2.0.conv2.learned_a_shape": [
        1568,
        1152
    ],
    "layer2.0.conv2.learned_b_shape": [
        1152,
        128
    ],
    "layer2.0.conv2.learned_d": 1152,
    "layer2.0.conv2.learned_m": 128,
    "layer2.0.conv2.learned_n": 1568,
    "layer2.0.conv2.mae": 2.1782555331420896,
    "layer2.0.conv2.mape": 0.6633781767272949,
    "layer2.0.conv2.mse": 8.467816468505859,
    "layer2.0.conv2.rows": 2,
    "layer2.0.conv2.scaled_error": 0.048712389245033266,
    "layer2.0.conv2.scaled_shift": -0.0007996062498819083,
    "layer2.0.conv2.stored_array_size": 32,
    "top_1_accuracy": 0.6459000110626221,
    "top_5_accuracy": 0.8528199791908264,
    "total_time": 97.85807209275663
}