{
    "halut_layers": "{\"layer2.0.conv1\": [64, 8, 32, 2]}",
    "layer2.0.conv1.C": 64,
    "layer2.0.conv1.H_size": 4,
    "layer2.0.conv1.K": 32,
    "layer2.0.conv1.L_size": 1048576,
    "layer2.0.conv1.encoding_algorithm": 2,
    "layer2.0.conv1.learned_a_shape": [
        25088,
        256
    ],
    "layer2.0.conv1.learned_b_shape": [
        256,
        128
    ],
    "layer2.0.conv1.learned_d": 256,
    "layer2.0.conv1.learned_m": 128,
    "layer2.0.conv1.learned_n": 25088,
    "layer2.0.conv1.mae": 0.5842722090148926,
    "layer2.0.conv1.mape": 0.2192025294494629,
    "layer2.0.conv1.mse": 0.5845173601531982,
    "layer2.0.conv1.rows": 8,
    "layer2.0.conv1.scaled_error": 0.014431622855663299,
    "layer2.0.conv1.scaled_shift": -0.0017455589327961206,
    "layer2.0.conv1.stored_array_size": 32,
    "top_1_accuracy": 0.8058199882507324,
    "top_5_accuracy": 0.9533599615097046,
    "total_time": 359.91927606612444
}