{
    "halut_layers": "{\"layer3.0.conv2\": [64, 4, 64, 1]}",
    "layer3.0.conv2.C": 64,
    "layer3.0.conv2.H_size": 49152,
    "layer3.0.conv2.K": 64,
    "layer3.0.conv2.L_size": 4194304,
    "layer3.0.conv2.encoding_algorithm": 1,
    "layer3.0.conv2.learned_a_shape": [
        784,
        2304
    ],
    "layer3.0.conv2.learned_b_shape": [
        2304,
        256
    ],
    "layer3.0.conv2.learned_d": 2304,
    "layer3.0.conv2.learned_m": 256,
    "layer3.0.conv2.learned_n": 784,
    "layer3.0.conv2.mae": 2.459358473205566,
    "layer3.0.conv2.mape": 0.9779265461730957,
    "layer3.0.conv2.mse": 10.256144368896484,
    "layer3.0.conv2.rows": 4,
    "layer3.0.conv2.scaled_error": 0.07271885966300964,
    "layer3.0.conv2.scaled_shift": -0.0008887662314786576,
    "layer3.0.conv2.stored_array_size": 32,
    "top_1_accuracy": 0.6167599558830261,
    "top_5_accuracy": 0.8346399664878845,
    "total_time": 128.34530903026462
}