{
    "halut_layers": "{\"layer4.2.conv3\": [64, 128, 24, 1]}",
    "layer4.2.conv3.C": 64,
    "layer4.2.conv3.H_size": 24576,
    "layer4.2.conv3.K": 24,
    "layer4.2.conv3.L_size": 12582912,
    "layer4.2.conv3.encoding_algorithm": 1,
    "layer4.2.conv3.learned_a_shape": [
        6272,
        512
    ],
    "layer4.2.conv3.learned_b_shape": [
        512,
        2048
    ],
    "layer4.2.conv3.learned_d": 512,
    "layer4.2.conv3.learned_m": 2048,
    "layer4.2.conv3.learned_n": 6272,
    "layer4.2.conv3.mae": 0.2063697254371643,
    "layer4.2.conv3.mape": 0.13318577062606812,
    "layer4.2.conv3.mse": 0.09838275858879089,
    "layer4.2.conv3.rows": 128,
    "layer4.2.conv3.scaled_error": 0.040447737379074096,
    "layer4.2.conv3.scaled_shift": 0.02276787600847689,
    "layer4.2.conv3.stored_array_size": 32,
    "top_1_accuracy": 0.7946400046348572,
    "top_5_accuracy": 0.9482399821281433,
    "total_time": 124.40692667476833
}