{
    "halut_layers": "{\"layer1.1.conv3\": [64, 4, 4, 1]}",
    "layer1.1.conv3.C": 64,
    "layer1.1.conv3.H_size": 3072,
    "layer1.1.conv3.K": 4,
    "layer1.1.conv3.L_size": 262144,
    "layer1.1.conv3.encoding_algorithm": 1,
    "layer1.1.conv3.learned_a_shape": [
        12544,
        64
    ],
    "layer1.1.conv3.learned_b_shape": [
        64,
        256
    ],
    "layer1.1.conv3.learned_d": 64,
    "layer1.1.conv3.learned_m": 256,
    "layer1.1.conv3.learned_n": 12544,
    "layer1.1.conv3.mae": 0.2415678779220581,
    "layer1.1.conv3.mape": 0.11010206991195678,
    "layer1.1.conv3.mse": 0.12066926942825318,
    "layer1.1.conv3.rows": 4,
    "layer1.1.conv3.scaled_error": 0.014136320469379425,
    "layer1.1.conv3.scaled_shift": -0.0002650376309896819,
    "layer1.1.conv3.stored_array_size": 32,
    "top_1_accuracy": 0.8055599927902222,
    "top_5_accuracy": 0.9526599645614624,
    "total_time": 265.720233399421
}