{
    "halut_layers": "{\"layer4.0.conv3\": [16, 256, 24, 1]}",
    "layer4.0.conv3.C": 16,
    "layer4.0.conv3.H_size": 6144,
    "layer4.0.conv3.K": 24,
    "layer4.0.conv3.L_size": 3145728,
    "layer4.0.conv3.encoding_algorithm": 1,
    "layer4.0.conv3.learned_a_shape": [
        12544,
        512
    ],
    "layer4.0.conv3.learned_b_shape": [
        512,
        2048
    ],
    "layer4.0.conv3.learned_d": 512,
    "layer4.0.conv3.learned_m": 2048,
    "layer4.0.conv3.learned_n": 12544,
    "layer4.0.conv3.mae": 0.4793698963165283,
    "layer4.0.conv3.mape": 0.2676125178527832,
    "layer4.0.conv3.mse": 0.41341140022277834,
    "layer4.0.conv3.rows": 256,
    "layer4.0.conv3.scaled_error": 0.04221226969718933,
    "layer4.0.conv3.scaled_shift": 0.004848702874854207,
    "layer4.0.conv3.stored_array_size": 32,
    "top_1_accuracy": 0.5671799778938293,
    "top_5_accuracy": 0.8105199933052063,
    "total_time": 117.95349089987576
}