{
    "halut_layers": "{\"layer3.0.conv3\": [32, 16, 8, 1]}",
    "layer3.0.conv3.C": 32,
    "layer3.0.conv3.H_size": 3072,
    "layer3.0.conv3.K": 8,
    "layer3.0.conv3.L_size": 1048576,
    "layer3.0.conv3.encoding_algorithm": 1,
    "layer3.0.conv3.learned_a_shape": [
        3136,
        256
    ],
    "layer3.0.conv3.learned_b_shape": [
        256,
        1024
    ],
    "layer3.0.conv3.learned_d": 256,
    "layer3.0.conv3.learned_m": 1024,
    "layer3.0.conv3.learned_n": 3136,
    "layer3.0.conv3.mae": 0.5273996142578125,
    "layer3.0.conv3.mape": 0.26696967849731446,
    "layer3.0.conv3.mse": 0.5050940535736084,
    "layer3.0.conv3.rows": 16,
    "layer3.0.conv3.scaled_error": 0.03696442746162414,
    "layer3.0.conv3.scaled_shift": 0.0014813534027896822,
    "layer3.0.conv3.stored_array_size": 32,
    "top_1_accuracy": 0.7371000051498413,
    "top_5_accuracy": 0.9160599708557129,
    "total_time": 146.11123015359044
}