{
    "halut_layers": "{\"layer3.0.conv3\": [64, 64, 24, 2]}",
    "layer3.0.conv3.C": 64,
    "layer3.0.conv3.H_size": 4,
    "layer3.0.conv3.K": 24,
    "layer3.0.conv3.L_size": 6291456,
    "layer3.0.conv3.encoding_algorithm": 2,
    "layer3.0.conv3.learned_a_shape": [
        12544,
        256
    ],
    "layer3.0.conv3.learned_b_shape": [
        256,
        1024
    ],
    "layer3.0.conv3.learned_d": 256,
    "layer3.0.conv3.learned_m": 1024,
    "layer3.0.conv3.learned_n": 12544,
    "layer3.0.conv3.mae": 0.28080738159179686,
    "layer3.0.conv3.mape": 0.1481547573852539,
    "layer3.0.conv3.mse": 0.14083090871810913,
    "layer3.0.conv3.rows": 64,
    "layer3.0.conv3.scaled_error": 0.01968733575582504,
    "layer3.0.conv3.scaled_shift": -0.0005550235348002752,
    "layer3.0.conv3.stored_array_size": 32,
    "top_1_accuracy": 0.8051799535751343,
    "top_5_accuracy": 0.9526199698448181,
    "total_time": 199.5309606604278
}