{
    "halut_layers": "{\"layer4.1.conv1\": [64, 32, 8, 2]}",
    "layer4.1.conv1.C": 64,
    "layer4.1.conv1.H_size": 4,
    "layer4.1.conv1.K": 8,
    "layer4.1.conv1.L_size": 1048576,
    "layer4.1.conv1.encoding_algorithm": 2,
    "layer4.1.conv1.learned_a_shape": [
        1568,
        2048
    ],
    "layer4.1.conv1.learned_b_shape": [
        2048,
        512
    ],
    "layer4.1.conv1.learned_d": 2048,
    "layer4.1.conv1.learned_m": 512,
    "layer4.1.conv1.learned_n": 1568,
    "layer4.1.conv1.mae": 1.216808826751709,
    "layer4.1.conv1.mape": 0.4596197611999512,
    "layer4.1.conv1.mse": 2.6692329232788086,
    "layer4.1.conv1.rows": 32,
    "layer4.1.conv1.scaled_error": 0.017493021619319916,
    "layer4.1.conv1.scaled_shift": 0.002731077042222023,
    "layer4.1.conv1.stored_array_size": 32,
    "top_1_accuracy": 0.7592799663543701,
    "top_5_accuracy": 0.931659996509552,
    "total_time": 119.68965395260602
}