{
    "halut_layers": "{\"layer3.5.conv1\": [32, 8, 8, 0]}",
    "layer3.5.conv1.C": 32,
    "layer3.5.conv1.H_size": 2688,
    "layer3.5.conv1.K": 8,
    "layer3.5.conv1.L_size": 262144,
    "layer3.5.conv1.encoding_algorithm": 0,
    "layer3.5.conv1.learned_a_shape": [
        1568,
        1024
    ],
    "layer3.5.conv1.learned_b_shape": [
        1024,
        256
    ],
    "layer3.5.conv1.learned_d": 1024,
    "layer3.5.conv1.learned_m": 256,
    "layer3.5.conv1.learned_n": 1568,
    "layer3.5.conv1.mae": 2.5589524557495116,
    "layer3.5.conv1.mape": 1.111144373626709,
    "layer3.5.conv1.mse": 10.510241746826171,
    "layer3.5.conv1.rows": 8,
    "layer3.5.conv1.scaled_error": 0.08925010368347168,
    "layer3.5.conv1.scaled_shift": -0.0250144845533371,
    "layer3.5.conv1.stored_array_size": 32,
    "top_1_accuracy": 0.721340000629425,
    "top_5_accuracy": 0.9075999855995178,
    "total_time": 110.45162759535015
}