{
    "halut_layers": "{\"layer3.5.conv2\": [64, 64, 8, 2]}",
    "layer3.5.conv2.C": 64,
    "layer3.5.conv2.H_size": 4,
    "layer3.5.conv2.K": 8,
    "layer3.5.conv2.L_size": 524288,
    "layer3.5.conv2.encoding_algorithm": 2,
    "layer3.5.conv2.learned_a_shape": [
        12544,
        2304
    ],
    "layer3.5.conv2.learned_b_shape": [
        2304,
        256
    ],
    "layer3.5.conv2.learned_d": 2304,
    "layer3.5.conv2.learned_m": 256,
    "layer3.5.conv2.learned_n": 12544,
    "layer3.5.conv2.mae": 0.5996423783874512,
    "layer3.5.conv2.mape": 0.29010792896270754,
    "layer3.5.conv2.mse": 0.6446366456604004,
    "layer3.5.conv2.rows": 64,
    "layer3.5.conv2.scaled_error": 0.04188445600509644,
    "layer3.5.conv2.scaled_shift": 0.0010181414528406458,
    "layer3.5.conv2.stored_array_size": 32,
    "top_1_accuracy": 0.7953000068664551,
    "top_5_accuracy": 0.9473399519920349,
    "total_time": 141.86582451313734
}