{
    "halut_layers": "{\"layer2.0.conv1\": [32, 2, 64, 2]}",
    "layer2.0.conv1.C": 32,
    "layer2.0.conv1.H_size": 4,
    "layer2.0.conv1.K": 64,
    "layer2.0.conv1.L_size": 1048576,
    "layer2.0.conv1.encoding_algorithm": 2,
    "layer2.0.conv1.learned_a_shape": [
        6272,
        256
    ],
    "layer2.0.conv1.learned_b_shape": [
        256,
        128
    ],
    "layer2.0.conv1.learned_d": 256,
    "layer2.0.conv1.learned_m": 128,
    "layer2.0.conv1.learned_n": 6272,
    "layer2.0.conv1.mae": 0.8795204219055176,
    "layer2.0.conv1.mape": 0.3303138427352905,
    "layer2.0.conv1.mse": 1.3264188104248047,
    "layer2.0.conv1.rows": 2,
    "layer2.0.conv1.scaled_error": 0.021725505137443542,
    "layer2.0.conv1.scaled_shift": -0.0009342247953964398,
    "layer2.0.conv1.stored_array_size": 32,
    "top_1_accuracy": 0.801859974861145,
    "top_5_accuracy": 0.950939953327179,
    "total_time": 567.5328393820673
}