{
    "halut_layers": "{\"layer3.3.conv3\": [32, 64, 8, 2]}",
    "layer3.3.conv3.C": 32,
    "layer3.3.conv3.H_size": 4,
    "layer3.3.conv3.K": 8,
    "layer3.3.conv3.L_size": 1048576,
    "layer3.3.conv3.encoding_algorithm": 2,
    "layer3.3.conv3.learned_a_shape": [
        12544,
        256
    ],
    "layer3.3.conv3.learned_b_shape": [
        256,
        1024
    ],
    "layer3.3.conv3.learned_d": 256,
    "layer3.3.conv3.learned_m": 1024,
    "layer3.3.conv3.learned_n": 12544,
    "layer3.3.conv3.mae": 0.1881564279937744,
    "layer3.3.conv3.mape": 0.13075149181365966,
    "layer3.3.conv3.mse": 0.06267829972267151,
    "layer3.3.conv3.rows": 64,
    "layer3.3.conv3.scaled_error": 0.009617062536478043,
    "layer3.3.conv3.scaled_shift": 0.0002347924155699775,
    "layer3.3.conv3.stored_array_size": 32,
    "top_1_accuracy": 0.8022599816322327,
    "top_5_accuracy": 0.9519199728965759,
    "total_time": 152.9741437640041
}