{
    "halut_layers": "{\"layer4.2.conv1\": [64, 64, 32, 0]}",
    "layer4.2.conv1.C": 64,
    "layer4.2.conv1.H_size": 24320,
    "layer4.2.conv1.K": 32,
    "layer4.2.conv1.L_size": 4194304,
    "layer4.2.conv1.encoding_algorithm": 0,
    "layer4.2.conv1.learned_a_shape": [
        3136,
        2048
    ],
    "layer4.2.conv1.learned_b_shape": [
        2048,
        512
    ],
    "layer4.2.conv1.learned_d": 2048,
    "layer4.2.conv1.learned_m": 512,
    "layer4.2.conv1.learned_n": 3136,
    "layer4.2.conv1.mae": 5.565340581665039,
    "layer4.2.conv1.mape": 2.713047098083496,
    "layer4.2.conv1.mse": 44.25712755859375,
    "layer4.2.conv1.rows": 64,
    "layer4.2.conv1.scaled_error": 0.0573477157497406,
    "layer4.2.conv1.scaled_shift": -0.04192860011100769,
    "layer4.2.conv1.stored_array_size": 32,
    "top_1_accuracy": 0.575760006904602,
    "top_5_accuracy": 0.7984799742698669,
    "total_time": 104.14089218247682
}