{
    "halut_layers": "{\"layer4.2.conv3\": [16, 64, 32, 0]}",
    "layer4.2.conv3.C": 16,
    "layer4.2.conv3.H_size": 6080,
    "layer4.2.conv3.K": 32,
    "layer4.2.conv3.L_size": 4194304,
    "layer4.2.conv3.encoding_algorithm": 0,
    "layer4.2.conv3.learned_a_shape": [
        3136,
        512
    ],
    "layer4.2.conv3.learned_b_shape": [
        512,
        2048
    ],
    "layer4.2.conv3.learned_d": 512,
    "layer4.2.conv3.learned_m": 2048,
    "layer4.2.conv3.learned_n": 3136,
    "layer4.2.conv3.mae": 0.8703692518615722,
    "layer4.2.conv3.mape": 0.6700158524322509,
    "layer4.2.conv3.mse": 1.0695045597839354,
    "layer4.2.conv3.rows": 64,
    "layer4.2.conv3.scaled_error": 0.17179986543655396,
    "layer4.2.conv3.scaled_shift": -0.15834092185974122,
    "layer4.2.conv3.stored_array_size": 32,
    "top_1_accuracy": 0.5011999607086182,
    "top_5_accuracy": 0.7818399667739868,
    "total_time": 117.48755325004458
}