{
    "halut_layers": "{\"layer3.5.conv1\": [16, 8, 12, 1]}",
    "layer3.5.conv1.C": 16,
    "layer3.5.conv1.H_size": 3072,
    "layer3.5.conv1.K": 12,
    "layer3.5.conv1.L_size": 196608,
    "layer3.5.conv1.encoding_algorithm": 1,
    "layer3.5.conv1.learned_a_shape": [
        1568,
        1024
    ],
    "layer3.5.conv1.learned_b_shape": [
        1024,
        256
    ],
    "layer3.5.conv1.learned_d": 1024,
    "layer3.5.conv1.learned_m": 256,
    "layer3.5.conv1.learned_n": 1568,
    "layer3.5.conv1.mae": 1.2310869801330566,
    "layer3.5.conv1.mape": 0.4764064769744873,
    "layer3.5.conv1.mse": 2.6002560577392577,
    "layer3.5.conv1.rows": 8,
    "layer3.5.conv1.scaled_error": 0.04297782849788666,
    "layer3.5.conv1.scaled_shift": 0.0010754802518710494,
    "layer3.5.conv1.stored_array_size": 32,
    "top_1_accuracy": 0.7786799669265747,
    "top_5_accuracy": 0.9390400052070618,
    "total_time": 106.81643092259765
}