{
    "halut_layers": "{\"layer3.3.conv3\": [8, 16, 64, 2]}",
    "layer3.3.conv3.C": 8,
    "layer3.3.conv3.H_size": 4,
    "layer3.3.conv3.K": 64,
    "layer3.3.conv3.L_size": 2097152,
    "layer3.3.conv3.encoding_algorithm": 2,
    "layer3.3.conv3.learned_a_shape": [
        3136,
        256
    ],
    "layer3.3.conv3.learned_b_shape": [
        256,
        1024
    ],
    "layer3.3.conv3.learned_d": 256,
    "layer3.3.conv3.learned_m": 1024,
    "layer3.3.conv3.learned_n": 3136,
    "layer3.3.conv3.mae": 0.23345812049865722,
    "layer3.3.conv3.mape": 0.16190829385757446,
    "layer3.3.conv3.mse": 0.09484185316085815,
    "layer3.3.conv3.rows": 16,
    "layer3.3.conv3.scaled_error": 0.011935142271518708,
    "layer3.3.conv3.scaled_shift": 0.00025771711783425415,
    "layer3.3.conv3.stored_array_size": 32,
    "top_1_accuracy": 0.799239993095398,
    "top_5_accuracy": 0.949679970741272,
    "total_time": 129.99826166406274
}