{
    "halut_layers": "{\"layer1.0.conv2\": [64, 1, 16, 0]}",
    "layer1.0.conv2.C": 64,
    "layer1.0.conv2.H_size": 11264,
    "layer1.0.conv2.K": 16,
    "layer1.0.conv2.L_size": 262144,
    "layer1.0.conv2.encoding_algorithm": 0,
    "layer1.0.conv2.learned_a_shape": [
        3136,
        576
    ],
    "layer1.0.conv2.learned_b_shape": [
        576,
        64
    ],
    "layer1.0.conv2.learned_d": 576,
    "layer1.0.conv2.learned_m": 64,
    "layer1.0.conv2.learned_n": 3136,
    "layer1.0.conv2.mae": 1.4259806018066405,
    "layer1.0.conv2.mape": 0.3150937490081787,
    "layer1.0.conv2.mse": 5.492729683227539,
    "layer1.0.conv2.rows": 1,
    "layer1.0.conv2.scaled_error": 0.029551371984481812,
    "layer1.0.conv2.scaled_shift": -0.0009147083685640245,
    "layer1.0.conv2.stored_array_size": 32,
    "top_1_accuracy": 0.7729399800300598,
    "top_5_accuracy": 0.9361000061035156,
    "total_time": 129.47439317032695
}