{
    "halut_layers": "{\"layer4.2.conv1\": [64, 32, 24, 2]}",
    "layer4.2.conv1.C": 64,
    "layer4.2.conv1.H_size": 4,
    "layer4.2.conv1.K": 24,
    "layer4.2.conv1.L_size": 3145728,
    "layer4.2.conv1.encoding_algorithm": 2,
    "layer4.2.conv1.learned_a_shape": [
        1568,
        2048
    ],
    "layer4.2.conv1.learned_b_shape": [
        2048,
        512
    ],
    "layer4.2.conv1.learned_d": 2048,
    "layer4.2.conv1.learned_m": 512,
    "layer4.2.conv1.learned_n": 1568,
    "layer4.2.conv1.mae": 0.8656810641479492,
    "layer4.2.conv1.mape": 0.3642820221710205,
    "layer4.2.conv1.mse": 1.4899247990417481,
    "layer4.2.conv1.rows": 32,
    "layer4.2.conv1.scaled_error": 0.008924490752220154,
    "layer4.2.conv1.scaled_shift": 0.0014195557699957862,
    "layer4.2.conv1.stored_array_size": 32,
    "top_1_accuracy": 0.7783399820327759,
    "top_5_accuracy": 0.938759982585907,
    "total_time": 139.86848595179617
}