{
    "halut_layers": "{\"layer3.4.conv2\": [64, 16, 64, 2]}",
    "layer3.4.conv2.C": 64,
    "layer3.4.conv2.H_size": 4,
    "layer3.4.conv2.K": 64,
    "layer3.4.conv2.L_size": 4194304,
    "layer3.4.conv2.encoding_algorithm": 2,
    "layer3.4.conv2.learned_a_shape": [
        3136,
        2304
    ],
    "layer3.4.conv2.learned_b_shape": [
        2304,
        256
    ],
    "layer3.4.conv2.learned_d": 2304,
    "layer3.4.conv2.learned_m": 256,
    "layer3.4.conv2.learned_n": 3136,
    "layer3.4.conv2.mae": 0.6597710232543945,
    "layer3.4.conv2.mape": 0.34137274879455565,
    "layer3.4.conv2.mse": 0.7193977833557129,
    "layer3.4.conv2.rows": 16,
    "layer3.4.conv2.scaled_error": 0.018476582057476043,
    "layer3.4.conv2.scaled_shift": 0.0003174046514592919,
    "layer3.4.conv2.stored_array_size": 32,
    "top_1_accuracy": 0.7984399795532227,
    "top_5_accuracy": 0.9494799971580505,
    "total_time": 324.7891645729542
}