{
    "halut_layers": "{\"layer4.0.conv3\": [64, 32, 16, 0]}",
    "layer4.0.conv3.C": 64,
    "layer4.0.conv3.H_size": 11264,
    "layer4.0.conv3.K": 16,
    "layer4.0.conv3.L_size": 8388608,
    "layer4.0.conv3.encoding_algorithm": 0,
    "layer4.0.conv3.learned_a_shape": [
        1568,
        512
    ],
    "layer4.0.conv3.learned_b_shape": [
        512,
        2048
    ],
    "layer4.0.conv3.learned_d": 512,
    "layer4.0.conv3.learned_m": 2048,
    "layer4.0.conv3.learned_n": 1568,
    "layer4.0.conv3.mae": 0.4799358122253418,
    "layer4.0.conv3.mape": 0.27839228775024416,
    "layer4.0.conv3.mse": 0.40298193504333496,
    "layer4.0.conv3.rows": 32,
    "layer4.0.conv3.scaled_error": 0.04227054382801056,
    "layer4.0.conv3.scaled_shift": 0.004831883523762226,
    "layer4.0.conv3.stored_array_size": 32,
    "top_1_accuracy": 0.7295399904251099,
    "top_5_accuracy": 0.9172999858856201,
    "total_time": 123.05825418047607
}