{
    "halut_layers": "{\"layer3.4.conv2\": [16, 16, 32, 1]}",
    "layer3.4.conv2.C": 16,
    "layer3.4.conv2.H_size": 6144,
    "layer3.4.conv2.K": 32,
    "layer3.4.conv2.L_size": 524288,
    "layer3.4.conv2.encoding_algorithm": 1,
    "layer3.4.conv2.learned_a_shape": [
        3136,
        2304
    ],
    "layer3.4.conv2.learned_b_shape": [
        2304,
        256
    ],
    "layer3.4.conv2.learned_d": 2304,
    "layer3.4.conv2.learned_m": 256,
    "layer3.4.conv2.learned_n": 3136,
    "layer3.4.conv2.mae": 0.759213168182373,
    "layer3.4.conv2.mape": 0.365053985710144,
    "layer3.4.conv2.mse": 1.0083508996582031,
    "layer3.4.conv2.rows": 16,
    "layer3.4.conv2.scaled_error": 0.02126081924200058,
    "layer3.4.conv2.scaled_shift": 0.0009501902992895339,
    "layer3.4.conv2.stored_array_size": 32,
    "top_1_accuracy": 0.7777799963951111,
    "top_5_accuracy": 0.9376399517059326,
    "total_time": 108.1382325720042
}