{
    "halut_layers": "{\"layer3.5.conv1\": [32, 8, 12, 1]}",
    "layer3.5.conv1.C": 32,
    "layer3.5.conv1.H_size": 6144,
    "layer3.5.conv1.K": 12,
    "layer3.5.conv1.L_size": 393216,
    "layer3.5.conv1.encoding_algorithm": 1,
    "layer3.5.conv1.learned_a_shape": [
        1568,
        1024
    ],
    "layer3.5.conv1.learned_b_shape": [
        1024,
        256
    ],
    "layer3.5.conv1.learned_d": 1024,
    "layer3.5.conv1.learned_m": 256,
    "layer3.5.conv1.learned_n": 1568,
    "layer3.5.conv1.mae": 1.1814270645141602,
    "layer3.5.conv1.mape": 0.46390646980285644,
    "layer3.5.conv1.mse": 2.381269747924805,
    "layer3.5.conv1.rows": 8,
    "layer3.5.conv1.scaled_error": 0.04124164546012878,
    "layer3.5.conv1.scaled_shift": 0.0017723927295487374,
    "layer3.5.conv1.stored_array_size": 32,
    "top_1_accuracy": 0.7822799682617188,
    "top_5_accuracy": 0.9402799606323242,
    "total_time": 111.73195194639266
}