{
    "halut_layers": "{\"layer1.0.conv2\": [64, 1, 16, 1]}",
    "layer1.0.conv2.C": 64,
    "layer1.0.conv2.H_size": 12288,
    "layer1.0.conv2.K": 16,
    "layer1.0.conv2.L_size": 262144,
    "layer1.0.conv2.encoding_algorithm": 1,
    "layer1.0.conv2.learned_a_shape": [
        3136,
        576
    ],
    "layer1.0.conv2.learned_b_shape": [
        576,
        64
    ],
    "layer1.0.conv2.learned_d": 576,
    "layer1.0.conv2.learned_m": 64,
    "layer1.0.conv2.learned_n": 3136,
    "layer1.0.conv2.mae": 1.4696430136108398,
    "layer1.0.conv2.mape": 0.32448019107818604,
    "layer1.0.conv2.mse": 5.973314672851562,
    "layer1.0.conv2.rows": 1,
    "layer1.0.conv2.scaled_error": 0.030465785207748414,
    "layer1.0.conv2.scaled_shift": -0.0011330745020089671,
    "layer1.0.conv2.stored_array_size": 32,
    "top_1_accuracy": 0.7642399668693542,
    "top_5_accuracy": 0.9314599633216858,
    "total_time": 130.0276249218732
}