{
    "halut_layers": "{\"layer4.2.conv1\": [64, 256, 4, 1]}",
    "layer4.2.conv1.C": 64,
    "layer4.2.conv1.H_size": 3072,
    "layer4.2.conv1.K": 4,
    "layer4.2.conv1.L_size": 524288,
    "layer4.2.conv1.encoding_algorithm": 1,
    "layer4.2.conv1.learned_a_shape": [
        12544,
        2048
    ],
    "layer4.2.conv1.learned_b_shape": [
        2048,
        512
    ],
    "layer4.2.conv1.learned_d": 2048,
    "layer4.2.conv1.learned_m": 512,
    "layer4.2.conv1.learned_n": 12544,
    "layer4.2.conv1.mae": 0.9118049346923828,
    "layer4.2.conv1.mape": 0.36321843841552737,
    "layer4.2.conv1.mse": 1.7357110775756837,
    "layer4.2.conv1.rows": 256,
    "layer4.2.conv1.scaled_error": 0.009399890587329865,
    "layer4.2.conv1.scaled_shift": 0.0018981697875307872,
    "layer4.2.conv1.stored_array_size": 32,
    "top_1_accuracy": 0.7797200083732605,
    "top_5_accuracy": 0.9378399848937988,
    "total_time": 99.79161371663213
}