{
    "halut_layers": "{\"layer3.5.conv2\": [16, 16, 12, 1]}",
    "layer3.5.conv2.C": 16,
    "layer3.5.conv2.H_size": 3072,
    "layer3.5.conv2.K": 12,
    "layer3.5.conv2.L_size": 196608,
    "layer3.5.conv2.encoding_algorithm": 1,
    "layer3.5.conv2.learned_a_shape": [
        3136,
        2304
    ],
    "layer3.5.conv2.learned_b_shape": [
        2304,
        256
    ],
    "layer3.5.conv2.learned_d": 2304,
    "layer3.5.conv2.learned_m": 256,
    "layer3.5.conv2.learned_n": 3136,
    "layer3.5.conv2.mae": 0.865934553527832,
    "layer3.5.conv2.mape": 0.40180086723327635,
    "layer3.5.conv2.mse": 1.3291365574645997,
    "layer3.5.conv2.rows": 16,
    "layer3.5.conv2.scaled_error": 0.060500793952941896,
    "layer3.5.conv2.scaled_shift": 0.0029016008204012177,
    "layer3.5.conv2.stored_array_size": 32,
    "top_1_accuracy": 0.7791199684143066,
    "top_5_accuracy": 0.9407999515533447,
    "total_time": 112.12693413347006
}