{
    "halut_layers": "{\"layer2.0.downsample.0\": [64, 16, 4, 2]}",
    "layer2.0.downsample.0.C": 64,
    "layer2.0.downsample.0.H_size": 4,
    "layer2.0.downsample.0.K": 4,
    "layer2.0.downsample.0.L_size": 524288,
    "layer2.0.downsample.0.encoding_algorithm": 2,
    "layer2.0.downsample.0.learned_a_shape": [
        12544,
        256
    ],
    "layer2.0.downsample.0.learned_b_shape": [
        256,
        512
    ],
    "layer2.0.downsample.0.learned_d": 256,
    "layer2.0.downsample.0.learned_m": 512,
    "layer2.0.downsample.0.learned_n": 12544,
    "layer2.0.downsample.0.mae": 0.5127249668121338,
    "layer2.0.downsample.0.mape": 0.22898968296051025,
    "layer2.0.downsample.0.mse": 0.5657164224243164,
    "layer2.0.downsample.0.rows": 16,
    "layer2.0.downsample.0.scaled_error": 0.025827690362930297,
    "layer2.0.downsample.0.scaled_shift": -0.0006518358570436249,
    "layer2.0.downsample.0.stored_array_size": 32,
    "top_1_accuracy": 0.7698400020599365,
    "top_5_accuracy": 0.9364399909973145,
    "total_time": 177.83193207159638
}