{
    "halut_layers": "{\"layer3.3.conv3\": [8, 64, 24, 2]}",
    "layer3.3.conv3.C": 8,
    "layer3.3.conv3.H_size": 4,
    "layer3.3.conv3.K": 24,
    "layer3.3.conv3.L_size": 786432,
    "layer3.3.conv3.encoding_algorithm": 2,
    "layer3.3.conv3.learned_a_shape": [
        12544,
        256
    ],
    "layer3.3.conv3.learned_b_shape": [
        256,
        1024
    ],
    "layer3.3.conv3.learned_d": 256,
    "layer3.3.conv3.learned_m": 1024,
    "layer3.3.conv3.learned_n": 12544,
    "layer3.3.conv3.mae": 0.22917265274047852,
    "layer3.3.conv3.mape": 0.15770442405700683,
    "layer3.3.conv3.mse": 0.09232083585739136,
    "layer3.3.conv3.rows": 64,
    "layer3.3.conv3.scaled_error": 0.01171542062997818,
    "layer3.3.conv3.scaled_shift": 0.0004072720107913483,
    "layer3.3.conv3.stored_array_size": 32,
    "top_1_accuracy": 0.7988399863243103,
    "top_5_accuracy": 0.949679970741272,
    "total_time": 121.8210202883929
}