{
    "halut_layers": "{\"layer1.1.conv3\": [8, 32, 32, 1]}",
    "layer1.1.conv3.C": 8,
    "layer1.1.conv3.H_size": 3072,
    "layer1.1.conv3.K": 32,
    "layer1.1.conv3.L_size": 262144,
    "layer1.1.conv3.encoding_algorithm": 1,
    "layer1.1.conv3.learned_a_shape": [
        100352,
        64
    ],
    "layer1.1.conv3.learned_b_shape": [
        64,
        256
    ],
    "layer1.1.conv3.learned_d": 64,
    "layer1.1.conv3.learned_m": 256,
    "layer1.1.conv3.learned_n": 100352,
    "layer1.1.conv3.mae": 0.4418771348571777,
    "layer1.1.conv3.mape": 0.1975940366744995,
    "layer1.1.conv3.mse": 0.40978326511383056,
    "layer1.1.conv3.rows": 32,
    "layer1.1.conv3.scaled_error": 0.025863428177833558,
    "layer1.1.conv3.scaled_shift": -3.091368196764961e-05,
    "layer1.1.conv3.stored_array_size": 32,
    "top_1_accuracy": 0.7922799587249756,
    "top_5_accuracy": 0.9469199776649475,
    "total_time": 251.99069930799305
}