{
    "halut_layers": "{\"layer3.1.conv1\": [64, -1, 16, 0], \"layer3.0.downsample.0\": [64, -1, 16, 0], \"layer3.0.conv2\": [64, -1, 16, 0], \"layer3.0.conv1\": [64, -1, 16, 0], \"layer2.1.conv2\": [64, -1, 16, 0], \"layer2.1.conv1\": [64, -1, 16, 0], \"layer2.0.downsample.0\": [64, -1, 16, 0], \"layer2.0.conv2\": [64, -1, 16, 0], \"layer2.0.conv1\": [64, -1, 16, 0], \"layer1.1.conv2\": [64, -1, 16, 0], \"layer1.1.conv1\": [64, -1, 16, 0], \"layer1.0.conv2\": [64, -1, 16, 0], \"layer1.0.conv1\": [64, -1, 16, 0]}",
    "layer1.0.conv1.C": 64,
    "layer1.0.conv1.H_size": 11264,
    "layer1.0.conv1.K": 16,
    "layer1.0.conv1.L_size": 262144,
    "layer1.0.conv1.encoding_algorithm": 0,
    "layer1.0.conv1.learned_a_shape": [
        1,
        262052
    ],
    "layer1.0.conv1.learned_b_shape": [
        262052,
        64
    ],
    "layer1.0.conv1.learned_d": 262052,
    "layer1.0.conv1.learned_m": 64,
    "layer1.0.conv1.learned_n": 1,
    "layer1.0.conv1.mae": 0.43170440368652346,
    "layer1.0.conv1.mape": 0.12028993158340454,
    "layer1.0.conv1.mse": 0.5398193577766418,
    "layer1.0.conv1.rows": -1,
    "layer1.0.conv1.scaled_error": 0.006254260236024857,
    "layer1.0.conv1.scaled_shift": 0.0006941588897258044,
    "layer1.0.conv1.stored_array_size": 32,
    "layer1.0.conv2.C": 64,
    "layer1.0.conv2.H_size": 11264,
    "layer1.0.conv2.K": 16,
    "layer1.0.conv2.L_size": 262144,
    "layer1.0.conv2.encoding_algorithm": 0,
    "layer1.0.conv2.learned_a_shape": [
        1,
        262052
    ],
    "layer1.0.conv2.learned_b_shape": [
        262052,
        64
    ],
    "layer1.0.conv2.learned_d": 262052,
    "layer1.0.conv2.learned_m": 64,
    "layer1.0.conv2.learned_n": 1,
    "layer1.0.conv2.mae": 0.27868423404693604,
    "layer1.0.conv2.mape": 0.1018661435842514,
    "layer1.0.conv2.mse": 0.18170612280368806,
    "layer1.0.conv2.rows": -1,
    "layer1.0.conv2.scaled_error": 0.003028946939855814,
    "layer1.0.conv2.scaled_shift": 4.5194095140323044e-05,
    "layer1.0.conv2.stored_array_size": 32,
    "layer1.1.conv1.C": 64,
    "layer1.1.conv1.H_size": 11264,
    "layer1.1.conv1.K": 16,
    "layer1.1.conv1.L_size": 262144,
    "layer1.1.conv1.encoding_algorithm": 0,
    "layer1.1.conv1.learned_a_shape": [
        1,
        262052
    ],
    "layer1.1.conv1.learned_b_shape": [
        262052,
        64
    ],
    "layer1.1.conv1.learned_d": 262052,
    "layer1.1.conv1.learned_m": 64,
    "layer1.1.conv1.learned_n": 1,
    "layer1.1.conv1.mae": 0.4198261814594269,
    "layer1.1.conv1.mape": 0.10505623483657837,
    "layer1.1.conv1.mse": 0.4525225396156311,
    "layer1.1.conv1.rows": -1,
    "layer1.1.conv1.scaled_error": 0.003080161190778017,
    "layer1.1.conv1.scaled_shift": 8.52098278934136e-05,
    "layer1.1.conv1.stored_array_size": 32,
    "layer1.1.conv2.C": 64,
    "layer1.1.conv2.H_size": 11264,
    "layer1.1.conv2.K": 16,
    "layer1.1.conv2.L_size": 262144,
    "layer1.1.conv2.encoding_algorithm": 0,
    "layer1.1.conv2.learned_a_shape": [
        1,
        262052
    ],
    "layer1.1.conv2.learned_b_shape": [
        262052,
        64
    ],
    "layer1.1.conv2.learned_d": 262052,
    "layer1.1.conv2.learned_m": 64,
    "layer1.1.conv2.learned_n": 1,
    "layer1.1.conv2.mae": 0.21077735888957977,
    "layer1.1.conv2.mape": 0.08283035160303116,
    "layer1.1.conv2.mse": 0.11217292705774307,
    "layer1.1.conv2.rows": -1,
    "layer1.1.conv2.scaled_error": 0.002325198478996754,
    "layer1.1.conv2.scaled_shift": 2.450372189632617e-05,
    "layer1.1.conv2.stored_array_size": 32,
    "layer2.0.conv1.C": 64,
    "layer2.0.conv1.H_size": 11264,
    "layer2.0.conv1.K": 16,
    "layer2.0.conv1.L_size": 524288,
    "layer2.0.conv1.encoding_algorithm": 0,
    "layer2.0.conv1.learned_a_shape": [
        1,
        262052
    ],
    "layer2.0.conv1.learned_b_shape": [
        262052,
        128
    ],
    "layer2.0.conv1.learned_d": 262052,
    "layer2.0.conv1.learned_m": 128,
    "layer2.0.conv1.learned_n": 1,
    "layer2.0.conv1.mae": 0.2998263336181641,
    "layer2.0.conv1.mape": 0.11243756811618805,
    "layer2.0.conv1.mse": 0.20577381258010866,
    "layer2.0.conv1.rows": -1,
    "layer2.0.conv1.scaled_error": 0.00234137177541852,
    "layer2.0.conv1.scaled_shift": 6.0099795460700986e-05,
    "layer2.0.conv1.stored_array_size": 32,
    "layer2.0.conv2.C": 64,
    "layer2.0.conv2.H_size": 11264,
    "layer2.0.conv2.K": 16,
    "layer2.0.conv2.L_size": 524288,
    "layer2.0.conv2.encoding_algorithm": 0,
    "layer2.0.conv2.learned_a_shape": [
        1,
        262052
    ],
    "layer2.0.conv2.learned_b_shape": [
        262052,
        128
    ],
    "layer2.0.conv2.learned_d": 262052,
    "layer2.0.conv2.learned_m": 128,
    "layer2.0.conv2.learned_n": 1,
    "layer2.0.conv2.mae": 0.2799040487766266,
    "layer2.0.conv2.mape": 0.1396660852432251,
    "layer2.0.conv2.mse": 0.18711141867637635,
    "layer2.0.conv2.rows": -1,
    "layer2.0.conv2.scaled_error": 0.0016413968101143836,
    "layer2.0.conv2.scaled_shift": 1.3912883552256971e-05,
    "layer2.0.conv2.stored_array_size": 32,
    "layer2.0.downsample.0.C": 64,
    "layer2.0.downsample.0.H_size": 11264,
    "layer2.0.downsample.0.K": 16,
    "layer2.0.downsample.0.L_size": 524288,
    "layer2.0.downsample.0.encoding_algorithm": 0,
    "layer2.0.downsample.0.learned_a_shape": [
        1,
        262052
    ],
    "layer2.0.downsample.0.learned_b_shape": [
        262052,
        128
    ],
    "layer2.0.downsample.0.learned_d": 262052,
    "layer2.0.downsample.0.learned_m": 128,
    "layer2.0.downsample.0.learned_n": 1,
    "layer2.0.downsample.0.mae": 0.03666153360009194,
    "layer2.0.downsample.0.mape": 0.02187635442018509,
    "layer2.0.downsample.0.mse": 0.003460881124436855,
    "layer2.0.downsample.0.rows": -1,
    "layer2.0.downsample.0.scaled_error": 0.0022795146837830543,
    "layer2.0.downsample.0.scaled_shift": -2.5365322944708167e-06,
    "layer2.0.downsample.0.stored_array_size": 32,
    "layer2.1.conv1.C": 64,
    "layer2.1.conv1.H_size": 11264,
    "layer2.1.conv1.K": 16,
    "layer2.1.conv1.L_size": 524288,
    "layer2.1.conv1.encoding_algorithm": 0,
    "layer2.1.conv1.learned_a_shape": [
        1,
        262052
    ],
    "layer2.1.conv1.learned_b_shape": [
        262052,
        128
    ],
    "layer2.1.conv1.learned_d": 262052,
    "layer2.1.conv1.learned_m": 128,
    "layer2.1.conv1.learned_n": 1,
    "layer2.1.conv1.mae": 0.3421933271408081,
    "layer2.1.conv1.mape": 0.15838714184761046,
    "layer2.1.conv1.mse": 0.23895017910003663,
    "layer2.1.conv1.rows": -1,
    "layer2.1.conv1.scaled_error": 0.003708077409863472,
    "layer2.1.conv1.scaled_shift": 0.00014605149263516068,
    "layer2.1.conv1.stored_array_size": 32,
    "layer2.1.conv2.C": 64,
    "layer2.1.conv2.H_size": 11264,
    "layer2.1.conv2.K": 16,
    "layer2.1.conv2.L_size": 524288,
    "layer2.1.conv2.encoding_algorithm": 0,
    "layer2.1.conv2.learned_a_shape": [
        1,
        262052
    ],
    "layer2.1.conv2.learned_b_shape": [
        262052,
        128
    ],
    "layer2.1.conv2.learned_d": 262052,
    "layer2.1.conv2.learned_m": 128,
    "layer2.1.conv2.learned_n": 1,
    "layer2.1.conv2.mae": 0.20028784165382385,
    "layer2.1.conv2.mape": 0.12074407041072846,
    "layer2.1.conv2.mse": 0.08333215204477311,
    "layer2.1.conv2.rows": -1,
    "layer2.1.conv2.scaled_error": 0.0012200998760759831,
    "layer2.1.conv2.scaled_shift": 1.645493386313319e-05,
    "layer2.1.conv2.stored_array_size": 32,
    "layer3.0.conv1.C": 64,
    "layer3.0.conv1.H_size": 11264,
    "layer3.0.conv1.K": 16,
    "layer3.0.conv1.L_size": 1048576,
    "layer3.0.conv1.encoding_algorithm": 0,
    "layer3.0.conv1.learned_a_shape": [
        1,
        262052
    ],
    "layer3.0.conv1.learned_b_shape": [
        262052,
        256
    ],
    "layer3.0.conv1.learned_d": 262052,
    "layer3.0.conv1.learned_m": 256,
    "layer3.0.conv1.learned_n": 1,
    "layer3.0.conv1.mae": 0.34298673334121704,