{
    "halut_layers": "{\"layer2.0.conv1\": [128, -1, 16], \"layer1.1.conv2\": [64, -1, 16], \"layer1.1.conv1\": [64, -1, 16], \"layer1.0.conv2\": [64, -1, 16], \"layer1.0.conv1\": [64, -1, 16]}",
    "layer1.0.conv1.C": 64,
    "layer1.0.conv1.H_size": 11264,
    "layer1.0.conv1.K": 16,
    "layer1.0.conv1.L_size": 262144,
    "layer1.0.conv1.learned_a_shape": [
        1,
        576
    ],
    "layer1.0.conv1.learned_b_shape": [
        576,
        64
    ],
    "layer1.0.conv1.learned_d": 576,
    "layer1.0.conv1.learned_m": 64,
    "layer1.0.conv1.learned_n": 1,
    "layer1.0.conv1.mae": 0.495128125,
    "layer1.0.conv1.mape": 0.182731640625,
    "layer1.0.conv1.mse": 0.52900390625,
    "layer1.0.conv1.rows": -1,
    "layer1.0.conv1.scaled_error": 0.0222187255859375,
    "layer1.0.conv1.scaled_shift": 0.0014079849243164063,
    "layer1.0.conv1.stored_array_size": 48,
    "layer1.0.conv2.C": 64,
    "layer1.0.conv2.H_size": 11264,
    "layer1.0.conv2.K": 16,
    "layer1.0.conv2.L_size": 262144,
    "layer1.0.conv2.learned_a_shape": [
        1,
        576
    ],
    "layer1.0.conv2.learned_b_shape": [
        576,
        64
    ],
    "layer1.0.conv2.learned_d": 576,
    "layer1.0.conv2.learned_m": 64,
    "layer1.0.conv2.learned_n": 1,
    "layer1.0.conv2.mae": 0.253887890625,
    "layer1.0.conv2.mape": 0.133165234375,
    "layer1.0.conv2.mse": 0.12815,
    "layer1.0.conv2.rows": -1,
    "layer1.0.conv2.scaled_error": 0.015545458984375,
    "layer1.0.conv2.scaled_shift": 0.0008152923583984375,
    "layer1.0.conv2.stored_array_size": 48,
    "layer1.1.conv1.C": 64,
    "layer1.1.conv1.H_size": 11264,
    "layer1.1.conv1.K": 16,
    "layer1.1.conv1.L_size": 262144,
    "layer1.1.conv1.learned_a_shape": [
        1,
        576
    ],
    "layer1.1.conv1.learned_b_shape": [
        576,
        64
    ],
    "layer1.1.conv1.learned_d": 576,
    "layer1.1.conv1.learned_m": 64,
    "layer1.1.conv1.learned_n": 1,
    "layer1.1.conv1.mae": 0.5242515625,
    "layer1.1.conv1.mape": 0.17786171875,
    "layer1.1.conv1.mse": 0.56693984375,
    "layer1.1.conv1.rows": -1,
    "layer1.1.conv1.scaled_error": 0.0196343505859375,
    "layer1.1.conv1.scaled_shift": 0.0027517181396484376,
    "layer1.1.conv1.stored_array_size": 48,
    "layer1.1.conv2.C": 64,
    "layer1.1.conv2.H_size": 11264,
    "layer1.1.conv2.K": 16,
    "layer1.1.conv2.L_size": 262144,
    "layer1.1.conv2.learned_a_shape": [
        1,
        576
    ],
    "layer1.1.conv2.learned_b_shape": [
        576,
        64
    ],
    "layer1.1.conv2.learned_d": 576,
    "layer1.1.conv2.learned_m": 64,
    "layer1.1.conv2.learned_n": 1,
    "layer1.1.conv2.mae": 0.1758603515625,
    "layer1.1.conv2.mape": 0.11156171875,
    "layer1.1.conv2.mse": 0.055416552734375,
    "layer1.1.conv2.rows": -1,
    "layer1.1.conv2.scaled_error": 0.027578173828125,
    "layer1.1.conv2.scaled_shift": 0.0011629066467285156,
    "layer1.1.conv2.stored_array_size": 48,
    "layer2.0.conv1.C": 128,
    "layer2.0.conv1.H_size": 22528,
    "layer2.0.conv1.K": 16,
    "layer2.0.conv1.L_size": 1048576,
    "layer2.0.conv1.learned_a_shape": [
        1,
        576
    ],
    "layer2.0.conv1.learned_b_shape": [
        576,
        128
    ],
    "layer2.0.conv1.learned_d": 576,
    "layer2.0.conv1.learned_m": 128,
    "layer2.0.conv1.learned_n": 1,
    "layer2.0.conv1.mae": 0.339435546875,
    "layer2.0.conv1.mape": 0.1283640625,
    "layer2.0.conv1.mse": 0.2134697265625,
    "layer2.0.conv1.rows": -1,
    "layer2.0.conv1.scaled_error": 0.019149267578125,
    "layer2.0.conv1.scaled_shift": 0.00413763427734375,
    "layer2.0.conv1.stored_array_size": 48,
    "top_1_accuracy": 89.8,
    "top_5_accuracy": 99.56
}