{
    "halut_layers": "{\"layer4.1.conv3\": 32}",
    "layer4.1.conv3.halut_learning_time": 20.3815339198336,
    "layer4.1.conv3.input_a_shape": [
        37632,
        512
    ],
    "layer4.1.conv3.input_b_shape": [
        512,
        2048
    ],
    "top_1_accuracy": 0.7780199646949768,
    "top_5_accuracy": 0.9427399635314941,
    "total_time": 219.50247683376074
}