{
    "halut_layers": "{\"layer2.3.conv3\": 32}",
    "layer2.3.conv3.halut_learning_time": 169.77980635175481,
    "layer2.3.conv3.input_a_shape": [
        602112,
        128
    ],
    "layer2.3.conv3.input_b_shape": [
        128,
        512
    ],
    "top_1_accuracy": 0.8035199642181396,
    "top_5_accuracy": 0.951479971408844,
    "total_time": 1836.895127733238
}