{
    "halut_layers": "{\"layer3.4.conv1\": 16}",
    "layer3.4.conv1.halut_learning_time": 301.6785287880339,
    "layer3.4.conv1.input_a_shape": [
        150528,
        1024
    ],
    "layer3.4.conv1.input_b_shape": [
        1024,
        256
    ],
    "top_1_accuracy": 0.7860400080680847,
    "top_5_accuracy": 0.94159996509552,
    "total_time": 276.53070133179426
}