{
    "halut_layers": "{\"layer4.1.conv1\": [16, 32, 16]}",
    "layer4.1.conv1.C": 16,
    "layer4.1.conv1.H_size": 2816,
    "layer4.1.conv1.K": 16,
    "layer4.1.conv1.L_size": 524288,
    "layer4.1.conv1.learned_a_shape": [
        1568,
        2048
    ],
    "layer4.1.conv1.learned_b_shape": [
        2048,
        16
    ],
    "layer4.1.conv1.mae": 1.3631194331359864,
    "layer4.1.conv1.mape": 0.48299671195983884,
    "layer4.1.conv1.mse": 3.4749327926635742,
    "layer4.1.conv1.rows": 32,
    "layer4.1.conv1.scaled_error": 0.01978799018621445,
    "layer4.1.conv1.scaled_shift": 0.0036342292826622726,
    "layer4.1.conv1.stored_array_size": 24,
    "top_1_accuracy": 0.6455999612808228,
    "top_5_accuracy": 0.8425999879837036,
    "total_time": 105.7765483520925
}