{
    "halut_layers": "{\"layer2.1.conv1\": [32, 2048, 16]}",
    "layer2.1.conv1.C": 32,
    "layer2.1.conv1.H_size": 5632,
    "layer2.1.conv1.K": 16,
    "layer2.1.conv1.L_size": 262144,
    "layer2.1.conv1.learned_a_shape": [
        1605632,
        512
    ],
    "layer2.1.conv1.learned_b_shape": [
        512,
        16
    ],
    "layer2.1.conv1.mae": 1.0050879232788086,
    "layer2.1.conv1.mape": 0.32173910060882566,
    "layer2.1.conv1.mse": 1.8159424459838867,
    "layer2.1.conv1.rows": 2048,
    "layer2.1.conv1.scaled_error": 0.01974150593996048,
    "layer2.1.conv1.scaled_shift": -5.083626518287929e-05,
    "layer2.1.conv1.stored_array_size": 24,
    "top_1_accuracy": 0.8039799928665161,
    "top_5_accuracy": 0.9523599743843079,
    "total_time": 146.15094797685742
}