{
    "halut_layers": "{\"layer3.5.conv2\": [32, 64, 16]}",
    "layer3.5.conv2.C": 32,
    "layer3.5.conv2.H_size": 5632,
    "layer3.5.conv2.K": 16,
    "layer3.5.conv2.L_size": 524288,
    "layer3.5.conv2.learned_a_shape": [
        12544,
        2304
    ],
    "layer3.5.conv2.learned_b_shape": [
        2304,
        256
    ],
    "layer3.5.conv2.learned_d": 2304,
    "layer3.5.conv2.learned_m": 256,
    "layer3.5.conv2.learned_n": 12544,
    "layer3.5.conv2.mae": 0.7942468598175049,
    "layer3.5.conv2.mape": 0.36433381973266604,
    "layer3.5.conv2.mse": 1.1284313606262206,
    "layer3.5.conv2.rows": 64,
    "layer3.5.conv2.scaled_error": 0.056167124247550965,
    "layer3.5.conv2.scaled_shift": 0.006353706255909056,
    "layer3.5.conv2.stored_array_size": 24,
    "top_1_accuracy": 0.7839399576187134,
    "top_5_accuracy": 0.9428799748420715,
    "total_time": 111.19629890844226
}