{
    "halut_layers": "{\"layer1.2.conv1\": [16, 128, 16]}",
    "layer1.2.conv1.C": 16,
    "layer1.2.conv1.H_size": 2816,
    "layer1.2.conv1.K": 16,
    "layer1.2.conv1.L_size": 65536,
    "layer1.2.conv1.learned_a_shape": [
        401408,
        256
    ],
    "layer1.2.conv1.learned_b_shape": [
        256,
        16
    ],
    "layer1.2.conv1.mae": 0.963644836654663,
    "layer1.2.conv1.mape": 0.36145085609436034,
    "layer1.2.conv1.mse": 1.6983271229553223,
    "layer1.2.conv1.rows": 128,
    "layer1.2.conv1.scaled_error": 0.046783512992858885,
    "layer1.2.conv1.scaled_shift": 0.0003968736066197744,
    "layer1.2.conv1.stored_array_size": 24,
    "top_1_accuracy": 0.7880399823188782,
    "top_5_accuracy": 0.9442600011825562,
    "total_time": 180.71621499583125
}