{
    "halut_layers": "{\"layer3.0.conv3\": [64, 64, 16]}",
    "layer3.0.conv3.C": 64,
    "layer3.0.conv3.H_size": 11264,
    "layer3.0.conv3.K": 16,
    "layer3.0.conv3.L_size": 4194304,
    "layer3.0.conv3.learned_a_shape": [
        12544,
        256
    ],
    "layer3.0.conv3.learned_b_shape": [
        256,
        16
    ],
    "layer3.0.conv3.mae": 0.3324681032752991,
    "layer3.0.conv3.mape": 0.17224991329193115,
    "layer3.0.conv3.mse": 0.20020852909088135,
    "layer3.0.conv3.rows": 64,
    "layer3.0.conv3.scaled_error": 0.023856240701675416,
    "layer3.0.conv3.scaled_shift": 0.00044158927952965316,
    "layer3.0.conv3.stored_array_size": 24,
    "top_1_accuracy": 0.7973600029945374,
    "top_5_accuracy": 0.9484599828720093,
    "total_time": 176.38835440017283
}