{
    "halut_layers": "{\"layer3.4.conv1\": [16, 32, 16]}",
    "layer3.4.conv1.C": 16,
    "layer3.4.conv1.H_size": 2816,
    "layer3.4.conv1.K": 16,
    "layer3.4.conv1.L_size": 262144,
    "layer3.4.conv1.learned_a_shape": [
        6272,
        1024
    ],
    "layer3.4.conv1.learned_b_shape": [
        1024,
        16
    ],
    "layer3.4.conv1.mae": 1.1349569846343994,
    "layer3.4.conv1.mape": 0.4447916457748413,
    "layer3.4.conv1.mse": 2.198735457458496,
    "layer3.4.conv1.rows": 32,
    "layer3.4.conv1.scaled_error": 0.019597438135147093,
    "layer3.4.conv1.scaled_shift": 0.0007834038277401124,
    "layer3.4.conv1.stored_array_size": 24,
    "top_1_accuracy": 0.7850799560546875,
    "top_5_accuracy": 0.9417999982833862,
    "total_time": 116.15328053198755
}