{
    "halut_layers": "{\"layer3.1.conv3\": [64, 128, 16]}",
    "layer3.1.conv3.C": 64,
    "layer3.1.conv3.H_size": 11264,
    "layer3.1.conv3.K": 16,
    "layer3.1.conv3.L_size": 4194304,
    "layer3.1.conv3.learned_a_shape": [
        25088,
        256
    ],
    "layer3.1.conv3.learned_b_shape": [
        256,
        16
    ],
    "layer3.1.conv3.mae": 0.1689813084793091,
    "layer3.1.conv3.mape": 0.11529499770164489,
    "layer3.1.conv3.mse": 0.05442413417816162,
    "layer3.1.conv3.rows": 128,
    "layer3.1.conv3.scaled_error": 0.009814770509004592,
    "layer3.1.conv3.scaled_shift": 0.0007734795183781534,
    "layer3.1.conv3.stored_array_size": 24,
    "top_1_accuracy": 0.8047800064086914,
    "top_5_accuracy": 0.9528799653053284,
    "total_time": 173.53669796139002
}