{
    "halut_layers": "{\"layer2.1.conv2\": [16, 32, 16]}",
    "layer2.1.conv2.C": 16,
    "layer2.1.conv2.H_size": 2816,
    "layer2.1.conv2.K": 16,
    "layer2.1.conv2.L_size": 131072,
    "layer2.1.conv2.learned_a_shape": [
        25088,
        1152
    ],
    "layer2.1.conv2.learned_b_shape": [
        1152,
        128
    ],
    "layer2.1.conv2.learned_d": 1152,
    "layer2.1.conv2.learned_m": 128,
    "layer2.1.conv2.learned_n": 25088,
    "layer2.1.conv2.mae": 1.2489355046844481,
    "layer2.1.conv2.mape": 0.41929328022003176,
    "layer2.1.conv2.mse": 2.8902778921508787,
    "layer2.1.conv2.rows": 32,
    "layer2.1.conv2.scaled_error": 0.03426756217479706,
    "layer2.1.conv2.scaled_shift": -0.0017146324911247938,
    "layer2.1.conv2.stored_array_size": 24,
    "top_1_accuracy": 0.7859999537467957,
    "top_5_accuracy": 0.9443999528884888,
    "total_time": 140.93826323375106
}