{
    "halut_layers": "{\"layer3.2.conv3\": [16, 4096, 16]}",
    "layer3.2.conv3.C": 16,
    "layer3.2.conv3.H_size": 2816,
    "layer3.2.conv3.K": 16,
    "layer3.2.conv3.L_size": 1048576,
    "layer3.2.conv3.learned_a_shape": [
        802816,
        256
    ],
    "layer3.2.conv3.learned_b_shape": [
        256,
        16
    ],
    "layer3.2.conv3.mae": 0.20111427974700927,
    "layer3.2.conv3.mape": 0.14061688503265382,
    "layer3.2.conv3.mse": 0.07727014866828918,
    "layer3.2.conv3.rows": 4096,
    "layer3.2.conv3.scaled_error": 0.01868799283862114,
    "layer3.2.conv3.scaled_shift": 0.0006209202935546636,
    "layer3.2.conv3.stored_array_size": 24,
    "top_1_accuracy": 0.795520007610321,
    "top_5_accuracy": 0.9491199851036072,
    "total_time": 146.71982959471643
}