{
    "halut_layers": "{\"layer2.3.conv1\": [16, 4, 16]}",
    "layer2.3.conv1.C": 16,
    "layer2.3.conv1.H_size": 2816,
    "layer2.3.conv1.K": 16,
    "layer2.3.conv1.L_size": 131072,
    "layer2.3.conv1.learned_a_shape": [
        3136,
        512
    ],
    "layer2.3.conv1.learned_b_shape": [
        512,
        16
    ],
    "layer2.3.conv1.mae": 1.3289737561798096,
    "layer2.3.conv1.mape": 0.4910229172515869,
    "layer2.3.conv1.mse": 3.0147298263549804,
    "layer2.3.conv1.rows": 4,
    "layer2.3.conv1.scaled_error": 0.02066899331331253,
    "layer2.3.conv1.scaled_shift": -0.0001623037643166026,
    "layer2.3.conv1.stored_array_size": 24,
    "top_1_accuracy": 0.7942000031471252,
    "top_5_accuracy": 0.946940004825592,
    "total_time": 140.45688826218247
}