{
    "halut_layers": "{\"layer3.2.conv1\": [32, 128, 16]}",
    "layer3.2.conv1.C": 32,
    "layer3.2.conv1.H_size": 5632,
    "layer3.2.conv1.K": 16,
    "layer3.2.conv1.L_size": 524288,
    "layer3.2.conv1.learned_a_shape": [
        25088,
        1024
    ],
    "layer3.2.conv1.learned_b_shape": [
        1024,
        16
    ],
    "layer3.2.conv1.mae": 1.011176096725464,
    "layer3.2.conv1.mape": 0.38990700454711913,
    "layer3.2.conv1.mse": 1.7639572836303712,
    "layer3.2.conv1.rows": 128,
    "layer3.2.conv1.scaled_error": 0.043295808634757994,
    "layer3.2.conv1.scaled_shift": 0.0017153181221609703,
    "layer3.2.conv1.stored_array_size": 24,
    "top_1_accuracy": 0.8002600073814392,
    "top_5_accuracy": 0.9498800039291382,
    "total_time": 122.01290333643556
}