{
    "halut_layers": "{\"layer2.2.conv2\": [32, 4, 16]}",
    "layer2.2.conv2.C": 32,
    "layer2.2.conv2.H_size": 5632,
    "layer2.2.conv2.K": 16,
    "layer2.2.conv2.L_size": 262144,
    "layer2.2.conv2.learned_a_shape": [
        3136,
        1152
    ],
    "layer2.2.conv2.learned_b_shape": [
        1152,
        128
    ],
    "layer2.2.conv2.learned_d": 1152,
    "layer2.2.conv2.learned_m": 128,
    "layer2.2.conv2.learned_n": 3136,
    "layer2.2.conv2.mae": 1.1834733041381835,
    "layer2.2.conv2.mape": 0.46320221435546877,
    "layer2.2.conv2.mse": 2.428642828369141,
    "layer2.2.conv2.rows": 4,
    "layer2.2.conv2.scaled_error": 0.03839598411083221,
    "layer2.2.conv2.scaled_shift": -0.0010671925909596029,
    "layer2.2.conv2.stored_array_size": 24,
    "top_1_accuracy": 0.7939599752426147,
    "top_5_accuracy": 0.9476999640464783,
    "total_time": 137.25035227276385
}