{
    "halut_layers": "{\"layer4.1.conv3\": [64, 512, 16]}",
    "layer4.1.conv3.C": 64,
    "layer4.1.conv3.H_size": 11264,
    "layer4.1.conv3.K": 16,
    "layer4.1.conv3.L_size": 8388608,
    "layer4.1.conv3.learned_a_shape": [
        25088,
        512
    ],
    "layer4.1.conv3.learned_b_shape": [
        512,
        16
    ],
    "layer4.1.conv3.mae": 0.25158717273712156,
    "layer4.1.conv3.mape": 0.160931721534729,
    "layer4.1.conv3.mse": 0.11686474281311035,
    "layer4.1.conv3.rows": 512,
    "layer4.1.conv3.scaled_error": 0.013348694820404053,
    "layer4.1.conv3.scaled_shift": 0.00277352120667696,
    "layer4.1.conv3.stored_array_size": 24,
    "top_1_accuracy": 0.7871599793434143,
    "top_5_accuracy": 0.9462999701499939,
    "total_time": 125.36938756518066
}