{
    "halut_layers": "{\"layer4.0.conv2\": [16, 512, 16]}",
    "layer4.0.conv2.C": 16,
    "layer4.0.conv2.H_size": 2816,
    "layer4.0.conv2.K": 16,
    "layer4.0.conv2.L_size": 524288,
    "layer4.0.conv2.learned_a_shape": [
        25088,
        4608
    ],
    "layer4.0.conv2.learned_b_shape": [
        4608,
        512
    ],
    "layer4.0.conv2.learned_d": 4608,
    "layer4.0.conv2.learned_m": 512,
    "layer4.0.conv2.learned_n": 25088,
    "layer4.0.conv2.mae": 1.1072621705627441,
    "layer4.0.conv2.mape": 0.4581096785736084,
    "layer4.0.conv2.mse": 2.2329324157714843,
    "layer4.0.conv2.rows": 512,
    "layer4.0.conv2.scaled_error": 0.07082007109642029,
    "layer4.0.conv2.scaled_shift": 0.006504785070382059,
    "layer4.0.conv2.stored_array_size": 24,
    "top_1_accuracy": 0.5982800126075745,
    "top_5_accuracy": 0.8436799645423889,
    "total_time": 104.67425880767405
}