{
    "halut_layers": "{\"layer4.0.conv1\": [64, 1, 16]}",
    "layer4.0.conv1.C": 64,
    "layer4.0.conv1.H_size": 11264,
    "layer4.0.conv1.K": 16,
    "layer4.0.conv1.L_size": 2097152,
    "layer4.0.conv1.learned_a_shape": [
        196,
        1024
    ],
    "layer4.0.conv1.learned_b_shape": [
        1024,
        16
    ],
    "layer4.0.conv1.mae": 1.3136009020996093,
    "layer4.0.conv1.mape": 0.46788658256530763,
    "layer4.0.conv1.mse": 2.872470111694336,
    "layer4.0.conv1.rows": 1,
    "layer4.0.conv1.scaled_error": 0.06178890982627869,
    "layer4.0.conv1.scaled_shift": 0.016400607993602753,
    "layer4.0.conv1.stored_array_size": 24,
    "top_1_accuracy": 0.5910399556159973,
    "top_5_accuracy": 0.8349399566650391,
    "total_time": 130.6878003012389
}