{
    "halut_layers": "{\"layer1.1.conv2\": [64, 16, 16]}",
    "layer1.1.conv2.C": 64,
    "layer1.1.conv2.H_size": 11264,
    "layer1.1.conv2.K": 16,
    "layer1.1.conv2.L_size": 262144,
    "layer1.1.conv2.learned_a_shape": [
        50176,
        576
    ],
    "layer1.1.conv2.learned_b_shape": [
        576,
        64
    ],
    "layer1.1.conv2.learned_d": 576,
    "layer1.1.conv2.learned_m": 64,
    "layer1.1.conv2.learned_n": 50176,
    "layer1.1.conv2.mae": 1.042798759918213,
    "layer1.1.conv2.mape": 0.3766208415222168,
    "layer1.1.conv2.mse": 1.9278009126281739,
    "layer1.1.conv2.rows": 16,
    "layer1.1.conv2.scaled_error": 0.03498060896396637,
    "layer1.1.conv2.scaled_shift": 0.00012132616658524057,
    "layer1.1.conv2.stored_array_size": 24,
    "top_1_accuracy": 0.7966399788856506,
    "top_5_accuracy": 0.948479950428009,
    "total_time": 191.6294835601002
}