{
    "halut_layers": "{\"layer4.0.conv1\": [128, 8, 16]}",
    "layer4.0.conv1.C": 128,
    "layer4.0.conv1.H_size": 22528,
    "layer4.0.conv1.K": 16,
    "layer4.0.conv1.L_size": 4194304,
    "layer4.0.conv1.learned_a_shape": [
        1568,
        1024
    ],
    "layer4.0.conv1.learned_b_shape": [
        1024,
        512
    ],
    "layer4.0.conv1.mae": 1.127969300994873,
    "layer4.0.conv1.mape": 0.4342456705093384,
    "layer4.0.conv1.mse": 2.1188050257873536,
    "layer4.0.conv1.rows": 8,
    "layer4.0.conv1.scaled_error": 0.05306051996707916,
    "layer4.0.conv1.scaled_shift": 0.006552210268676281,
    "layer4.0.conv1.stored_array_size": 24,
    "top_1_accuracy": 0.7143200039863586,
    "top_5_accuracy": 0.9105599522590637,
    "total_time": 147.19051444157958
}