{
    "halut_layers": "{\"layer4.0.conv3\": [16, 2, 16]}",
    "layer4.0.conv3.C": 16,
    "layer4.0.conv3.H_size": 2816,
    "layer4.0.conv3.K": 16,
    "layer4.0.conv3.L_size": 2097152,
    "layer4.0.conv3.learned_a_shape": [
        98,
        512
    ],
    "layer4.0.conv3.learned_b_shape": [
        512,
        16
    ],
    "layer4.0.conv3.mae": 0.6703258226013183,
    "layer4.0.conv3.mape": 0.3762816363525391,
    "layer4.0.conv3.mse": 0.7714534883117676,
    "layer4.0.conv3.rows": 2,
    "layer4.0.conv3.scaled_error": 0.059659320068359376,
    "layer4.0.conv3.scaled_shift": 0.013837591503858566,
    "layer4.0.conv3.stored_array_size": 24,
    "top_1_accuracy": 0.4331599771976471,
    "top_5_accuracy": 0.7124599814414978,
    "total_time": 125.26271178014576
}