{
    "halut_layers": "{\"layer1.2.conv3\": [16, 64, 16]}",
    "layer1.2.conv3.C": 16,
    "layer1.2.conv3.H_size": 2816,
    "layer1.2.conv3.K": 16,
    "layer1.2.conv3.L_size": 262144,
    "layer1.2.conv3.learned_a_shape": [
        200704,
        64
    ],
    "layer1.2.conv3.learned_b_shape": [
        64,
        16
    ],
    "layer1.2.conv3.mae": 0.23204481395721435,
    "layer1.2.conv3.mape": 0.11915339218139648,
    "layer1.2.conv3.mse": 0.11482361178398132,
    "layer1.2.conv3.rows": 64,
    "layer1.2.conv3.scaled_error": 0.010612016844749451,
    "layer1.2.conv3.scaled_shift": 7.796932000161178e-05,
    "layer1.2.conv3.stored_array_size": 24,
    "top_1_accuracy": 0.8016200065612793,
    "top_5_accuracy": 0.9507399797439575,
    "total_time": 333.867489291355
}