{
    "halut_layers": "{\"layer1.2.conv1\": [64, 2048, 16]}",
    "layer1.2.conv1.C": 64,
    "layer1.2.conv1.H_size": 11264,
    "layer1.2.conv1.K": 16,
    "layer1.2.conv1.L_size": 262144,
    "layer1.2.conv1.learned_a_shape": [
        6422528,
        256
    ],
    "layer1.2.conv1.learned_b_shape": [
        256,
        16
    ],
    "layer1.2.conv1.mae": 0.5559159509277344,
    "layer1.2.conv1.mape": 0.21571209503173827,
    "layer1.2.conv1.mse": 0.5599852171707154,
    "layer1.2.conv1.rows": 2048,
    "layer1.2.conv1.scaled_error": 0.026988596749305725,
    "layer1.2.conv1.scaled_shift": -0.00018915696457588637,
    "layer1.2.conv1.stored_array_size": 24,
    "top_1_accuracy": 0.8058799505233765,
    "top_5_accuracy": 0.9530199766159058,
    "total_time": 192.75616033747792
}