{
    "halut_layers": "{\"layer4.2.conv1\": [16, 2, 16]}",
    "layer4.2.conv1.C": 16,
    "layer4.2.conv1.H_size": 2816,
    "layer4.2.conv1.K": 16,
    "layer4.2.conv1.L_size": 524288,
    "layer4.2.conv1.learned_a_shape": [
        98,
        2048
    ],
    "layer4.2.conv1.learned_b_shape": [
        2048,
        16
    ],
    "layer4.2.conv1.mae": 1.270967982788086,
    "layer4.2.conv1.mape": 0.4580993603515625,
    "layer4.2.conv1.mse": 4.40572721496582,
    "layer4.2.conv1.rows": 2,
    "layer4.2.conv1.scaled_error": 0.013214604462385178,
    "layer4.2.conv1.scaled_shift": 0.005298390045762062,
    "layer4.2.conv1.stored_array_size": 24,
    "top_1_accuracy": 0.7799800038337708,
    "top_5_accuracy": 0.9392199516296387,
    "total_time": 102.66629420779645
}