{
    "halut_layers": "{\"layer2.3.conv1\": [64, 512, 16]}",
    "layer2.3.conv1.C": 64,
    "layer2.3.conv1.H_size": 11264,
    "layer2.3.conv1.K": 16,
    "layer2.3.conv1.L_size": 524288,
    "layer2.3.conv1.learned_a_shape": [
        401408,
        512
    ],
    "layer2.3.conv1.learned_b_shape": [
        512,
        16
    ],
    "layer2.3.conv1.mae": 0.8160217088317872,
    "layer2.3.conv1.mape": 0.31113229614257815,
    "layer2.3.conv1.mse": 1.1618004194641114,
    "layer2.3.conv1.rows": 512,
    "layer2.3.conv1.scaled_error": 0.01268671530842781,
    "layer2.3.conv1.scaled_shift": -4.4101098547762375e-05,
    "layer2.3.conv1.stored_array_size": 24,
    "top_1_accuracy": 0.8034200072288513,
    "top_5_accuracy": 0.9517599940299988,
    "total_time": 149.51382689923048
}