{
    "halut_layers": "{\"layer2.2.conv1\": [64, 1, 16]}",
    "layer2.2.conv1.C": 64,
    "layer2.2.conv1.H_size": 11264,
    "layer2.2.conv1.K": 16,
    "layer2.2.conv1.L_size": 524288,
    "layer2.2.conv1.learned_a_shape": [
        784,
        512
    ],
    "layer2.2.conv1.learned_b_shape": [
        512,
        16
    ],
    "layer2.2.conv1.mae": 1.3195885678100585,
    "layer2.2.conv1.mape": 0.5140477572250366,
    "layer2.2.conv1.mse": 2.903335160522461,
    "layer2.2.conv1.rows": 1,
    "layer2.2.conv1.scaled_error": 0.02315256678700447,
    "layer2.2.conv1.scaled_shift": 0.001024465576724615,
    "layer2.2.conv1.stored_array_size": 24,
    "top_1_accuracy": 0.8008599877357483,
    "top_5_accuracy": 0.9508599638938904,
    "total_time": 144.26047958619893
}