{
    "halut_layers": "{\"layer3.1.conv1\": [32, 1024, 16]}",
    "layer3.1.conv1.C": 32,
    "layer3.1.conv1.H_size": 5632,
    "layer3.1.conv1.K": 16,
    "layer3.1.conv1.L_size": 524288,
    "layer3.1.conv1.learned_a_shape": [
        200704,
        1024
    ],
    "layer3.1.conv1.learned_b_shape": [
        1024,
        16
    ],
    "layer3.1.conv1.mae": 1.053607896118164,
    "layer3.1.conv1.mape": 0.38757525291442874,
    "layer3.1.conv1.mse": 1.969567144165039,
    "layer3.1.conv1.rows": 1024,
    "layer3.1.conv1.scaled_error": 0.01434149628996849,
    "layer3.1.conv1.scaled_shift": 0.00030606875641096847,
    "layer3.1.conv1.stored_array_size": 24,
    "top_1_accuracy": 0.7990599870681763,
    "top_5_accuracy": 0.9499599933624268,
    "total_time": 122.43340095318854
}