{
    "halut_layers": "{\"layer4.0.downsample.0\": [64, 1024, 16]}",
    "layer4.0.downsample.0.C": 64,
    "layer4.0.downsample.0.H_size": 11264,
    "layer4.0.downsample.0.K": 16,
    "layer4.0.downsample.0.L_size": 8388608,
    "layer4.0.downsample.0.learned_a_shape": [
        50176,
        1024
    ],
    "layer4.0.downsample.0.learned_b_shape": [
        1024,
        2048
    ],
    "layer4.0.downsample.0.learned_d": 1024,
    "layer4.0.downsample.0.learned_m": 2048,
    "layer4.0.downsample.0.learned_n": 50176,
    "layer4.0.downsample.0.mae": 0.4876017770767212,
    "layer4.0.downsample.0.mape": 0.2684467590522766,
    "layer4.0.downsample.0.mse": 0.4109445576477051,
    "layer4.0.downsample.0.rows": 1024,
    "layer4.0.downsample.0.scaled_error": 0.016201395965814592,
    "layer4.0.downsample.0.scaled_shift": 0.0014093884941097348,
    "layer4.0.downsample.0.stored_array_size": 24,
    "top_1_accuracy": 0.7808600068092346,
    "top_5_accuracy": 0.9388599991798401,
    "total_time": 118.75599206797779
}