{
    "halut_layers": "{\"layer2.1.conv3\": [16, 8, 16]}",
    "layer2.1.conv3.C": 16,
    "layer2.1.conv3.H_size": 2816,
    "layer2.1.conv3.K": 16,
    "layer2.1.conv3.L_size": 524288,
    "layer2.1.conv3.learned_a_shape": [
        6272,
        128
    ],
    "layer2.1.conv3.learned_b_shape": [
        128,
        16
    ],
    "layer2.1.conv3.mae": 0.31560899074554444,
    "layer2.1.conv3.mape": 0.19172696804046632,
    "layer2.1.conv3.mse": 0.19707649797439575,
    "layer2.1.conv3.rows": 8,
    "layer2.1.conv3.scaled_error": 0.01471842960357666,
    "layer2.1.conv3.scaled_shift": 0.0005478446478571277,
    "layer2.1.conv3.stored_array_size": 24,
    "top_1_accuracy": 0.8014000058174133,
    "top_5_accuracy": 0.950939953327179,
    "total_time": 220.19238437525928
}