{
    "halut_layers": "{\"layer1.1.conv3\": [32, 1, 16]}",
    "layer1.1.conv3.C": 32,
    "layer1.1.conv3.H_size": 5632,
    "layer1.1.conv3.K": 16,
    "layer1.1.conv3.L_size": 524288,
    "layer1.1.conv3.learned_a_shape": [
        3136,
        64
    ],
    "layer1.1.conv3.learned_b_shape": [
        64,
        16
    ],
    "layer1.1.conv3.mae": 0.22991293048858644,
    "layer1.1.conv3.mape": 0.10288377674102783,
    "layer1.1.conv3.mse": 0.12570510338783264,
    "layer1.1.conv3.rows": 1,
    "layer1.1.conv3.scaled_error": 0.01352786191701889,
    "layer1.1.conv3.scaled_shift": 0.00032561171976871263,
    "layer1.1.conv3.stored_array_size": 24,
    "top_1_accuracy": 0.8061999678611755,
    "top_5_accuracy": 0.9527799487113953,
    "total_time": 345.467356050387
}