{
    "halut_layers": "{\"layer3.2.conv1\": [16, 2048, 16]}",
    "layer3.2.conv1.C": 16,
    "layer3.2.conv1.H_size": 2816,
    "layer3.2.conv1.K": 16,
    "layer3.2.conv1.L_size": 262144,
    "layer3.2.conv1.learned_a_shape": [
        401408,
        1024
    ],
    "layer3.2.conv1.learned_b_shape": [
        1024,
        16
    ],
    "layer3.2.conv1.mae": 1.11182780960083,
    "layer3.2.conv1.mape": 0.4216136639404297,
    "layer3.2.conv1.mse": 2.1439329052734375,
    "layer3.2.conv1.rows": 2048,
    "layer3.2.conv1.scaled_error": 0.04757051389217377,
    "layer3.2.conv1.scaled_shift": 0.002115394134729868,
    "layer3.2.conv1.stored_array_size": 24,
    "top_1_accuracy": 0.7959199547767639,
    "top_5_accuracy": 0.9481199979782104,
    "total_time": 120.17399362102151
}