{
    "halut_layers": "{\"layer4.0.conv2\": [32, 4, 16]}",
    "layer4.0.conv2.C": 32,
    "layer4.0.conv2.H_size": 5632,
    "layer4.0.conv2.K": 16,
    "layer4.0.conv2.L_size": 1048576,
    "layer4.0.conv2.learned_a_shape": [
        196,
        4608
    ],
    "layer4.0.conv2.learned_b_shape": [
        4608,
        512
    ],
    "layer4.0.conv2.learned_d": 4608,
    "layer4.0.conv2.learned_m": 512,
    "layer4.0.conv2.learned_n": 196,
    "layer4.0.conv2.mae": 1.2761950080871582,
    "layer4.0.conv2.mape": 0.5198961449432373,
    "layer4.0.conv2.mse": 2.9211538540649413,
    "layer4.0.conv2.rows": 4,
    "layer4.0.conv2.scaled_error": 0.08163669120788575,
    "layer4.0.conv2.scaled_shift": 0.020299033456742763,
    "layer4.0.conv2.stored_array_size": 24,
    "top_1_accuracy": 0.5333799719810486,
    "top_5_accuracy": 0.7935599684715271,
    "total_time": 103.13856297172606
}