{
    "halut_layers": "{\"layer4.0.downsample.0\": [16, 128, 16]}",
    "layer4.0.downsample.0.C": 16,
    "layer4.0.downsample.0.H_size": 2816,
    "layer4.0.downsample.0.K": 16,
    "layer4.0.downsample.0.L_size": 2097152,
    "layer4.0.downsample.0.learned_a_shape": [
        6272,
        1024
    ],
    "layer4.0.downsample.0.learned_b_shape": [
        1024,
        2048
    ],
    "layer4.0.downsample.0.learned_d": 1024,
    "layer4.0.downsample.0.learned_m": 2048,
    "layer4.0.downsample.0.learned_n": 6272,
    "layer4.0.downsample.0.mae": 0.5829042900085449,
    "layer4.0.downsample.0.mape": 0.31570841384887693,
    "layer4.0.downsample.0.mse": 0.5810354228210449,
    "layer4.0.downsample.0.rows": 128,
    "layer4.0.downsample.0.scaled_error": 0.019362067608833314,
    "layer4.0.downsample.0.scaled_shift": 0.00127950315535767,
    "layer4.0.downsample.0.stored_array_size": 24,
    "top_1_accuracy": 0.7511399984359741,
    "top_5_accuracy": 0.9228599667549133,
    "total_time": 114.99358846992254
}