{
    "halut_layers": "{\"layer2.1.conv3\": [64, 256, 16]}",
    "layer2.1.conv3.C": 64,
    "layer2.1.conv3.H_size": 11264,
    "layer2.1.conv3.K": 16,
    "layer2.1.conv3.L_size": 2097152,
    "layer2.1.conv3.learned_a_shape": [
        200704,
        128
    ],
    "layer2.1.conv3.learned_b_shape": [
        128,
        16
    ],
    "layer2.1.conv3.mae": 0.13018984850883483,
    "layer2.1.conv3.mape": 0.0803319543504715,
    "layer2.1.conv3.mse": 0.038815203671455384,
    "layer2.1.conv3.rows": 256,
    "layer2.1.conv3.scaled_error": 0.006066288960278035,
    "layer2.1.conv3.scaled_shift": 0.00022334711090894415,
    "layer2.1.conv3.stored_array_size": 24,
    "top_1_accuracy": 0.8081799745559692,
    "top_5_accuracy": 0.9539399743080139,
    "total_time": 246.57407660596073
}