{
    "halut_layers": "{\"layer4.2.conv1\": [16, 256, 16]}",
    "layer4.2.conv1.C": 16,
    "layer4.2.conv1.H_size": 2816,
    "layer4.2.conv1.K": 16,
    "layer4.2.conv1.L_size": 524288,
    "layer4.2.conv1.learned_a_shape": [
        12544,
        2048
    ],
    "layer4.2.conv1.learned_b_shape": [
        2048,
        16
    ],
    "layer4.2.conv1.mae": 0.9414643031311035,
    "layer4.2.conv1.mape": 0.3519046188735962,
    "layer4.2.conv1.mse": 2.7019523129272462,
    "layer4.2.conv1.rows": 256,
    "layer4.2.conv1.scaled_error": 0.009795681585073471,
    "layer4.2.conv1.scaled_shift": 0.0027920102560520174,
    "layer4.2.conv1.stored_array_size": 24,
    "top_1_accuracy": 0.7792800068855286,
    "top_5_accuracy": 0.9369999766349792,
    "total_time": 102.79869784042239
}