{
    "halut_layers": "{\"layer2.0.conv2\": [16, 512, 16]}",
    "layer2.0.conv2.C": 16,
    "layer2.0.conv2.H_size": 2816,
    "layer2.0.conv2.K": 16,
    "layer2.0.conv2.L_size": 131072,
    "layer2.0.conv2.learned_a_shape": [
        401408,
        1152
    ],
    "layer2.0.conv2.learned_b_shape": [
        1152,
        128
    ],
    "layer2.0.conv2.learned_d": 1152,
    "layer2.0.conv2.learned_m": 128,
    "layer2.0.conv2.learned_n": 401408,
    "layer2.0.conv2.mae": 2.003068323364258,
    "layer2.0.conv2.mape": 0.5800116188049317,
    "layer2.0.conv2.mse": 7.429077354125977,
    "layer2.0.conv2.rows": 512,
    "layer2.0.conv2.scaled_error": 0.045456366121768954,
    "layer2.0.conv2.scaled_shift": -3.484855721064378e-05,
    "layer2.0.conv2.stored_array_size": 24,
    "top_1_accuracy": 0.6260799765586853,
    "top_5_accuracy": 0.8395599722862244,
    "total_time": 138.61863168515265
}