{
    "halut_layers": "{\"layer4.1.conv3\": [16, 32, 16]}",
    "layer4.1.conv3.C": 16,
    "layer4.1.conv3.H_size": 2816,
    "layer4.1.conv3.K": 16,
    "layer4.1.conv3.L_size": 2097152,
    "layer4.1.conv3.learned_a_shape": [
        1568,
        512
    ],
    "layer4.1.conv3.learned_b_shape": [
        512,
        16
    ],
    "layer4.1.conv3.mae": 0.31994283668518064,
    "layer4.1.conv3.mape": 0.20318944452285767,
    "layer4.1.conv3.mse": 0.18454488899230956,
    "layer4.1.conv3.rows": 32,
    "layer4.1.conv3.scaled_error": 0.016971475155353546,
    "layer4.1.conv3.scaled_shift": 0.003689886516034603,
    "layer4.1.conv3.stored_array_size": 24,
    "top_1_accuracy": 0.7716400027275085,
    "top_5_accuracy": 0.9390599727630615,
    "total_time": 123.10660636983812
}