{
    "halut_layers": "{\"layer1.1.conv3\": [32, 4, 16]}",
    "layer1.1.conv3.C": 32,
    "layer1.1.conv3.H_size": 5632,
    "layer1.1.conv3.K": 16,
    "layer1.1.conv3.L_size": 524288,
    "layer1.1.conv3.learned_a_shape": [
        12544,
        64
    ],
    "layer1.1.conv3.learned_b_shape": [
        64,
        16
    ],
    "layer1.1.conv3.mae": 0.21569975088119506,
    "layer1.1.conv3.mape": 0.0979437716770172,
    "layer1.1.conv3.mse": 0.11407052025794982,
    "layer1.1.conv3.rows": 4,
    "layer1.1.conv3.scaled_error": 0.012701366025209427,
    "layer1.1.conv3.scaled_shift": -0.00026046077896724456,
    "layer1.1.conv3.stored_array_size": 24,
    "top_1_accuracy": 0.8064199686050415,
    "top_5_accuracy": 0.9542799592018127,
    "total_time": 346.3999064974487
}