{
    "halut_layers": "{\"layer2.1.conv2\": [64, 1, 16]}",
    "layer2.1.conv2.C": 64,
    "layer2.1.conv2.H_size": 11264,
    "layer2.1.conv2.K": 16,
    "layer2.1.conv2.L_size": 524288,
    "layer2.1.conv2.learned_a_shape": [
        784,
        1152
    ],
    "layer2.1.conv2.learned_b_shape": [
        1152,
        128
    ],
    "layer2.1.conv2.learned_d": 1152,
    "layer2.1.conv2.learned_m": 128,
    "layer2.1.conv2.learned_n": 784,
    "layer2.1.conv2.mae": 1.508828716430664,
    "layer2.1.conv2.mape": 0.5274272573471069,
    "layer2.1.conv2.mse": 3.990518980102539,
    "layer2.1.conv2.rows": 1,
    "layer2.1.conv2.scaled_error": 0.04141306696891785,
    "layer2.1.conv2.scaled_shift": -0.001155721353670233,
    "layer2.1.conv2.stored_array_size": 24,
    "top_1_accuracy": 0.7878400087356567,
    "top_5_accuracy": 0.9441199898719788,
    "total_time": 148.01330188848078
}