{
    "halut_layers": "{\"layer4.0.downsample.0\": [64, 128, 16]}",
    "layer4.0.downsample.0.C": 64,
    "layer4.0.downsample.0.H_size": 11264,
    "layer4.0.downsample.0.K": 16,
    "layer4.0.downsample.0.L_size": 8388608,
    "layer4.0.downsample.0.learned_a_shape": [
        6272,
        1024
    ],
    "layer4.0.downsample.0.learned_b_shape": [
        1024,
        2048
    ],
    "layer4.0.downsample.0.learned_d": 1024,
    "layer4.0.downsample.0.learned_m": 2048,
    "layer4.0.downsample.0.learned_n": 6272,
    "layer4.0.downsample.0.mae": 0.5141022198486328,
    "layer4.0.downsample.0.mape": 0.2847785030555725,
    "layer4.0.downsample.0.mse": 0.4514243168640137,
    "layer4.0.downsample.0.rows": 128,
    "layer4.0.downsample.0.scaled_error": 0.017078062759637833,
    "layer4.0.downsample.0.scaled_shift": 0.0015666294855624437,
    "layer4.0.downsample.0.stored_array_size": 24,
    "top_1_accuracy": 0.7801600098609924,
    "top_5_accuracy": 0.9397799968719482,
    "total_time": 119.57322313822806
}