{
    "halut_layers": "{\"layer2.2.conv3\": [16, 512, 16]}",
    "layer2.2.conv3.C": 16,
    "layer2.2.conv3.H_size": 2816,
    "layer2.2.conv3.K": 16,
    "layer2.2.conv3.L_size": 524288,
    "layer2.2.conv3.learned_a_shape": [
        401408,
        128
    ],
    "layer2.2.conv3.learned_b_shape": [
        128,
        16
    ],
    "layer2.2.conv3.mae": 0.2751634298706055,
    "layer2.2.conv3.mape": 0.1638180589199066,
    "layer2.2.conv3.mse": 0.1511963655281067,
    "layer2.2.conv3.rows": 512,
    "layer2.2.conv3.scaled_error": 0.02112719286084175,
    "layer2.2.conv3.scaled_shift": 4.48813785976381e-05,
    "layer2.2.conv3.stored_array_size": 24,
    "top_1_accuracy": 0.7980999946594238,
    "top_5_accuracy": 0.9490399956703186,
    "total_time": 218.40441576205194
}