{
    "halut_layers": "{\"layer2.0.conv3\": [32, 4, 16]}",
    "layer2.0.conv3.C": 32,
    "layer2.0.conv3.H_size": 5632,
    "layer2.0.conv3.K": 16,
    "layer2.0.conv3.L_size": 1048576,
    "layer2.0.conv3.learned_a_shape": [
        3136,
        128
    ],
    "layer2.0.conv3.learned_b_shape": [
        128,
        16
    ],
    "layer2.0.conv3.mae": 0.39717542594909666,
    "layer2.0.conv3.mape": 0.1898672647857666,
    "layer2.0.conv3.mse": 0.3078100165939331,
    "layer2.0.conv3.rows": 4,
    "layer2.0.conv3.scaled_error": 0.017286167912483216,
    "layer2.0.conv3.scaled_shift": 0.00046928691511275247,
    "layer2.0.conv3.stored_array_size": 24,
    "top_1_accuracy": 0.7950199842453003,
    "top_5_accuracy": 0.947439968585968,
    "total_time": 227.92077003978193
}