{
    "halut_layers": "{\"layer2.2.conv3\": [16, 2, 16]}",
    "layer2.2.conv3.C": 16,
    "layer2.2.conv3.H_size": 2816,
    "layer2.2.conv3.K": 16,
    "layer2.2.conv3.L_size": 524288,
    "layer2.2.conv3.learned_a_shape": [
        1568,
        128
    ],
    "layer2.2.conv3.learned_b_shape": [
        128,
        16
    ],
    "layer2.2.conv3.mae": 0.3172445139694214,
    "layer2.2.conv3.mape": 0.19020547872543336,
    "layer2.2.conv3.mse": 0.19627189331054687,
    "layer2.2.conv3.rows": 2,
    "layer2.2.conv3.scaled_error": 0.024374402735233308,
    "layer2.2.conv3.scaled_shift": 0.0010213132748380304,
    "layer2.2.conv3.stored_array_size": 24,
    "top_1_accuracy": 0.7968399524688721,
    "top_5_accuracy": 0.9487400054931641,
    "total_time": 217.91745467297733
}