{
    "halut_layers": "{\"layer3.5.conv2\": [16, 16, 16]}",
    "layer3.5.conv2.C": 16,
    "layer3.5.conv2.H_size": 2816,
    "layer3.5.conv2.K": 16,
    "layer3.5.conv2.L_size": 262144,
    "layer3.5.conv2.learned_a_shape": [
        3136,
        2304
    ],
    "layer3.5.conv2.learned_b_shape": [
        2304,
        256
    ],
    "layer3.5.conv2.learned_d": 2304,
    "layer3.5.conv2.learned_m": 256,
    "layer3.5.conv2.learned_n": 3136,
    "layer3.5.conv2.mae": 0.8764813916015625,
    "layer3.5.conv2.mape": 0.3973014099121094,
    "layer3.5.conv2.mse": 1.3580920462036132,
    "layer3.5.conv2.rows": 16,
    "layer3.5.conv2.scaled_error": 0.06197976113319397,
    "layer3.5.conv2.scaled_shift": 0.008879400635361672,
    "layer3.5.conv2.stored_array_size": 24,
    "top_1_accuracy": 0.7799800038337708,
    "top_5_accuracy": 0.9406399726867676,
    "total_time": 112.92009852267802
}