{
    "halut_layers": "{\"layer2.2.conv1\": [64, 2, 16]}",
    "layer2.2.conv1.C": 64,
    "layer2.2.conv1.H_size": 11264,
    "layer2.2.conv1.K": 16,
    "layer2.2.conv1.L_size": 524288,
    "layer2.2.conv1.learned_a_shape": [
        1568,
        512
    ],
    "layer2.2.conv1.learned_b_shape": [
        512,
        16
    ],
    "layer2.2.conv1.mae": 1.168129443511963,
    "layer2.2.conv1.mape": 0.4604725654220581,
    "layer2.2.conv1.mse": 2.3074264724731446,
    "layer2.2.conv1.rows": 2,
    "layer2.2.conv1.scaled_error": 0.02049753338098526,
    "layer2.2.conv1.scaled_shift": 0.0003298716790049366,
    "layer2.2.conv1.stored_array_size": 24,
    "top_1_accuracy": 0.8017799854278564,
    "top_5_accuracy": 0.9517799615859985,
    "total_time": 145.58483474515378
}