{
    "halut_layers": "{\"layer1.1.conv3\": [64, 256, 16]}",
    "layer1.1.conv3.C": 64,
    "layer1.1.conv3.H_size": 11264,
    "layer1.1.conv3.K": 16,
    "layer1.1.conv3.L_size": 1048576,
    "layer1.1.conv3.learned_a_shape": [
        802816,
        64
    ],
    "layer1.1.conv3.learned_b_shape": [
        64,
        16
    ],
    "layer1.1.conv3.mae": 0.05805263904094696,
    "layer1.1.conv3.mape": 0.02617523099899292,
    "layer1.1.conv3.mse": 0.007677933340072632,
    "layer1.1.conv3.rows": 256,
    "layer1.1.conv3.scaled_error": 0.003417984545826912,
    "layer1.1.conv3.scaled_shift": -0.0002895082213357091,
    "layer1.1.conv3.stored_array_size": 24,
    "top_1_accuracy": 0.8077399730682373,
    "top_5_accuracy": 0.9540599584579468,
    "total_time": 382.7953558880836
}