{
    "halut_layers": "{\"layer4.1.conv2\": [16, 2, 16]}",
    "layer4.1.conv2.C": 16,
    "layer4.1.conv2.H_size": 2816,
    "layer4.1.conv2.K": 16,
    "layer4.1.conv2.L_size": 524288,
    "layer4.1.conv2.learned_a_shape": [
        98,
        4608
    ],
    "layer4.1.conv2.learned_b_shape": [
        4608,
        512
    ],
    "layer4.1.conv2.learned_d": 4608,
    "layer4.1.conv2.learned_m": 512,
    "layer4.1.conv2.learned_n": 98,
    "layer4.1.conv2.mae": 1.282437216873169,
    "layer4.1.conv2.mape": 0.5073964138031006,
    "layer4.1.conv2.mse": 2.8586292517089844,
    "layer4.1.conv2.rows": 2,
    "layer4.1.conv2.scaled_error": 0.04478522569656372,
    "layer4.1.conv2.scaled_shift": 0.027709923486709594,
    "layer4.1.conv2.stored_array_size": 24,
    "top_1_accuracy": 0.7296800017356873,
    "top_5_accuracy": 0.9147199988365173,
    "total_time": 103.07398321479559
}