{
    "halut_layers": "{\"layer3.3.conv2\": [64, 32, 16]}",
    "layer3.3.conv2.C": 64,
    "layer3.3.conv2.H_size": 11264,
    "layer3.3.conv2.K": 16,
    "layer3.3.conv2.L_size": 1048576,
    "layer3.3.conv2.learned_a_shape": [
        6272,
        2304
    ],
    "layer3.3.conv2.learned_b_shape": [
        2304,
        256
    ],
    "layer3.3.conv2.learned_d": 2304,
    "layer3.3.conv2.learned_m": 256,
    "layer3.3.conv2.learned_n": 6272,
    "layer3.3.conv2.mae": 0.718033744430542,
    "layer3.3.conv2.mape": 0.345266925239563,
    "layer3.3.conv2.mse": 0.8972903480529785,
    "layer3.3.conv2.rows": 32,
    "layer3.3.conv2.scaled_error": 0.036871469507217404,
    "layer3.3.conv2.scaled_shift": 0.0034524880360672252,
    "layer3.3.conv2.stored_array_size": 24,
    "top_1_accuracy": 0.7969399690628052,
    "top_5_accuracy": 0.94923996925354,
    "total_time": 118.37668766081333
}