{
    "halut_layers": "{\"layer3.0.downsample.0\": [64, 256, 16]}",
    "layer3.0.downsample.0.C": 64,
    "layer3.0.downsample.0.H_size": 11264,
    "layer3.0.downsample.0.K": 16,
    "layer3.0.downsample.0.L_size": 4194304,
    "layer3.0.downsample.0.learned_a_shape": [
        50176,
        512
    ],
    "layer3.0.downsample.0.learned_b_shape": [
        512,
        1024
    ],
    "layer3.0.downsample.0.learned_d": 512,
    "layer3.0.downsample.0.learned_m": 1024,
    "layer3.0.downsample.0.learned_n": 50176,
    "layer3.0.downsample.0.mae": 0.44968536823272703,
    "layer3.0.downsample.0.mape": 0.22461797386169433,
    "layer3.0.downsample.0.mse": 0.38535350578308103,
    "layer3.0.downsample.0.rows": 256,
    "layer3.0.downsample.0.scaled_error": 0.009109180425107478,
    "layer3.0.downsample.0.scaled_shift": 0.00023327805070206523,
    "layer3.0.downsample.0.stored_array_size": 24,
    "top_1_accuracy": 0.8002399802207947,
    "top_5_accuracy": 0.9498399496078491,
    "total_time": 144.89999153278768
}