{
    "halut_layers": "{\"layer2.3.conv3\": [32, 1024, 16]}",
    "layer2.3.conv3.C": 32,
    "layer2.3.conv3.H_size": 5632,
    "layer2.3.conv3.K": 16,
    "layer2.3.conv3.L_size": 1048576,
    "layer2.3.conv3.learned_a_shape": [
        802816,
        128
    ],
    "layer2.3.conv3.learned_b_shape": [
        128,
        16
    ],
    "layer2.3.conv3.mae": 0.19008534385681153,
    "layer2.3.conv3.mape": 0.11354704441070557,
    "layer2.3.conv3.mse": 0.07243799060344697,
    "layer2.3.conv3.rows": 1024,
    "layer2.3.conv3.scaled_error": 0.011716845635175705,
    "layer2.3.conv3.scaled_shift": 0.00011975361210337724,
    "layer2.3.conv3.stored_array_size": 24,
    "top_1_accuracy": 0.8037999868392944,
    "top_5_accuracy": 0.9515999555587769,
    "total_time": 221.23866076022387
}