{
    "halut_layers": "{\"layer3.0.conv2\": [64, 1024, 16]}",
    "layer3.0.conv2.C": 64,
    "layer3.0.conv2.H_size": 11264,
    "layer3.0.conv2.K": 16,
    "layer3.0.conv2.L_size": 1048576,
    "layer3.0.conv2.learned_a_shape": [
        200704,
        2304
    ],
    "layer3.0.conv2.learned_b_shape": [
        2304,
        256
    ],
    "layer3.0.conv2.learned_d": 2304,
    "layer3.0.conv2.learned_m": 256,
    "layer3.0.conv2.learned_n": 200704,
    "layer3.0.conv2.mae": 1.4493058793640137,
    "layer3.0.conv2.mape": 0.5081179386901855,
    "layer3.0.conv2.mse": 3.878616891479492,
    "layer3.0.conv2.rows": 1024,
    "layer3.0.conv2.scaled_error": 0.043308775482177736,
    "layer3.0.conv2.scaled_shift": 0.0010665031002121395,
    "layer3.0.conv2.stored_array_size": 24,
    "top_1_accuracy": 0.7280600070953369,
    "top_5_accuracy": 0.911080002784729,
    "total_time": 121.76322954148054
}