{
    "halut_layers": "{\"layer2.0.downsample.0\": [32, 8, 16]}",
    "layer2.0.downsample.0.C": 32,
    "layer2.0.downsample.0.H_size": 5632,
    "layer2.0.downsample.0.K": 16,
    "layer2.0.downsample.0.L_size": 1048576,
    "layer2.0.downsample.0.learned_a_shape": [
        6272,
        256
    ],
    "layer2.0.downsample.0.learned_b_shape": [
        256,
        512
    ],
    "layer2.0.downsample.0.learned_d": 256,
    "layer2.0.downsample.0.learned_m": 512,
    "layer2.0.downsample.0.learned_n": 6272,
    "layer2.0.downsample.0.mae": 0.6390665031051636,
    "layer2.0.downsample.0.mape": 0.27557954736709595,
    "layer2.0.downsample.0.mse": 1.009688042678833,
    "layer2.0.downsample.0.rows": 8,
    "layer2.0.downsample.0.scaled_error": 0.032485002238750456,
    "layer2.0.downsample.0.scaled_shift": -4.8089464213844624e-05,
    "layer2.0.downsample.0.stored_array_size": 24,
    "top_1_accuracy": 0.6972999572753906,
    "top_5_accuracy": 0.8971999883651733,
    "total_time": 184.9418001882732
}