{
    "halut_layers": "{\"layer1.0.downsample.0\": [32, 32, 16]}",
    "layer1.0.downsample.0.C": 32,
    "layer1.0.downsample.0.H_size": 5632,
    "layer1.0.downsample.0.K": 16,
    "layer1.0.downsample.0.L_size": 524288,
    "layer1.0.downsample.0.learned_a_shape": [
        100352,
        64
    ],
    "layer1.0.downsample.0.learned_b_shape": [
        64,
        256
    ],
    "layer1.0.downsample.0.learned_d": 64,
    "layer1.0.downsample.0.learned_m": 256,
    "layer1.0.downsample.0.learned_n": 100352,
    "layer1.0.downsample.0.mae": 0.6243953366088867,
    "layer1.0.downsample.0.mape": 0.12008390468597412,
    "layer1.0.downsample.0.mse": 0.8911019079589844,
    "layer1.0.downsample.0.rows": 32,
    "layer1.0.downsample.0.scaled_error": 0.005377127639055252,
    "layer1.0.downsample.0.scaled_shift": -0.00015626413201447577,
    "layer1.0.downsample.0.stored_array_size": 24,
    "top_1_accuracy": 0.7950399518013,
    "top_5_accuracy": 0.9473799467086792,
    "total_time": 275.7484377268702
}