{
    "halut_layers": "{\"layer4.0.conv2\": [16, 8, 16]}",
    "layer4.0.conv2.C": 16,
    "layer4.0.conv2.H_size": 2816,
    "layer4.0.conv2.K": 16,
    "layer4.0.conv2.L_size": 524288,
    "layer4.0.conv2.learned_a_shape": [
        392,
        4608
    ],
    "layer4.0.conv2.learned_b_shape": [
        4608,
        512
    ],
    "layer4.0.conv2.learned_d": 4608,
    "layer4.0.conv2.learned_m": 512,
    "layer4.0.conv2.learned_n": 392,
    "layer4.0.conv2.mae": 1.2318767100524903,
    "layer4.0.conv2.mape": 0.5049170574951172,
    "layer4.0.conv2.mse": 2.734010749511719,
    "layer4.0.conv2.rows": 8,
    "layer4.0.conv2.scaled_error": 0.07880289307594299,
    "layer4.0.conv2.scaled_shift": 0.01426241645693779,
    "layer4.0.conv2.stored_array_size": 24,
    "top_1_accuracy": 0.5217199921607971,
    "top_5_accuracy": 0.788100004196167,
    "total_time": 105.49780601449311
}