{
    "halut_layers": "{\"layer1.0.conv2\": [64, 512, 16]}",
    "layer1.0.conv2.C": 64,
    "layer1.0.conv2.H_size": 11264,
    "layer1.0.conv2.K": 16,
    "layer1.0.conv2.L_size": 262144,
    "layer1.0.conv2.learned_a_shape": [
        1605632,
        576
    ],
    "layer1.0.conv2.learned_b_shape": [
        576,
        64
    ],
    "layer1.0.conv2.learned_d": 576,
    "layer1.0.conv2.learned_m": 64,
    "layer1.0.conv2.learned_n": 1605632,
    "layer1.0.conv2.mae": 0.797852035369873,
    "layer1.0.conv2.mape": 0.19496545711517335,
    "layer1.0.conv2.mse": 1.570350027923584,
    "layer1.0.conv2.rows": 512,
    "layer1.0.conv2.scaled_error": 0.016660121661424637,
    "layer1.0.conv2.scaled_shift": -3.2346079339822607e-06,
    "layer1.0.conv2.stored_array_size": 24,
    "top_1_accuracy": 0.7988599538803101,
    "top_5_accuracy": 0.9496600031852722,
    "total_time": 197.9452316854149
}