{
    "halut_layers": "{\"layer3.2.conv1\": [64, 4096, 16]}",
    "layer3.2.conv1.C": 64,
    "layer3.2.conv1.H_size": 11264,
    "layer3.2.conv1.K": 16,
    "layer3.2.conv1.L_size": 1048576,
    "layer3.2.conv1.learned_a_shape": [
        802816,
        1024
    ],
    "layer3.2.conv1.learned_b_shape": [
        1024,
        16
    ],
    "layer3.2.conv1.mae": 0.8106732913970948,
    "layer3.2.conv1.mape": 0.31842009811401367,
    "layer3.2.conv1.mse": 1.1344835205078125,
    "layer3.2.conv1.rows": 4096,
    "layer3.2.conv1.scaled_error": 0.03468871051073074,
    "layer3.2.conv1.scaled_shift": 0.0016274808777763973,
    "layer3.2.conv1.stored_array_size": 24,
    "top_1_accuracy": 0.8025400042533875,
    "top_5_accuracy": 0.9517199993133545,
    "total_time": 124.40385818108916
}