{
    "halut_layers": "{\"layer2.2.conv1\": [64, 128, 16]}",
    "layer2.2.conv1.C": 64,
    "layer2.2.conv1.H_size": 11264,
    "layer2.2.conv1.K": 16,
    "layer2.2.conv1.L_size": 524288,
    "layer2.2.conv1.learned_a_shape": [
        100352,
        512
    ],
    "layer2.2.conv1.learned_b_shape": [
        512,
        16
    ],
    "layer2.2.conv1.mae": 0.8186239890289306,
    "layer2.2.conv1.mape": 0.31688809761047365,
    "layer2.2.conv1.mse": 1.1643484965515136,
    "layer2.2.conv1.rows": 128,
    "layer2.2.conv1.scaled_error": 0.01434006055355072,
    "layer2.2.conv1.scaled_shift": 8.951123585313325e-05,
    "layer2.2.conv1.stored_array_size": 24,
    "top_1_accuracy": 0.8040599822998047,
    "top_5_accuracy": 0.9523199796676636,
    "total_time": 151.43321527726948
}