{
    "halut_layers": "{\"layer3.1.conv1\": [16, 64, 16]}",
    "layer3.1.conv1.C": 16,
    "layer3.1.conv1.H_size": 2816,
    "layer3.1.conv1.K": 16,
    "layer3.1.conv1.L_size": 262144,
    "layer3.1.conv1.learned_a_shape": [
        12544,
        1024
    ],
    "layer3.1.conv1.learned_b_shape": [
        1024,
        16
    ],
    "layer3.1.conv1.mae": 1.2902421005249023,
    "layer3.1.conv1.mape": 0.4616671905899048,
    "layer3.1.conv1.mse": 2.909829255371094,
    "layer3.1.conv1.rows": 64,
    "layer3.1.conv1.scaled_error": 0.017619411942362787,
    "layer3.1.conv1.scaled_shift": 0.0005317363225582813,
    "layer3.1.conv1.stored_array_size": 24,
    "top_1_accuracy": 0.792140007019043,
    "top_5_accuracy": 0.9468799829483032,
    "total_time": 120.76067124679685
}