{
    "halut_layers": "{\"layer4.0.conv3\": [128, 128, 16]}",
    "layer4.0.conv3.C": 128,
    "layer4.0.conv3.H_size": 22528,
    "layer4.0.conv3.K": 16,
    "layer4.0.conv3.L_size": 16777216,
    "layer4.0.conv3.learned_a_shape": [
        6272,
        512
    ],
    "layer4.0.conv3.learned_b_shape": [
        512,
        2048
    ],
    "layer4.0.conv3.learned_d": 512,
    "layer4.0.conv3.learned_m": 2048,
    "layer4.0.conv3.learned_n": 6272,
    "layer4.0.conv3.mae": 0.3206724907684326,
    "layer4.0.conv3.mape": 0.18856794584274292,
    "layer4.0.conv3.mse": 0.18353450247764588,
    "layer4.0.conv3.rows": 128,
    "layer4.0.conv3.scaled_error": 0.028538053908348085,
    "layer4.0.conv3.scaled_shift": 0.0008289660999606712,
    "layer4.0.conv3.stored_array_size": 24,
    "top_1_accuracy": 0.7846999764442444,
    "top_5_accuracy": 0.9441399574279785,
    "total_time": 146.18213444575667
}