{
    "halut_layers": "{\"layer3.2.conv3\": [32, 64, 16]}",
    "layer3.2.conv3.C": 32,
    "layer3.2.conv3.H_size": 5632,
    "layer3.2.conv3.K": 16,
    "layer3.2.conv3.L_size": 2097152,
    "layer3.2.conv3.learned_a_shape": [
        12544,
        256
    ],
    "layer3.2.conv3.learned_b_shape": [
        256,
        16
    ],
    "layer3.2.conv3.mae": 0.17503310377120973,
    "layer3.2.conv3.mape": 0.12358460453033447,
    "layer3.2.conv3.mse": 0.05840117462158203,
    "layer3.2.conv3.rows": 64,
    "layer3.2.conv3.scaled_error": 0.016276438249349594,
    "layer3.2.conv3.scaled_shift": 0.0006473445305670612,
    "layer3.2.conv3.stored_array_size": 24,
    "top_1_accuracy": 0.8004199862480164,
    "top_5_accuracy": 0.952019989490509,
    "total_time": 163.19904792495072
}