{
    "halut_layers": "{\"layer4.1.conv1\": [128, 8, 16]}",
    "layer4.1.conv1.C": 128,
    "layer4.1.conv1.H_size": 22528,
    "layer4.1.conv1.K": 16,
    "layer4.1.conv1.L_size": 4194304,
    "layer4.1.conv1.learned_a_shape": [
        392,
        2048
    ],
    "layer4.1.conv1.learned_b_shape": [
        2048,
        512
    ],
    "layer4.1.conv1.learned_d": 2048,
    "layer4.1.conv1.learned_m": 512,
    "layer4.1.conv1.learned_n": 392,
    "layer4.1.conv1.mae": 1.3807536215209961,
    "layer4.1.conv1.mape": 0.49052922485351563,
    "layer4.1.conv1.mse": 3.470362758178711,
    "layer4.1.conv1.rows": 8,
    "layer4.1.conv1.scaled_error": 0.02004329407453537,
    "layer4.1.conv1.scaled_shift": 0.006252191994190216,
    "layer4.1.conv1.stored_array_size": 24,
    "top_1_accuracy": 0.7585200071334839,
    "top_5_accuracy": 0.9325799942016602,
    "total_time": 109.1624315418303
}