{
    "halut_layers": "{\"layer2.1.conv2\": [16, 512, 16]}",
    "layer2.1.conv2.C": 16,
    "layer2.1.conv2.H_size": 2816,
    "layer2.1.conv2.K": 16,
    "layer2.1.conv2.L_size": 131072,
    "layer2.1.conv2.learned_a_shape": [
        401408,
        1152
    ],
    "layer2.1.conv2.learned_b_shape": [
        1152,
        128
    ],
    "layer2.1.conv2.learned_d": 1152,
    "layer2.1.conv2.learned_m": 128,
    "layer2.1.conv2.learned_n": 401408,
    "layer2.1.conv2.mae": 1.1746596517944337,
    "layer2.1.conv2.mape": 0.39604703479766845,
    "layer2.1.conv2.mse": 2.597892364501953,
    "layer2.1.conv2.rows": 512,
    "layer2.1.conv2.scaled_error": 0.03221341157913208,
    "layer2.1.conv2.scaled_shift": 0.0006870393073078595,
    "layer2.1.conv2.stored_array_size": 24,
    "top_1_accuracy": 0.7843999862670898,
    "top_5_accuracy": 0.943120002746582,
    "total_time": 137.37471256777644
}