{
    "halut_layers": "{\"layer4.1.conv3\": [32, 10240, 16]}",
    "layer4.1.conv3.C": 32,
    "layer4.1.conv3.H_size": 5632,
    "layer4.1.conv3.K": 16,
    "layer4.1.conv3.L_size": 4194304,
    "layer4.1.conv3.learned_a_shape": [
        501760,
        512
    ],
    "layer4.1.conv3.learned_b_shape": [
        512,
        16
    ],
    "layer4.1.conv3.mae": 0.2677678318405151,
    "layer4.1.conv3.mape": 0.17352240993499757,
    "layer4.1.conv3.mse": 0.1302574481010437,
    "layer4.1.conv3.rows": 10240,
    "layer4.1.conv3.scaled_error": 0.014209237990379334,
    "layer4.1.conv3.scaled_shift": 0.0011236870590539184,
    "layer4.1.conv3.stored_array_size": 24,
    "top_1_accuracy": 0.7785800099372864,
    "top_5_accuracy": 0.9424799680709839,
    "total_time": 119.24966134689748
}