{
    "halut_layers": "{\"layer3.3.conv1\": [32, 4, 16]}",
    "layer3.3.conv1.C": 32,
    "layer3.3.conv1.H_size": 5632,
    "layer3.3.conv1.K": 16,
    "layer3.3.conv1.L_size": 524288,
    "layer3.3.conv1.learned_a_shape": [
        784,
        1024
    ],
    "layer3.3.conv1.learned_b_shape": [
        1024,
        16
    ],
    "layer3.3.conv1.mae": 1.3458225419616698,
    "layer3.3.conv1.mape": 0.5411046302032471,
    "layer3.3.conv1.mse": 3.007798483581543,
    "layer3.3.conv1.rows": 4,
    "layer3.3.conv1.scaled_error": 0.053394329838752745,
    "layer3.3.conv1.scaled_shift": 0.0006312581816982129,
    "layer3.3.conv1.stored_array_size": 24,
    "top_1_accuracy": 0.7948399782180786,
    "top_5_accuracy": 0.947439968585968,
    "total_time": 121.13733935542405
}