{
    "halut_layers": "{\"layer4.1.conv3\": [16, 256, 16]}",
    "layer4.1.conv3.C": 16,
    "layer4.1.conv3.H_size": 2816,
    "layer4.1.conv3.K": 16,
    "layer4.1.conv3.L_size": 2097152,
    "layer4.1.conv3.learned_a_shape": [
        12544,
        512
    ],
    "layer4.1.conv3.learned_b_shape": [
        512,
        16
    ],
    "layer4.1.conv3.mae": 0.3114427290344238,
    "layer4.1.conv3.mape": 0.19545708681106566,
    "layer4.1.conv3.mse": 0.17562739151000978,
    "layer4.1.conv3.rows": 256,
    "layer4.1.conv3.scaled_error": 0.016523390390872954,
    "layer4.1.conv3.scaled_shift": 0.00444759986937046,
    "layer4.1.conv3.stored_array_size": 24,
    "top_1_accuracy": 0.7723000049591064,
    "top_5_accuracy": 0.9398599863052368,
    "total_time": 123.89129998534918
}