{
    "halut_layers": "{\"layer3.0.conv2\": [16, 64, 16]}",
    "layer3.0.conv2.C": 16,
    "layer3.0.conv2.H_size": 2816,
    "layer3.0.conv2.K": 16,
    "layer3.0.conv2.L_size": 262144,
    "layer3.0.conv2.learned_a_shape": [
        12544,
        2304
    ],
    "layer3.0.conv2.learned_b_shape": [
        2304,
        256
    ],
    "layer3.0.conv2.learned_d": 2304,
    "layer3.0.conv2.learned_m": 256,
    "layer3.0.conv2.learned_n": 12544,
    "layer3.0.conv2.mae": 1.779266897277832,
    "layer3.0.conv2.mape": 0.5835677517700195,
    "layer3.0.conv2.mse": 5.802893406982422,
    "layer3.0.conv2.rows": 64,
    "layer3.0.conv2.scaled_error": 0.05319057322502136,
    "layer3.0.conv2.scaled_shift": 0.00011008372574287932,
    "layer3.0.conv2.stored_array_size": 24,
    "top_1_accuracy": 0.5521999597549438,
    "top_5_accuracy": 0.7827000021934509,
    "total_time": 119.80223848484457
}