{
    "halut_layers": "{\"layer3.1.conv2\": [64, 128, 16]}",
    "layer3.1.conv2.C": 64,
    "layer3.1.conv2.H_size": 11264,
    "layer3.1.conv2.K": 16,
    "layer3.1.conv2.L_size": 1048576,
    "layer3.1.conv2.learned_a_shape": [
        25088,
        2304
    ],
    "layer3.1.conv2.learned_b_shape": [
        2304,
        256
    ],
    "layer3.1.conv2.learned_d": 2304,
    "layer3.1.conv2.learned_m": 256,
    "layer3.1.conv2.learned_n": 25088,
    "layer3.1.conv2.mae": 0.8252705593872071,
    "layer3.1.conv2.mape": 0.3562928281402588,
    "layer3.1.conv2.mse": 1.1958973780822755,
    "layer3.1.conv2.rows": 128,
    "layer3.1.conv2.scaled_error": 0.026805094940662383,
    "layer3.1.conv2.scaled_shift": 0.0015262776642944664,
    "layer3.1.conv2.stored_array_size": 24,
    "top_1_accuracy": 0.7938599586486816,
    "top_5_accuracy": 0.947160005569458,
    "total_time": 121.30450668372214
}