{
    "halut_layers": "{\"layer4.0.conv3\": [64, 4096, 16]}",
    "layer4.0.conv3.C": 64,
    "layer4.0.conv3.H_size": 11264,
    "layer4.0.conv3.K": 16,
    "layer4.0.conv3.L_size": 8388608,
    "layer4.0.conv3.learned_a_shape": [
        200704,
        512
    ],
    "layer4.0.conv3.learned_b_shape": [
        512,
        16
    ],
    "layer4.0.conv3.mae": 0.35857626808166504,
    "layer4.0.conv3.mape": 0.20521347803115844,
    "layer4.0.conv3.mse": 0.23448014045715332,
    "layer4.0.conv3.rows": 4096,
    "layer4.0.conv3.scaled_error": 0.031901761405467986,
    "layer4.0.conv3.scaled_shift": 0.002712100207625772,
    "layer4.0.conv3.stored_array_size": 24,
    "top_1_accuracy": 0.7542799711227417,
    "top_5_accuracy": 0.9292799830436707,
    "total_time": 127.41934398189187
}