{
    "halut_layers": "{\"layer2.1.conv3\": [16, 2, 16]}",
    "layer2.1.conv3.C": 16,
    "layer2.1.conv3.H_size": 2816,
    "layer2.1.conv3.K": 16,
    "layer2.1.conv3.L_size": 524288,
    "layer2.1.conv3.learned_a_shape": [
        1568,
        128
    ],
    "layer2.1.conv3.learned_b_shape": [
        128,
        16
    ],
    "layer2.1.conv3.mae": 0.3484672023391724,
    "layer2.1.conv3.mape": 0.20962000411987305,
    "layer2.1.conv3.mse": 0.2449093759727478,
    "layer2.1.conv3.rows": 2,
    "layer2.1.conv3.scaled_error": 0.016261105196475983,
    "layer2.1.conv3.scaled_shift": 0.0018217985379695891,
    "layer2.1.conv3.stored_array_size": 24,
    "top_1_accuracy": 0.7993999719619751,
    "top_5_accuracy": 0.9499399662017822,
    "total_time": 220.33863793313503
}