{
    "halut_layers": "{\"layer1.1.conv3\": [64, 64, 16]}",
    "layer1.1.conv3.C": 64,
    "layer1.1.conv3.H_size": 11264,
    "layer1.1.conv3.K": 16,
    "layer1.1.conv3.L_size": 1048576,
    "layer1.1.conv3.learned_a_shape": [
        200704,
        64
    ],
    "layer1.1.conv3.learned_b_shape": [
        64,
        16
    ],
    "layer1.1.conv3.mae": 0.05665759383678436,
    "layer1.1.conv3.mape": 0.025612939116954805,
    "layer1.1.conv3.mse": 0.007123507947325707,
    "layer1.1.conv3.rows": 64,
    "layer1.1.conv3.scaled_error": 0.003336198650598526,
    "layer1.1.conv3.scaled_shift": -0.0002752145642414689,
    "layer1.1.conv3.stored_array_size": 24,
    "top_1_accuracy": 0.8082599639892578,
    "top_5_accuracy": 0.9541199803352356,
    "total_time": 383.2710251901299
}