{
    "halut_layers": "{\"layer3.4.conv3\": [64, 256, 16]}",
    "layer3.4.conv3.C": 64,
    "layer3.4.conv3.H_size": 11264,
    "layer3.4.conv3.K": 16,
    "layer3.4.conv3.L_size": 4194304,
    "layer3.4.conv3.learned_a_shape": [
        50176,
        256
    ],
    "layer3.4.conv3.learned_b_shape": [
        256,
        16
    ],
    "layer3.4.conv3.mae": 0.14311370100021362,
    "layer3.4.conv3.mape": 0.09944814394950867,
    "layer3.4.conv3.mse": 0.042467047111988065,
    "layer3.4.conv3.rows": 256,
    "layer3.4.conv3.scaled_error": 0.012451151530742645,
    "layer3.4.conv3.scaled_shift": 0.0006215686074085533,
    "layer3.4.conv3.stored_array_size": 24,
    "top_1_accuracy": 0.8016200065612793,
    "top_5_accuracy": 0.9509599804878235,
    "total_time": 167.34362661093473
}