{
    "halut_layers": "{\"layer3.4.conv3\": [16, 1024, 16]}",
    "layer3.4.conv3.C": 16,
    "layer3.4.conv3.H_size": 2816,
    "layer3.4.conv3.K": 16,
    "layer3.4.conv3.L_size": 1048576,
    "layer3.4.conv3.learned_a_shape": [
        200704,
        256
    ],
    "layer3.4.conv3.learned_b_shape": [
        256,
        16
    ],
    "layer3.4.conv3.mae": 0.23649580451965332,
    "layer3.4.conv3.mape": 0.16052784324645997,
    "layer3.4.conv3.mse": 0.11081564231872558,
    "layer3.4.conv3.rows": 1024,
    "layer3.4.conv3.scaled_error": 0.020582146575450898,
    "layer3.4.conv3.scaled_shift": 0.0015297468567080795,
    "layer3.4.conv3.stored_array_size": 24,
    "top_1_accuracy": 0.7819599509239197,
    "top_5_accuracy": 0.9406200051307678,
    "total_time": 156.35929306410253
}