{
    "halut_layers": "{\"layer4.1.conv1\": [96, 512, 16]}",
    "layer4.1.conv1.C": 96,
    "layer4.1.conv1.H_size": 16896,
    "layer4.1.conv1.K": 16,
    "layer4.1.conv1.L_size": 3145728,
    "layer4.1.conv1.learned_a_shape": [
        25088,
        2048
    ],
    "layer4.1.conv1.learned_b_shape": [
        2048,
        512
    ],
    "layer4.1.conv1.learned_d": 2048,
    "layer4.1.conv1.learned_m": 512,
    "layer4.1.conv1.learned_n": 25088,
    "layer4.1.conv1.mae": 1.0898558721923828,
    "layer4.1.conv1.mape": 0.3959792221450806,
    "layer4.1.conv1.mse": 2.3934490325927733,
    "layer4.1.conv1.rows": 512,
    "layer4.1.conv1.scaled_error": 0.015838443150520326,
    "layer4.1.conv1.scaled_shift": 0.002671779678338207,
    "layer4.1.conv1.stored_array_size": 24,
    "top_1_accuracy": 0.7395600080490112,
    "top_5_accuracy": 0.9198600053787231,
    "total_time": 105.75431617535651
}