{
    "halut_layers": "{\"layer1.0.conv3\": [32, 32, 16]}",
    "layer1.0.conv3.C": 32,
    "layer1.0.conv3.H_size": 5632,
    "layer1.0.conv3.K": 16,
    "layer1.0.conv3.L_size": 524288,
    "layer1.0.conv3.learned_a_shape": [
        100352,
        64
    ],
    "layer1.0.conv3.learned_b_shape": [
        64,
        16
    ],
    "layer1.0.conv3.mae": 0.17984671070098876,
    "layer1.0.conv3.mape": 0.05715589244842529,
    "layer1.0.conv3.mse": 0.06288709264755249,
    "layer1.0.conv3.rows": 32,
    "layer1.0.conv3.scaled_error": 0.009312055156230927,
    "layer1.0.conv3.scaled_shift": -0.00019646356721117627,
    "layer1.0.conv3.stored_array_size": 24,
    "top_1_accuracy": 0.8053999543190002,
    "top_5_accuracy": 0.9529199600219727,
    "total_time": 352.70565797388554
}