{
    "halut_layers": "{\"layer2.0.conv1\": [32, 256, 16]}",
    "layer2.0.conv1.C": 32,
    "layer2.0.conv1.H_size": 5632,
    "layer2.0.conv1.K": 16,
    "layer2.0.conv1.L_size": 262144,
    "layer2.0.conv1.learned_a_shape": [
        802816,
        256
    ],
    "layer2.0.conv1.learned_b_shape": [
        256,
        16
    ],
    "layer2.0.conv1.mae": 1.0684160356140138,
    "layer2.0.conv1.mape": 0.373062638092041,
    "layer2.0.conv1.mse": 2.08214128616333,
    "layer2.0.conv1.rows": 256,
    "layer2.0.conv1.scaled_error": 0.027031177946329116,
    "layer2.0.conv1.scaled_shift": 0.000891891933583247,
    "layer2.0.conv1.stored_array_size": 24,
    "top_1_accuracy": 0.7409999966621399,
    "top_5_accuracy": 0.9179799556732178,
    "total_time": 230.51597455888987
}