{
    "halut_layers": "{\"layer3.4.conv2\": [16, 128, 16]}",
    "layer3.4.conv2.C": 16,
    "layer3.4.conv2.H_size": 2816,
    "layer3.4.conv2.K": 16,
    "layer3.4.conv2.L_size": 262144,
    "layer3.4.conv2.learned_a_shape": [
        25088,
        2304
    ],
    "layer3.4.conv2.learned_b_shape": [
        2304,
        256
    ],
    "layer3.4.conv2.learned_d": 2304,
    "layer3.4.conv2.learned_m": 256,
    "layer3.4.conv2.learned_n": 25088,
    "layer3.4.conv2.mae": 0.7522309619140625,
    "layer3.4.conv2.mape": 0.34956589164733887,
    "layer3.4.conv2.mse": 1.0000911798095704,
    "layer3.4.conv2.rows": 128,
    "layer3.4.conv2.scaled_error": 0.021330232338905335,
    "layer3.4.conv2.scaled_shift": 0.002767444770135917,
    "layer3.4.conv2.stored_array_size": 24,
    "top_1_accuracy": 0.7754600048065186,
    "top_5_accuracy": 0.9371599555015564,
    "total_time": 114.61154655180871
}