{
    "halut_layers": "{\"layer4.0.conv2\": [64, 2, 16]}",
    "layer4.0.conv2.C": 64,
    "layer4.0.conv2.H_size": 11264,
    "layer4.0.conv2.K": 16,
    "layer4.0.conv2.L_size": 2097152,
    "layer4.0.conv2.learned_a_shape": [
        98,
        4608
    ],
    "layer4.0.conv2.learned_b_shape": [
        4608,
        512
    ],
    "layer4.0.conv2.learned_d": 4608,
    "layer4.0.conv2.learned_m": 512,
    "layer4.0.conv2.learned_n": 98,
    "layer4.0.conv2.mae": 1.245891016998291,
    "layer4.0.conv2.mape": 0.5258946165466308,
    "layer4.0.conv2.mse": 2.731668829650879,
    "layer4.0.conv2.rows": 2,
    "layer4.0.conv2.scaled_error": 0.07969792387008667,
    "layer4.0.conv2.scaled_shift": 0.009831743671372533,
    "layer4.0.conv2.stored_array_size": 24,
    "top_1_accuracy": 0.5306000113487244,
    "top_5_accuracy": 0.7875199913978577,
    "total_time": 106.00007830560207
}