{
    "halut_layers": "{\"layer4.2.conv1\": [64, 256, 16]}",
    "layer4.2.conv1.C": 64,
    "layer4.2.conv1.H_size": 11264,
    "layer4.2.conv1.K": 16,
    "layer4.2.conv1.L_size": 2097152,
    "layer4.2.conv1.learned_a_shape": [
        12544,
        2048
    ],
    "layer4.2.conv1.learned_b_shape": [
        2048,
        16
    ],
    "layer4.2.conv1.mae": 0.8960678213500977,
    "layer4.2.conv1.mape": 0.32918111110687254,
    "layer4.2.conv1.mse": 2.7031238385009764,
    "layer4.2.conv1.rows": 256,
    "layer4.2.conv1.scaled_error": 0.009322389678955078,
    "layer4.2.conv1.scaled_shift": 0.003434715559333563,
    "layer4.2.conv1.stored_array_size": 24,
    "top_1_accuracy": 0.7795400023460388,
    "top_5_accuracy": 0.9380199909210205,
    "total_time": 102.05299897678196
}