{
    "halut_layers": "{\"layer4.2.conv1\": [16, 4, 16]}",
    "layer4.2.conv1.C": 16,
    "layer4.2.conv1.H_size": 2816,
    "layer4.2.conv1.K": 16,
    "layer4.2.conv1.L_size": 524288,
    "layer4.2.conv1.learned_a_shape": [
        196,
        2048
    ],
    "layer4.2.conv1.learned_b_shape": [
        2048,
        16
    ],
    "layer4.2.conv1.mae": 1.1685750904083252,
    "layer4.2.conv1.mape": 0.4349932122039795,
    "layer4.2.conv1.mse": 3.1236109268188477,
    "layer4.2.conv1.rows": 4,
    "layer4.2.conv1.scaled_error": 0.01215604842185974,
    "layer4.2.conv1.scaled_shift": 0.004246622331142425,
    "layer4.2.conv1.stored_array_size": 24,
    "top_1_accuracy": 0.7769799828529358,
    "top_5_accuracy": 0.9371799826622009,
    "total_time": 102.4263610355556
}