{
    "halut_layers": "{\"layer4.0.conv2\": [16, 128, 16]}",
    "layer4.0.conv2.C": 16,
    "layer4.0.conv2.H_size": 2816,
    "layer4.0.conv2.K": 16,
    "layer4.0.conv2.L_size": 524288,
    "layer4.0.conv2.learned_a_shape": [
        6272,
        4608
    ],
    "layer4.0.conv2.learned_b_shape": [
        4608,
        512
    ],
    "layer4.0.conv2.learned_d": 4608,
    "layer4.0.conv2.learned_m": 512,
    "layer4.0.conv2.learned_n": 6272,
    "layer4.0.conv2.mae": 1.1380131845855712,
    "layer4.0.conv2.mape": 0.469309909286499,
    "layer4.0.conv2.mse": 2.3420256394958496,
    "layer4.0.conv2.rows": 128,
    "layer4.0.conv2.scaled_error": 0.07279558131217957,
    "layer4.0.conv2.scaled_shift": 0.007466377133112401,
    "layer4.0.conv2.stored_array_size": 24,
    "top_1_accuracy": 0.5797399878501892,
    "top_5_accuracy": 0.8356599807739258,
    "total_time": 104.35912053659558
}