{
    "halut_layers": "{\"layer1.0.conv1\": [64, 16, 16]}",
    "layer1.0.conv1.C": 64,
    "layer1.0.conv1.H_size": 11264,
    "layer1.0.conv1.K": 16,
    "layer1.0.conv1.L_size": 262144,
    "layer1.0.conv1.learned_a_shape": [
        50176,
        64
    ],
    "layer1.0.conv1.learned_b_shape": [
        64,
        16
    ],
    "layer1.0.conv1.mae": 0.29845626022338867,
    "layer1.0.conv1.mape": 0.043802796273231505,
    "layer1.0.conv1.mse": 0.2185025944519043,
    "layer1.0.conv1.rows": 16,
    "layer1.0.conv1.scaled_error": 0.002855104650259018,
    "layer1.0.conv1.scaled_shift": -0.0005136430089175701,
    "layer1.0.conv1.stored_array_size": 24,
    "top_1_accuracy": 0.8067599534988403,
    "top_5_accuracy": 0.9536799788475037,
    "total_time": 206.81441203132272
}