{
    "halut_layers": "{\"layer3.5.conv1\": [16, 256, 16]}",
    "layer3.5.conv1.C": 16,
    "layer3.5.conv1.H_size": 2816,
    "layer3.5.conv1.K": 16,
    "layer3.5.conv1.L_size": 262144,
    "layer3.5.conv1.learned_a_shape": [
        50176,
        1024
    ],
    "layer3.5.conv1.learned_b_shape": [
        1024,
        16
    ],
    "layer3.5.conv1.mae": 1.1538730474853516,
    "layer3.5.conv1.mape": 0.4373880054092407,
    "layer3.5.conv1.mse": 2.3159101649475096,
    "layer3.5.conv1.rows": 256,
    "layer3.5.conv1.scaled_error": 0.040701788482666014,
    "layer3.5.conv1.scaled_shift": 0.003605457694188226,
    "layer3.5.conv1.stored_array_size": 24,
    "top_1_accuracy": 0.7781400084495544,
    "top_5_accuracy": 0.9397199749946594,
    "total_time": 115.12685331143439
}