{
    "halut_layers": "{\"layer4.0.conv1\": [32, 256, 16]}",
    "layer4.0.conv1.C": 32,
    "layer4.0.conv1.H_size": 5632,
    "layer4.0.conv1.K": 16,
    "layer4.0.conv1.L_size": 1048576,
    "layer4.0.conv1.learned_a_shape": [
        50176,
        1024
    ],
    "layer4.0.conv1.learned_b_shape": [
        1024,
        16
    ],
    "layer4.0.conv1.mae": 1.0935593527221679,
    "layer4.0.conv1.mape": 0.4077960887527466,
    "layer4.0.conv1.mse": 2.0770011782836915,
    "layer4.0.conv1.rows": 256,
    "layer4.0.conv1.scaled_error": 0.051474786682128904,
    "layer4.0.conv1.scaled_shift": 0.004127764132794691,
    "layer4.0.conv1.stored_array_size": 24,
    "top_1_accuracy": 0.6185399889945984,
    "top_5_accuracy": 0.8536199927330017,
    "total_time": 129.3266866877675
}