{
    "halut_layers": "{\"layer2.0.conv1\": [64, -1, 16], \"layer1.1.conv2\": [32, -1, 16], \"layer1.1.conv1\": [32, -1, 16], \"layer1.0.conv2\": [32, -1, 16], \"layer1.0.conv1\": [32, -1, 16]}",
    "layer1.0.conv1.C": 32,
    "layer1.0.conv1.H_size": 5632,
    "layer1.0.conv1.K": 16,
    "layer1.0.conv1.L_size": 131072,
    "layer1.0.conv1.learned_a_shape": [
        1,
        261542
    ],
    "layer1.0.conv1.learned_b_shape": [
        261542,
        64
    ],
    "layer1.0.conv1.learned_d": 261542,
    "layer1.0.conv1.learned_m": 64,
    "layer1.0.conv1.learned_n": 1,
    "layer1.0.conv1.mae": 0.59358828125,
    "layer1.0.conv1.mape": 0.1827974609375,
    "layer1.0.conv1.mse": 1.028859375,
    "layer1.0.conv1.rows": -1,
    "layer1.0.conv1.scaled_error": 0.009820458984375,
    "layer1.0.conv1.scaled_shift": 0.0015241470336914062,
    "layer1.0.conv1.stored_array_size": 48,
    "layer1.0.conv2.C": 32,
    "layer1.0.conv2.H_size": 5632,
    "layer1.0.conv2.K": 16,
    "layer1.0.conv2.L_size": 131072,
    "layer1.0.conv2.learned_a_shape": [
        1,
        261542
    ],
    "layer1.0.conv2.learned_b_shape": [
        261542,
        64
    ],
    "layer1.0.conv2.learned_d": 261542,
    "layer1.0.conv2.learned_m": 64,
    "layer1.0.conv2.learned_n": 1,
    "layer1.0.conv2.mae": 0.311160546875,
    "layer1.0.conv2.mape": 0.1553111328125,
    "layer1.0.conv2.mse": 0.2080017578125,
    "layer1.0.conv2.rows": -1,
    "layer1.0.conv2.scaled_error": 0.0192052490234375,
    "layer1.0.conv2.scaled_shift": 0.0006149513244628907,
    "layer1.0.conv2.stored_array_size": 48,
    "layer1.1.conv1.C": 32,
    "layer1.1.conv1.H_size": 5632,
    "layer1.1.conv1.K": 16,
    "layer1.1.conv1.L_size": 131072,
    "layer1.1.conv1.learned_a_shape": [
        1,
        261542
    ],
    "layer1.1.conv1.learned_b_shape": [
        261542,
        64
    ],
    "layer1.1.conv1.learned_d": 261542,
    "layer1.1.conv1.learned_m": 64,
    "layer1.1.conv1.learned_n": 1,
    "layer1.1.conv1.mae": 0.525946875,
    "layer1.1.conv1.mape": 0.1751708984375,
    "layer1.1.conv1.mse": 0.60139453125,
    "layer1.1.conv1.rows": -1,
    "layer1.1.conv1.scaled_error": 0.02632841796875,
    "layer1.1.conv1.scaled_shift": 0.00511337890625,
    "layer1.1.conv1.stored_array_size": 48,
    "layer1.1.conv2.C": 32,
    "layer1.1.conv2.H_size": 5632,
    "layer1.1.conv2.K": 16,
    "layer1.1.conv2.L_size": 131072,
    "layer1.1.conv2.learned_a_shape": [
        1,
        261542
    ],
    "layer1.1.conv2.learned_b_shape": [
        261542,
        64
    ],
    "layer1.1.conv2.learned_d": 261542,
    "layer1.1.conv2.learned_m": 64,
    "layer1.1.conv2.learned_n": 1,
    "layer1.1.conv2.mae": 0.2383998046875,
    "layer1.1.conv2.mape": 0.13196875,
    "layer1.1.conv2.mse": 0.10974296875,
    "layer1.1.conv2.rows": -1,
    "layer1.1.conv2.scaled_error": 0.02495908203125,
    "layer1.1.conv2.scaled_shift": 0.0011997177124023438,
    "layer1.1.conv2.stored_array_size": 48,
    "layer2.0.conv1.C": 64,
    "layer2.0.conv1.H_size": 11264,
    "layer2.0.conv1.K": 16,
    "layer2.0.conv1.L_size": 524288,
    "layer2.0.conv1.learned_a_shape": [
        1,
        261542
    ],
    "layer2.0.conv1.learned_b_shape": [
        261542,
        128
    ],
    "layer2.0.conv1.learned_d": 261542,
    "layer2.0.conv1.learned_m": 128,
    "layer2.0.conv1.learned_n": 1,
    "layer2.0.conv1.mae": 0.4253078125,
    "layer2.0.conv1.mape": 0.16261015625,
    "layer2.0.conv1.mse": 0.374765234375,
    "layer2.0.conv1.rows": -1,
    "layer2.0.conv1.scaled_error": 0.0218151611328125,
    "layer2.0.conv1.scaled_shift": 0.0029143524169921876,
    "layer2.0.conv1.stored_array_size": 48,
    "top_1_accuracy": 90.05000240478516,
    "top_5_accuracy": 99.59000089111328
}