{
    "halut_layers": "{\"layer3.0.downsample.0\": [32, -1, 16], \"layer3.0.conv2\": [128, -1, 16], \"layer3.0.conv1\": [128, -1, 16], \"layer2.1.conv2\": [64, -1, 16], \"layer2.1.conv1\": [64, -1, 16], \"layer2.0.downsample.0\": [32, -1, 16], \"layer2.0.conv2\": [64, -1, 16], \"layer2.0.conv1\": [64, -1, 16], \"layer1.1.conv2\": [32, -1, 16], \"layer1.1.conv1\": [32, -1, 16], \"layer1.0.conv2\": [32, -1, 16], \"layer1.0.conv1\": [32, -1, 16]}",
    "layer1.0.conv1.C": 32,
    "layer1.0.conv1.H_size": 5632,
    "layer1.0.conv1.K": 16,
    "layer1.0.conv1.L_size": 131072,
    "layer1.0.conv1.learned_a_shape": [
        1,
        261542
    ],
    "layer1.0.conv1.learned_b_shape": [
        261542,
        64
    ],
    "layer1.0.conv1.learned_d": 261542,
    "layer1.0.conv1.learned_m": 64,
    "layer1.0.conv1.learned_n": 1,
    "layer1.0.conv1.mae": 0.58838359375,
    "layer1.0.conv1.mape": 0.1842412109375,
    "layer1.0.conv1.mse": 0.9749453125,
    "layer1.0.conv1.rows": -1,
    "layer1.0.conv1.scaled_error": 0.010030517578125,
    "layer1.0.conv1.scaled_shift": 0.0014954833984375,
    "layer1.0.conv1.stored_array_size": 48,
    "layer1.0.conv2.C": 32,
    "layer1.0.conv2.H_size": 5632,
    "layer1.0.conv2.K": 16,
    "layer1.0.conv2.L_size": 131072,
    "layer1.0.conv2.learned_a_shape": [
        1,
        261542
    ],
    "layer1.0.conv2.learned_b_shape": [
        261542,
        64
    ],
    "layer1.0.conv2.learned_d": 261542,
    "layer1.0.conv2.learned_m": 64,
    "layer1.0.conv2.learned_n": 1,
    "layer1.0.conv2.mae": 0.315740625,
    "layer1.0.conv2.mape": 0.15766796875,
    "layer1.0.conv2.mse": 0.2148689453125,
    "layer1.0.conv2.rows": -1,
    "layer1.0.conv2.scaled_error": 0.01968291015625,
    "layer1.0.conv2.scaled_shift": 0.0006735488891601563,
    "layer1.0.conv2.stored_array_size": 48,
    "layer1.1.conv1.C": 32,
    "layer1.1.conv1.H_size": 5632,
    "layer1.1.conv1.K": 16,
    "layer1.1.conv1.L_size": 131072,
    "layer1.1.conv1.learned_a_shape": [
        1,
        261542
    ],
    "layer1.1.conv1.learned_b_shape": [
        261542,
        64
    ],
    "layer1.1.conv1.learned_d": 261542,
    "layer1.1.conv1.learned_m": 64,
    "layer1.1.conv1.learned_n": 1,
    "layer1.1.conv1.mae": 0.5339953125,
    "layer1.1.conv1.mape": 0.1776421875,
    "layer1.1.conv1.mse": 0.61936328125,
    "layer1.1.conv1.rows": -1,
    "layer1.1.conv1.scaled_error": 0.026886669921875,
    "layer1.1.conv1.scaled_shift": 0.00495692138671875,
    "layer1.1.conv1.stored_array_size": 48,
    "layer1.1.conv2.C": 32,
    "layer1.1.conv2.H_size": 5632,
    "layer1.1.conv2.K": 16,
    "layer1.1.conv2.L_size": 131072,
    "layer1.1.conv2.learned_a_shape": [
        1,
        261542
    ],
    "layer1.1.conv2.learned_b_shape": [
        261542,
        64
    ],
    "layer1.1.conv2.learned_d": 261542,
    "layer1.1.conv2.learned_m": 64,
    "layer1.1.conv2.learned_n": 1,
    "layer1.1.conv2.mae": 0.2417947265625,
    "layer1.1.conv2.mape": 0.1339322265625,
    "layer1.1.conv2.mse": 0.11250927734375,
    "layer1.1.conv2.rows": -1,
    "layer1.1.conv2.scaled_error": 0.0258266845703125,
    "layer1.1.conv2.scaled_shift": 0.0012529083251953126,
    "layer1.1.conv2.stored_array_size": 48,
    "layer2.0.conv1.C": 64,
    "layer2.0.conv1.H_size": 11264,
    "layer2.0.conv1.K": 16,
    "layer2.0.conv1.L_size": 524288,
    "layer2.0.conv1.learned_a_shape": [
        1,
        261542
    ],
    "layer2.0.conv1.learned_b_shape": [
        261542,
        128
    ],
    "layer2.0.conv1.learned_d": 261542,
    "layer2.0.conv1.learned_m": 128,
    "layer2.0.conv1.learned_n": 1,
    "layer2.0.conv1.mae": 0.42960625,
    "layer2.0.conv1.mape": 0.1653005859375,
    "layer2.0.conv1.mse": 0.379725,
    "layer2.0.conv1.rows": -1,
    "layer2.0.conv1.scaled_error": 0.021541796875,
    "layer2.0.conv1.scaled_shift": 0.002000189208984375,
    "layer2.0.conv1.stored_array_size": 48,
    "layer2.0.conv2.C": 64,
    "layer2.0.conv2.H_size": 11264,
    "layer2.0.conv2.K": 16,
    "layer2.0.conv2.L_size": 524288,
    "layer2.0.conv2.learned_a_shape": [
        1,
        261542
    ],
    "layer2.0.conv2.learned_b_shape": [
        261542,
        128
    ],
    "layer2.0.conv2.learned_d": 261542,
    "layer2.0.conv2.learned_m": 128,
    "layer2.0.conv2.learned_n": 1,
    "layer2.0.conv2.mae": 0.27792421875,
    "layer2.0.conv2.mape": 0.1583189453125,
    "layer2.0.conv2.mse": 0.1369599609375,
    "layer2.0.conv2.rows": -1,
    "layer2.0.conv2.scaled_error": 0.0363138671875,
    "layer2.0.conv2.scaled_shift": 0.0023419189453125,
    "layer2.0.conv2.stored_array_size": 48,
    "layer2.0.downsample.0.C": 32,
    "layer2.0.downsample.0.H_size": 5632,
    "layer2.0.downsample.0.K": 16,
    "layer2.0.downsample.0.L_size": 262144,
    "layer2.0.downsample.0.learned_a_shape": [
        1,
        261542
    ],
    "layer2.0.downsample.0.learned_b_shape": [
        261542,
        128
    ],
    "layer2.0.downsample.0.learned_d": 261542,
    "layer2.0.downsample.0.learned_m": 128,
    "layer2.0.downsample.0.learned_n": 1,
    "layer2.0.downsample.0.mae": 0.10226357421875,
    "layer2.0.downsample.0.mape": 0.056859814453125,
    "layer2.0.downsample.0.mse": 0.023072998046875,
    "layer2.0.downsample.0.rows": -1,
    "layer2.0.downsample.0.scaled_error": 0.0090689453125,
    "layer2.0.downsample.0.scaled_shift": 0.00021859588623046876,
    "layer2.0.downsample.0.stored_array_size": 48,
    "layer2.1.conv1.C": 64,
    "layer2.1.conv1.H_size": 11264,
    "layer2.1.conv1.K": 16,
    "layer2.1.conv1.L_size": 524288,
    "layer2.1.conv1.learned_a_shape": [
        1,
        261542
    ],
    "layer2.1.conv1.learned_b_shape": [
        261542,
        128
    ],
    "layer2.1.conv1.learned_d": 261542,
    "layer2.1.conv1.learned_m": 128,
    "layer2.1.conv1.learned_n": 1,
    "layer2.1.conv1.mae": 0.4750375,
    "layer2.1.conv1.mape": 0.2113373046875,
    "layer2.1.conv1.mse": 0.39972734375,
    "layer2.1.conv1.rows": -1,
    "layer2.1.conv1.scaled_error": 0.03362626953125,
    "layer2.1.conv1.scaled_shift": 0.00417010498046875,
    "layer2.1.conv1.stored_array_size": 48,
    "layer2.1.conv2.C": 64,
    "layer2.1.conv2.H_size": 11264,
    "layer2.1.conv2.K": 16,
    "layer2.1.conv2.L_size": 524288,
    "layer2.1.conv2.learned_a_shape": [
        1,
        261542
    ],
    "layer2.1.conv2.learned_b_shape": [
        261542,
        128
    ],
    "layer2.1.conv2.learned_d": 261542,
    "layer2.1.conv2.learned_m": 128,
    "layer2.1.conv2.learned_n": 1,
    "layer2.1.conv2.mae": 0.2117533203125,
    "layer2.1.conv2.mape": 0.138469921875,
    "layer2.1.conv2.mse": 0.07448447265625,
    "layer2.1.conv2.rows": -1,
    "layer2.1.conv2.scaled_error": 0.048695703125,
    "layer2.1.conv2.scaled_shift": -0.0009869590759277343,
    "layer2.1.conv2.stored_array_size": 48,
    "layer3.0.conv1.C": 128,
    "layer3.0.conv1.H_size": 22528,
    "layer3.0.conv1.K": 16,
    "layer3.0.conv1.L_size": 2097152,
    "layer3.0.conv1.learned_a_shape": [
        1,
        261542
    ],
    "layer3.0.conv1.learned_b_shape": [
        261542,
        256
    ],
    "layer3.0.conv1.learned_d": 261542,
    "layer3.0.conv1.learned_m": 256,
    "layer3.0.conv1.learned_n": 1,
    "layer3.0.conv1.mae": 0.327675390625,
    "layer3.0.conv1.mape": 0.1641109375,
    "layer3.0.conv1.mse": 0.1828966796875,
    "layer3.0.conv1.rows": -1,
    "layer3.0.conv1.scaled_error": 0.03573017578125,
    "layer3.0.conv1.scaled_shift": 0.002414349365234375,
    "layer3.0.conv1.stored_array_size": 48,
    "layer3.0.conv2.C": 128,
    "layer3.0.conv2.H_size": 22528,
    "layer3.0.conv2.K": 16,
    "layer3.0.conv2.L_size": 2097152,
    "layer3.0.conv2.learned_a_shape": [
        1,
        261542
    ],
    "layer3.0.conv2.learned_b_shape": [
        261542,
        256
    ],
    "layer3.0.conv2.learned_d": 261542,
    "layer3.0.conv2.learned_m": 256,
    "layer3.0.conv2.learned_n": 1,
    "layer3.0.conv2.mae": 0.2987296875,