{
    "halut_layers": "{\"layer4.0.conv1\": [256, -1, 16], \"layer3.1.conv2\": [128, -1, 16], \"layer3.1.conv1\": [128, -1, 16], \"layer3.0.downsample.0\": [32, -1, 16], \"layer3.0.conv2\": [128, -1, 16], \"layer3.0.conv1\": [128, -1, 16], \"layer2.1.conv2\": [64, -1, 16], \"layer2.1.conv1\": [64, -1, 16], \"layer2.0.downsample.0\": [32, -1, 16], \"layer2.0.conv2\": [64, -1, 16], \"layer2.0.conv1\": [64, -1, 16], \"layer1.1.conv2\": [32, -1, 16], \"layer1.1.conv1\": [32, -1, 16], \"layer1.0.conv2\": [32, -1, 16], \"layer1.0.conv1\": [32, -1, 16]}",
    "layer1.0.conv1.C": 32,
    "layer1.0.conv1.H_size": 5632,
    "layer1.0.conv1.K": 16,
    "layer1.0.conv1.L_size": 131072,
    "layer1.0.conv1.learned_a_shape": [
        1,
        261542
    ],
    "layer1.0.conv1.learned_b_shape": [
        261542,
        64
    ],
    "layer1.0.conv1.learned_d": 261542,
    "layer1.0.conv1.learned_m": 64,
    "layer1.0.conv1.learned_n": 1,
    "layer1.0.conv1.mae": 0.58190390625,
    "layer1.0.conv1.mape": 0.1829359375,
    "layer1.0.conv1.mse": 0.95156328125,
    "layer1.0.conv1.rows": -1,
    "layer1.0.conv1.scaled_error": 0.00990841064453125,
    "layer1.0.conv1.scaled_shift": 0.0014382980346679688,
    "layer1.0.conv1.stored_array_size": 48,
    "layer1.0.conv2.C": 32,
    "layer1.0.conv2.H_size": 5632,
    "layer1.0.conv2.K": 16,
    "layer1.0.conv2.L_size": 131072,
    "layer1.0.conv2.learned_a_shape": [
        1,
        261542
    ],
    "layer1.0.conv2.learned_b_shape": [
        261542,
        64
    ],
    "layer1.0.conv2.learned_d": 261542,
    "layer1.0.conv2.learned_m": 64,
    "layer1.0.conv2.learned_n": 1,
    "layer1.0.conv2.mae": 0.313159765625,
    "layer1.0.conv2.mape": 0.1560779296875,
    "layer1.0.conv2.mse": 0.2102849609375,
    "layer1.0.conv2.rows": -1,
    "layer1.0.conv2.scaled_error": 0.0193384765625,
    "layer1.0.conv2.scaled_shift": 0.0006831069946289062,
    "layer1.0.conv2.stored_array_size": 48,
    "layer1.1.conv1.C": 32,
    "layer1.1.conv1.H_size": 5632,
    "layer1.1.conv1.K": 16,
    "layer1.1.conv1.L_size": 131072,
    "layer1.1.conv1.learned_a_shape": [
        1,
        261542
    ],
    "layer1.1.conv1.learned_b_shape": [
        261542,
        64
    ],
    "layer1.1.conv1.learned_d": 261542,
    "layer1.1.conv1.learned_m": 64,
    "layer1.1.conv1.learned_n": 1,
    "layer1.1.conv1.mae": 0.5250890625,
    "layer1.1.conv1.mape": 0.1764716796875,
    "layer1.1.conv1.mse": 0.5881734375,
    "layer1.1.conv1.rows": -1,
    "layer1.1.conv1.scaled_error": 0.027115625,
    "layer1.1.conv1.scaled_shift": 0.00482945556640625,
    "layer1.1.conv1.stored_array_size": 48,
    "layer1.1.conv2.C": 32,
    "layer1.1.conv2.H_size": 5632,
    "layer1.1.conv2.K": 16,
    "layer1.1.conv2.L_size": 131072,
    "layer1.1.conv2.learned_a_shape": [
        1,
        261542
    ],
    "layer1.1.conv2.learned_b_shape": [
        261542,
        64
    ],
    "layer1.1.conv2.learned_d": 261542,
    "layer1.1.conv2.learned_m": 64,
    "layer1.1.conv2.learned_n": 1,
    "layer1.1.conv2.mae": 0.24062578125,
    "layer1.1.conv2.mape": 0.133349609375,
    "layer1.1.conv2.mse": 0.111123046875,
    "layer1.1.conv2.rows": -1,
    "layer1.1.conv2.scaled_error": 0.0260698974609375,
    "layer1.1.conv2.scaled_shift": 0.0014105087280273437,
    "layer1.1.conv2.stored_array_size": 48,
    "layer2.0.conv1.C": 64,
    "layer2.0.conv1.H_size": 11264,
    "layer2.0.conv1.K": 16,
    "layer2.0.conv1.L_size": 524288,
    "layer2.0.conv1.learned_a_shape": [
        1,
        261542
    ],
    "layer2.0.conv1.learned_b_shape": [
        261542,
        128
    ],
    "layer2.0.conv1.learned_d": 261542,
    "layer2.0.conv1.learned_m": 128,
    "layer2.0.conv1.learned_n": 1,
    "layer2.0.conv1.mae": 0.42089296875,
    "layer2.0.conv1.mape": 0.1632859375,
    "layer2.0.conv1.mse": 0.361395703125,
    "layer2.0.conv1.rows": -1,
    "layer2.0.conv1.scaled_error": 0.0211822509765625,
    "layer2.0.conv1.scaled_shift": 0.0021631103515625,
    "layer2.0.conv1.stored_array_size": 48,
    "layer2.0.conv2.C": 64,
    "layer2.0.conv2.H_size": 11264,
    "layer2.0.conv2.K": 16,
    "layer2.0.conv2.L_size": 524288,
    "layer2.0.conv2.learned_a_shape": [
        1,
        261542
    ],
    "layer2.0.conv2.learned_b_shape": [
        261542,
        128
    ],
    "layer2.0.conv2.learned_d": 261542,
    "layer2.0.conv2.learned_m": 128,
    "layer2.0.conv2.learned_n": 1,
    "layer2.0.conv2.mae": 0.276366796875,
    "layer2.0.conv2.mape": 0.15762734375,
    "layer2.0.conv2.mse": 0.13526015625,
    "layer2.0.conv2.rows": -1,
    "layer2.0.conv2.scaled_error": 0.036198876953125,
    "layer2.0.conv2.scaled_shift": 0.002195281982421875,
    "layer2.0.conv2.stored_array_size": 48,
    "layer2.0.downsample.0.C": 32,
    "layer2.0.downsample.0.H_size": 5632,
    "layer2.0.downsample.0.K": 16,
    "layer2.0.downsample.0.L_size": 262144,
    "layer2.0.downsample.0.learned_a_shape": [
        1,
        261542
    ],
    "layer2.0.downsample.0.learned_b_shape": [
        261542,
        128
    ],
    "layer2.0.downsample.0.learned_d": 261542,
    "layer2.0.downsample.0.learned_m": 128,
    "layer2.0.downsample.0.learned_n": 1,
    "layer2.0.downsample.0.mae": 0.10107646484375,
    "layer2.0.downsample.0.mape": 0.05645205078125,
    "layer2.0.downsample.0.mse": 0.022213525390625,
    "layer2.0.downsample.0.rows": -1,
    "layer2.0.downsample.0.scaled_error": 0.009328076171875,
    "layer2.0.downsample.0.scaled_shift": 0.00025968017578125,
    "layer2.0.downsample.0.stored_array_size": 48,
    "layer2.1.conv1.C": 64,
    "layer2.1.conv1.H_size": 11264,
    "layer2.1.conv1.K": 16,
    "layer2.1.conv1.L_size": 524288,
    "layer2.1.conv1.learned_a_shape": [
        1,
        261542
    ],
    "layer2.1.conv1.learned_b_shape": [
        261542,
        128
    ],
    "layer2.1.conv1.learned_d": 261542,
    "layer2.1.conv1.learned_m": 128,
    "layer2.1.conv1.learned_n": 1,
    "layer2.1.conv1.mae": 0.473530859375,
    "layer2.1.conv1.mape": 0.2109279296875,
    "layer2.1.conv1.mse": 0.397888671875,
    "layer2.1.conv1.rows": -1,
    "layer2.1.conv1.scaled_error": 0.033450439453125,
    "layer2.1.conv1.scaled_shift": 0.00406636962890625,
    "layer2.1.conv1.stored_array_size": 48,
    "layer2.1.conv2.C": 64,
    "layer2.1.conv2.H_size": 11264,
    "layer2.1.conv2.K": 16,
    "layer2.1.conv2.L_size": 524288,
    "layer2.1.conv2.learned_a_shape": [
        1,
        261542
    ],
    "layer2.1.conv2.learned_b_shape": [
        261542,
        128
    ],
    "layer2.1.conv2.learned_d": 261542,
    "layer2.1.conv2.learned_m": 128,
    "layer2.1.conv2.learned_n": 1,
    "layer2.1.conv2.mae": 0.2118685546875,
    "layer2.1.conv2.mape": 0.1383583984375,
    "layer2.1.conv2.mse": 0.0745962890625,
    "layer2.1.conv2.rows": -1,
    "layer2.1.conv2.scaled_error": 0.04848984375,
    "layer2.1.conv2.scaled_shift": -0.0008370094299316406,
    "layer2.1.conv2.stored_array_size": 48,
    "layer3.0.conv1.C": 128,
    "layer3.0.conv1.H_size": 22528,
    "layer3.0.conv1.K": 16,
    "layer3.0.conv1.L_size": 2097152,
    "layer3.0.conv1.learned_a_shape": [
        1,
        261542
    ],
    "layer3.0.conv1.learned_b_shape": [
        261542,
        256
    ],
    "layer3.0.conv1.learned_d": 261542,
    "layer3.0.conv1.learned_m": 256,
    "layer3.0.conv1.learned_n": 1,
    "layer3.0.conv1.mae": 0.326553515625,
    "layer3.0.conv1.mape": 0.16363359375,
    "layer3.0.conv1.mse": 0.18170078125,
    "layer3.0.conv1.rows": -1,
    "layer3.0.conv1.scaled_error": 0.03591650390625,
    "layer3.0.conv1.scaled_shift": 0.002395599365234375,
    "layer3.0.conv1.stored_array_size": 48,
    "layer3.0.conv2.C": 128,
    "layer3.0.conv2.H_size": 22528,
    "layer3.0.conv2.K": 16,
    "layer3.0.conv2.L_size": 2097152,
    "layer3.0.conv2.learned_a_shape": [
        1,
        261542
    ],
    "layer3.0.conv2.learned_b_shape": [
        261542,
        256
    ],
    "layer3.0.conv2.learned_d": 261542,