{
    "halut_layers": "{\"layer4.0.conv1\": [256, -1, 16], \"layer3.1.conv2\": [128, -1, 16], \"layer3.1.conv1\": [128, -1, 16], \"layer3.0.downsample.0\": [32, -1, 16], \"layer3.0.conv2\": [128, -1, 16], \"layer3.0.conv1\": [128, -1, 16], \"layer2.1.conv2\": [64, -1, 16], \"layer2.1.conv1\": [64, -1, 16], \"layer2.0.downsample.0\": [32, -1, 16], \"layer2.0.conv2\": [64, -1, 16], \"layer2.0.conv1\": [64, -1, 16], \"layer1.1.conv2\": [32, -1, 16], \"layer1.1.conv1\": [32, -1, 16], \"layer1.0.conv2\": [32, -1, 16], \"layer1.0.conv1\": [32, -1, 16]}",
    "layer1.0.conv1.C": 32,
    "layer1.0.conv1.H_size": 5632,
    "layer1.0.conv1.K": 16,
    "layer1.0.conv1.L_size": 131072,
    "layer1.0.conv1.learned_a_shape": [
        1,
        261542
    ],
    "layer1.0.conv1.learned_b_shape": [
        261542,
        64
    ],
    "layer1.0.conv1.learned_d": 261542,
    "layer1.0.conv1.learned_m": 64,
    "layer1.0.conv1.learned_n": 1,
    "layer1.0.conv1.mae": 0.44303333333333333,
    "layer1.0.conv1.mape": 0.15215061848958333,
    "layer1.0.conv1.mse": 0.5614088541666666,
    "layer1.0.conv1.rows": -1,
    "layer1.0.conv1.scaled_error": 0.00786791788736979,
    "layer1.0.conv1.scaled_shift": 0.0006310050964355469,
    "layer1.0.conv1.stored_array_size": 48,
    "layer1.0.conv2.C": 32,
    "layer1.0.conv2.H_size": 5632,
    "layer1.0.conv2.K": 16,
    "layer1.0.conv2.L_size": 131072,
    "layer1.0.conv2.learned_a_shape": [
        1,
        261542
    ],
    "layer1.0.conv2.learned_b_shape": [
        261542,
        64
    ],
    "layer1.0.conv2.learned_d": 261542,
    "layer1.0.conv2.learned_m": 64,
    "layer1.0.conv2.learned_n": 1,
    "layer1.0.conv2.mae": 0.26924583333333335,
    "layer1.0.conv2.mape": 0.14271002604166666,
    "layer1.0.conv2.mse": 0.15327913411458333,
    "layer1.0.conv2.rows": -1,
    "layer1.0.conv2.scaled_error": 0.018089351399739582,
    "layer1.0.conv2.scaled_shift": 0.00044390513102213544,
    "layer1.0.conv2.stored_array_size": 48,
    "layer1.1.conv1.C": 32,
    "layer1.1.conv1.H_size": 5632,
    "layer1.1.conv1.K": 16,
    "layer1.1.conv1.L_size": 131072,
    "layer1.1.conv1.learned_a_shape": [
        1,
        261542
    ],
    "layer1.1.conv1.learned_b_shape": [
        261542,
        64
    ],
    "layer1.1.conv1.learned_d": 261542,
    "layer1.1.conv1.learned_m": 64,
    "layer1.1.conv1.learned_n": 1,
    "layer1.1.conv1.mae": 0.415869140625,
    "layer1.1.conv1.mape": 0.15378180338541667,
    "layer1.1.conv1.mse": 0.34963619791666667,
    "layer1.1.conv1.rows": -1,
    "layer1.1.conv1.scaled_error": 0.02374073486328125,
    "layer1.1.conv1.scaled_shift": 0.002829194132486979,
    "layer1.1.conv1.stored_array_size": 48,
    "layer1.1.conv2.C": 32,
    "layer1.1.conv2.H_size": 5632,
    "layer1.1.conv2.K": 16,
    "layer1.1.conv2.L_size": 131072,
    "layer1.1.conv2.learned_a_shape": [
        1,
        261542
    ],
    "layer1.1.conv2.learned_b_shape": [
        261542,
        64
    ],
    "layer1.1.conv2.learned_d": 261542,
    "layer1.1.conv2.learned_m": 64,
    "layer1.1.conv2.learned_n": 1,
    "layer1.1.conv2.mae": 0.21192242838541667,
    "layer1.1.conv2.mape": 0.122863671875,
    "layer1.1.conv2.mse": 0.08498981119791667,
    "layer1.1.conv2.rows": -1,
    "layer1.1.conv2.scaled_error": 0.023605521647135416,
    "layer1.1.conv2.scaled_shift": 0.0007261898358662923,
    "layer1.1.conv2.stored_array_size": 48,
    "layer2.0.conv1.C": 64,
    "layer2.0.conv1.H_size": 11264,
    "layer2.0.conv1.K": 16,
    "layer2.0.conv1.L_size": 524288,
    "layer2.0.conv1.learned_a_shape": [
        1,
        261542
    ],
    "layer2.0.conv1.learned_b_shape": [
        261542,
        128
    ],
    "layer2.0.conv1.learned_d": 261542,
    "layer2.0.conv1.learned_m": 128,
    "layer2.0.conv1.learned_n": 1,
    "layer2.0.conv1.mae": 0.3349146484375,
    "layer2.0.conv1.mape": 0.14509173177083334,
    "layer2.0.conv1.mse": 0.21495716145833332,
    "layer2.0.conv1.rows": -1,
    "layer2.0.conv1.scaled_error": 0.017823331705729167,
    "layer2.0.conv1.scaled_shift": 0.00019469648996988932,
    "layer2.0.conv1.stored_array_size": 48,
    "layer2.0.conv2.C": 64,
    "layer2.0.conv2.H_size": 11264,
    "layer2.0.conv2.K": 16,
    "layer2.0.conv2.L_size": 524288,
    "layer2.0.conv2.learned_a_shape": [
        1,
        261542
    ],
    "layer2.0.conv2.learned_b_shape": [
        261542,
        128
    ],
    "layer2.0.conv2.learned_d": 261542,
    "layer2.0.conv2.learned_m": 128,
    "layer2.0.conv2.learned_n": 1,
    "layer2.0.conv2.mae": 0.2503740234375,
    "layer2.0.conv2.mape": 0.14697294921875,
    "layer2.0.conv2.mse": 0.11052379557291667,
    "layer2.0.conv2.rows": -1,
    "layer2.0.conv2.scaled_error": 0.034178938802083336,
    "layer2.0.conv2.scaled_shift": 0.001690948486328125,
    "layer2.0.conv2.stored_array_size": 48,
    "layer2.0.downsample.0.C": 32,
    "layer2.0.downsample.0.H_size": 5632,
    "layer2.0.downsample.0.K": 16,
    "layer2.0.downsample.0.L_size": 262144,
    "layer2.0.downsample.0.learned_a_shape": [
        1,
        261542
    ],
    "layer2.0.downsample.0.learned_b_shape": [
        261542,
        128
    ],
    "layer2.0.downsample.0.learned_d": 261542,
    "layer2.0.downsample.0.learned_m": 128,
    "layer2.0.downsample.0.learned_n": 1,
    "layer2.0.downsample.0.mae": 0.08969873046875,
    "layer2.0.downsample.0.mape": 0.0527709228515625,
    "layer2.0.downsample.0.mse": 0.015850362141927084,
    "layer2.0.downsample.0.rows": -1,
    "layer2.0.downsample.0.scaled_error": 0.009524729410807292,
    "layer2.0.downsample.0.scaled_shift": 0.00033627360661824543,
    "layer2.0.downsample.0.stored_array_size": 48,
    "layer2.1.conv1.C": 64,
    "layer2.1.conv1.H_size": 11264,
    "layer2.1.conv1.K": 16,
    "layer2.1.conv1.L_size": 524288,
    "layer2.1.conv1.learned_a_shape": [
        1,
        261542
    ],
    "layer2.1.conv1.learned_b_shape": [
        261542,
        128
    ],
    "layer2.1.conv1.learned_d": 261542,
    "layer2.1.conv1.learned_m": 128,
    "layer2.1.conv1.learned_n": 1,
    "layer2.1.conv1.mae": 0.420691796875,
    "layer2.1.conv1.mape": 0.19697438151041666,
    "layer2.1.conv1.mse": 0.31377578125,
    "layer2.1.conv1.rows": -1,
    "layer2.1.conv1.scaled_error": 0.03157918294270833,
    "layer2.1.conv1.scaled_shift": 0.0034219828287760418,
    "layer2.1.conv1.stored_array_size": 48,
    "layer2.1.conv2.C": 64,
    "layer2.1.conv2.H_size": 11264,
    "layer2.1.conv2.K": 16,
    "layer2.1.conv2.L_size": 524288,
    "layer2.1.conv2.learned_a_shape": [
        1,
        261542
    ],
    "layer2.1.conv2.learned_b_shape": [
        261542,
        128
    ],
    "layer2.1.conv2.learned_d": 261542,
    "layer2.1.conv2.learned_m": 128,
    "layer2.1.conv2.learned_n": 1,
    "layer2.1.conv2.mae": 0.21070569661458333,
    "layer2.1.conv2.mape": 0.1361142578125,
    "layer2.1.conv2.mse": 0.07376385091145833,
    "layer2.1.conv2.rows": -1,
    "layer2.1.conv2.scaled_error": 0.048686433919270834,
    "layer2.1.conv2.scaled_shift": 0.0002267681121826172,
    "layer2.1.conv2.stored_array_size": 48,
    "layer3.0.conv1.C": 128,
    "layer3.0.conv1.H_size": 22528,
    "layer3.0.conv1.K": 16,
    "layer3.0.conv1.L_size": 2097152,
    "layer3.0.conv1.learned_a_shape": [
        1,
        261542
    ],
    "layer3.0.conv1.learned_b_shape": [
        261542,
        256
    ],
    "layer3.0.conv1.learned_d": 261542,
    "layer3.0.conv1.learned_m": 256,
    "layer3.0.conv1.learned_n": 1,
    "layer3.0.conv1.mae": 0.3008500651041667,
    "layer3.0.conv1.mape": 0.15420416666666667,
    "layer3.0.conv1.mse": 0.15327373046875,
    "layer3.0.conv1.rows": -1,
    "layer3.0.conv1.scaled_error": 0.03393882649739583,
    "layer3.0.conv1.scaled_shift": 0.002806988525390625,
    "layer3.0.conv1.stored_array_size": 48,
    "layer3.0.conv2.C": 128,
    "layer3.0.conv2.H_size": 22528,
    "layer3.0.conv2.K": 16,
    "layer3.0.conv2.L_size": 2097152,