{
    "halut_layers": "{\"layer3.0.conv2\": [128, -1, 16], \"layer3.0.conv1\": [128, -1, 16], \"layer2.1.conv2\": [64, -1, 16], \"layer2.1.conv1\": [64, -1, 16], \"layer2.0.downsample.0\": [32, -1, 16], \"layer2.0.conv2\": [64, -1, 16], \"layer2.0.conv1\": [64, -1, 16], \"layer1.1.conv2\": [32, -1, 16], \"layer1.1.conv1\": [32, -1, 16], \"layer1.0.conv2\": [32, -1, 16], \"layer1.0.conv1\": [32, -1, 16]}",
    "layer1.0.conv1.C": 32,
    "layer1.0.conv1.H_size": 5632,
    "layer1.0.conv1.K": 16,
    "layer1.0.conv1.L_size": 131072,
    "layer1.0.conv1.learned_a_shape": [
        1,
        261542
    ],
    "layer1.0.conv1.learned_b_shape": [
        261542,
        64
    ],
    "layer1.0.conv1.learned_d": 261542,
    "layer1.0.conv1.learned_m": 64,
    "layer1.0.conv1.learned_n": 1,
    "layer1.0.conv1.mae": 0.4521643229166667,
    "layer1.0.conv1.mape": 0.154891015625,
    "layer1.0.conv1.mse": 0.5891333333333333,
    "layer1.0.conv1.rows": -1,
    "layer1.0.conv1.scaled_error": 0.007868316650390625,
    "layer1.0.conv1.scaled_shift": 0.0006687344233194987,
    "layer1.0.conv1.stored_array_size": 48,
    "layer1.0.conv2.C": 32,
    "layer1.0.conv2.H_size": 5632,
    "layer1.0.conv2.K": 16,
    "layer1.0.conv2.L_size": 131072,
    "layer1.0.conv2.learned_a_shape": [
        1,
        261542
    ],
    "layer1.0.conv2.learned_b_shape": [
        261542,
        64
    ],
    "layer1.0.conv2.learned_d": 261542,
    "layer1.0.conv2.learned_m": 64,
    "layer1.0.conv2.learned_n": 1,
    "layer1.0.conv2.mae": 0.27143671875,
    "layer1.0.conv2.mape": 0.14363850911458334,
    "layer1.0.conv2.mse": 0.15610439453125,
    "layer1.0.conv2.rows": -1,
    "layer1.0.conv2.scaled_error": 0.01804141845703125,
    "layer1.0.conv2.scaled_shift": 0.0004917922019958496,
    "layer1.0.conv2.stored_array_size": 48,
    "layer1.1.conv1.C": 32,
    "layer1.1.conv1.H_size": 5632,
    "layer1.1.conv1.K": 16,
    "layer1.1.conv1.L_size": 131072,
    "layer1.1.conv1.learned_a_shape": [
        1,
        261542
    ],
    "layer1.1.conv1.learned_b_shape": [
        261542,
        64
    ],
    "layer1.1.conv1.learned_d": 261542,
    "layer1.1.conv1.learned_m": 64,
    "layer1.1.conv1.learned_n": 1,
    "layer1.1.conv1.mae": 0.41966770833333333,
    "layer1.1.conv1.mape": 0.15527405598958333,
    "layer1.1.conv1.mse": 0.35858645833333336,
    "layer1.1.conv1.rows": -1,
    "layer1.1.conv1.scaled_error": 0.0234039306640625,
    "layer1.1.conv1.scaled_shift": 0.0026461385091145835,
    "layer1.1.conv1.stored_array_size": 48,
    "layer1.1.conv2.C": 32,
    "layer1.1.conv2.H_size": 5632,
    "layer1.1.conv2.K": 16,
    "layer1.1.conv2.L_size": 131072,
    "layer1.1.conv2.learned_a_shape": [
        1,
        261542
    ],
    "layer1.1.conv2.learned_b_shape": [
        261542,
        64
    ],
    "layer1.1.conv2.learned_d": 261542,
    "layer1.1.conv2.learned_m": 64,
    "layer1.1.conv2.learned_n": 1,
    "layer1.1.conv2.mae": 0.21466451822916666,
    "layer1.1.conv2.mape": 0.1242890625,
    "layer1.1.conv2.mse": 0.08770299479166667,
    "layer1.1.conv2.rows": -1,
    "layer1.1.conv2.scaled_error": 0.022869942220052085,
    "layer1.1.conv2.scaled_shift": 0.0006573107083638509,
    "layer1.1.conv2.stored_array_size": 48,
    "layer2.0.conv1.C": 64,
    "layer2.0.conv1.H_size": 11264,
    "layer2.0.conv1.K": 16,
    "layer2.0.conv1.L_size": 524288,
    "layer2.0.conv1.learned_a_shape": [
        1,
        261542
    ],
    "layer2.0.conv1.learned_b_shape": [
        261542,
        128
    ],
    "layer2.0.conv1.learned_d": 261542,
    "layer2.0.conv1.learned_m": 128,
    "layer2.0.conv1.learned_n": 1,
    "layer2.0.conv1.mae": 0.33712486979166667,
    "layer2.0.conv1.mape": 0.14568515625,
    "layer2.0.conv1.mse": 0.21926276041666667,
    "layer2.0.conv1.rows": -1,
    "layer2.0.conv1.scaled_error": 0.018287056477864584,
    "layer2.0.conv1.scaled_shift": 8.766702016194662e-05,
    "layer2.0.conv1.stored_array_size": 48,
    "layer2.0.conv2.C": 64,
    "layer2.0.conv2.H_size": 11264,
    "layer2.0.conv2.K": 16,
    "layer2.0.conv2.L_size": 524288,
    "layer2.0.conv2.learned_a_shape": [
        1,
        261542
    ],
    "layer2.0.conv2.learned_b_shape": [
        261542,
        128
    ],
    "layer2.0.conv2.learned_d": 261542,
    "layer2.0.conv2.learned_m": 128,
    "layer2.0.conv2.learned_n": 1,
    "layer2.0.conv2.mae": 0.25196764322916665,
    "layer2.0.conv2.mape": 0.14746080729166666,
    "layer2.0.conv2.mse": 0.11203811848958334,
    "layer2.0.conv2.rows": -1,
    "layer2.0.conv2.scaled_error": 0.034104581705729164,
    "layer2.0.conv2.scaled_shift": 0.0018732889811197916,
    "layer2.0.conv2.stored_array_size": 48,
    "layer2.0.downsample.0.C": 32,
    "layer2.0.downsample.0.H_size": 5632,
    "layer2.0.downsample.0.K": 16,
    "layer2.0.downsample.0.L_size": 262144,
    "layer2.0.downsample.0.learned_a_shape": [
        1,
        261542
    ],
    "layer2.0.downsample.0.learned_b_shape": [
        261542,
        128
    ],
    "layer2.0.downsample.0.learned_d": 261542,
    "layer2.0.downsample.0.learned_m": 128,
    "layer2.0.downsample.0.learned_n": 1,
    "layer2.0.downsample.0.mae": 0.08981565755208333,
    "layer2.0.downsample.0.mape": 0.05277127278645833,
    "layer2.0.downsample.0.mse": 0.016061617024739582,
    "layer2.0.downsample.0.rows": -1,
    "layer2.0.downsample.0.scaled_error": 0.009393935139973959,
    "layer2.0.downsample.0.scaled_shift": 0.00030350093841552736,
    "layer2.0.downsample.0.stored_array_size": 48,
    "layer2.1.conv1.C": 64,
    "layer2.1.conv1.H_size": 11264,
    "layer2.1.conv1.K": 16,
    "layer2.1.conv1.L_size": 524288,
    "layer2.1.conv1.learned_a_shape": [
        1,
        261542
    ],
    "layer2.1.conv1.learned_b_shape": [
        261542,
        128
    ],
    "layer2.1.conv1.learned_d": 261542,
    "layer2.1.conv1.learned_m": 128,
    "layer2.1.conv1.learned_n": 1,
    "layer2.1.conv1.mae": 0.4211487630208333,
    "layer2.1.conv1.mape": 0.19728860677083335,
    "layer2.1.conv1.mse": 0.31461484375,
    "layer2.1.conv1.rows": -1,
    "layer2.1.conv1.scaled_error": 0.0315216064453125,
    "layer2.1.conv1.scaled_shift": 0.00337027587890625,
    "layer2.1.conv1.stored_array_size": 48,
    "layer2.1.conv2.C": 64,
    "layer2.1.conv2.H_size": 11264,
    "layer2.1.conv2.K": 16,
    "layer2.1.conv2.L_size": 524288,
    "layer2.1.conv2.learned_a_shape": [
        1,
        261542
    ],
    "layer2.1.conv2.learned_b_shape": [
        261542,
        128
    ],
    "layer2.1.conv2.learned_d": 261542,
    "layer2.1.conv2.learned_m": 128,
    "layer2.1.conv2.learned_n": 1,
    "layer2.1.conv2.mae": 0.21102584635416666,
    "layer2.1.conv2.mape": 0.1362380859375,
    "layer2.1.conv2.mse": 0.07397532552083333,
    "layer2.1.conv2.rows": -1,
    "layer2.1.conv2.scaled_error": 0.04865398763020833,
    "layer2.1.conv2.scaled_shift": 0.00024245689709981284,
    "layer2.1.conv2.stored_array_size": 48,
    "layer3.0.conv1.C": 128,
    "layer3.0.conv1.H_size": 22528,
    "layer3.0.conv1.K": 16,
    "layer3.0.conv1.L_size": 2097152,
    "layer3.0.conv1.learned_a_shape": [
        1,
        261542
    ],
    "layer3.0.conv1.learned_b_shape": [
        261542,
        256
    ],
    "layer3.0.conv1.learned_d": 261542,
    "layer3.0.conv1.learned_m": 256,
    "layer3.0.conv1.learned_n": 1,
    "layer3.0.conv1.mae": 0.3013385416666667,
    "layer3.0.conv1.mape": 0.15453463541666668,
    "layer3.0.conv1.mse": 0.15384134114583334,
    "layer3.0.conv1.rows": -1,
    "layer3.0.conv1.scaled_error": 0.0338712158203125,
    "layer3.0.conv1.scaled_shift": 0.0027920257568359373,
    "layer3.0.conv1.stored_array_size": 48,
    "layer3.0.conv2.C": 128,
    "layer3.0.conv2.H_size": 22528,
    "layer3.0.conv2.K": 16,
    "layer3.0.conv2.L_size": 2097152,
    "layer3.0.conv2.learned_a_shape": [
        1,
        261542
    ],
    "layer3.0.conv2.learned_b_shape": [
        261542,
        256
    ],
    "layer3.0.conv2.learned_d": 261542,