{
    "halut_layers": "{\"layer4.1.conv1\": [256, -1, 16], \"layer4.0.downsample.0\": [32, -1, 16], \"layer4.0.conv2\": [256, -1, 16], \"layer4.0.conv1\": [256, -1, 16], \"layer3.1.conv2\": [128, -1, 16], \"layer3.1.conv1\": [128, -1, 16], \"layer3.0.downsample.0\": [32, -1, 16], \"layer3.0.conv2\": [128, -1, 16], \"layer3.0.conv1\": [128, -1, 16], \"layer2.1.conv2\": [64, -1, 16], \"layer2.1.conv1\": [64, -1, 16], \"layer2.0.downsample.0\": [32, -1, 16], \"layer2.0.conv2\": [64, -1, 16], \"layer2.0.conv1\": [64, -1, 16], \"layer1.1.conv2\": [32, -1, 16], \"layer1.1.conv1\": [32, -1, 16], \"layer1.0.conv2\": [32, -1, 16], \"layer1.0.conv1\": [32, -1, 16]}",
    "layer1.0.conv1.C": 32,
    "layer1.0.conv1.H_size": 5632,
    "layer1.0.conv1.K": 16,
    "layer1.0.conv1.L_size": 131072,
    "layer1.0.conv1.learned_a_shape": [
        1,
        261542
    ],
    "layer1.0.conv1.learned_b_shape": [
        261542,
        64
    ],
    "layer1.0.conv1.learned_d": 261542,
    "layer1.0.conv1.learned_m": 64,
    "layer1.0.conv1.learned_n": 1,
    "layer1.0.conv1.mae": 0.47087421875,
    "layer1.0.conv1.mape": 0.159151171875,
    "layer1.0.conv1.mse": 0.6628747395833333,
    "layer1.0.conv1.rows": -1,
    "layer1.0.conv1.scaled_error": 0.007876175944010416,
    "layer1.0.conv1.scaled_shift": 0.000597195307413737,
    "layer1.0.conv1.stored_array_size": 48,
    "layer1.0.conv2.C": 32,
    "layer1.0.conv2.H_size": 5632,
    "layer1.0.conv2.K": 16,
    "layer1.0.conv2.L_size": 131072,
    "layer1.0.conv2.learned_a_shape": [
        1,
        261542
    ],
    "layer1.0.conv2.learned_b_shape": [
        261542,
        64
    ],
    "layer1.0.conv2.learned_d": 261542,
    "layer1.0.conv2.learned_m": 64,
    "layer1.0.conv2.learned_n": 1,
    "layer1.0.conv2.mae": 0.2685494140625,
    "layer1.0.conv2.mape": 0.14141233723958332,
    "layer1.0.conv2.mse": 0.15107630208333334,
    "layer1.0.conv2.rows": -1,
    "layer1.0.conv2.scaled_error": 0.0180934326171875,
    "layer1.0.conv2.scaled_shift": 0.0003940190633138021,
    "layer1.0.conv2.stored_array_size": 48,
    "layer1.1.conv1.C": 32,
    "layer1.1.conv1.H_size": 5632,
    "layer1.1.conv1.K": 16,
    "layer1.1.conv1.L_size": 131072,
    "layer1.1.conv1.learned_a_shape": [
        1,
        261542
    ],
    "layer1.1.conv1.learned_b_shape": [
        261542,
        64
    ],
    "layer1.1.conv1.learned_d": 261542,
    "layer1.1.conv1.learned_m": 64,
    "layer1.1.conv1.learned_n": 1,
    "layer1.1.conv1.mae": 0.42442356770833334,
    "layer1.1.conv1.mape": 0.15790963541666667,
    "layer1.1.conv1.mse": 0.3561615885416667,
    "layer1.1.conv1.rows": -1,
    "layer1.1.conv1.scaled_error": 0.02440205078125,
    "layer1.1.conv1.scaled_shift": 0.0030092234293619792,
    "layer1.1.conv1.stored_array_size": 48,
    "layer1.1.conv2.C": 32,
    "layer1.1.conv2.H_size": 5632,
    "layer1.1.conv2.K": 16,
    "layer1.1.conv2.L_size": 131072,
    "layer1.1.conv2.learned_a_shape": [
        1,
        261542
    ],
    "layer1.1.conv2.learned_b_shape": [
        261542,
        64
    ],
    "layer1.1.conv2.learned_d": 261542,
    "layer1.1.conv2.learned_m": 64,
    "layer1.1.conv2.learned_n": 1,
    "layer1.1.conv2.mae": 0.21247307942708332,
    "layer1.1.conv2.mape": 0.12264609375,
    "layer1.1.conv2.mse": 0.084851953125,
    "layer1.1.conv2.rows": -1,
    "layer1.1.conv2.scaled_error": 0.024678312174479168,
    "layer1.1.conv2.scaled_shift": 0.0008936869303385416,
    "layer1.1.conv2.stored_array_size": 48,
    "layer2.0.conv1.C": 64,
    "layer2.0.conv1.H_size": 11264,
    "layer2.0.conv1.K": 16,
    "layer2.0.conv1.L_size": 524288,
    "layer2.0.conv1.learned_a_shape": [
        1,
        261542
    ],
    "layer2.0.conv1.learned_b_shape": [
        261542,
        128
    ],
    "layer2.0.conv1.learned_d": 261542,
    "layer2.0.conv1.learned_m": 128,
    "layer2.0.conv1.learned_n": 1,
    "layer2.0.conv1.mae": 0.3359240234375,
    "layer2.0.conv1.mape": 0.14545104166666667,
    "layer2.0.conv1.mse": 0.21474954427083334,
    "layer2.0.conv1.rows": -1,
    "layer2.0.conv1.scaled_error": 0.018015572102864582,
    "layer2.0.conv1.scaled_shift": 0.0005295441150665283,
    "layer2.0.conv1.stored_array_size": 48,
    "layer2.0.conv2.C": 64,
    "layer2.0.conv2.H_size": 11264,
    "layer2.0.conv2.K": 16,
    "layer2.0.conv2.L_size": 524288,
    "layer2.0.conv2.learned_a_shape": [
        1,
        261542
    ],
    "layer2.0.conv2.learned_b_shape": [
        261542,
        128
    ],
    "layer2.0.conv2.learned_d": 261542,
    "layer2.0.conv2.learned_m": 128,
    "layer2.0.conv2.learned_n": 1,
    "layer2.0.conv2.mae": 0.24944381510416666,
    "layer2.0.conv2.mape": 0.14677939453125,
    "layer2.0.conv2.mse": 0.10963772786458334,
    "layer2.0.conv2.rows": -1,
    "layer2.0.conv2.scaled_error": 0.03392159830729167,
    "layer2.0.conv2.scaled_shift": 0.001390661112467448,
    "layer2.0.conv2.stored_array_size": 48,
    "layer2.0.downsample.0.C": 32,
    "layer2.0.downsample.0.H_size": 5632,
    "layer2.0.downsample.0.K": 16,
    "layer2.0.downsample.0.L_size": 262144,
    "layer2.0.downsample.0.learned_a_shape": [
        1,
        261542
    ],
    "layer2.0.downsample.0.learned_b_shape": [
        261542,
        128
    ],
    "layer2.0.downsample.0.learned_d": 261542,
    "layer2.0.downsample.0.learned_m": 128,
    "layer2.0.downsample.0.learned_n": 1,
    "layer2.0.downsample.0.mae": 0.089873046875,
    "layer2.0.downsample.0.mape": 0.052821940104166666,
    "layer2.0.downsample.0.mse": 0.01582740478515625,
    "layer2.0.downsample.0.rows": -1,
    "layer2.0.downsample.0.scaled_error": 0.010036360677083333,
    "layer2.0.downsample.0.scaled_shift": 0.00033299910227457683,
    "layer2.0.downsample.0.stored_array_size": 48,
    "layer2.1.conv1.C": 64,
    "layer2.1.conv1.H_size": 11264,
    "layer2.1.conv1.K": 16,
    "layer2.1.conv1.L_size": 524288,
    "layer2.1.conv1.learned_a_shape": [
        1,
        261542
    ],
    "layer2.1.conv1.learned_b_shape": [
        261542,
        128
    ],
    "layer2.1.conv1.learned_d": 261542,
    "layer2.1.conv1.learned_m": 128,
    "layer2.1.conv1.learned_n": 1,
    "layer2.1.conv1.mae": 0.42045123697916664,
    "layer2.1.conv1.mape": 0.19686656901041666,
    "layer2.1.conv1.mse": 0.31343470052083333,
    "layer2.1.conv1.rows": -1,
    "layer2.1.conv1.scaled_error": 0.031752986653645836,
    "layer2.1.conv1.scaled_shift": 0.0035193522135416665,
    "layer2.1.conv1.stored_array_size": 48,
    "layer2.1.conv2.C": 64,
    "layer2.1.conv2.H_size": 11264,
    "layer2.1.conv2.K": 16,
    "layer2.1.conv2.L_size": 524288,
    "layer2.1.conv2.learned_a_shape": [
        1,
        261542
    ],
    "layer2.1.conv2.learned_b_shape": [
        261542,
        128
    ],
    "layer2.1.conv2.learned_d": 261542,
    "layer2.1.conv2.learned_m": 128,
    "layer2.1.conv2.learned_n": 1,
    "layer2.1.conv2.mae": 0.21101901041666668,
    "layer2.1.conv2.mape": 0.13624850260416665,
    "layer2.1.conv2.mse": 0.07397071940104166,
    "layer2.1.conv2.rows": -1,
    "layer2.1.conv2.scaled_error": 0.04850400390625,
    "layer2.1.conv2.scaled_shift": 0.0002668547471364339,
    "layer2.1.conv2.stored_array_size": 48,
    "layer3.0.conv1.C": 128,
    "layer3.0.conv1.H_size": 22528,
    "layer3.0.conv1.K": 16,
    "layer3.0.conv1.L_size": 2097152,
    "layer3.0.conv1.learned_a_shape": [
        1,
        261542
    ],
    "layer3.0.conv1.learned_b_shape": [
        261542,
        256
    ],
    "layer3.0.conv1.learned_d": 261542,
    "layer3.0.conv1.learned_m": 256,
    "layer3.0.conv1.learned_n": 1,
    "layer3.0.conv1.mae": 0.3009203125,
    "layer3.0.conv1.mape": 0.15406038411458334,
    "layer3.0.conv1.mse": 0.15333968098958334,
    "layer3.0.conv1.rows": -1,
    "layer3.0.conv1.scaled_error": 0.033737320963541664,
    "layer3.0.conv1.scaled_shift": 0.0026873199462890624,
    "layer3.0.conv1.stored_array_size": 48,
    "layer3.0.conv2.C": 128,
    "layer3.0.conv2.H_size": 22528,