{
    "halut_layers": "{\"layer1.0.conv2\": [64, -1, 16], \"layer1.0.conv1\": [64, -1, 16]}",
    "layer1.0.conv1.C": 64,
    "layer1.0.conv1.H_size": 11264,
    "layer1.0.conv1.K": 16,
    "layer1.0.conv1.L_size": 262144,
    "layer1.0.conv1.learned_a_shape": [
        1,
        576
    ],
    "layer1.0.conv1.learned_b_shape": [
        576,
        64
    ],
    "layer1.0.conv1.learned_d": 576,
    "layer1.0.conv1.learned_m": 64,
    "layer1.0.conv1.learned_n": 1,
    "layer1.0.conv1.mae": 0.37215390625,
    "layer1.0.conv1.mape": 0.14935787760416666,
    "layer1.0.conv1.mse": 0.31968658854166665,
    "layer1.0.conv1.rows": -1,
    "layer1.0.conv1.scaled_error": 0.018000606282552085,
    "layer1.0.conv1.scaled_shift": 0.0019022206624348958,
    "layer1.0.conv1.stored_array_size": 48,
    "layer1.0.conv2.C": 64,
    "layer1.0.conv2.H_size": 11264,
    "layer1.0.conv2.K": 16,
    "layer1.0.conv2.L_size": 262144,
    "layer1.0.conv2.learned_a_shape": [
        1,
        576
    ],
    "layer1.0.conv2.learned_b_shape": [
        576,
        64
    ],
    "layer1.0.conv2.learned_d": 576,
    "layer1.0.conv2.learned_m": 64,
    "layer1.0.conv2.learned_n": 1,
    "layer1.0.conv2.mae": 0.24526484375,
    "layer1.0.conv2.mape": 0.1277115234375,
    "layer1.0.conv2.mse": 0.1246169921875,
    "layer1.0.conv2.rows": -1,
    "layer1.0.conv2.scaled_error": 0.0159385986328125,
    "layer1.0.conv2.scaled_shift": 0.0010419403076171875,
    "layer1.0.conv2.stored_array_size": 48,
    "top_1_accuracy": 91.44,
    "top_5_accuracy": 99.72
}