{
    "halut_layers": "{\"layer4.0.conv1\": [512, -1, 16], \"layer3.1.conv2\": [256, -1, 16], \"layer3.1.conv1\": [256, -1, 16], \"layer3.0.downsample.0\": [64, -1, 16], \"layer3.0.conv2\": [256, -1, 16], \"layer3.0.conv1\": [256, -1, 16], \"layer2.1.conv2\": [128, -1, 16], \"layer2.1.conv1\": [128, -1, 16], \"layer2.0.downsample.0\": [64, -1, 16], \"layer2.0.conv2\": [128, -1, 16], \"layer2.0.conv1\": [128, -1, 16], \"layer1.1.conv2\": [64, -1, 16], \"layer1.1.conv1\": [64, -1, 16], \"layer1.0.conv2\": [64, -1, 16], \"layer1.0.conv1\": [64, -1, 16]}",
    "layer1.0.conv1.C": 64,
    "layer1.0.conv1.H_size": 11264,
    "layer1.0.conv1.K": 16,
    "layer1.0.conv1.L_size": 262144,
    "layer1.0.conv1.learned_a_shape": [
        1,
        261542
    ],
    "layer1.0.conv1.learned_b_shape": [
        261542,
        64
    ],
    "layer1.0.conv1.learned_d": 261542,
    "layer1.0.conv1.learned_m": 64,
    "layer1.0.conv1.learned_n": 1,
    "layer1.0.conv1.mae": 0.39326953125,
    "layer1.0.conv1.mape": 0.13795279947916667,
    "layer1.0.conv1.mse": 0.4665049479166667,
    "layer1.0.conv1.rows": -1,
    "layer1.0.conv1.scaled_error": 0.007237510172526042,
    "layer1.0.conv1.scaled_shift": 0.0006722274780273438,
    "layer1.0.conv1.stored_array_size": 48,
    "layer1.0.conv2.C": 64,
    "layer1.0.conv2.H_size": 11264,
    "layer1.0.conv2.K": 16,
    "layer1.0.conv2.L_size": 262144,
    "layer1.0.conv2.learned_a_shape": [
        1,
        261542
    ],
    "layer1.0.conv2.learned_b_shape": [
        261542,
        64
    ],
    "layer1.0.conv2.learned_d": 261542,
    "layer1.0.conv2.learned_m": 64,
    "layer1.0.conv2.learned_n": 1,
    "layer1.0.conv2.mae": 0.22044791666666666,
    "layer1.0.conv2.mape": 0.11656272786458333,
    "layer1.0.conv2.mse": 0.10777945963541667,
    "layer1.0.conv2.rows": -1,
    "layer1.0.conv2.scaled_error": 0.014357893880208333,
    "layer1.0.conv2.scaled_shift": 0.0009001771291097005,
    "layer1.0.conv2.stored_array_size": 48,
    "layer1.1.conv1.C": 64,
    "layer1.1.conv1.H_size": 11264,
    "layer1.1.conv1.K": 16,
    "layer1.1.conv1.L_size": 262144,
    "layer1.1.conv1.learned_a_shape": [
        1,
        261542
    ],
    "layer1.1.conv1.learned_b_shape": [
        261542,
        64
    ],
    "layer1.1.conv1.learned_d": 261542,
    "layer1.1.conv1.learned_m": 64,
    "layer1.1.conv1.learned_n": 1,
    "layer1.1.conv1.mae": 0.3696400390625,
    "layer1.1.conv1.mape": 0.13765364583333334,
    "layer1.1.conv1.mse": 0.2705365885416667,
    "layer1.1.conv1.rows": -1,
    "layer1.1.conv1.scaled_error": 0.0200902587890625,
    "layer1.1.conv1.scaled_shift": 0.003248992919921875,
    "layer1.1.conv1.stored_array_size": 48,
    "layer1.1.conv2.C": 64,
    "layer1.1.conv2.H_size": 11264,
    "layer1.1.conv2.K": 16,
    "layer1.1.conv2.L_size": 262144,
    "layer1.1.conv2.learned_a_shape": [
        1,
        261542
    ],
    "layer1.1.conv2.learned_b_shape": [
        261542,
        64
    ],
    "layer1.1.conv2.learned_d": 261542,
    "layer1.1.conv2.learned_m": 64,
    "layer1.1.conv2.learned_n": 1,
    "layer1.1.conv2.mae": 0.17532454427083333,
    "layer1.1.conv2.mape": 0.100807470703125,
    "layer1.1.conv2.mse": 0.06017802734375,
    "layer1.1.conv2.rows": -1,
    "layer1.1.conv2.scaled_error": 0.0171022705078125,
    "layer1.1.conv2.scaled_shift": 0.0004421395937601725,
    "layer1.1.conv2.stored_array_size": 48,
    "layer2.0.conv1.C": 128,
    "layer2.0.conv1.H_size": 22528,
    "layer2.0.conv1.K": 16,
    "layer2.0.conv1.L_size": 1048576,
    "layer2.0.conv1.learned_a_shape": [
        1,
        261542
    ],
    "layer2.0.conv1.learned_b_shape": [
        261542,
        128
    ],
    "layer2.0.conv1.learned_d": 261542,
    "layer2.0.conv1.learned_m": 128,
    "layer2.0.conv1.learned_n": 1,
    "layer2.0.conv1.mae": 0.26593248697916666,
    "layer2.0.conv1.mape": 0.11350358072916666,
    "layer2.0.conv1.mse": 0.13636647135416666,
    "layer2.0.conv1.rows": -1,
    "layer2.0.conv1.scaled_error": 0.014203287760416667,
    "layer2.0.conv1.scaled_shift": 0.001359467061360677,
    "layer2.0.conv1.stored_array_size": 48,
    "layer2.0.conv2.C": 128,
    "layer2.0.conv2.H_size": 22528,
    "layer2.0.conv2.K": 16,
    "layer2.0.conv2.L_size": 1048576,
    "layer2.0.conv2.learned_a_shape": [
        1,
        261542
    ],
    "layer2.0.conv2.learned_b_shape": [
        261542,
        128
    ],
    "layer2.0.conv2.learned_d": 261542,
    "layer2.0.conv2.learned_m": 128,
    "layer2.0.conv2.learned_n": 1,
    "layer2.0.conv2.mae": 0.20298541666666667,
    "layer2.0.conv2.mape": 0.11572350260416667,
    "layer2.0.conv2.mse": 0.073796142578125,
    "layer2.0.conv2.rows": -1,
    "layer2.0.conv2.scaled_error": 0.0266402587890625,
    "layer2.0.conv2.scaled_shift": 0.004441980997721354,
    "layer2.0.conv2.stored_array_size": 48,
    "layer2.0.downsample.0.C": 64,
    "layer2.0.downsample.0.H_size": 11264,
    "layer2.0.downsample.0.K": 16,
    "layer2.0.downsample.0.L_size": 524288,
    "layer2.0.downsample.0.learned_a_shape": [
        1,
        261542
    ],
    "layer2.0.downsample.0.learned_b_shape": [
        261542,
        128
    ],
    "layer2.0.downsample.0.learned_d": 261542,
    "layer2.0.downsample.0.learned_m": 128,
    "layer2.0.downsample.0.learned_n": 1,
    "layer2.0.downsample.0.mae": 0.046831575520833335,
    "layer2.0.downsample.0.mape": 0.026488916015625,
    "layer2.0.downsample.0.mse": 0.004770112101236979,
    "layer2.0.downsample.0.rows": -1,
    "layer2.0.downsample.0.scaled_error": 0.005429476928710937,
    "layer2.0.downsample.0.scaled_shift": 0.0004518016815185547,
    "layer2.0.downsample.0.stored_array_size": 48,
    "layer2.1.conv1.C": 128,
    "layer2.1.conv1.H_size": 22528,
    "layer2.1.conv1.K": 16,
    "layer2.1.conv1.L_size": 1048576,
    "layer2.1.conv1.learned_a_shape": [
        1,
        261542
    ],
    "layer2.1.conv1.learned_b_shape": [
        261542,
        128
    ],
    "layer2.1.conv1.learned_d": 261542,
    "layer2.1.conv1.learned_m": 128,
    "layer2.1.conv1.learned_n": 1,
    "layer2.1.conv1.mae": 0.32802252604166665,
    "layer2.1.conv1.mape": 0.15269361979166668,
    "layer2.1.conv1.mse": 0.19291399739583334,
    "layer2.1.conv1.rows": -1,
    "layer2.1.conv1.scaled_error": 0.024177652994791667,
    "layer2.1.conv1.scaled_shift": 0.00411341552734375,
    "layer2.1.conv1.stored_array_size": 48,
    "layer2.1.conv2.C": 128,
    "layer2.1.conv2.H_size": 22528,
    "layer2.1.conv2.K": 16,
    "layer2.1.conv2.L_size": 1048576,
    "layer2.1.conv2.learned_a_shape": [
        1,
        261542
    ],
    "layer2.1.conv2.learned_b_shape": [
        261542,
        128
    ],
    "layer2.1.conv2.learned_d": 261542,
    "layer2.1.conv2.learned_m": 128,
    "layer2.1.conv2.learned_n": 1,
    "layer2.1.conv2.mae": 0.16928043619791666,
    "layer2.1.conv2.mape": 0.10826114908854166,
    "layer2.1.conv2.mse": 0.04793279622395833,
    "layer2.1.conv2.rows": -1,
    "layer2.1.conv2.scaled_error": 0.0309878173828125,
    "layer2.1.conv2.scaled_shift": 0.001085930887858073,
    "layer2.1.conv2.stored_array_size": 48,
    "layer3.0.conv1.C": 256,
    "layer3.0.conv1.H_size": 45056,
    "layer3.0.conv1.K": 16,
    "layer3.0.conv1.L_size": 4194304,
    "layer3.0.conv1.learned_a_shape": [
        1,
        261542
    ],
    "layer3.0.conv1.learned_b_shape": [
        261542,
        256
    ],
    "layer3.0.conv1.learned_d": 261542,
    "layer3.0.conv1.learned_m": 256,
    "layer3.0.conv1.learned_n": 1,
    "layer3.0.conv1.mae": 0.2574619140625,
    "layer3.0.conv1.mape": 0.12189205729166666,
    "layer3.0.conv1.mse": 0.11801858723958333,
    "layer3.0.conv1.rows": -1,
    "layer3.0.conv1.scaled_error": 0.02118730061848958,
    "layer3.0.conv1.scaled_shift": 0.00468841552734375,
    "layer3.0.conv1.stored_array_size": 48,
    "layer3.0.conv2.C": 256,
    "layer3.0.conv2.H_size": 45056,
    "layer3.0.conv2.K": 16,
    "layer3.0.conv2.L_size": 4194304,