{
    "halut_layers": "{\"layer2.3.conv3\": [32, 16, 16]}",
    "layer2.3.conv3.C": 32,
    "layer2.3.conv3.H_size": 5632,
    "layer2.3.conv3.K": 16,
    "layer2.3.conv3.L_size": 1048576,
    "layer2.3.conv3.learned_a_shape": [
        12544,
        128
    ],
    "layer2.3.conv3.learned_b_shape": [
        128,
        512
    ],
    "layer2.3.conv3.learned_d": 128,
    "layer2.3.conv3.learned_m": 512,
    "layer2.3.conv3.learned_n": 12544,
    "layer2.3.conv3.mae": 0.20923791616439819,
    "layer2.3.conv3.mape": 0.12620014795303344,
    "layer2.3.conv3.mse": 0.08374309097290039,
    "layer2.3.conv3.rows": 16,
    "layer2.3.conv3.scaled_error": 0.01290603994011879,
    "layer2.3.conv3.scaled_shift": -4.398939858694575e-05,
    "layer2.3.conv3.stored_array_size": 24,
    "top_1_accuracy": 0.8056199550628662,
    "top_5_accuracy": 0.9527199864387512,
    "total_time": 200.9645561184734
}