{
    "halut_layers": "{\"layer4.0.conv1\": [64, 64, 16]}",
    "layer4.0.conv1.C": 64,
    "layer4.0.conv1.H_size": 11264,
    "layer4.0.conv1.K": 16,
    "layer4.0.conv1.L_size": 2097152,
    "layer4.0.conv1.learned_a_shape": [
        12544,
        1024
    ],
    "layer4.0.conv1.learned_b_shape": [
        1024,
        512
    ],
    "layer4.0.conv1.learned_d": 1024,
    "layer4.0.conv1.learned_m": 512,
    "layer4.0.conv1.learned_n": 12544,
    "layer4.0.conv1.mae": 0.9927945069122315,
    "layer4.0.conv1.mape": 0.37184046127319337,
    "layer4.0.conv1.mse": 1.6836403660583497,
    "layer4.0.conv1.rows": 64,
    "layer4.0.conv1.scaled_error": 0.04671250901699066,
    "layer4.0.conv1.scaled_shift": 0.005973204570710659,
    "layer4.0.conv1.stored_array_size": 24,
    "top_1_accuracy": 0.6978600025177002,
    "top_5_accuracy": 0.9019599556922913,
    "total_time": 130.05063883960247
}