{
    "halut_layers": "{\"layer2.3.conv3\": [32, 64, 16]}",
    "layer2.3.conv3.C": 32,
    "layer2.3.conv3.H_size": 5632,
    "layer2.3.conv3.K": 16,
    "layer2.3.conv3.L_size": 1048576,
    "layer2.3.conv3.learned_a_shape": [
        50176,
        128
    ],
    "layer2.3.conv3.learned_b_shape": [
        128,
        512
    ],
    "layer2.3.conv3.learned_d": 128,
    "layer2.3.conv3.learned_m": 512,
    "layer2.3.conv3.learned_n": 50176,
    "layer2.3.conv3.mae": 0.20530930603027345,
    "layer2.3.conv3.mape": 0.12367026852607726,
    "layer2.3.conv3.mse": 0.08074635553836823,
    "layer2.3.conv3.rows": 64,
    "layer2.3.conv3.scaled_error": 0.0126630384349823,
    "layer2.3.conv3.scaled_shift": -2.3411128400221058e-06,
    "layer2.3.conv3.stored_array_size": 24,
    "top_1_accuracy": 0.8050999641418457,
    "top_5_accuracy": 0.9526000022888184,
    "total_time": 201.19976806081831
}