{
    "halut_layers": "{\"layer2.0.conv1\": [64, 64, 16]}",
    "layer2.0.conv1.C": 64,
    "layer2.0.conv1.H_size": 11264,
    "layer2.0.conv1.K": 16,
    "layer2.0.conv1.L_size": 524288,
    "layer2.0.conv1.learned_a_shape": [
        200704,
        256
    ],
    "layer2.0.conv1.learned_b_shape": [
        256,
        128
    ],
    "layer2.0.conv1.learned_d": 256,
    "layer2.0.conv1.learned_m": 128,
    "layer2.0.conv1.learned_n": 200704,
    "layer2.0.conv1.mae": 0.8302703128814697,
    "layer2.0.conv1.mape": 0.3062143944168091,
    "layer2.0.conv1.mse": 1.1840726609039307,
    "layer2.0.conv1.rows": 64,
    "layer2.0.conv1.scaled_error": 0.021003494176864625,
    "layer2.0.conv1.scaled_shift": -0.00022981268670817372,
    "layer2.0.conv1.stored_array_size": 24,
    "top_1_accuracy": 0.7992199659347534,
    "top_5_accuracy": 0.9495599865913391,
    "total_time": 235.21689180843532
}