{
    "halut_layers": "{\"layer4.1.conv1\": [16, 64, 16]}",
    "layer4.1.conv1.C": 16,
    "layer4.1.conv1.H_size": 2816,
    "layer4.1.conv1.K": 16,
    "layer4.1.conv1.L_size": 524288,
    "layer4.1.conv1.learned_a_shape": [
        3136,
        2048
    ],
    "layer4.1.conv1.learned_b_shape": [
        2048,
        512
    ],
    "layer4.1.conv1.learned_d": 2048,
    "layer4.1.conv1.learned_m": 512,
    "layer4.1.conv1.learned_n": 3136,
    "layer4.1.conv1.mae": 1.3215186337280274,
    "layer4.1.conv1.mape": 0.4756154417037964,
    "layer4.1.conv1.mse": 3.1726006838989256,
    "layer4.1.conv1.rows": 64,
    "layer4.1.conv1.scaled_error": 0.019186444051265718,
    "layer4.1.conv1.scaled_shift": 0.0027488500442681835,
    "layer4.1.conv1.stored_array_size": 24,
    "top_1_accuracy": 0.6455399990081787,
    "top_5_accuracy": 0.8451399803161621,
    "total_time": 105.88487928546965
}