{
    "halut_layers": "{\"layer4.0.conv3\": [16, 4, 16]}",
    "layer4.0.conv3.C": 16,
    "layer4.0.conv3.H_size": 2816,
    "layer4.0.conv3.K": 16,
    "layer4.0.conv3.L_size": 2097152,
    "layer4.0.conv3.learned_a_shape": [
        196,
        512
    ],
    "layer4.0.conv3.learned_b_shape": [
        512,
        2048
    ],
    "layer4.0.conv3.learned_d": 512,
    "layer4.0.conv3.learned_m": 2048,
    "layer4.0.conv3.learned_n": 196,
    "layer4.0.conv3.mae": 0.629927360534668,
    "layer4.0.conv3.mape": 0.3637321821594238,
    "layer4.0.conv3.mse": 0.6780319139862061,
    "layer4.0.conv3.rows": 4,
    "layer4.0.conv3.scaled_error": 0.05607287323474884,
    "layer4.0.conv3.scaled_shift": 0.0042356964535173024,
    "layer4.0.conv3.stored_array_size": 24,
    "top_1_accuracy": 0.4809799790382385,
    "top_5_accuracy": 0.7510199546813965,
    "total_time": 122.60947595909238
}