{
    "halut_layers": "{\"layer4.2.conv3\": [64, 256, 16]}",
    "layer4.2.conv3.C": 64,
    "layer4.2.conv3.H_size": 11264,
    "layer4.2.conv3.K": 16,
    "layer4.2.conv3.L_size": 8388608,
    "layer4.2.conv3.learned_a_shape": [
        12544,
        512
    ],
    "layer4.2.conv3.learned_b_shape": [
        512,
        2048
    ],
    "layer4.2.conv3.learned_d": 512,
    "layer4.2.conv3.learned_m": 2048,
    "layer4.2.conv3.learned_n": 12544,
    "layer4.2.conv3.mae": 0.22033756105422975,
    "layer4.2.conv3.mape": 0.1435302181148529,
    "layer4.2.conv3.mse": 0.10362233808994294,
    "layer4.2.conv3.rows": 256,
    "layer4.2.conv3.scaled_error": 0.04399099940776825,
    "layer4.2.conv3.scaled_shift": 0.03211393949627876,
    "layer4.2.conv3.stored_array_size": 24,
    "top_1_accuracy": 0.7968800067901611,
    "top_5_accuracy": 0.9484999775886536,
    "total_time": 122.45136348903179
}