{
    "halut_layers": "{\"layer1.1.conv3\": [32, 16, 16]}",
    "layer1.1.conv3.C": 32,
    "layer1.1.conv3.H_size": 5632,
    "layer1.1.conv3.K": 16,
    "layer1.1.conv3.L_size": 524288,
    "layer1.1.conv3.learned_a_shape": [
        50176,
        64
    ],
    "layer1.1.conv3.learned_b_shape": [
        64,
        256
    ],
    "layer1.1.conv3.learned_d": 64,
    "layer1.1.conv3.learned_m": 256,
    "layer1.1.conv3.learned_n": 50176,
    "layer1.1.conv3.mae": 0.2044710591506958,
    "layer1.1.conv3.mape": 0.09362796672821044,
    "layer1.1.conv3.mse": 0.08220922327518464,
    "layer1.1.conv3.rows": 16,
    "layer1.1.conv3.scaled_error": 0.012046259570121766,
    "layer1.1.conv3.scaled_shift": 7.608937665311714e-05,
    "layer1.1.conv3.stored_array_size": 24,
    "top_1_accuracy": 0.8065399527549744,
    "top_5_accuracy": 0.9538399577140808,
    "total_time": 307.2397333867848
}