{
    "halut_layers": "{\"layer1.1.conv3\": [64, 32, 16]}",
    "layer1.1.conv3.C": 64,
    "layer1.1.conv3.H_size": 11264,
    "layer1.1.conv3.K": 16,
    "layer1.1.conv3.L_size": 1048576,
    "layer1.1.conv3.learned_a_shape": [
        100352,
        64
    ],
    "layer1.1.conv3.learned_b_shape": [
        64,
        256
    ],
    "layer1.1.conv3.learned_d": 64,
    "layer1.1.conv3.learned_m": 256,
    "layer1.1.conv3.learned_n": 100352,
    "layer1.1.conv3.mae": 0.0562718103313446,
    "layer1.1.conv3.mape": 0.0256144101023674,
    "layer1.1.conv3.mse": 0.00699970211148262,
    "layer1.1.conv3.rows": 32,
    "layer1.1.conv3.scaled_error": 0.003313554200530052,
    "layer1.1.conv3.scaled_shift": 5.669966738205403e-05,
    "layer1.1.conv3.stored_array_size": 24,
    "top_1_accuracy": 0.8078999519348145,
    "top_5_accuracy": 0.954259991645813,
    "total_time": 344.2614590972662
}