{
    "halut_layers": "{\"layer4.2.conv3\": [32, 128, 16]}",
    "layer4.2.conv3.C": 32,
    "layer4.2.conv3.H_size": 5632,
    "layer4.2.conv3.K": 16,
    "layer4.2.conv3.L_size": 4194304,
    "layer4.2.conv3.learned_a_shape": [
        6272,
        512
    ],
    "layer4.2.conv3.learned_b_shape": [
        512,
        2048
    ],
    "layer4.2.conv3.learned_d": 512,
    "layer4.2.conv3.learned_m": 2048,
    "layer4.2.conv3.learned_n": 6272,
    "layer4.2.conv3.mae": 0.24732144386291505,
    "layer4.2.conv3.mape": 0.15995707529067993,
    "layer4.2.conv3.mse": 0.12897671551227569,
    "layer4.2.conv3.rows": 128,
    "layer4.2.conv3.scaled_error": 0.049412735681533815,
    "layer4.2.conv3.scaled_shift": 0.030763865743875504,
    "layer4.2.conv3.stored_array_size": 24,
    "top_1_accuracy": 0.7911799550056458,
    "top_5_accuracy": 0.945360004901886,
    "total_time": 118.8589554913342
}