{
    "halut_layers": "{\"layer3.1.conv1\": [256, -1, 16], \"layer3.0.downsample.0\": [64, -1, 16], \"layer3.0.conv2\": [256, -1, 16], \"layer3.0.conv1\": [256, -1, 16], \"layer2.1.conv2\": [128, -1, 16], \"layer2.1.conv1\": [128, -1, 16], \"layer2.0.downsample.0\": [64, -1, 16], \"layer2.0.conv2\": [128, -1, 16], \"layer2.0.conv1\": [128, -1, 16], \"layer1.1.conv2\": [64, -1, 16], \"layer1.1.conv1\": [64, -1, 16], \"layer1.0.conv2\": [64, -1, 16], \"layer1.0.conv1\": [64, -1, 16]}",
    "layer1.0.conv1.C": 64,
    "layer1.0.conv1.H_size": 11264,
    "layer1.0.conv1.K": 16,
    "layer1.0.conv1.L_size": 262144,
    "layer1.0.conv1.learned_a_shape": [
        1,
        261542
    ],
    "layer1.0.conv1.learned_b_shape": [
        261542,
        64
    ],
    "layer1.0.conv1.learned_d": 261542,
    "layer1.0.conv1.learned_m": 64,
    "layer1.0.conv1.learned_n": 1,
    "layer1.0.conv1.mae": 0.5011515625,
    "layer1.0.conv1.mape": 0.160490625,
    "layer1.0.conv1.mse": 0.72956328125,
    "layer1.0.conv1.rows": -1,
    "layer1.0.conv1.scaled_error": 0.00878426513671875,
    "layer1.0.conv1.scaled_shift": 0.0012636520385742188,
    "layer1.0.conv1.stored_array_size": 48,
    "layer1.0.conv2.C": 64,
    "layer1.0.conv2.H_size": 11264,
    "layer1.0.conv2.K": 16,
    "layer1.0.conv2.L_size": 262144,
    "layer1.0.conv2.learned_a_shape": [
        1,
        261542
    ],
    "layer1.0.conv2.learned_b_shape": [
        261542,
        64
    ],
    "layer1.0.conv2.learned_d": 261542,
    "layer1.0.conv2.learned_m": 64,
    "layer1.0.conv2.learned_n": 1,
    "layer1.0.conv2.mae": 0.268205078125,
    "layer1.0.conv2.mape": 0.1311880859375,
    "layer1.0.conv2.mse": 0.1642134765625,
    "layer1.0.conv2.rows": -1,
    "layer1.0.conv2.scaled_error": 0.01584658203125,
    "layer1.0.conv2.scaled_shift": 0.001268536376953125,
    "layer1.0.conv2.stored_array_size": 48,
    "layer1.1.conv1.C": 64,
    "layer1.1.conv1.H_size": 11264,
    "layer1.1.conv1.K": 16,
    "layer1.1.conv1.L_size": 262144,
    "layer1.1.conv1.learned_a_shape": [
        1,
        261542
    ],
    "layer1.1.conv1.learned_b_shape": [
        261542,
        64
    ],
    "layer1.1.conv1.learned_d": 261542,
    "layer1.1.conv1.learned_m": 64,
    "layer1.1.conv1.learned_n": 1,
    "layer1.1.conv1.mae": 0.473653125,
    "layer1.1.conv1.mape": 0.156557421875,
    "layer1.1.conv1.mse": 0.4795203125,
    "layer1.1.conv1.rows": -1,
    "layer1.1.conv1.scaled_error": 0.0229130126953125,
    "layer1.1.conv1.scaled_shift": 0.005379010009765625,
    "layer1.1.conv1.stored_array_size": 48,
    "layer1.1.conv2.C": 64,
    "layer1.1.conv2.H_size": 11264,
    "layer1.1.conv2.K": 16,
    "layer1.1.conv2.L_size": 262144,
    "layer1.1.conv2.learned_a_shape": [
        1,
        261542
    ],
    "layer1.1.conv2.learned_b_shape": [
        261542,
        64
    ],
    "layer1.1.conv2.learned_d": 261542,
    "layer1.1.conv2.learned_m": 64,
    "layer1.1.conv2.learned_n": 1,
    "layer1.1.conv2.mae": 0.2073529296875,
    "layer1.1.conv2.mape": 0.11186318359375,
    "layer1.1.conv2.mse": 0.085937109375,
    "layer1.1.conv2.rows": -1,
    "layer1.1.conv2.scaled_error": 0.019819482421875,
    "layer1.1.conv2.scaled_shift": 0.0010790756225585937,
    "layer1.1.conv2.stored_array_size": 48,
    "layer2.0.conv1.C": 128,
    "layer2.0.conv1.H_size": 22528,
    "layer2.0.conv1.K": 16,
    "layer2.0.conv1.L_size": 1048576,
    "layer2.0.conv1.learned_a_shape": [
        1,
        261542
    ],
    "layer2.0.conv1.learned_b_shape": [
        261542,
        128
    ],
    "layer2.0.conv1.learned_d": 261542,
    "layer2.0.conv1.learned_m": 128,
    "layer2.0.conv1.learned_n": 1,
    "layer2.0.conv1.mae": 0.3444046875,
    "layer2.0.conv1.mape": 0.129255859375,
    "layer2.0.conv1.mse": 0.245447265625,
    "layer2.0.conv1.rows": -1,
    "layer2.0.conv1.scaled_error": 0.01702470703125,
    "layer2.0.conv1.scaled_shift": 0.0023305419921875,
    "layer2.0.conv1.stored_array_size": 48,
    "layer2.0.conv2.C": 128,
    "layer2.0.conv2.H_size": 22528,
    "layer2.0.conv2.K": 16,
    "layer2.0.conv2.L_size": 1048576,
    "layer2.0.conv2.learned_a_shape": [
        1,
        261542
    ],
    "layer2.0.conv2.learned_b_shape": [
        261542,
        128
    ],
    "layer2.0.conv2.learned_d": 261542,
    "layer2.0.conv2.learned_m": 128,
    "layer2.0.conv2.learned_n": 1,
    "layer2.0.conv2.mae": 0.236869921875,
    "layer2.0.conv2.mape": 0.1288837890625,
    "layer2.0.conv2.mse": 0.10113681640625,
    "layer2.0.conv2.rows": -1,
    "layer2.0.conv2.scaled_error": 0.02936708984375,
    "layer2.0.conv2.scaled_shift": 0.005458367919921875,
    "layer2.0.conv2.stored_array_size": 48,
    "layer2.0.downsample.0.C": 64,
    "layer2.0.downsample.0.H_size": 11264,
    "layer2.0.downsample.0.K": 16,
    "layer2.0.downsample.0.L_size": 524288,
    "layer2.0.downsample.0.learned_a_shape": [
        1,
        261542
    ],
    "layer2.0.downsample.0.learned_b_shape": [
        261542,
        128
    ],
    "layer2.0.downsample.0.learned_d": 261542,
    "layer2.0.downsample.0.learned_m": 128,
    "layer2.0.downsample.0.learned_n": 1,
    "layer2.0.downsample.0.mae": 0.056142431640625,
    "layer2.0.downsample.0.mape": 0.0297260986328125,
    "layer2.0.downsample.0.mse": 0.00760589599609375,
    "layer2.0.downsample.0.rows": -1,
    "layer2.0.downsample.0.scaled_error": 0.005550189208984375,
    "layer2.0.downsample.0.scaled_shift": 0.0004177555084228516,
    "layer2.0.downsample.0.stored_array_size": 48,
    "layer2.1.conv1.C": 128,
    "layer2.1.conv1.H_size": 22528,
    "layer2.1.conv1.K": 16,
    "layer2.1.conv1.L_size": 1048576,
    "layer2.1.conv1.learned_a_shape": [
        1,
        261542
    ],
    "layer2.1.conv1.learned_b_shape": [
        261542,
        128
    ],
    "layer2.1.conv1.learned_d": 261542,
    "layer2.1.conv1.learned_m": 128,
    "layer2.1.conv1.learned_n": 1,
    "layer2.1.conv1.mae": 0.38913125,
    "layer2.1.conv1.mape": 0.16805078125,
    "layer2.1.conv1.mse": 0.27312578125,
    "layer2.1.conv1.rows": -1,
    "layer2.1.conv1.scaled_error": 0.02663544921875,
    "layer2.1.conv1.scaled_shift": 0.0053293701171875,
    "layer2.1.conv1.stored_array_size": 48,
    "layer2.1.conv2.C": 128,
    "layer2.1.conv2.H_size": 22528,
    "layer2.1.conv2.K": 16,
    "layer2.1.conv2.L_size": 1048576,
    "layer2.1.conv2.learned_a_shape": [
        1,
        261542
    ],
    "layer2.1.conv2.learned_b_shape": [
        261542,
        128
    ],
    "layer2.1.conv2.learned_d": 261542,
    "layer2.1.conv2.learned_m": 128,
    "layer2.1.conv2.learned_n": 1,
    "layer2.1.conv2.mae": 0.17074140625,
    "layer2.1.conv2.mape": 0.11031640625,
    "layer2.1.conv2.mse": 0.04881689453125,
    "layer2.1.conv2.rows": -1,
    "layer2.1.conv2.scaled_error": 0.0300976806640625,
    "layer2.1.conv2.scaled_shift": 0.0005829826354980469,
    "layer2.1.conv2.stored_array_size": 48,
    "layer3.0.conv1.C": 256,
    "layer3.0.conv1.H_size": 45056,
    "layer3.0.conv1.K": 16,
    "layer3.0.conv1.L_size": 4194304,
    "layer3.0.conv1.learned_a_shape": [
        1,
        261542
    ],
    "layer3.0.conv1.learned_b_shape": [
        261542,
        256
    ],
    "layer3.0.conv1.learned_d": 261542,
    "layer3.0.conv1.learned_m": 256,
    "layer3.0.conv1.learned_n": 1,
    "layer3.0.conv1.mae": 0.291621875,
    "layer3.0.conv1.mape": 0.1325921875,
    "layer3.0.conv1.mse": 0.15299296875,
    "layer3.0.conv1.rows": -1,
    "layer3.0.conv1.scaled_error": 0.0232606201171875,
    "layer3.0.conv1.scaled_shift": 0.004733355712890625,
    "layer3.0.conv1.stored_array_size": 48,
    "layer3.0.conv2.C": 256,
    "layer3.0.conv2.H_size": 45056,
    "layer3.0.conv2.K": 16,
    "layer3.0.conv2.L_size": 4194304,
    "layer3.0.conv2.learned_a_shape": [
        1,
        261542
    ],
    "layer3.0.conv2.learned_b_shape": [
        261542,
        256
    ],
    "layer3.0.conv2.learned_d": 261542,
    "layer3.0.conv2.learned_m": 256,