{
    "halut_layers": "{\"layer4.0.downsample.0\": [64, -1, 16], \"layer4.0.conv2\": [512, -1, 16], \"layer4.0.conv1\": [512, -1, 16], \"layer3.1.conv2\": [256, -1, 16], \"layer3.1.conv1\": [256, -1, 16], \"layer3.0.downsample.0\": [64, -1, 16], \"layer3.0.conv2\": [256, -1, 16], \"layer3.0.conv1\": [256, -1, 16], \"layer2.1.conv2\": [128, -1, 16], \"layer2.1.conv1\": [128, -1, 16], \"layer2.0.downsample.0\": [64, -1, 16], \"layer2.0.conv2\": [128, -1, 16], \"layer2.0.conv1\": [128, -1, 16], \"layer1.1.conv2\": [64, -1, 16], \"layer1.1.conv1\": [64, -1, 16], \"layer1.0.conv2\": [64, -1, 16], \"layer1.0.conv1\": [64, -1, 16]}",
    "layer1.0.conv1.C": 64,
    "layer1.0.conv1.H_size": 11264,
    "layer1.0.conv1.K": 16,
    "layer1.0.conv1.L_size": 262144,
    "layer1.0.conv1.learned_a_shape": [
        1,
        261542
    ],
    "layer1.0.conv1.learned_b_shape": [
        261542,
        64
    ],
    "layer1.0.conv1.learned_d": 261542,
    "layer1.0.conv1.learned_m": 64,
    "layer1.0.conv1.learned_n": 1,
    "layer1.0.conv1.mae": 0.40957760416666666,
    "layer1.0.conv1.mape": 0.14657194010416666,
    "layer1.0.conv1.mse": 0.46074869791666667,
    "layer1.0.conv1.rows": -1,
    "layer1.0.conv1.scaled_error": 0.007726029459635416,
    "layer1.0.conv1.scaled_shift": 0.0006675933837890625,
    "layer1.0.conv1.stored_array_size": 48,
    "layer1.0.conv2.C": 64,
    "layer1.0.conv2.H_size": 11264,
    "layer1.0.conv2.K": 16,
    "layer1.0.conv2.L_size": 262144,
    "layer1.0.conv2.learned_a_shape": [
        1,
        261542
    ],
    "layer1.0.conv2.learned_b_shape": [
        261542,
        64
    ],
    "layer1.0.conv2.learned_d": 261542,
    "layer1.0.conv2.learned_m": 64,
    "layer1.0.conv2.learned_n": 1,
    "layer1.0.conv2.mae": 0.22486139322916668,
    "layer1.0.conv2.mape": 0.11835784505208333,
    "layer1.0.conv2.mse": 0.11117731119791667,
    "layer1.0.conv2.rows": -1,
    "layer1.0.conv2.scaled_error": 0.014735489908854166,
    "layer1.0.conv2.scaled_shift": 0.0009427302042643229,
    "layer1.0.conv2.stored_array_size": 48,
    "layer1.1.conv1.C": 64,
    "layer1.1.conv1.H_size": 11264,
    "layer1.1.conv1.K": 16,
    "layer1.1.conv1.L_size": 262144,
    "layer1.1.conv1.learned_a_shape": [
        1,
        261542
    ],
    "layer1.1.conv1.learned_b_shape": [
        261542,
        64
    ],
    "layer1.1.conv1.learned_d": 261542,
    "layer1.1.conv1.learned_m": 64,
    "layer1.1.conv1.learned_n": 1,
    "layer1.1.conv1.mae": 0.38487526041666664,
    "layer1.1.conv1.mape": 0.14261048177083332,
    "layer1.1.conv1.mse": 0.28969856770833335,
    "layer1.1.conv1.rows": -1,
    "layer1.1.conv1.scaled_error": 0.02078092041015625,
    "layer1.1.conv1.scaled_shift": 0.003096705118815104,
    "layer1.1.conv1.stored_array_size": 48,
    "layer1.1.conv2.C": 64,
    "layer1.1.conv2.H_size": 11264,
    "layer1.1.conv2.K": 16,
    "layer1.1.conv2.L_size": 262144,
    "layer1.1.conv2.learned_a_shape": [
        1,
        261542
    ],
    "layer1.1.conv2.learned_b_shape": [
        261542,
        64
    ],
    "layer1.1.conv2.learned_d": 261542,
    "layer1.1.conv2.learned_m": 64,
    "layer1.1.conv2.learned_n": 1,
    "layer1.1.conv2.mae": 0.17737630208333333,
    "layer1.1.conv2.mape": 0.10182412109375,
    "layer1.1.conv2.mse": 0.061828662109375,
    "layer1.1.conv2.rows": -1,
    "layer1.1.conv2.scaled_error": 0.01721634521484375,
    "layer1.1.conv2.scaled_shift": 0.0004989134788513183,
    "layer1.1.conv2.stored_array_size": 48,
    "layer2.0.conv1.C": 128,
    "layer2.0.conv1.H_size": 22528,
    "layer2.0.conv1.K": 16,
    "layer2.0.conv1.L_size": 1048576,
    "layer2.0.conv1.learned_a_shape": [
        1,
        261542
    ],
    "layer2.0.conv1.learned_b_shape": [
        261542,
        128
    ],
    "layer2.0.conv1.learned_d": 261542,
    "layer2.0.conv1.learned_m": 128,
    "layer2.0.conv1.learned_n": 1,
    "layer2.0.conv1.mae": 0.2748013671875,
    "layer2.0.conv1.mape": 0.11566848958333334,
    "layer2.0.conv1.mse": 0.14520432942708333,
    "layer2.0.conv1.rows": -1,
    "layer2.0.conv1.scaled_error": 0.014042167154947917,
    "layer2.0.conv1.scaled_shift": 0.0011998067220052083,
    "layer2.0.conv1.stored_array_size": 48,
    "layer2.0.conv2.C": 128,
    "layer2.0.conv2.H_size": 22528,
    "layer2.0.conv2.K": 16,
    "layer2.0.conv2.L_size": 1048576,
    "layer2.0.conv2.learned_a_shape": [
        1,
        261542
    ],
    "layer2.0.conv2.learned_b_shape": [
        261542,
        128
    ],
    "layer2.0.conv2.learned_d": 261542,
    "layer2.0.conv2.learned_m": 128,
    "layer2.0.conv2.learned_n": 1,
    "layer2.0.conv2.mae": 0.20394033203125,
    "layer2.0.conv2.mape": 0.11600550130208333,
    "layer2.0.conv2.mse": 0.07424664713541666,
    "layer2.0.conv2.rows": -1,
    "layer2.0.conv2.scaled_error": 0.026892195638020835,
    "layer2.0.conv2.scaled_shift": 0.004592528279622396,
    "layer2.0.conv2.stored_array_size": 48,
    "layer2.0.downsample.0.C": 64,
    "layer2.0.downsample.0.H_size": 11264,
    "layer2.0.downsample.0.K": 16,
    "layer2.0.downsample.0.L_size": 524288,
    "layer2.0.downsample.0.learned_a_shape": [
        1,
        261542
    ],
    "layer2.0.downsample.0.learned_b_shape": [
        261542,
        128
    ],
    "layer2.0.downsample.0.learned_d": 261542,
    "layer2.0.downsample.0.learned_m": 128,
    "layer2.0.downsample.0.learned_n": 1,
    "layer2.0.downsample.0.mae": 0.04899151204427083,
    "layer2.0.downsample.0.mape": 0.027502775065104165,
    "layer2.0.downsample.0.mse": 0.005199973551432291,
    "layer2.0.downsample.0.rows": -1,
    "layer2.0.downsample.0.scaled_error": 0.005637601725260417,
    "layer2.0.downsample.0.scaled_shift": 0.0004954630533854167,
    "layer2.0.downsample.0.stored_array_size": 48,
    "layer2.1.conv1.C": 128,
    "layer2.1.conv1.H_size": 22528,
    "layer2.1.conv1.K": 16,
    "layer2.1.conv1.L_size": 1048576,
    "layer2.1.conv1.learned_a_shape": [
        1,
        261542
    ],
    "layer2.1.conv1.learned_b_shape": [
        261542,
        128
    ],
    "layer2.1.conv1.learned_d": 261542,
    "layer2.1.conv1.learned_m": 128,
    "layer2.1.conv1.learned_n": 1,
    "layer2.1.conv1.mae": 0.32746432291666666,
    "layer2.1.conv1.mape": 0.15285283203125,
    "layer2.1.conv1.mse": 0.19234303385416668,
    "layer2.1.conv1.rows": -1,
    "layer2.1.conv1.scaled_error": 0.024014034016927085,
    "layer2.1.conv1.scaled_shift": 0.004003875732421875,
    "layer2.1.conv1.stored_array_size": 48,
    "layer2.1.conv2.C": 128,
    "layer2.1.conv2.H_size": 22528,
    "layer2.1.conv2.K": 16,
    "layer2.1.conv2.L_size": 1048576,
    "layer2.1.conv2.learned_a_shape": [
        1,
        261542
    ],
    "layer2.1.conv2.learned_b_shape": [
        261542,
        128
    ],
    "layer2.1.conv2.learned_d": 261542,
    "layer2.1.conv2.learned_m": 128,
    "layer2.1.conv2.learned_n": 1,
    "layer2.1.conv2.mae": 0.16973792317708333,
    "layer2.1.conv2.mape": 0.1084373046875,
    "layer2.1.conv2.mse": 0.048243929036458334,
    "layer2.1.conv2.rows": -1,
    "layer2.1.conv2.scaled_error": 0.030909342447916665,
    "layer2.1.conv2.scaled_shift": 0.0011560662587483724,
    "layer2.1.conv2.stored_array_size": 48,
    "layer3.0.conv1.C": 256,
    "layer3.0.conv1.H_size": 45056,
    "layer3.0.conv1.K": 16,
    "layer3.0.conv1.L_size": 4194304,
    "layer3.0.conv1.learned_a_shape": [
        1,
        261542
    ],
    "layer3.0.conv1.learned_b_shape": [
        261542,
        256
    ],
    "layer3.0.conv1.learned_d": 261542,
    "layer3.0.conv1.learned_m": 256,
    "layer3.0.conv1.learned_n": 1,
    "layer3.0.conv1.mae": 0.25629674479166664,
    "layer3.0.conv1.mape": 0.12166637369791666,
    "layer3.0.conv1.mse": 0.11686217447916666,
    "layer3.0.conv1.rows": -1,
    "layer3.0.conv1.scaled_error": 0.02121815185546875,
    "layer3.0.conv1.scaled_shift": 0.004584233601888021,
    "layer3.0.conv1.stored_array_size": 48,
    "layer3.0.conv2.C": 256,
    "layer3.0.conv2.H_size": 45056,