{
    "halut_layers": "{\"layer2.1.conv2\": [128, -1, 16], \"layer2.1.conv1\": [128, -1, 16], \"layer2.0.downsample.0\": [64, -1, 16], \"layer2.0.conv2\": [128, -1, 16], \"layer2.0.conv1\": [128, -1, 16], \"layer1.1.conv2\": [64, -1, 16], \"layer1.1.conv1\": [64, -1, 16], \"layer1.0.conv2\": [64, -1, 16], \"layer1.0.conv1\": [64, -1, 16]}",
    "layer1.0.conv1.C": 64,
    "layer1.0.conv1.H_size": 11264,
    "layer1.0.conv1.K": 16,
    "layer1.0.conv1.L_size": 262144,
    "layer1.0.conv1.learned_a_shape": [
        1,
        261542
    ],
    "layer1.0.conv1.learned_b_shape": [
        261542,
        64
    ],
    "layer1.0.conv1.learned_d": 261542,
    "layer1.0.conv1.learned_m": 64,
    "layer1.0.conv1.learned_n": 1,
    "layer1.0.conv1.mae": 0.3934235677083333,
    "layer1.0.conv1.mape": 0.13389261067708333,
    "layer1.0.conv1.mse": 0.46180533854166667,
    "layer1.0.conv1.rows": -1,
    "layer1.0.conv1.scaled_error": 0.006850492350260417,
    "layer1.0.conv1.scaled_shift": 0.0005019569714864095,
    "layer1.0.conv1.stored_array_size": 48,
    "layer1.0.conv2.C": 64,
    "layer1.0.conv2.H_size": 11264,
    "layer1.0.conv2.K": 16,
    "layer1.0.conv2.L_size": 262144,
    "layer1.0.conv2.learned_a_shape": [
        1,
        261542
    ],
    "layer1.0.conv2.learned_b_shape": [
        261542,
        64
    ],
    "layer1.0.conv2.learned_d": 261542,
    "layer1.0.conv2.learned_m": 64,
    "layer1.0.conv2.learned_n": 1,
    "layer1.0.conv2.mae": 0.2259984375,
    "layer1.0.conv2.mape": 0.1163533203125,
    "layer1.0.conv2.mse": 0.11290361328125,
    "layer1.0.conv2.rows": -1,
    "layer1.0.conv2.scaled_error": 0.014391434733072916,
    "layer1.0.conv2.scaled_shift": 0.0009511993408203125,
    "layer1.0.conv2.stored_array_size": 48,
    "layer1.1.conv1.C": 64,
    "layer1.1.conv1.H_size": 11264,
    "layer1.1.conv1.K": 16,
    "layer1.1.conv1.L_size": 262144,
    "layer1.1.conv1.learned_a_shape": [
        1,
        261542
    ],
    "layer1.1.conv1.learned_b_shape": [
        261542,
        64
    ],
    "layer1.1.conv1.learned_d": 261542,
    "layer1.1.conv1.learned_m": 64,
    "layer1.1.conv1.learned_n": 1,
    "layer1.1.conv1.mae": 0.37109694010416666,
    "layer1.1.conv1.mape": 0.13416640625,
    "layer1.1.conv1.mse": 0.2836436197916667,
    "layer1.1.conv1.rows": -1,
    "layer1.1.conv1.scaled_error": 0.019719563802083333,
    "layer1.1.conv1.scaled_shift": 0.002989019775390625,
    "layer1.1.conv1.stored_array_size": 48,
    "layer1.1.conv2.C": 64,
    "layer1.1.conv2.H_size": 11264,
    "layer1.1.conv2.K": 16,
    "layer1.1.conv2.L_size": 262144,
    "layer1.1.conv2.learned_a_shape": [
        1,
        261542
    ],
    "layer1.1.conv2.learned_b_shape": [
        261542,
        64
    ],
    "layer1.1.conv2.learned_d": 261542,
    "layer1.1.conv2.learned_m": 64,
    "layer1.1.conv2.learned_n": 1,
    "layer1.1.conv2.mae": 0.17389733072916666,
    "layer1.1.conv2.mape": 0.09916075846354167,
    "layer1.1.conv2.mse": 0.058960205078125,
    "layer1.1.conv2.rows": -1,
    "layer1.1.conv2.scaled_error": 0.017556929524739584,
    "layer1.1.conv2.scaled_shift": 0.00045397046407063803,
    "layer1.1.conv2.stored_array_size": 48,
    "layer2.0.conv1.C": 128,
    "layer2.0.conv1.H_size": 22528,
    "layer2.0.conv1.K": 16,
    "layer2.0.conv1.L_size": 1048576,
    "layer2.0.conv1.learned_a_shape": [
        1,
        261542
    ],
    "layer2.0.conv1.learned_b_shape": [
        261542,
        128
    ],
    "layer2.0.conv1.learned_d": 261542,
    "layer2.0.conv1.learned_m": 128,
    "layer2.0.conv1.learned_n": 1,
    "layer2.0.conv1.mae": 0.2811119791666667,
    "layer2.0.conv1.mape": 0.11344313151041667,
    "layer2.0.conv1.mse": 0.15563704427083333,
    "layer2.0.conv1.rows": -1,
    "layer2.0.conv1.scaled_error": 0.013370780436197917,
    "layer2.0.conv1.scaled_shift": 0.0012302749633789063,
    "layer2.0.conv1.stored_array_size": 48,
    "layer2.0.conv2.C": 128,
    "layer2.0.conv2.H_size": 22528,
    "layer2.0.conv2.K": 16,
    "layer2.0.conv2.L_size": 1048576,
    "layer2.0.conv2.learned_a_shape": [
        1,
        261542
    ],
    "layer2.0.conv2.learned_b_shape": [
        261542,
        128
    ],
    "layer2.0.conv2.learned_d": 261542,
    "layer2.0.conv2.learned_m": 128,
    "layer2.0.conv2.learned_n": 1,
    "layer2.0.conv2.mae": 0.20275439453125,
    "layer2.0.conv2.mape": 0.11452991536458333,
    "layer2.0.conv2.mse": 0.07362478841145834,
    "layer2.0.conv2.rows": -1,
    "layer2.0.conv2.scaled_error": 0.02598707275390625,
    "layer2.0.conv2.scaled_shift": 0.004461353556315105,
    "layer2.0.conv2.stored_array_size": 48,
    "layer2.0.downsample.0.C": 64,
    "layer2.0.downsample.0.H_size": 11264,
    "layer2.0.downsample.0.K": 16,
    "layer2.0.downsample.0.L_size": 524288,
    "layer2.0.downsample.0.learned_a_shape": [
        1,
        261542
    ],
    "layer2.0.downsample.0.learned_b_shape": [
        261542,
        128
    ],
    "layer2.0.downsample.0.learned_d": 261542,
    "layer2.0.downsample.0.learned_m": 128,
    "layer2.0.downsample.0.learned_n": 1,
    "layer2.0.downsample.0.mae": 0.05119203287760417,
    "layer2.0.downsample.0.mape": 0.028157137044270832,
    "layer2.0.downsample.0.mse": 0.005763730875651042,
    "layer2.0.downsample.0.rows": -1,
    "layer2.0.downsample.0.scaled_error": 0.00547191162109375,
    "layer2.0.downsample.0.scaled_shift": 0.0004930758158365885,
    "layer2.0.downsample.0.stored_array_size": 48,
    "layer2.1.conv1.C": 128,
    "layer2.1.conv1.H_size": 22528,
    "layer2.1.conv1.K": 16,
    "layer2.1.conv1.L_size": 1048576,
    "layer2.1.conv1.learned_a_shape": [
        1,
        261542
    ],
    "layer2.1.conv1.learned_b_shape": [
        261542,
        128
    ],
    "layer2.1.conv1.learned_d": 261542,
    "layer2.1.conv1.learned_m": 128,
    "layer2.1.conv1.learned_n": 1,
    "layer2.1.conv1.mae": 0.325178125,
    "layer2.1.conv1.mape": 0.15206497395833332,
    "layer2.1.conv1.mse": 0.19042063802083334,
    "layer2.1.conv1.rows": -1,
    "layer2.1.conv1.scaled_error": 0.023780110677083334,
    "layer2.1.conv1.scaled_shift": 0.00402308349609375,
    "layer2.1.conv1.stored_array_size": 48,
    "layer2.1.conv2.C": 128,
    "layer2.1.conv2.H_size": 22528,
    "layer2.1.conv2.K": 16,
    "layer2.1.conv2.L_size": 1048576,
    "layer2.1.conv2.learned_a_shape": [
        1,
        261542
    ],
    "layer2.1.conv2.learned_b_shape": [
        261542,
        128
    ],
    "layer2.1.conv2.learned_d": 261542,
    "layer2.1.conv2.learned_m": 128,
    "layer2.1.conv2.learned_n": 1,
    "layer2.1.conv2.mae": 0.171308984375,
    "layer2.1.conv2.mape": 0.1100599609375,
    "layer2.1.conv2.mse": 0.0492427734375,
    "layer2.1.conv2.rows": -1,
    "layer2.1.conv2.scaled_error": 0.027420849609375,
    "layer2.1.conv2.scaled_shift": 0.0005243896484375,
    "layer2.1.conv2.stored_array_size": 48,
    "top_1_accuracy": 88.89000263671875,
    "top_5_accuracy": 99.65000074462891
}