{
    "halut_layers": "{\"layer2.1.conv1\": [128, -1, 16], \"layer2.0.downsample.0\": [64, -1, 16], \"layer2.0.conv2\": [128, -1, 16], \"layer2.0.conv1\": [128, -1, 16], \"layer1.1.conv2\": [64, -1, 16], \"layer1.1.conv1\": [64, -1, 16], \"layer1.0.conv2\": [64, -1, 16], \"layer1.0.conv1\": [64, -1, 16]}",
    "layer1.0.conv1.C": 64,
    "layer1.0.conv1.H_size": 11264,
    "layer1.0.conv1.K": 16,
    "layer1.0.conv1.L_size": 262144,
    "layer1.0.conv1.learned_a_shape": [
        1,
        261542
    ],
    "layer1.0.conv1.learned_b_shape": [
        261542,
        64
    ],
    "layer1.0.conv1.learned_d": 261542,
    "layer1.0.conv1.learned_m": 64,
    "layer1.0.conv1.learned_n": 1,
    "layer1.0.conv1.mae": 0.49835078125,
    "layer1.0.conv1.mape": 0.1566822265625,
    "layer1.0.conv1.mse": 0.7242140625,
    "layer1.0.conv1.rows": -1,
    "layer1.0.conv1.scaled_error": 0.00852733154296875,
    "layer1.0.conv1.scaled_shift": 0.0011534713745117188,
    "layer1.0.conv1.stored_array_size": 48,
    "layer1.0.conv2.C": 64,
    "layer1.0.conv2.H_size": 11264,
    "layer1.0.conv2.K": 16,
    "layer1.0.conv2.L_size": 262144,
    "layer1.0.conv2.learned_a_shape": [
        1,
        261542
    ],
    "layer1.0.conv2.learned_b_shape": [
        261542,
        64
    ],
    "layer1.0.conv2.learned_d": 261542,
    "layer1.0.conv2.learned_m": 64,
    "layer1.0.conv2.learned_n": 1,
    "layer1.0.conv2.mae": 0.264451171875,
    "layer1.0.conv2.mape": 0.1287380859375,
    "layer1.0.conv2.mse": 0.1568943359375,
    "layer1.0.conv2.rows": -1,
    "layer1.0.conv2.scaled_error": 0.015850732421875,
    "layer1.0.conv2.scaled_shift": 0.0012377426147460937,
    "layer1.0.conv2.stored_array_size": 48,
    "layer1.1.conv1.C": 64,
    "layer1.1.conv1.H_size": 11264,
    "layer1.1.conv1.K": 16,
    "layer1.1.conv1.L_size": 262144,
    "layer1.1.conv1.learned_a_shape": [
        1,
        261542
    ],
    "layer1.1.conv1.learned_b_shape": [
        261542,
        64
    ],
    "layer1.1.conv1.learned_d": 261542,
    "layer1.1.conv1.learned_m": 64,
    "layer1.1.conv1.learned_n": 1,
    "layer1.1.conv1.mae": 0.470872265625,
    "layer1.1.conv1.mape": 0.1535046875,
    "layer1.1.conv1.mse": 0.48604296875,
    "layer1.1.conv1.rows": -1,
    "layer1.1.conv1.scaled_error": 0.022973583984375,
    "layer1.1.conv1.scaled_shift": 0.004926727294921875,
    "layer1.1.conv1.stored_array_size": 48,
    "layer1.1.conv2.C": 64,
    "layer1.1.conv2.H_size": 11264,
    "layer1.1.conv2.K": 16,
    "layer1.1.conv2.L_size": 262144,
    "layer1.1.conv2.learned_a_shape": [
        1,
        261542
    ],
    "layer1.1.conv2.learned_b_shape": [
        261542,
        64
    ],
    "layer1.1.conv2.learned_d": 261542,
    "layer1.1.conv2.learned_m": 64,
    "layer1.1.conv2.learned_n": 1,
    "layer1.1.conv2.mae": 0.198716015625,
    "layer1.1.conv2.mape": 0.10805087890625,
    "layer1.1.conv2.mse": 0.07813359375,
    "layer1.1.conv2.rows": -1,
    "layer1.1.conv2.scaled_error": 0.0198598388671875,
    "layer1.1.conv2.scaled_shift": 0.000983807373046875,
    "layer1.1.conv2.stored_array_size": 48,
    "layer2.0.conv1.C": 128,
    "layer2.0.conv1.H_size": 22528,
    "layer2.0.conv1.K": 16,
    "layer2.0.conv1.L_size": 1048576,
    "layer2.0.conv1.learned_a_shape": [
        1,
        261542
    ],
    "layer2.0.conv1.learned_b_shape": [
        261542,
        128
    ],
    "layer2.0.conv1.learned_d": 261542,
    "layer2.0.conv1.learned_m": 128,
    "layer2.0.conv1.learned_n": 1,
    "layer2.0.conv1.mae": 0.35346875,
    "layer2.0.conv1.mape": 0.12800546875,
    "layer2.0.conv1.mse": 0.262273046875,
    "layer2.0.conv1.rows": -1,
    "layer2.0.conv1.scaled_error": 0.0161998779296875,
    "layer2.0.conv1.scaled_shift": 0.002373773193359375,
    "layer2.0.conv1.stored_array_size": 48,
    "layer2.0.conv2.C": 128,
    "layer2.0.conv2.H_size": 22528,
    "layer2.0.conv2.K": 16,
    "layer2.0.conv2.L_size": 1048576,
    "layer2.0.conv2.learned_a_shape": [
        1,
        261542
    ],
    "layer2.0.conv2.learned_b_shape": [
        261542,
        128
    ],
    "layer2.0.conv2.learned_d": 261542,
    "layer2.0.conv2.learned_m": 128,
    "layer2.0.conv2.learned_n": 1,
    "layer2.0.conv2.mae": 0.2298142578125,
    "layer2.0.conv2.mape": 0.1255587890625,
    "layer2.0.conv2.mse": 0.09468681640625,
    "layer2.0.conv2.rows": -1,
    "layer2.0.conv2.scaled_error": 0.0286768310546875,
    "layer2.0.conv2.scaled_shift": 0.005306536865234375,
    "layer2.0.conv2.stored_array_size": 48,
    "layer2.0.downsample.0.C": 64,
    "layer2.0.downsample.0.H_size": 11264,
    "layer2.0.downsample.0.K": 16,
    "layer2.0.downsample.0.L_size": 524288,
    "layer2.0.downsample.0.learned_a_shape": [
        1,
        261542
    ],
    "layer2.0.downsample.0.learned_b_shape": [
        261542,
        128
    ],
    "layer2.0.downsample.0.learned_d": 261542,
    "layer2.0.downsample.0.learned_m": 128,
    "layer2.0.downsample.0.learned_n": 1,
    "layer2.0.downsample.0.mae": 0.058371630859375,
    "layer2.0.downsample.0.mape": 0.03055244140625,
    "layer2.0.downsample.0.mse": 0.008129443359375,
    "layer2.0.downsample.0.rows": -1,
    "layer2.0.downsample.0.scaled_error": 0.00548033447265625,
    "layer2.0.downsample.0.scaled_shift": 0.00043259735107421875,
    "layer2.0.downsample.0.stored_array_size": 48,
    "layer2.1.conv1.C": 128,
    "layer2.1.conv1.H_size": 22528,
    "layer2.1.conv1.K": 16,
    "layer2.1.conv1.L_size": 1048576,
    "layer2.1.conv1.learned_a_shape": [
        1,
        261542
    ],
    "layer2.1.conv1.learned_b_shape": [
        261542,
        128
    ],
    "layer2.1.conv1.learned_d": 261542,
    "layer2.1.conv1.learned_m": 128,
    "layer2.1.conv1.learned_n": 1,
    "layer2.1.conv1.mae": 0.377025,
    "layer2.1.conv1.mape": 0.165596875,
    "layer2.1.conv1.mse": 0.257053515625,
    "layer2.1.conv1.rows": -1,
    "layer2.1.conv1.scaled_error": 0.025717578125,
    "layer2.1.conv1.scaled_shift": 0.00493565673828125,
    "layer2.1.conv1.stored_array_size": 48,
    "top_1_accuracy": 89.85000245361329,
    "top_5_accuracy": 99.7300006591797
}