{
    "halut_layers": "{\"layer4.1.conv2\": [512, -1, 16], \"layer4.1.conv1\": [512, -1, 16], \"layer4.0.downsample.0\": [64, -1, 16], \"layer4.0.conv2\": [512, -1, 16], \"layer4.0.conv1\": [512, -1, 16], \"layer3.1.conv2\": [256, -1, 16], \"layer3.1.conv1\": [256, -1, 16], \"layer3.0.downsample.0\": [64, -1, 16], \"layer3.0.conv2\": [256, -1, 16], \"layer3.0.conv1\": [256, -1, 16], \"layer2.1.conv2\": [128, -1, 16], \"layer2.1.conv1\": [128, -1, 16], \"layer2.0.downsample.0\": [64, -1, 16], \"layer2.0.conv2\": [128, -1, 16], \"layer2.0.conv1\": [128, -1, 16], \"layer1.1.conv2\": [64, -1, 16], \"layer1.1.conv1\": [64, -1, 16], \"layer1.0.conv2\": [64, -1, 16], \"layer1.0.conv1\": [64, -1, 16]}",
    "layer1.0.conv1.C": 64,
    "layer1.0.conv1.H_size": 11264,
    "layer1.0.conv1.K": 16,
    "layer1.0.conv1.L_size": 262144,
    "layer1.0.conv1.learned_a_shape": [
        1,
        261542
    ],
    "layer1.0.conv1.learned_b_shape": [
        261542,
        64
    ],
    "layer1.0.conv1.learned_d": 261542,
    "layer1.0.conv1.learned_m": 64,
    "layer1.0.conv1.learned_n": 1,
    "layer1.0.conv1.mae": 0.4090029947916667,
    "layer1.0.conv1.mape": 0.1429330078125,
    "layer1.0.conv1.mse": 0.47243671875,
    "layer1.0.conv1.rows": -1,
    "layer1.0.conv1.scaled_error": 0.007364088948567708,
    "layer1.0.conv1.scaled_shift": 0.0007467079162597656,
    "layer1.0.conv1.stored_array_size": 48,
    "layer1.0.conv2.C": 64,
    "layer1.0.conv2.H_size": 11264,
    "layer1.0.conv2.K": 16,
    "layer1.0.conv2.L_size": 262144,
    "layer1.0.conv2.learned_a_shape": [
        1,
        261542
    ],
    "layer1.0.conv2.learned_b_shape": [
        261542,
        64
    ],
    "layer1.0.conv2.learned_d": 261542,
    "layer1.0.conv2.learned_m": 64,
    "layer1.0.conv2.learned_n": 1,
    "layer1.0.conv2.mae": 0.2271845703125,
    "layer1.0.conv2.mape": 0.11842815755208333,
    "layer1.0.conv2.mse": 0.11445891927083333,
    "layer1.0.conv2.rows": -1,
    "layer1.0.conv2.scaled_error": 0.014471024576822917,
    "layer1.0.conv2.scaled_shift": 0.001023259989420573,
    "layer1.0.conv2.stored_array_size": 48,
    "layer1.1.conv1.C": 64,
    "layer1.1.conv1.H_size": 11264,
    "layer1.1.conv1.K": 16,
    "layer1.1.conv1.L_size": 262144,
    "layer1.1.conv1.learned_a_shape": [
        1,
        261542
    ],
    "layer1.1.conv1.learned_b_shape": [
        261542,
        64
    ],
    "layer1.1.conv1.learned_d": 261542,
    "layer1.1.conv1.learned_m": 64,
    "layer1.1.conv1.learned_n": 1,
    "layer1.1.conv1.mae": 0.37944296875,
    "layer1.1.conv1.mape": 0.14058030598958332,
    "layer1.1.conv1.mse": 0.28677109375,
    "layer1.1.conv1.rows": -1,
    "layer1.1.conv1.scaled_error": 0.020443070475260415,
    "layer1.1.conv1.scaled_shift": 0.0032752288818359374,
    "layer1.1.conv1.stored_array_size": 48,
    "layer1.1.conv2.C": 64,
    "layer1.1.conv2.H_size": 11264,
    "layer1.1.conv2.K": 16,
    "layer1.1.conv2.L_size": 262144,
    "layer1.1.conv2.learned_a_shape": [
        1,
        261542
    ],
    "layer1.1.conv2.learned_b_shape": [
        261542,
        64
    ],
    "layer1.1.conv2.learned_d": 261542,
    "layer1.1.conv2.learned_m": 64,
    "layer1.1.conv2.learned_n": 1,
    "layer1.1.conv2.mae": 0.17831110026041666,
    "layer1.1.conv2.mape": 0.10169588216145833,
    "layer1.1.conv2.mse": 0.06252333984375,
    "layer1.1.conv2.rows": -1,
    "layer1.1.conv2.scaled_error": 0.017311381022135416,
    "layer1.1.conv2.scaled_shift": 0.0005290787537892659,
    "layer1.1.conv2.stored_array_size": 48,
    "layer2.0.conv1.C": 128,
    "layer2.0.conv1.H_size": 22528,
    "layer2.0.conv1.K": 16,
    "layer2.0.conv1.L_size": 1048576,
    "layer2.0.conv1.learned_a_shape": [
        1,
        261542
    ],
    "layer2.0.conv1.learned_b_shape": [
        261542,
        128
    ],
    "layer2.0.conv1.learned_d": 261542,
    "layer2.0.conv1.learned_m": 128,
    "layer2.0.conv1.learned_n": 1,
    "layer2.0.conv1.mae": 0.27662493489583334,
    "layer2.0.conv1.mape": 0.11580279947916666,
    "layer2.0.conv1.mse": 0.14806940104166666,
    "layer2.0.conv1.rows": -1,
    "layer2.0.conv1.scaled_error": 0.014076334635416667,
    "layer2.0.conv1.scaled_shift": 0.0012447962443033855,
    "layer2.0.conv1.stored_array_size": 48,
    "layer2.0.conv2.C": 128,
    "layer2.0.conv2.H_size": 22528,
    "layer2.0.conv2.K": 16,
    "layer2.0.conv2.L_size": 1048576,
    "layer2.0.conv2.learned_a_shape": [
        1,
        261542
    ],
    "layer2.0.conv2.learned_b_shape": [
        261542,
        128
    ],
    "layer2.0.conv2.learned_d": 261542,
    "layer2.0.conv2.learned_m": 128,
    "layer2.0.conv2.learned_n": 1,
    "layer2.0.conv2.mae": 0.20712985026041666,
    "layer2.0.conv2.mape": 0.11668095703125,
    "layer2.0.conv2.mse": 0.07674982096354167,
    "layer2.0.conv2.rows": -1,
    "layer2.0.conv2.scaled_error": 0.026798396809895833,
    "layer2.0.conv2.scaled_shift": 0.004658186848958333,
    "layer2.0.conv2.stored_array_size": 48,
    "layer2.0.downsample.0.C": 64,
    "layer2.0.downsample.0.H_size": 11264,
    "layer2.0.downsample.0.K": 16,
    "layer2.0.downsample.0.L_size": 524288,
    "layer2.0.downsample.0.learned_a_shape": [
        1,
        261542
    ],
    "layer2.0.downsample.0.learned_b_shape": [
        261542,
        128
    ],
    "layer2.0.downsample.0.learned_d": 261542,
    "layer2.0.downsample.0.learned_m": 128,
    "layer2.0.downsample.0.learned_n": 1,
    "layer2.0.downsample.0.mae": 0.04913308919270833,
    "layer2.0.downsample.0.mape": 0.02747034912109375,
    "layer2.0.downsample.0.mse": 0.005282527669270834,
    "layer2.0.downsample.0.rows": -1,
    "layer2.0.downsample.0.scaled_error": 0.005565184529622396,
    "layer2.0.downsample.0.scaled_shift": 0.00047426687876383464,
    "layer2.0.downsample.0.stored_array_size": 48,
    "layer2.1.conv1.C": 128,
    "layer2.1.conv1.H_size": 22528,
    "layer2.1.conv1.K": 16,
    "layer2.1.conv1.L_size": 1048576,
    "layer2.1.conv1.learned_a_shape": [
        1,
        261542
    ],
    "layer2.1.conv1.learned_b_shape": [
        261542,
        128
    ],
    "layer2.1.conv1.learned_d": 261542,
    "layer2.1.conv1.learned_m": 128,
    "layer2.1.conv1.learned_n": 1,
    "layer2.1.conv1.mae": 0.3331810546875,
    "layer2.1.conv1.mape": 0.15372711588541665,
    "layer2.1.conv1.mse": 0.19955891927083333,
    "layer2.1.conv1.rows": -1,
    "layer2.1.conv1.scaled_error": 0.024163944498697916,
    "layer2.1.conv1.scaled_shift": 0.004346369425455729,
    "layer2.1.conv1.stored_array_size": 48,
    "layer2.1.conv2.C": 128,
    "layer2.1.conv2.H_size": 22528,
    "layer2.1.conv2.K": 16,
    "layer2.1.conv2.L_size": 1048576,
    "layer2.1.conv2.learned_a_shape": [
        1,
        261542
    ],
    "layer2.1.conv2.learned_b_shape": [
        261542,
        128
    ],
    "layer2.1.conv2.learned_d": 261542,
    "layer2.1.conv2.learned_m": 128,
    "layer2.1.conv2.learned_n": 1,
    "layer2.1.conv2.mae": 0.170428125,
    "layer2.1.conv2.mape": 0.10869064127604167,
    "layer2.1.conv2.mse": 0.048661409505208336,
    "layer2.1.conv2.rows": -1,
    "layer2.1.conv2.scaled_error": 0.029438818359375,
    "layer2.1.conv2.scaled_shift": 0.001032329559326172,
    "layer2.1.conv2.stored_array_size": 48,
    "layer3.0.conv1.C": 256,
    "layer3.0.conv1.H_size": 45056,
    "layer3.0.conv1.K": 16,
    "layer3.0.conv1.L_size": 4194304,
    "layer3.0.conv1.learned_a_shape": [
        1,
        261542
    ],
    "layer3.0.conv1.learned_b_shape": [
        261542,
        256
    ],
    "layer3.0.conv1.learned_d": 261542,
    "layer3.0.conv1.learned_m": 256,
    "layer3.0.conv1.learned_n": 1,
    "layer3.0.conv1.mae": 0.2635261067708333,
    "layer3.0.conv1.mape": 0.12348111979166666,
    "layer3.0.conv1.mse": 0.12418974609375,
    "layer3.0.conv1.rows": -1,
    "layer3.0.conv1.scaled_error": 0.0207343017578125,
    "layer3.0.conv1.scaled_shift": 0.004589613850911459,
    "layer3.0.conv1.stored_array_size": 48,