{
    "halut_layers": "{\"layer1.1.conv2\": [64, -1, 16], \"layer1.1.conv1\": [64, -1, 16], \"layer1.0.conv2\": [64, -1, 16], \"layer1.0.conv1\": [64, -1, 16]}",
    "layer1.0.conv1.C": 64,
    "layer1.0.conv1.H_size": 11264,
    "layer1.0.conv1.K": 16,
    "layer1.0.conv1.L_size": 262144,
    "layer1.0.conv1.learned_a_shape": [
        1,
        261542
    ],
    "layer1.0.conv1.learned_b_shape": [
        261542,
        64
    ],
    "layer1.0.conv1.learned_d": 261542,
    "layer1.0.conv1.learned_m": 64,
    "layer1.0.conv1.learned_n": 1,
    "layer1.0.conv1.mae": 0.52304921875,
    "layer1.0.conv1.mape": 0.158536328125,
    "layer1.0.conv1.mse": 0.876684375,
    "layer1.0.conv1.rows": -1,
    "layer1.0.conv1.scaled_error": 0.00834937744140625,
    "layer1.0.conv1.scaled_shift": 0.0012211837768554687,
    "layer1.0.conv1.stored_array_size": 48,
    "layer1.0.conv2.C": 64,
    "layer1.0.conv2.H_size": 11264,
    "layer1.0.conv2.K": 16,
    "layer1.0.conv2.L_size": 262144,
    "layer1.0.conv2.learned_a_shape": [
        1,
        261542
    ],
    "layer1.0.conv2.learned_b_shape": [
        261542,
        64
    ],
    "layer1.0.conv2.learned_d": 261542,
    "layer1.0.conv2.learned_m": 64,
    "layer1.0.conv2.learned_n": 1,
    "layer1.0.conv2.mae": 0.262646875,
    "layer1.0.conv2.mape": 0.1276115234375,
    "layer1.0.conv2.mse": 0.1548423828125,
    "layer1.0.conv2.rows": -1,
    "layer1.0.conv2.scaled_error": 0.0160236572265625,
    "layer1.0.conv2.scaled_shift": 0.0011943328857421875,
    "layer1.0.conv2.stored_array_size": 48,
    "layer1.1.conv1.C": 64,
    "layer1.1.conv1.H_size": 11264,
    "layer1.1.conv1.K": 16,
    "layer1.1.conv1.L_size": 262144,
    "layer1.1.conv1.learned_a_shape": [
        1,
        261542
    ],
    "layer1.1.conv1.learned_b_shape": [
        261542,
        64
    ],
    "layer1.1.conv1.learned_d": 261542,
    "layer1.1.conv1.learned_m": 64,
    "layer1.1.conv1.learned_n": 1,
    "layer1.1.conv1.mae": 0.48887890625,
    "layer1.1.conv1.mape": 0.1541353515625,
    "layer1.1.conv1.mse": 0.53261875,
    "layer1.1.conv1.rows": -1,
    "layer1.1.conv1.scaled_error": 0.0230294677734375,
    "layer1.1.conv1.scaled_shift": 0.005749420166015625,
    "layer1.1.conv1.stored_array_size": 48,
    "layer1.1.conv2.C": 64,
    "layer1.1.conv2.H_size": 11264,
    "layer1.1.conv2.K": 16,
    "layer1.1.conv2.L_size": 262144,
    "layer1.1.conv2.learned_a_shape": [
        1,
        261542
    ],
    "layer1.1.conv2.learned_b_shape": [
        261542,
        64
    ],
    "layer1.1.conv2.learned_d": 261542,
    "layer1.1.conv2.learned_m": 64,
    "layer1.1.conv2.learned_n": 1,
    "layer1.1.conv2.mae": 0.2010064453125,
    "layer1.1.conv2.mape": 0.108308203125,
    "layer1.1.conv2.mse": 0.08030087890625,
    "layer1.1.conv2.rows": -1,
    "layer1.1.conv2.scaled_error": 0.020242578125,
    "layer1.1.conv2.scaled_shift": 0.0011558609008789063,
    "layer1.1.conv2.stored_array_size": 48,
    "top_1_accuracy": 90.60000263671876,
    "top_5_accuracy": 99.69000064697265
}