{
    "halut_layers": "{\"layer1.0.conv1\": 16}",
    "layer1.0.conv1.halut_learning_time": 263.3231660206802,
    "layer1.0.conv1.input_a_shape": [
        2408448,
        64
    ],
    "layer1.0.conv1.input_b_shape": [
        64,
        64
    ],
    "top_1_accuracy": 0.7872999906539917,
    "top_5_accuracy": 0.9445799589157104,
    "total_time": 2183.855476459954
}