{
    "halut_layers": "{\"layer3.1.conv2\": [64, -1, 16, 0], \"layer3.1.conv1\": [64, -1, 16, 0], \"layer3.0.downsample.0\": [64, -1, 16, 0], \"layer3.0.conv2\": [64, -1, 16, 0], \"layer3.0.conv1\": [64, -1, 16, 0], \"layer2.1.conv2\": [64, -1, 16, 0], \"layer2.1.conv1\": [64, -1, 16, 0], \"layer2.0.downsample.0\": [64, -1, 16, 0], \"layer2.0.conv2\": [64, -1, 16, 0], \"layer2.0.conv1\": [64, -1, 16, 0], \"layer1.1.conv2\": [64, -1, 16, 0], \"layer1.1.conv1\": [64, -1, 16, 0], \"layer1.0.conv2\": [64, -1, 16, 0], \"layer1.0.conv1\": [64, -1, 16, 0]}",
    "layer1.0.conv1.C": 64,
    "layer1.0.conv1.H_size": 11264,
    "layer1.0.conv1.K": 16,
    "layer1.0.conv1.L_size": 262144,
    "layer1.0.conv1.encoding_algorithm": 0,
    "layer1.0.conv1.learned_a_shape": [
        1,
        262052
    ],
    "layer1.0.conv1.learned_b_shape": [
        262052,
        64
    ],
    "layer1.0.conv1.learned_d": 262052,
    "layer1.0.conv1.learned_m": 64,
    "layer1.0.conv1.learned_n": 1,
    "layer1.0.conv1.mae": 0.29143520574569703,
    "layer1.0.conv1.mape": 0.12869725103378296,
    "layer1.0.conv1.mse": 0.1921127091884613,
    "layer1.0.conv1.rows": -1,
    "layer1.0.conv1.scaled_error": 0.01406765030324459,
    "layer1.0.conv1.scaled_shift": 0.0005864392561838031,
    "layer1.0.conv1.stored_array_size": 32,
    "layer1.0.conv2.C": 64,
    "layer1.0.conv2.H_size": 11264,
    "layer1.0.conv2.K": 16,
    "layer1.0.conv2.L_size": 262144,
    "layer1.0.conv2.encoding_algorithm": 0,
    "layer1.0.conv2.learned_a_shape": [
        1,
        262052
    ],
    "layer1.0.conv2.learned_b_shape": [
        262052,
        64
    ],
    "layer1.0.conv2.learned_d": 262052,
    "layer1.0.conv2.learned_m": 64,
    "layer1.0.conv2.learned_n": 1,
    "layer1.0.conv2.mae": 0.2624572301387787,
    "layer1.0.conv2.mape": 0.13439806995391845,
    "layer1.0.conv2.mse": 0.12641850249767303,
    "layer1.0.conv2.rows": -1,
    "layer1.0.conv2.scaled_error": 0.024806358352303506,
    "layer1.0.conv2.scaled_shift": 0.000689735588338226,
    "layer1.0.conv2.stored_array_size": 32,
    "layer1.1.conv1.C": 64,
    "layer1.1.conv1.H_size": 11264,
    "layer1.1.conv1.K": 16,
    "layer1.1.conv1.L_size": 262144,
    "layer1.1.conv1.encoding_algorithm": 0,
    "layer1.1.conv1.learned_a_shape": [
        1,
        262052
    ],
    "layer1.1.conv1.learned_b_shape": [
        262052,
        64
    ],
    "layer1.1.conv1.learned_d": 262052,
    "layer1.1.conv1.learned_m": 64,
    "layer1.1.conv1.learned_n": 1,
    "layer1.1.conv1.mae": 0.3935057750701904,
    "layer1.1.conv1.mape": 0.16861798768043518,
    "layer1.1.conv1.mse": 0.29825184392929077,
    "layer1.1.conv1.rows": -1,
    "layer1.1.conv1.scaled_error": 0.01959428640007973,
    "layer1.1.conv1.scaled_shift": 0.001145516062900424,
    "layer1.1.conv1.stored_array_size": 32,
    "layer1.1.conv2.C": 64,
    "layer1.1.conv2.H_size": 11264,
    "layer1.1.conv2.K": 16,
    "layer1.1.conv2.L_size": 262144,
    "layer1.1.conv2.encoding_algorithm": 0,
    "layer1.1.conv2.learned_a_shape": [
        1,
        262052
    ],
    "layer1.1.conv2.learned_b_shape": [
        262052,
        64
    ],
    "layer1.1.conv2.learned_d": 262052,
    "layer1.1.conv2.learned_m": 64,
    "layer1.1.conv2.learned_n": 1,
    "layer1.1.conv2.mae": 0.22496015119552612,
    "layer1.1.conv2.mape": 0.11945183738470078,
    "layer1.1.conv2.mse": 0.08692377119064332,
    "layer1.1.conv2.rows": -1,
    "layer1.1.conv2.scaled_error": 0.021214954739809035,
    "layer1.1.conv2.scaled_shift": 0.0006249927919358015,
    "layer1.1.conv2.stored_array_size": 32,
    "layer2.0.conv1.C": 64,
    "layer2.0.conv1.H_size": 11264,
    "layer2.0.conv1.K": 16,
    "layer2.0.conv1.L_size": 524288,
    "layer2.0.conv1.encoding_algorithm": 0,
    "layer2.0.conv1.learned_a_shape": [
        1,
        262052
    ],
    "layer2.0.conv1.learned_b_shape": [
        262052,
        128
    ],
    "layer2.0.conv1.learned_d": 262052,
    "layer2.0.conv1.learned_m": 128,
    "layer2.0.conv1.learned_n": 1,
    "layer2.0.conv1.mae": 0.4230854221820831,
    "layer2.0.conv1.mape": 0.17458650493621827,
    "layer2.0.conv1.mse": 0.3179370003223419,
    "layer2.0.conv1.rows": -1,
    "layer2.0.conv1.scaled_error": 0.02873130832910538,
    "layer2.0.conv1.scaled_shift": 0.0016461095072329045,
    "layer2.0.conv1.stored_array_size": 32,
    "layer2.0.conv2.C": 64,
    "layer2.0.conv2.H_size": 11264,
    "layer2.0.conv2.K": 16,
    "layer2.0.conv2.L_size": 524288,
    "layer2.0.conv2.encoding_algorithm": 0,
    "layer2.0.conv2.learned_a_shape": [
        1,
        262052
    ],
    "layer2.0.conv2.learned_b_shape": [
        262052,
        128
    ],
    "layer2.0.conv2.learned_d": 262052,
    "layer2.0.conv2.learned_m": 128,
    "layer2.0.conv2.learned_n": 1,
    "layer2.0.conv2.mae": 0.34414711546897886,
    "layer2.0.conv2.mape": 0.18201541945934296,
    "layer2.0.conv2.mse": 0.19780852689743042,
    "layer2.0.conv2.rows": -1,
    "layer2.0.conv2.scaled_error": 0.03633579031229019,
    "layer2.0.conv2.scaled_shift": 0.0002949614316690713,
    "layer2.0.conv2.stored_array_size": 32,
    "layer2.0.downsample.0.C": 64,
    "layer2.0.downsample.0.H_size": 11264,
    "layer2.0.downsample.0.K": 16,
    "layer2.0.downsample.0.L_size": 524288,
    "layer2.0.downsample.0.encoding_algorithm": 0,
    "layer2.0.downsample.0.learned_a_shape": [
        1,
        262052
    ],
    "layer2.0.downsample.0.learned_b_shape": [
        262052,
        128
    ],
    "layer2.0.downsample.0.learned_d": 262052,
    "layer2.0.downsample.0.learned_m": 128,
    "layer2.0.downsample.0.learned_n": 1,
    "layer2.0.downsample.0.mae": 0.042767443227767946,
    "layer2.0.downsample.0.mape": 0.023237241357564928,
    "layer2.0.downsample.0.mse": 0.003834426289051771,
    "layer2.0.downsample.0.rows": -1,
    "layer2.0.downsample.0.scaled_error": 0.00469917906448245,
    "layer2.0.downsample.0.scaled_shift": -5.005593215173576e-06,
    "layer2.0.downsample.0.stored_array_size": 32,
    "layer2.1.conv1.C": 64,
    "layer2.1.conv1.H_size": 11264,
    "layer2.1.conv1.K": 16,
    "layer2.1.conv1.L_size": 524288,
    "layer2.1.conv1.encoding_algorithm": 0,
    "layer2.1.conv1.learned_a_shape": [
        1,
        262052
    ],
    "layer2.1.conv1.learned_b_shape": [
        262052,
        128
    ],
    "layer2.1.conv1.learned_d": 262052,
    "layer2.1.conv1.learned_m": 128,
    "layer2.1.conv1.learned_n": 1,
    "layer2.1.conv1.mae": 0.55767890625,
    "layer2.1.conv1.mape": 0.24677774066925048,
    "layer2.1.conv1.mse": 0.5144854118347167,
    "layer2.1.conv1.rows": -1,
    "layer2.1.conv1.scaled_error": 0.04329294257760048,
    "layer2.1.conv1.scaled_shift": 0.0007142838658764958,
    "layer2.1.conv1.stored_array_size": 32,
    "layer2.1.conv2.C": 64,
    "layer2.1.conv2.H_size": 11264,
    "layer2.1.conv2.K": 16,
    "layer2.1.conv2.L_size": 524288,
    "layer2.1.conv2.encoding_algorithm": 0,
    "layer2.1.conv2.learned_a_shape": [
        1,
        262052
    ],
    "layer2.1.conv2.learned_b_shape": [
        262052,
        128
    ],
    "layer2.1.conv2.learned_d": 262052,
    "layer2.1.conv2.learned_m": 128,
    "layer2.1.conv2.learned_n": 1,
    "layer2.1.conv2.mae": 0.292948935842514,
    "layer2.1.conv2.mape": 0.1756706826686859,
    "layer2.1.conv2.mse": 0.13810945537090302,
    "layer2.1.conv2.rows": -1,
    "layer2.1.conv2.scaled_error": 0.05070613663196564,
    "layer2.1.conv2.scaled_shift": -0.0017546947598457336,
    "layer2.1.conv2.stored_array_size": 32,
    "layer3.0.conv1.C": 64,
    "layer3.0.conv1.H_size": 11264,
    "layer3.0.conv1.K": 16,
    "layer3.0.conv1.L_size": 1048576,
    "layer3.0.conv1.encoding_algorithm": 0,
    "layer3.0.conv1.learned_a_shape": [
        1,
        262052
    ],
    "layer3.0.conv1.learned_b_shape": [
        262052,
        256
    ],
    "layer3.0.conv1.learned_d": 262052,
    "layer3.0.conv1.learned_m": 256,
    "layer3.0.conv1.learned_n": 1,