{
    "halut_layers": "{\"layer2.0.downsample.0\": [64, -1, 16, 0], \"layer2.0.conv2\": [64, -1, 16, 0], \"layer2.0.conv1\": [64, -1, 16, 0], \"layer1.1.conv2\": [64, -1, 16, 0], \"layer1.1.conv1\": [64, -1, 16, 0], \"layer1.0.conv2\": [64, -1, 16, 0], \"layer1.0.conv1\": [64, -1, 16, 0]}",
    "layer1.0.conv1.C": 64,
    "layer1.0.conv1.H_size": 11264,
    "layer1.0.conv1.K": 16,
    "layer1.0.conv1.L_size": 262144,
    "layer1.0.conv1.encoding_algorithm": 0,
    "layer1.0.conv1.learned_a_shape": [
        1,
        262052
    ],
    "layer1.0.conv1.learned_b_shape": [
        262052,
        64
    ],
    "layer1.0.conv1.learned_d": 262052,
    "layer1.0.conv1.learned_m": 64,
    "layer1.0.conv1.learned_n": 1,
    "layer1.0.conv1.mae": 0.29186555366516115,
    "layer1.0.conv1.mape": 0.12875928540229797,
    "layer1.0.conv1.mse": 0.19314541656970977,
    "layer1.0.conv1.rows": -1,
    "layer1.0.conv1.scaled_error": 0.014016045635938645,
    "layer1.0.conv1.scaled_shift": 0.0005927627652883529,
    "layer1.0.conv1.stored_array_size": 32,
    "layer1.0.conv2.C": 64,
    "layer1.0.conv2.H_size": 11264,
    "layer1.0.conv2.K": 16,
    "layer1.0.conv2.L_size": 262144,
    "layer1.0.conv2.encoding_algorithm": 0,
    "layer1.0.conv2.learned_a_shape": [
        1,
        262052
    ],
    "layer1.0.conv2.learned_b_shape": [
        262052,
        64
    ],
    "layer1.0.conv2.learned_d": 262052,
    "layer1.0.conv2.learned_m": 64,
    "layer1.0.conv2.learned_n": 1,
    "layer1.0.conv2.mae": 0.26334386143684385,
    "layer1.0.conv2.mape": 0.13463913094997407,
    "layer1.0.conv2.mse": 0.1274160144805908,
    "layer1.0.conv2.rows": -1,
    "layer1.0.conv2.scaled_error": 0.024819084203243257,
    "layer1.0.conv2.scaled_shift": 0.0006996181493625045,
    "layer1.0.conv2.stored_array_size": 32,
    "layer1.1.conv1.C": 64,
    "layer1.1.conv1.H_size": 11264,
    "layer1.1.conv1.K": 16,
    "layer1.1.conv1.L_size": 262144,
    "layer1.1.conv1.encoding_algorithm": 0,
    "layer1.1.conv1.learned_a_shape": [
        1,
        262052
    ],
    "layer1.1.conv1.learned_b_shape": [
        262052,
        64
    ],
    "layer1.1.conv1.learned_d": 262052,
    "layer1.1.conv1.learned_m": 64,
    "layer1.1.conv1.learned_n": 1,
    "layer1.1.conv1.mae": 0.3947257733821869,
    "layer1.1.conv1.mape": 0.16892792625427247,
    "layer1.1.conv1.mse": 0.30032097058296203,
    "layer1.1.conv1.rows": -1,
    "layer1.1.conv1.scaled_error": 0.019618906792998315,
    "layer1.1.conv1.scaled_shift": 0.0011515366092324257,
    "layer1.1.conv1.stored_array_size": 32,
    "layer1.1.conv2.C": 64,
    "layer1.1.conv2.H_size": 11264,
    "layer1.1.conv2.K": 16,
    "layer1.1.conv2.L_size": 262144,
    "layer1.1.conv2.encoding_algorithm": 0,
    "layer1.1.conv2.learned_a_shape": [
        1,
        262052
    ],
    "layer1.1.conv2.learned_b_shape": [
        262052,
        64
    ],
    "layer1.1.conv2.learned_d": 262052,
    "layer1.1.conv2.learned_m": 64,
    "layer1.1.conv2.learned_n": 1,
    "layer1.1.conv2.mae": 0.2258780526638031,
    "layer1.1.conv2.mape": 0.11972678810358048,
    "layer1.1.conv2.mse": 0.08773697105646133,
    "layer1.1.conv2.rows": -1,
    "layer1.1.conv2.scaled_error": 0.021231933110952377,
    "layer1.1.conv2.scaled_shift": 0.0006542589738965035,
    "layer1.1.conv2.stored_array_size": 32,
    "layer2.0.conv1.C": 64,
    "layer2.0.conv1.H_size": 11264,
    "layer2.0.conv1.K": 16,
    "layer2.0.conv1.L_size": 524288,
    "layer2.0.conv1.encoding_algorithm": 0,
    "layer2.0.conv1.learned_a_shape": [
        1,
        262052
    ],
    "layer2.0.conv1.learned_b_shape": [
        262052,
        128
    ],
    "layer2.0.conv1.learned_d": 262052,
    "layer2.0.conv1.learned_m": 128,
    "layer2.0.conv1.learned_n": 1,
    "layer2.0.conv1.mae": 0.42424983081817624,
    "layer2.0.conv1.mape": 0.1748559181690216,
    "layer2.0.conv1.mse": 0.3199206910133362,
    "layer2.0.conv1.rows": -1,
    "layer2.0.conv1.scaled_error": 0.028753036040067674,
    "layer2.0.conv1.scaled_shift": 0.0016796862572431564,
    "layer2.0.conv1.stored_array_size": 32,
    "layer2.0.conv2.C": 64,
    "layer2.0.conv2.H_size": 11264,
    "layer2.0.conv2.K": 16,
    "layer2.0.conv2.L_size": 524288,
    "layer2.0.conv2.encoding_algorithm": 0,
    "layer2.0.conv2.learned_a_shape": [
        1,
        262052
    ],
    "layer2.0.conv2.learned_b_shape": [
        262052,
        128
    ],
    "layer2.0.conv2.learned_d": 262052,
    "layer2.0.conv2.learned_m": 128,
    "layer2.0.conv2.learned_n": 1,
    "layer2.0.conv2.mae": 0.3448274559020996,
    "layer2.0.conv2.mape": 0.1822311835050583,
    "layer2.0.conv2.mse": 0.19861752314567566,
    "layer2.0.conv2.rows": -1,
    "layer2.0.conv2.scaled_error": 0.03634905412197113,
    "layer2.0.conv2.scaled_shift": 0.00027346776609774677,
    "layer2.0.conv2.stored_array_size": 32,
    "layer2.0.downsample.0.C": 64,
    "layer2.0.downsample.0.H_size": 11264,
    "layer2.0.downsample.0.K": 16,
    "layer2.0.downsample.0.L_size": 524288,
    "layer2.0.downsample.0.encoding_algorithm": 0,
    "layer2.0.downsample.0.learned_a_shape": [
        1,
        262052
    ],
    "layer2.0.downsample.0.learned_b_shape": [
        262052,
        128
    ],
    "layer2.0.downsample.0.learned_d": 262052,
    "layer2.0.downsample.0.learned_m": 128,
    "layer2.0.downsample.0.learned_n": 1,
    "layer2.0.downsample.0.mae": 0.04288177129626274,
    "layer2.0.downsample.0.mape": 0.023280451238155364,
    "layer2.0.downsample.0.mse": 0.003870040840655565,
    "layer2.0.downsample.0.rows": -1,
    "layer2.0.downsample.0.scaled_error": 0.004704421355575323,
    "layer2.0.downsample.0.scaled_shift": -3.270560513192322e-06,
    "layer2.0.downsample.0.stored_array_size": 32,
    "top_1_accuracy": 64.79,
    "top_5_accuracy": 88.7
}