{
    "halut_layers": "{\"layer4.0.downsample.0\": [64, -1, 16, 0], \"layer4.0.conv2\": [64, -1, 16, 0], \"layer4.0.conv1\": [64, -1, 16, 0], \"layer3.1.conv2\": [64, -1, 16, 0], \"layer3.1.conv1\": [64, -1, 16, 0], \"layer3.0.downsample.0\": [64, -1, 16, 0], \"layer3.0.conv2\": [64, -1, 16, 0], \"layer3.0.conv1\": [64, -1, 16, 0], \"layer2.1.conv2\": [64, -1, 16, 0], \"layer2.1.conv1\": [64, -1, 16, 0], \"layer2.0.downsample.0\": [64, -1, 16, 0], \"layer2.0.conv2\": [64, -1, 16, 0], \"layer2.0.conv1\": [64, -1, 16, 0], \"layer1.1.conv2\": [64, -1, 16, 0], \"layer1.1.conv1\": [64, -1, 16, 0], \"layer1.0.conv2\": [64, -1, 16, 0], \"layer1.0.conv1\": [64, -1, 16, 0]}",
    "layer1.0.conv1.C": 64,
    "layer1.0.conv1.H_size": 11264,
    "layer1.0.conv1.K": 16,
    "layer1.0.conv1.L_size": 262144,
    "layer1.0.conv1.encoding_algorithm": 0,
    "layer1.0.conv1.learned_a_shape": [
        1,
        262052
    ],
    "layer1.0.conv1.learned_b_shape": [
        262052,
        64
    ],
    "layer1.0.conv1.learned_d": 262052,
    "layer1.0.conv1.learned_m": 64,
    "layer1.0.conv1.learned_n": 1,
    "layer1.0.conv1.mae": 0.2899275803089142,
    "layer1.0.conv1.mape": 0.12836471030712127,
    "layer1.0.conv1.mse": 0.19015214195251465,
    "layer1.0.conv1.rows": -1,
    "layer1.0.conv1.scaled_error": 0.014020897328853607,
    "layer1.0.conv1.scaled_shift": 0.0006040779678151011,
    "layer1.0.conv1.stored_array_size": 32,
    "layer1.0.conv2.C": 64,
    "layer1.0.conv2.H_size": 11264,
    "layer1.0.conv2.K": 16,
    "layer1.0.conv2.L_size": 262144,
    "layer1.0.conv2.encoding_algorithm": 0,
    "layer1.0.conv2.learned_a_shape": [
        1,
        262052
    ],
    "layer1.0.conv2.learned_b_shape": [
        262052,
        64
    ],
    "layer1.0.conv2.learned_d": 262052,
    "layer1.0.conv2.learned_m": 64,
    "layer1.0.conv2.learned_n": 1,
    "layer1.0.conv2.mae": 0.26248678650856017,
    "layer1.0.conv2.mape": 0.13445037775039673,
    "layer1.0.conv2.mse": 0.12654848301410676,
    "layer1.0.conv2.rows": -1,
    "layer1.0.conv2.scaled_error": 0.024773911342024803,
    "layer1.0.conv2.scaled_shift": 0.0006945271963253617,
    "layer1.0.conv2.stored_array_size": 32,
    "layer1.1.conv1.C": 64,
    "layer1.1.conv1.H_size": 11264,
    "layer1.1.conv1.K": 16,
    "layer1.1.conv1.L_size": 262144,
    "layer1.1.conv1.encoding_algorithm": 0,
    "layer1.1.conv1.learned_a_shape": [
        1,
        262052
    ],
    "layer1.1.conv1.learned_b_shape": [
        262052,
        64
    ],
    "layer1.1.conv1.learned_d": 262052,
    "layer1.1.conv1.learned_m": 64,
    "layer1.1.conv1.learned_n": 1,
    "layer1.1.conv1.mae": 0.39299799518585204,
    "layer1.1.conv1.mape": 0.16854018840789795,
    "layer1.1.conv1.mse": 0.29741720471382144,
    "layer1.1.conv1.rows": -1,
    "layer1.1.conv1.scaled_error": 0.0196233607172966,
    "layer1.1.conv1.scaled_shift": 0.0011662415463477374,
    "layer1.1.conv1.stored_array_size": 32,
    "layer1.1.conv2.C": 64,
    "layer1.1.conv2.H_size": 11264,
    "layer1.1.conv2.K": 16,
    "layer1.1.conv2.L_size": 262144,
    "layer1.1.conv2.encoding_algorithm": 0,
    "layer1.1.conv2.learned_a_shape": [
        1,
        262052
    ],
    "layer1.1.conv2.learned_b_shape": [
        262052,
        64
    ],
    "layer1.1.conv2.learned_d": 262052,
    "layer1.1.conv2.learned_m": 64,
    "layer1.1.conv2.learned_n": 1,
    "layer1.1.conv2.mae": 0.22545456776618958,
    "layer1.1.conv2.mape": 0.11966654133796692,
    "layer1.1.conv2.mse": 0.08737152063846589,
    "layer1.1.conv2.rows": -1,
    "layer1.1.conv2.scaled_error": 0.0211942307561636,
    "layer1.1.conv2.scaled_shift": 0.0006337574501521885,
    "layer1.1.conv2.stored_array_size": 32,
    "layer2.0.conv1.C": 64,
    "layer2.0.conv1.H_size": 11264,
    "layer2.0.conv1.K": 16,
    "layer2.0.conv1.L_size": 524288,
    "layer2.0.conv1.encoding_algorithm": 0,
    "layer2.0.conv1.learned_a_shape": [
        1,
        262052
    ],
    "layer2.0.conv1.learned_b_shape": [
        262052,
        128
    ],
    "layer2.0.conv1.learned_d": 262052,
    "layer2.0.conv1.learned_m": 128,
    "layer2.0.conv1.learned_n": 1,
    "layer2.0.conv1.mae": 0.42294414916038514,
    "layer2.0.conv1.mape": 0.1746394709587097,
    "layer2.0.conv1.mse": 0.31768639039993285,
    "layer2.0.conv1.rows": -1,
    "layer2.0.conv1.scaled_error": 0.028747701394557953,
    "layer2.0.conv1.scaled_shift": 0.001683154232054949,
    "layer2.0.conv1.stored_array_size": 32,
    "layer2.0.conv2.C": 64,
    "layer2.0.conv2.H_size": 11264,
    "layer2.0.conv2.K": 16,
    "layer2.0.conv2.L_size": 524288,
    "layer2.0.conv2.encoding_algorithm": 0,
    "layer2.0.conv2.learned_a_shape": [
        1,
        262052
    ],
    "layer2.0.conv2.learned_b_shape": [
        262052,
        128
    ],
    "layer2.0.conv2.learned_d": 262052,
    "layer2.0.conv2.learned_m": 128,
    "layer2.0.conv2.learned_n": 1,
    "layer2.0.conv2.mae": 0.3444242726325989,
    "layer2.0.conv2.mape": 0.18216363244056702,
    "layer2.0.conv2.mse": 0.19812401142120362,
    "layer2.0.conv2.rows": -1,
    "layer2.0.conv2.scaled_error": 0.03637041043043136,
    "layer2.0.conv2.scaled_shift": 0.00031611549626104534,
    "layer2.0.conv2.stored_array_size": 32,
    "layer2.0.downsample.0.C": 64,
    "layer2.0.downsample.0.H_size": 11264,
    "layer2.0.downsample.0.K": 16,
    "layer2.0.downsample.0.L_size": 524288,
    "layer2.0.downsample.0.encoding_algorithm": 0,
    "layer2.0.downsample.0.learned_a_shape": [
        1,
        262052
    ],
    "layer2.0.downsample.0.learned_b_shape": [
        262052,
        128
    ],
    "layer2.0.downsample.0.learned_d": 262052,
    "layer2.0.downsample.0.learned_m": 128,
    "layer2.0.downsample.0.learned_n": 1,
    "layer2.0.downsample.0.mae": 0.042713615077733996,
    "layer2.0.downsample.0.mape": 0.023222095128893852,
    "layer2.0.downsample.0.mse": 0.0038232962477952243,
    "layer2.0.downsample.0.rows": -1,
    "layer2.0.downsample.0.scaled_error": 0.004709802842140198,
    "layer2.0.downsample.0.scaled_shift": -2.995634090621024e-06,
    "layer2.0.downsample.0.stored_array_size": 32,
    "layer2.1.conv1.C": 64,
    "layer2.1.conv1.H_size": 11264,
    "layer2.1.conv1.K": 16,
    "layer2.1.conv1.L_size": 524288,
    "layer2.1.conv1.encoding_algorithm": 0,
    "layer2.1.conv1.learned_a_shape": [
        1,
        262052
    ],
    "layer2.1.conv1.learned_b_shape": [
        262052,
        128
    ],
    "layer2.1.conv1.learned_d": 262052,
    "layer2.1.conv1.learned_m": 128,
    "layer2.1.conv1.learned_n": 1,
    "layer2.1.conv1.mae": 0.5583882878303528,
    "layer2.1.conv1.mape": 0.24695607862472535,
    "layer2.1.conv1.mse": 0.5158448588371277,
    "layer2.1.conv1.rows": -1,
    "layer2.1.conv1.scaled_error": 0.04346793327331543,
    "layer2.1.conv1.scaled_shift": 0.0007618085283786058,
    "layer2.1.conv1.stored_array_size": 32,
    "layer2.1.conv2.C": 64,
    "layer2.1.conv2.H_size": 11264,
    "layer2.1.conv2.K": 16,
    "layer2.1.conv2.L_size": 524288,
    "layer2.1.conv2.encoding_algorithm": 0,
    "layer2.1.conv2.learned_a_shape": [
        1,
        262052
    ],
    "layer2.1.conv2.learned_b_shape": [
        262052,
        128
    ],
    "layer2.1.conv2.learned_d": 262052,
    "layer2.1.conv2.learned_m": 128,
    "layer2.1.conv2.learned_n": 1,
    "layer2.1.conv2.mae": 0.29314624938964845,
    "layer2.1.conv2.mape": 0.175811554813385,
    "layer2.1.conv2.mse": 0.13828238668441772,
    "layer2.1.conv2.rows": -1,
    "layer2.1.conv2.scaled_error": 0.0505638505935669,
    "layer2.1.conv2.scaled_shift": -0.001773954200744629,
    "layer2.1.conv2.stored_array_size": 32,
    "layer3.0.conv1.C": 64,
    "layer3.0.conv1.H_size": 11264,
    "layer3.0.conv1.K": 16,
    "layer3.0.conv1.L_size": 1048576,
    "layer3.0.conv1.encoding_algorithm": 0,
    "layer3.0.conv1.learned_a_shape": [
        1,
        262052
    ],
    "layer3.0.conv1.learned_b_shape": [
        262052,
        256
    ],