{
    "conv5.C": 16,
    "conv5.H_size": 6144,
    "conv5.K": 32,
    "conv5.L_size": 131072,
    "conv5.encoding_algorithm": 1,
    "conv5.learned_a_shape": [
        555625,
        64
    ],
    "conv5.learned_b_shape": [
        64,
        64
    ],
    "conv5.learned_d": 64,
    "conv5.learned_m": 64,
    "conv5.learned_n": 555625,
    "conv5.mae": 0.17286261611097442,
    "conv5.mape": 0.11520250489928993,
    "conv5.mse": 0.054048872476755834,
    "conv5.rows": 1,
    "conv5.scaled_error": 0.03132329024667815,
    "conv5.scaled_shift": -1.0444385631280218e-05,
    "conv5.stored_array_size": 32,
    "halut_layers": "{\"conv5\": [16, 1, 32, 1]}",
    "top_1_accuracy": 81.10236358642578,
    "top_5_accuracy": 97.88526916503906
}