{
    "conv2.C": 16,
    "conv2.H_size": 3456,
    "conv2.K": 32,
    "conv2.L_size": 73728,
    "conv2.encoding_algorithm": 1,
    "conv2.learned_a_shape": [
        35560000,
        9
    ],
    "conv2.learned_b_shape": [
        9,
        64
    ],
    "conv2.learned_d": 9,
    "conv2.learned_m": 64,
    "conv2.learned_n": 35560000,
    "conv2.mae": 0.33620847137760124,
    "conv2.mape": 0.23785473165951912,
    "conv2.mse": 0.23376912480666479,
    "conv2.rows": 1,
    "conv2.scaled_error": 0.06731564636573749,
    "conv2.scaled_shift": 0.007798729329060918,
    "conv2.stored_array_size": 32,
    "halut_layers": "{\"conv2\": [16, 1, 32, 1]}",
    "top_1_accuracy": 8.368953704833984,
    "top_5_accuracy": 43.1046142578125
}