{
    "conv4.C": 32,
    "conv4.H_size": 4,
    "conv4.K": 16,
    "conv4.L_size": 36864,
    "conv4.encoding_algorithm": 2,
    "conv4.learned_a_shape": [
        35560000,
        9
    ],
    "conv4.learned_b_shape": [
        9,
        64
    ],
    "conv4.learned_d": 9,
    "conv4.learned_m": 64,
    "conv4.learned_n": 35560000,
    "conv4.mae": 0.3788845821762514,
    "conv4.mape": 0.25915167586473564,
    "conv4.mse": 0.2545730093064539,
    "conv4.rows": 1,
    "conv4.scaled_error": 0.06658710355297384,
    "conv4.scaled_shift": -0.00808748260257751,
    "conv4.stored_array_size": 32,
    "halut_layers": "{\"conv4\": [32, 1, 16, 2]}",
    "top_1_accuracy": 8.098987579345703,
    "top_5_accuracy": 40.78740310668945
}