{
    "conv9.C": 16,
    "conv9.H_size": 1536,
    "conv9.K": 8,
    "conv9.L_size": 32768,
    "conv9.encoding_algorithm": 1,
    "conv9.learned_a_shape": [
        555625,
        64
    ],
    "conv9.learned_b_shape": [
        64,
        64
    ],
    "conv9.learned_d": 64,
    "conv9.learned_m": 64,
    "conv9.learned_n": 555625,
    "conv9.mae": 0.20557725389306805,
    "conv9.mape": 0.14178529960366282,
    "conv9.mse": 0.08846091580471387,
    "conv9.rows": 1,
    "conv9.scaled_error": 0.04269856473324135,
    "conv9.scaled_shift": -3.4103890790848145e-06,
    "conv9.stored_array_size": 32,
    "halut_layers": "{\"conv9\": [16, 1, 8, 1]}",
    "top_1_accuracy": 85.44432067871094,
    "top_5_accuracy": 98.4701919555664
}